business_name,city,zone,reason,matched_existing_record,matched_source_file
Toks,Ciudad de México,Lomas/Bosques/Polanco/Nápoles/San Ángel/Pedregal,same normalized phone as previous campaign,525556591704,deduplication_index.csv
El Samurai,Ciudad de México,Lomas/Bosques/Polanco/Nápoles/San Ángel/Pedregal,same normalized phone as previous campaign,525555231469,deduplication_index.csv
Suntory,Ciudad de México,Lomas/Bosques/Polanco/Nápoles/San Ángel/Pedregal,same normalized phone as previous campaign,525555369432,deduplication_index.csv
Potzolcalli,Ciudad de México,Lomas/Bosques/Polanco/Nápoles/San Ángel/Pedregal,same normalized phone as previous campaign,525556585007,deduplication_index.csv
Konditori,Ciudad de México,Lomas/Bosques/Polanco/Nápoles/San Ángel/Pedregal,same normalized phone as previous campaign,525585000852,deduplication_index.csv
El Fogoncito,Ciudad de México,Lomas/Bosques/Polanco/Nápoles/San Ángel/Pedregal,same normalized phone as previous campaign,525556617603,deduplication_index.csv
Nagaoka,Ciudad de México,Lomas/Bosques/Polanco/Nápoles/San Ángel/Pedregal,same normalized phone as previous campaign,525555439530,deduplication_index.csv
Vips,Ciudad de México,Lomas/Bosques/Polanco/Nápoles/San Ángel/Pedregal,same normalized phone as previous campaign,525557403198,deduplication_index.csv
Haru Maki,Ciudad de México,Lomas/Bosques/Polanco/Nápoles/San Ángel/Pedregal,same normalized phone as previous campaign,525555546454,deduplication_index.csv
Happy's Pizza,Ciudad de México,Lomas/Bosques/Polanco/Nápoles/San Ángel/Pedregal,same normalized phone as previous campaign,525555545122,deduplication_index.csv
O'Xacobeo,Ciudad de México,Lomas/Bosques/Polanco/Nápoles/San Ángel/Pedregal,same normalized phone as previous campaign,525555118356,deduplication_index.csv
Pizza Hut,Ciudad de México,Lomas/Bosques/Polanco/Nápoles/San Ángel/Pedregal,same normalized phone as previous campaign,525552433443,deduplication_index.csv
Wings,Ciudad de México,Lomas/Bosques/Polanco/Nápoles/San Ángel/Pedregal,same normalized phone as previous campaign,525552430328,deduplication_index.csv
Frankfurt,Ciudad de México,Lomas/Bosques/Polanco/Nápoles/San Ángel/Pedregal,same normalized phone as previous campaign,525552560767,deduplication_index.csv
Specia,Ciudad de México,Lomas/Bosques/Polanco/Nápoles/San Ángel/Pedregal,same normalized phone as previous campaign,525555641367,deduplication_index.csv
Taquería El Huequito,Ciudad de México,Lomas/Bosques/Polanco/Nápoles/San Ángel/Pedregal,same normalized business name as previous campaign,taqueria el huequito,deduplication_index.csv
Toks,Ciudad de México,Lomas/Bosques/Polanco/Nápoles/San Ángel/Pedregal,same normalized phone as previous campaign,525556887653,deduplication_index.csv
La Tavola,Ciudad de México,Lomas/Bosques/Polanco/Nápoles/San Ángel/Pedregal,same normalized phone as previous campaign,525555437360,deduplication_index.csv
Casa de Pepe,Ciudad de México,Lomas/Bosques/Polanco/Nápoles/San Ángel/Pedregal,same normalized phone as previous campaign,525555638564,deduplication_index.csv
Ruben's Hamburgers Insurgentes,Ciudad de México,Lomas/Bosques/Polanco/Nápoles/San Ángel/Pedregal,same normalized phone as previous campaign,525556825341,deduplication_index.csv
Deigo,Ciudad de México,Lomas/Bosques/Polanco/Nápoles/San Ángel/Pedregal,same normalized phone as previous campaign,525556056317,deduplication_index.csv
El Rincón del Parque,Ciudad de México,Lomas/Bosques/Polanco/Nápoles/San Ángel/Pedregal,same normalized phone as previous campaign,525556056831,deduplication_index.csv
Pizzas Plaza Coyoacán,Ciudad de México,Lomas/Bosques/Polanco/Nápoles/San Ángel/Pedregal,same normalized phone as previous campaign,525555547057,deduplication_index.csv
El Tizoncito,Ciudad de México,Lomas/Bosques/Polanco/Nápoles/San Ángel/Pedregal,same normalized phone as previous campaign,525555547712,deduplication_index.csv
Unidad de Medicina Familiar 28 Del Valle,Ciudad de México,Lomas/Bosques/Polanco/Nápoles/San Ángel/Pedregal,same normalized phone as previous campaign,525555596100,deduplication_index.csv
Garabatos Insurgentes,Ciudad de México,Lomas/Bosques/Polanco/Nápoles/San Ángel/Pedregal,same normalized phone as previous campaign,525555439448,deduplication_index.csv
Gino's Guadalupe Inn,Ciudad de México,Lomas/Bosques/Polanco/Nápoles/San Ángel/Pedregal,same normalized phone as previous campaign,525556610777,deduplication_index.csv
Unidad de Medicina Familiar 19 Coyoacán,Ciudad de México,Lomas/Bosques/Polanco/Nápoles/San Ángel/Pedregal,same normalized phone as previous campaign,525555546455,deduplication_index.csv
El Sheik,Ciudad de México,Lomas/Bosques/Polanco/Nápoles/San Ángel/Pedregal,same normalized phone as previous campaign,525556593311,deduplication_index.csv
Sushi-itto Coyoacán,Ciudad de México,Lomas/Bosques/Polanco/Nápoles/San Ángel/Pedregal,same normalized phone as previous campaign,525555545735,deduplication_index.csv
Cluny,Ciudad de México,Lomas/Bosques/Polanco/Nápoles/San Ángel/Pedregal,same normalized phone as previous campaign,525555507350,deduplication_index.csv
Cafebrería El Péndulo,Ciudad de México,Lomas/Bosques/Polanco/Nápoles/San Ángel/Pedregal,same normalized phone as previous campaign,525552869493,deduplication_index.csv
El Ocho,Ciudad de México,Lomas/Bosques/Polanco/Nápoles/San Ángel/Pedregal,same normalized phone as previous campaign,525648458237,deduplication_index.csv
Cafebrería El Péndulo,Ciudad de México,Lomas/Bosques/Polanco/Nápoles/San Ángel/Pedregal,same normalized phone as previous campaign,525555747034,deduplication_index.csv
Hospital de especialidades veterinarias San Jerónimo,Ciudad de México,Lomas/Bosques/Polanco/Nápoles/San Ángel/Pedregal,same normalized phone as previous campaign,525556812078,deduplication_index.csv
Los Danzantes,Ciudad de México,Lomas/Bosques/Polanco/Nápoles/San Ángel/Pedregal,same normalized business name as previous campaign,525555541213,deduplication_index.csv
al-Andalus,Ciudad de México,Lomas/Bosques/Polanco/Nápoles/San Ángel/Pedregal,same normalized phone as previous campaign,525555222528,deduplication_index.csv
Óptica Optivision,Ciudad de México,Lomas/Bosques/Polanco/Nápoles/San Ángel/Pedregal,same normalized business name as previous campaign,optica optivision,deduplication_index.csv
El Rincón Zapatista,Ciudad de México,Lomas/Bosques/Polanco/Nápoles/San Ángel/Pedregal,same normalized phone as previous campaign,525555883641,deduplication_index.csv
Asados Don Abel,Ciudad de México,Lomas/Bosques/Polanco/Nápoles/San Ángel/Pedregal,same normalized phone as previous campaign,525593485162,deduplication_index.csv
Centro Castellano,Ciudad de México,Lomas/Bosques/Polanco/Nápoles/San Ángel/Pedregal,same normalized business name as previous campaign,centro castellano,deduplication_index.csv
Kolobok,Ciudad de México,Lomas/Bosques/Polanco/Nápoles/San Ángel/Pedregal,same normalized phone as previous campaign,525556044091,deduplication_index.csv
La Cervecería de Barrio,Ciudad de México,Lomas/Bosques/Polanco/Nápoles/San Ángel/Pedregal,same normalized phone as previous campaign,525556047323,deduplication_index.csv
COBÁ FONDA YUCATECA,Ciudad de México,Lomas/Bosques/Polanco/Nápoles/San Ángel/Pedregal,same normalized phone as previous campaign,525563959961,deduplication_index.csv
El Afán,Ciudad de México,Lomas/Bosques/Polanco/Nápoles/San Ángel/Pedregal,same normalized phone as previous campaign,525555756460,deduplication_index.csv
Marina Bistro,Ciudad de México,Lomas/Bosques/Polanco/Nápoles/San Ángel/Pedregal,same normalized phone as previous campaign,525555754014,deduplication_index.csv
Pitas Saleh,Ciudad de México,Lomas/Bosques/Polanco/Nápoles/San Ángel/Pedregal,same normalized phone as previous campaign,525563637425,deduplication_index.csv
Bistro Cheny,Ciudad de México,Lomas/Bosques/Polanco/Nápoles/San Ángel/Pedregal,same normalized phone as previous campaign,525555239908,deduplication_index.csv
El Viejo Camilo,Ciudad de México,Lomas/Bosques/Polanco/Nápoles/San Ángel/Pedregal,same normalized phone as previous campaign,525556693124,deduplication_index.csv
Barnabeu Tapas,Ciudad de México,Lomas/Bosques/Polanco/Nápoles/San Ángel/Pedregal,same normalized phone as previous campaign,525555369943,deduplication_index.csv
El Sencillito,Ciudad de México,Lomas/Bosques/Polanco/Nápoles/San Ángel/Pedregal,same normalized phone as previous campaign,525555238195,deduplication_index.csv
Giorgio's Pizzas,Ciudad de México,Lomas/Bosques/Polanco/Nápoles/San Ángel/Pedregal,same normalized phone as previous campaign,525555431162,deduplication_index.csv
Chester's,Ciudad de México,Lomas/Bosques/Polanco/Nápoles/San Ángel/Pedregal,same normalized phone as previous campaign,525556882400,deduplication_index.csv
Ramen -ya,Ciudad de México,Lomas/Bosques/Polanco/Nápoles/San Ángel/Pedregal,same normalized phone as previous campaign,525555591495,deduplication_index.csv
Sushi Roll,Ciudad de México,Lomas/Bosques/Polanco/Nápoles/San Ángel/Pedregal,same normalized phone as previous campaign,525555757780,deduplication_index.csv
Pinche Gringo BBQ,Ciudad de México,Lomas/Bosques/Polanco/Nápoles/San Ángel/Pedregal,same normalized phone as previous campaign,525563891129,deduplication_index.csv
Trok's torta,Ciudad de México,Lomas/Bosques/Polanco/Nápoles/San Ángel/Pedregal,same normalized phone as previous campaign,525555637897,deduplication_index.csv
Un Rincon de Chile,Ciudad de México,Lomas/Bosques/Polanco/Nápoles/San Ángel/Pedregal,same normalized phone as previous campaign,525555244039,deduplication_index.csv
Humbertos,Ciudad de México,Lomas/Bosques/Polanco/Nápoles/San Ángel/Pedregal,same normalized phone as previous campaign,525555598760,deduplication_index.csv
Restaurante Shoya,Ciudad de México,Lomas/Bosques/Polanco/Nápoles/San Ángel/Pedregal,same normalized phone as previous campaign,525556695211,deduplication_index.csv
Restaurante Hanal K'U,Ciudad de México,Lomas/Bosques/Polanco/Nápoles/San Ángel/Pedregal,same normalized phone as previous campaign,525555232383,deduplication_index.csv
Pane En Vía,Ciudad de México,Lomas/Bosques/Polanco/Nápoles/San Ángel/Pedregal,same normalized phone as previous campaign,525552600120,deduplication_index.csv
Don Capitán Del Valle,Ciudad de México,Lomas/Bosques/Polanco/Nápoles/San Ángel/Pedregal,same normalized phone as previous campaign,525555245901,deduplication_index.csv
Mercado Roma,Ciudad de México,Lomas/Bosques/Polanco/Nápoles/San Ángel/Pedregal,same normalized phone as previous campaign,525555641396,deduplication_index.csv
Sushi Roll,Ciudad de México,Lomas/Bosques/Polanco/Nápoles/San Ángel/Pedregal,same normalized phone as previous campaign,525556047968,deduplication_index.csv
El Tepehuani Conquistando,Ciudad de México,Lomas/Bosques/Polanco/Nápoles/San Ángel/Pedregal,same normalized phone as previous campaign,525547540398,deduplication_index.csv
Bistrot M,Ciudad de México,Lomas/Bosques/Polanco/Nápoles/San Ángel/Pedregal,same normalized phone as previous campaign,525556881082,deduplication_index.csv
Tony Roma's,Ciudad de México,Lomas/Bosques/Polanco/Nápoles/San Ángel/Pedregal,same normalized phone as previous campaign,525552502522,deduplication_index.csv
Sanatorio Adventista,Ciudad de México,Lomas/Bosques/Polanco/Nápoles/San Ángel/Pedregal,same normalized phone as previous campaign,525555169207,deduplication_index.csv
Servicios Veterinarios Rodríguez,Ciudad de México,Lomas/Bosques/Polanco/Nápoles/San Ángel/Pedregal,same normalized phone as previous campaign,525555839768,deduplication_index.csv
Centro Veterinario Norte,Ciudad de México,Lomas/Bosques/Polanco/Nápoles/San Ángel/Pedregal,same normalized phone as previous campaign,525555173665,deduplication_index.csv
La Vid Argentina,Ciudad de México,Lomas/Bosques/Polanco/Nápoles/San Ángel/Pedregal,same normalized business name as previous campaign,la vid argentina,deduplication_index.csv
Restaurante El Amaranto,Ciudad de México,Lomas/Bosques/Polanco/Nápoles/San Ángel/Pedregal,same normalized phone as previous campaign,525555395074,deduplication_index.csv
3 Sesenta Pizzería de Barrio,Ciudad de México,Lomas/Bosques/Polanco/Nápoles/San Ángel/Pedregal,same normalized business name as previous campaign,3 sesenta pizzeria de barrio,deduplication_index.csv
El Naranjito,Ciudad de México,Lomas/Bosques/Polanco/Nápoles/San Ángel/Pedregal,same normalized phone as previous campaign,525553369630,deduplication_index.csv
Sonora Grill - Félix Cuevas,Ciudad de México,Lomas/Bosques/Polanco/Nápoles/San Ángel/Pedregal,same normalized phone as previous campaign,525555438299,deduplication_index.csv
Paradiso Gourmet,Ciudad de México,Lomas/Bosques/Polanco/Nápoles/San Ángel/Pedregal,same normalized phone as previous campaign,525552805902,deduplication_index.csv
La Cocina,Ciudad de México,Lomas/Bosques/Polanco/Nápoles/San Ángel/Pedregal,same normalized phone as previous campaign,525556885573,deduplication_index.csv
Cardamomo,Ciudad de México,Lomas/Bosques/Polanco/Nápoles/San Ángel/Pedregal,same normalized phone as previous campaign,525565496774,deduplication_index.csv
Taqueria El Chaparrito,Ciudad de México,Lomas/Bosques/Polanco/Nápoles/San Ángel/Pedregal,same normalized business name as previous campaign,taqueria el chaparrito,deduplication_index.csv
EL Compadre,Ciudad de México,Lomas/Bosques/Polanco/Nápoles/San Ángel/Pedregal,same normalized phone as previous campaign,525557257840,deduplication_index.csv
La Casa de Toño,Ciudad de México,Lomas/Bosques/Polanco/Nápoles/San Ángel/Pedregal,same normalized phone as previous campaign,525553861125,deduplication_index.csv
La vie en Rose,Ciudad de México,Lomas/Bosques/Polanco/Nápoles/San Ángel/Pedregal,same normalized phone as previous campaign,525574775307,deduplication_index.csv
El Mayor,Ciudad de México,Lomas/Bosques/Polanco/Nápoles/San Ángel/Pedregal,same normalized phone as previous campaign,525557047580,deduplication_index.csv
Toks,Ciudad de México,Lomas/Bosques/Polanco/Nápoles/San Ángel/Pedregal,same normalized phone as previous campaign,525255419057,deduplication_index.csv
La Hostería de Santo Domingo,Ciudad de México,Lomas/Bosques/Polanco/Nápoles/San Ángel/Pedregal,same normalized phone as previous campaign,525555265276,deduplication_index.csv
Fork of BBQ,Ciudad de México,Lomas/Bosques/Polanco/Nápoles/San Ángel/Pedregal,same normalized phone as previous campaign,525552645125,deduplication_index.csv
Restaurante Gotan,Ciudad de México,Lomas/Bosques/Polanco/Nápoles/San Ángel/Pedregal,same normalized business name as previous campaign,restaurante gotan,deduplication_index.csv
Tlacoyotitlan,Ciudad de México,Lomas/Bosques/Polanco/Nápoles/San Ángel/Pedregal,same normalized phone as previous campaign,525547903313,deduplication_index.csv
Taquería Los Ovnis,Ciudad de México,Lomas/Bosques/Polanco/Nápoles/San Ángel/Pedregal,same normalized phone as previous campaign,525552606289,deduplication_index.csv
El Rey del Pavo,Ciudad de México,Lomas/Bosques/Polanco/Nápoles/San Ángel/Pedregal,same normalized phone as previous campaign,525555182810,deduplication_index.csv
Cambalache,Ciudad de México,Lomas/Bosques/Polanco/Nápoles/San Ángel/Pedregal,same normalized business name as previous campaign,cambalache,deduplication_index.csv
Pappa John's,Ciudad de México,Lomas/Bosques/Polanco/Nápoles/San Ángel/Pedregal,same normalized business name as previous campaign,pappa john s,deduplication_index.csv
La Vaca Loca,Ciudad de México,Lomas/Bosques/Polanco/Nápoles/San Ángel/Pedregal,same normalized phone as previous campaign,525555798685,deduplication_index.csv
Lalo!,Ciudad de México,Lomas/Bosques/Polanco/Nápoles/San Ángel/Pedregal,same normalized phone as previous campaign,525555643388,deduplication_index.csv
Nanaya,Ciudad de México,Lomas/Bosques/Polanco/Nápoles/San Ángel/Pedregal,same normalized business name as previous campaign,nanaya,deduplication_index.csv
Frutos Prohibidos,Ciudad de México,Lomas/Bosques/Polanco/Nápoles/San Ángel/Pedregal,same normalized phone as previous campaign,525556014340,deduplication_index.csv
La Corte,Ciudad de México,Lomas/Bosques/Polanco/Nápoles/San Ángel/Pedregal,same normalized business name as previous campaign,la corte,deduplication_index.csv
La Cocina de San Juan,Ciudad de México,Lomas/Bosques/Polanco/Nápoles/San Ángel/Pedregal,same normalized phone as previous campaign,525555125237,deduplication_index.csv
Himawari,Ciudad de México,Lomas/Bosques/Polanco/Nápoles/San Ángel/Pedregal,same normalized phone as previous campaign,525552644397,deduplication_index.csv
Cafebrería El Péndulo,Ciudad de México,Lomas/Bosques/Polanco/Nápoles/San Ángel/Pedregal,same normalized phone as previous campaign,525552804111,deduplication_index.csv
Taqueria EI Progreso,Ciudad de México,Lomas/Bosques/Polanco/Nápoles/San Ángel/Pedregal,same normalized business name as previous campaign,taqueria ei progreso,deduplication_index.csv
El Cardenal,Ciudad de México,Lomas/Bosques/Polanco/Nápoles/San Ángel/Pedregal,same normalized phone as previous campaign,525555213080,deduplication_index.csv
La Talavera,Ciudad de México,Lomas/Bosques/Polanco/Nápoles/San Ángel/Pedregal,same normalized business name as previous campaign,la talavera,deduplication_index.csv
NA DE FO,Ciudad de México,Lomas/Bosques/Polanco/Nápoles/San Ángel/Pedregal,same normalized phone as previous campaign,525555250351,deduplication_index.csv
Contramar,Ciudad de México,Lomas/Bosques/Polanco/Nápoles/San Ángel/Pedregal,same normalized phone as previous campaign,525555149217,deduplication_index.csv
Ostionería La Playa,Ciudad de México,Lomas/Bosques/Polanco/Nápoles/San Ángel/Pedregal,same normalized business name as previous campaign,ostioneria la playa,deduplication_index.csv
Yug Vegetariano,Ciudad de México,Lomas/Bosques/Polanco/Nápoles/San Ángel/Pedregal,same normalized phone as previous campaign,525555255330,deduplication_index.csv
Sushiitto,Ciudad de México,Lomas/Bosques/Polanco/Nápoles/San Ángel/Pedregal,same normalized business name as previous campaign,sushiitto,deduplication_index.csv
El Pialadero de Guadalajara,Ciudad de México,Lomas/Bosques/Polanco/Nápoles/San Ángel/Pedregal,same normalized phone as previous campaign,525552117708,deduplication_index.csv
Pizzería Balboa,Ciudad de México,Lomas/Bosques/Polanco/Nápoles/San Ángel/Pedregal,same normalized business name as previous campaign,pizzeria balboa,deduplication_index.csv
Koku,Ciudad de México,Lomas/Bosques/Polanco/Nápoles/San Ángel/Pedregal,same normalized business name as previous campaign,koku,deduplication_index.csv
Taquitos Frontera Grill,Ciudad de México,Lomas/Bosques/Polanco/Nápoles/San Ángel/Pedregal,same normalized phone as previous campaign,525546321261,deduplication_index.csv
Patagonia Parrilla de Campo,Ciudad de México,Lomas/Bosques/Polanco/Nápoles/San Ángel/Pedregal,same normalized phone as previous campaign,525552118032,deduplication_index.csv
Belle D'Jour,Ciudad de México,Lomas/Bosques/Polanco/Nápoles/San Ángel/Pedregal,same normalized business name as previous campaign,belle d jour,deduplication_index.csv
Museo del jamón México,Ciudad de México,Lomas/Bosques/Polanco/Nápoles/San Ángel/Pedregal,same normalized phone as previous campaign,525255238359,deduplication_index.csv
Fralugio distribuidor electrónica,Ciudad de México,Lomas/Bosques/Polanco/Nápoles/San Ángel/Pedregal,same normalized phone as previous campaign,525526874082,deduplication_index.csv
Cafebrería El Péndulo,Ciudad de México,Lomas/Bosques/Polanco/Nápoles/San Ángel/Pedregal,same normalized phone as previous campaign,525552082327,deduplication_index.csv
Taqueria los Pericos,Ciudad de México,Lomas/Bosques/Polanco/Nápoles/San Ángel/Pedregal,same normalized phone as previous campaign,525556872109,deduplication_index.csv
Pizza del Perro Negro,Ciudad de México,Lomas/Bosques/Polanco/Nápoles/San Ángel/Pedregal,same normalized phone as previous campaign,525553517401,deduplication_index.csv
Carapapa,Ciudad de México,Lomas/Bosques/Polanco/Nápoles/San Ángel/Pedregal,same normalized business name as previous campaign,carapapa,deduplication_index.csv
Daikoku,Ciudad de México,Lomas/Bosques/Polanco/Nápoles/San Ángel/Pedregal,same normalized phone as previous campaign,525555849419,deduplication_index.csv
Servicios Integrales Veterinarios,Ciudad de México,Lomas/Bosques/Polanco/Nápoles/San Ángel/Pedregal,same normalized phone as previous campaign,525562674370,deduplication_index.csv
La Brasitas de la Guerrero,Ciudad de México,Lomas/Bosques/Polanco/Nápoles/San Ángel/Pedregal,same normalized phone as previous campaign,525543190867,deduplication_index.csv
Hacienda de Cortés,Ciudad de México,Lomas/Bosques/Polanco/Nápoles/San Ángel/Pedregal,same normalized business name as previous campaign,hacienda de cortes,deduplication_index.csv
Sonora Grill,Ciudad de México,Lomas/Bosques/Polanco/Nápoles/San Ángel/Pedregal,same normalized phone as previous campaign,525570981218,deduplication_index.csv
Burrito Loco,Ciudad de México,Lomas/Bosques/Polanco/Nápoles/San Ángel/Pedregal,same normalized business name as previous campaign,burrito loco,deduplication_index.csv
La Capital,Ciudad de México,Lomas/Bosques/Polanco/Nápoles/San Ángel/Pedregal,same normalized phone as previous campaign,525552565159,deduplication_index.csv
Otro Lugar de la Mancha,Ciudad de México,Lomas/Bosques/Polanco/Nápoles/San Ángel/Pedregal,same normalized business name as previous campaign,otro lugar de la mancha,deduplication_index.csv
Kerouac,Ciudad de México,Lomas/Bosques/Polanco/Nápoles/San Ángel/Pedregal,same normalized phone as previous campaign,525584353640,deduplication_index.csv
Fonda Argentina,Ciudad de México,Lomas/Bosques/Polanco/Nápoles/San Ángel/Pedregal,same normalized business name as previous campaign,fonda argentina,deduplication_index.csv
Vecchio Fascino,Ciudad de México,Lomas/Bosques/Polanco/Nápoles/San Ángel/Pedregal,same normalized business name as previous campaign,vecchio fascino,deduplication_index.csv
Merendero Biarritz,Ciudad de México,Lomas/Bosques/Polanco/Nápoles/San Ángel/Pedregal,same normalized phone as previous campaign,525555887791,deduplication_index.csv
Angelopolitano,Ciudad de México,Lomas/Bosques/Polanco/Nápoles/San Ángel/Pedregal,same normalized phone as previous campaign,525563912121,deduplication_index.csv
Guzina Oaxaca,Ciudad de México,Lomas/Bosques/Polanco/Nápoles/San Ángel/Pedregal,same normalized phone as previous campaign,525552821820,deduplication_index.csv
Los Sifones,Ciudad de México,Lomas/Bosques/Polanco/Nápoles/San Ángel/Pedregal,same normalized phone as previous campaign,525555493890,deduplication_index.csv
La Buena Barra,Ciudad de México,Lomas/Bosques/Polanco/Nápoles/San Ángel/Pedregal,same normalized phone as previous campaign,525552806699,deduplication_index.csv
Publico,Ciudad de México,Lomas/Bosques/Polanco/Nápoles/San Ángel/Pedregal,same normalized phone as previous campaign,525540001288,deduplication_index.csv
Quintonil,Ciudad de México,Lomas/Bosques/Polanco/Nápoles/San Ángel/Pedregal,same normalized business name as previous campaign,quintonil,deduplication_index.csv
La Casa de Las Enchiladas (Lago Alberto),Ciudad de México,Lomas/Bosques/Polanco/Nápoles/San Ángel/Pedregal,same normalized phone as previous campaign,525552606693,deduplication_index.csv
Brescia's,Ciudad de México,Lomas/Bosques/Polanco/Nápoles/San Ángel/Pedregal,same normalized business name as previous campaign,brescia s,deduplication_index.csv
Los Picositos,Ciudad de México,Lomas/Bosques/Polanco/Nápoles/San Ángel/Pedregal,same normalized business name as previous campaign,los picositos,deduplication_index.csv
Testal,Ciudad de México,Lomas/Bosques/Polanco/Nápoles/San Ángel/Pedregal,same normalized phone as previous campaign,525555101358,deduplication_index.csv
Suntory del Valle,Ciudad de México,Lomas/Bosques/Polanco/Nápoles/San Ángel/Pedregal,same normalized phone as previous campaign,525555369432,deduplication_index.csv
La Cebolla Morada,Ciudad de México,Lomas/Bosques/Polanco/Nápoles/San Ángel/Pedregal,same normalized business name as previous campaign,la cebolla morada,deduplication_index.csv
La Rodante Pizzería,Ciudad de México,Lomas/Bosques/Polanco/Nápoles/San Ángel/Pedregal,same normalized business name as previous campaign,la rodante pizzeria,deduplication_index.csv
La Canasta,Ciudad de México,Lomas/Bosques/Polanco/Nápoles/San Ángel/Pedregal,same normalized business name as previous campaign,la canasta,deduplication_index.csv
Spa & Nails Fashion,Ciudad de México,Lomas/Bosques/Polanco/Nápoles/San Ángel/Pedregal,same normalized business name as previous campaign,spa nails fashion,deduplication_index.csv
Marisquería La Glorieta,Ciudad de México,Lomas/Bosques/Polanco/Nápoles/San Ángel/Pedregal,same normalized business name as previous campaign,marisqueria la glorieta,deduplication_index.csv
Hospital Veterinario de Medicina Preventiva,Ciudad de México,Lomas/Bosques/Polanco/Nápoles/San Ángel/Pedregal,same normalized phone as previous campaign,525556052263,deduplication_index.csv
Maratea Mx,Ciudad de México,Lomas/Bosques/Polanco/Nápoles/San Ángel/Pedregal,same normalized phone as previous campaign,525572605256,deduplication_index.csv
TAMALES COYOACÁN,Ciudad de México,Lomas/Bosques/Polanco/Nápoles/San Ángel/Pedregal,same normalized phone as previous campaign,525556968857,deduplication_index.csv
Urban Spices,Ciudad de México,Lomas/Bosques/Polanco/Nápoles/San Ángel/Pedregal,same normalized phone as previous campaign,525570450535,deduplication_index.csv
Surasang,Ciudad de México,Lomas/Bosques/Polanco/Nápoles/San Ángel/Pedregal,same normalized business name as previous campaign,surasang,deduplication_index.csv
The Beauty & Relaxing SPA,Ciudad de México,Lomas/Bosques/Polanco/Nápoles/San Ángel/Pedregal,same normalized business name as previous campaign,the beauty relaxing spa,deduplication_index.csv
SRE Medicina Alternativa,Ciudad de México,Lomas/Bosques/Polanco/Nápoles/San Ángel/Pedregal,same normalized business name as previous campaign,sre medicina alternativa,deduplication_index.csv
La Pitahaya,Ciudad de México,Lomas/Bosques/Polanco/Nápoles/San Ángel/Pedregal,same normalized phone as previous campaign,525571592918,deduplication_index.csv
u.to.pia,Ciudad de México,Lomas/Bosques/Polanco/Nápoles/San Ángel/Pedregal,same normalized phone as previous campaign,525559962209,deduplication_index.csv
Malportaco,Ciudad de México,Lomas/Bosques/Polanco/Nápoles/San Ángel/Pedregal,same normalized phone as previous campaign,525587530574,deduplication_index.csv
Clínica Dr. Casaubon,Ciudad de México,Lomas/Bosques/Polanco/Nápoles/San Ángel/Pedregal,same normalized business name as previous campaign,clinica dr casaubon,deduplication_index.csv
Taquería La Negra,Ciudad de México,Lomas/Bosques/Polanco/Nápoles/San Ángel/Pedregal,same normalized business name as previous campaign,taqueria la negra,deduplication_index.csv
Kabuki,Ciudad de México,Lomas/Bosques/Polanco/Nápoles/San Ángel/Pedregal,same normalized phone as previous campaign,525559298227,deduplication_index.csv
Vecchio Forno,Ciudad de México,Lomas/Bosques/Polanco/Nápoles/San Ángel/Pedregal,same normalized business name as previous campaign,vecchio forno,deduplication_index.csv
mi Gusto es,Ciudad de México,Lomas/Bosques/Polanco/Nápoles/San Ángel/Pedregal,same normalized phone as previous campaign,525552545678,deduplication_index.csv
Bahia de Vigo,Ciudad de México,Lomas/Bosques/Polanco/Nápoles/San Ángel/Pedregal,same normalized business name as previous campaign,bahia de vigo,deduplication_index.csv
Hospital Veterinario,Ciudad de México,Lomas/Bosques/Polanco/Nápoles/San Ángel/Pedregal,same normalized business name as previous campaign,hospital veterinario,deduplication_index.csv
Murakami,Ciudad de México,Lomas/Bosques/Polanco/Nápoles/San Ángel/Pedregal,same normalized phone as previous campaign,525552031371,deduplication_index.csv
La Galeterie,Ciudad de México,Lomas/Bosques/Polanco/Nápoles/San Ángel/Pedregal,same normalized phone as previous campaign,525555414541,deduplication_index.csv
Vege Taco,Ciudad de México,Lomas/Bosques/Polanco/Nápoles/San Ángel/Pedregal,same normalized phone as previous campaign,525567258826,deduplication_index.csv
Salón Covadonga,Ciudad de México,Lomas/Bosques/Polanco/Nápoles/San Ángel/Pedregal,same normalized phone as previous campaign,525555332922,deduplication_index.csv
Terraza Cha Cha Chá,Ciudad de México,Lomas/Bosques/Polanco/Nápoles/San Ángel/Pedregal,same normalized phone as previous campaign,525557052272,deduplication_index.csv
niddo dresde,Ciudad de México,Lomas/Bosques/Polanco/Nápoles/San Ángel/Pedregal,same normalized phone as previous campaign,525555250262,deduplication_index.csv
Rouge Bohème Bistro,Ciudad de México,Lomas/Bosques/Polanco/Nápoles/San Ángel/Pedregal,same normalized phone as previous campaign,525555119704,deduplication_index.csv
Cada Regis,Ciudad de México,Lomas/Bosques/Polanco/Nápoles/San Ángel/Pedregal,same normalized phone as previous campaign,525552548207,deduplication_index.csv
Tetetlán,Ciudad de México,Lomas/Bosques/Polanco/Nápoles/San Ángel/Pedregal,same normalized phone as previous campaign,525556685335,deduplication_index.csv
Bonito,Ciudad de México,Lomas/Bosques/Polanco/Nápoles/San Ángel/Pedregal,same normalized phone as previous campaign,525552866165,deduplication_index.csv
Xilonen,Ciudad de México,Lomas/Bosques/Polanco/Nápoles/San Ángel/Pedregal,same normalized phone as previous campaign,525525230483,deduplication_index.csv
Wan Wan Sakaba,Ciudad de México,Lomas/Bosques/Polanco/Nápoles/San Ángel/Pedregal,same normalized phone as previous campaign,525555144324,deduplication_index.csv
Los Gueros de Boturini,Ciudad de México,Lomas/Bosques/Polanco/Nápoles/San Ángel/Pedregal,same normalized business name as previous campaign,los gueros de boturini,deduplication_index.csv
TierrAdentro,Ciudad de México,Lomas/Bosques/Polanco/Nápoles/San Ángel/Pedregal,same normalized phone as previous campaign,525580093258,deduplication_index.csv
El tesoro de Sonora,Ciudad de México,Lomas/Bosques/Polanco/Nápoles/San Ángel/Pedregal,same normalized phone as previous campaign,525555396614,deduplication_index.csv
Unas y mas,Ciudad de México,Lomas/Bosques/Polanco/Nápoles/San Ángel/Pedregal,same normalized phone as previous campaign,525545258199,deduplication_index.csv
La Casa de Toño Insurgentes Sur,Ciudad de México,Lomas/Bosques/Polanco/Nápoles/San Ángel/Pedregal,same normalized phone as previous campaign,525556589765,deduplication_index.csv
Taquería La Lupita Ayuuk,Ciudad de México,Lomas/Bosques/Polanco/Nápoles/San Ángel/Pedregal,same normalized phone as previous campaign,525570457355,deduplication_index.csv
Potzollcalli,Ciudad de México,Lomas/Bosques/Polanco/Nápoles/San Ángel/Pedregal,same normalized phone as previous campaign,525555365320,deduplication_index.csv
Los sopes,Ciudad de México,Lomas/Bosques/Polanco/Nápoles/San Ángel/Pedregal,same normalized phone as previous campaign,525555393277,deduplication_index.csv
Izakaya KURA,Ciudad de México,Lomas/Bosques/Polanco/Nápoles/San Ángel/Pedregal,same normalized phone as previous campaign,525579893102,deduplication_index.csv
Clinica Madre Teresa Dueñas,Ciudad de México,Lomas/Bosques/Polanco/Nápoles/San Ángel/Pedregal,same normalized phone as previous campaign,525555852051,deduplication_index.csv
La Casa de Las Enchiladas (Lerma),Ciudad de México,Lomas/Bosques/Polanco/Nápoles/San Ángel/Pedregal,same normalized phone as previous campaign,525552076760,deduplication_index.csv
La Casa de Las Enchiladas (Bajío),Ciudad de México,Lomas/Bosques/Polanco/Nápoles/San Ángel/Pedregal,same normalized phone as previous campaign,525552769841,deduplication_index.csv
Hamburguesas HM (Polanco),Ciudad de México,Lomas/Bosques/Polanco/Nápoles/San Ángel/Pedregal,same normalized phone as previous campaign,525552548929,deduplication_index.csv
Papa Guapa,Ciudad de México,Lomas/Bosques/Polanco/Nápoles/San Ángel/Pedregal,same normalized phone as previous campaign,525552078052,deduplication_index.csv
Papa Guapa,Ciudad de México,Lomas/Bosques/Polanco/Nápoles/San Ángel/Pedregal,same normalized phone as previous campaign,525511076337,deduplication_index.csv
Pizza del Perro Negro,Ciudad de México,Lomas/Bosques/Polanco/Nápoles/San Ángel/Pedregal,same normalized phone as previous campaign,525553517401,deduplication_index.csv
Pizza del Perro Negro,Ciudad de México,Lomas/Bosques/Polanco/Nápoles/San Ángel/Pedregal,same normalized phone as previous campaign,525553517401,deduplication_index.csv
Pizza del Perro Negro,Ciudad de México,Lomas/Bosques/Polanco/Nápoles/San Ángel/Pedregal,same normalized phone as previous campaign,525553517401,deduplication_index.csv
Louises Chef,Ciudad de México,Lomas/Bosques/Polanco/Nápoles/San Ángel/Pedregal,same normalized phone as previous campaign,525562553698,deduplication_index.csv
"Indómita, Burger Social Club",Ciudad de México,Lomas/Bosques/Polanco/Nápoles/San Ángel/Pedregal,same normalized phone as previous campaign,525573529678,deduplication_index.csv
Porco Rosso,Ciudad de México,Lomas/Bosques/Polanco/Nápoles/San Ángel/Pedregal,same normalized phone as previous campaign,525252075399,deduplication_index.csv
dmp arquitectura,Ciudad de México,Lomas/Bosques/Polanco/Nápoles/San Ángel/Pedregal,same normalized phone as previous campaign,525556607708,deduplication_index.csv
Consultorio veterinario,Ciudad de México,Lomas/Bosques/Polanco/Nápoles/San Ángel/Pedregal,same normalized business name as previous campaign,consultorio veterinario,deduplication_index.csv
Pizzas La Postal,Ciudad de México,Lomas/Bosques/Polanco/Nápoles/San Ángel/Pedregal,same normalized phone as previous campaign,525584946548,deduplication_index.csv
La Parroquia de Veracruz,Ciudad de México,Lomas/Bosques/Polanco/Nápoles/San Ángel/Pedregal,same normalized phone as previous campaign,525555127405,deduplication_index.csv
Tortas El Estudiante,Ciudad de México,Lomas/Bosques/Polanco/Nápoles/San Ángel/Pedregal,same normalized phone as previous campaign,525561507326,deduplication_index.csv
El Asado Argentino,Ciudad de México,Lomas/Bosques/Polanco/Nápoles/San Ángel/Pedregal,same normalized phone as previous campaign,525555927071,deduplication_index.csv
Los Arcos,Ciudad de México,Lomas/Bosques/Polanco/Nápoles/San Ángel/Pedregal,same normalized phone as previous campaign,525552356419,deduplication_index.csv
Quesadillas Berlin,Ciudad de México,Lomas/Bosques/Polanco/Nápoles/San Ángel/Pedregal,same normalized phone as previous campaign,525568688373,deduplication_index.csv
Fonda El Anfritrión,Ciudad de México,Lomas/Bosques/Polanco/Nápoles/San Ángel/Pedregal,same normalized phone as previous campaign,525585023536,deduplication_index.csv
La mESILLA,Ciudad de México,Lomas/Bosques/Polanco/Nápoles/San Ángel/Pedregal,same normalized phone as previous campaign,525549831530,deduplication_index.csv
hAMBURGUESAS mATIAS,Ciudad de México,Lomas/Bosques/Polanco/Nápoles/San Ángel/Pedregal,same normalized phone as previous campaign,525536576792,deduplication_index.csv
Taquitos Marte,Ciudad de México,Lomas/Bosques/Polanco/Nápoles/San Ángel/Pedregal,same normalized phone as previous campaign,525526210418,deduplication_index.csv
Cancino,Ciudad de México,Lomas/Bosques/Polanco/Nápoles/San Ángel/Pedregal,same normalized phone as previous campaign,525552074398,deduplication_index.csv
Shambala,Ciudad de México,Lomas/Bosques/Polanco/Nápoles/San Ángel/Pedregal,same normalized phone as previous campaign,521555532579,deduplication_index.csv
Green Me Reforma,Ciudad de México,Lomas/Bosques/Polanco/Nápoles/San Ángel/Pedregal,same normalized phone as previous campaign,525575822003,deduplication_index.csv
Psiquiatra Enrique Camarena,Ciudad de México,Lomas/Bosques/Polanco/Nápoles/San Ángel/Pedregal,same normalized phone as previous campaign,525555636618,deduplication_index.csv
El Rincón Gourmet,Ciudad de México,Lomas/Bosques/Polanco/Nápoles/San Ángel/Pedregal,same normalized phone as previous campaign,525552117016,deduplication_index.csv
Odontotall Dentist,Ciudad de México,Lomas/Bosques/Polanco/Nápoles/San Ángel/Pedregal,same normalized business name as previous campaign,odontotall dentist,deduplication_index.csv
Branca Parrilla,Ciudad de México,Lomas/Bosques/Polanco/Nápoles/San Ángel/Pedregal,same normalized phone as previous campaign,525565500644,deduplication_index.csv
Wabi Sushi,Ciudad de México,Lomas/Bosques/Polanco/Nápoles/San Ángel/Pedregal,same normalized phone as previous campaign,525559414815,deduplication_index.csv
Pane En Vía Centro,Ciudad de México,Lomas/Bosques/Polanco/Nápoles/San Ángel/Pedregal,same normalized phone as previous campaign,525557094040,deduplication_index.csv
Clínica Veterinaria Coyoacán,Ciudad de México,Lomas/Bosques/Polanco/Nápoles/San Ángel/Pedregal,same normalized phone as previous campaign,525556883177,deduplication_index.csv
Esqui crepas,Ciudad de México,Lomas/Bosques/Polanco/Nápoles/San Ángel/Pedregal,same normalized phone as previous campaign,525516972096,deduplication_index.csv
Mandragora vegan,Ciudad de México,Lomas/Bosques/Polanco/Nápoles/San Ángel/Pedregal,same normalized phone as previous campaign,525517830023,deduplication_index.csv
CEME Gatos,Ciudad de México,Lomas/Bosques/Polanco/Nápoles/San Ángel/Pedregal,same normalized phone as previous campaign,525589369455,deduplication_index.csv
CEME Gatos,Ciudad de México,Lomas/Bosques/Polanco/Nápoles/San Ángel/Pedregal,same normalized phone as previous campaign,525563639935,deduplication_index.csv
"Taller Óptico ""Eros""",Ciudad de México,Lomas/Bosques/Polanco/Nápoles/San Ángel/Pedregal,same normalized phone as previous campaign,525528366889,deduplication_index.csv
Veganismo Lonchería vegana,Ciudad de México,Lomas/Bosques/Polanco/Nápoles/San Ángel/Pedregal,same normalized phone as previous campaign,525592437662,deduplication_index.csv
Sony Arceos,Ciudad de México,Lomas/Bosques/Polanco/Nápoles/San Ángel/Pedregal,same normalized phone as previous campaign,525519187885,deduplication_index.csv
La Guelagetza,Ciudad de México,Lomas/Bosques/Polanco/Nápoles/San Ángel/Pedregal,same normalized phone as previous campaign,525557373954,deduplication_index.csv
Consultorio Morell,Ciudad de México,Lomas/Bosques/Polanco/Nápoles/San Ángel/Pedregal,same normalized phone as previous campaign,525555174288,deduplication_index.csv
Sartenazo,Ciudad de México,Lomas/Bosques/Polanco/Nápoles/San Ángel/Pedregal,same normalized phone as previous campaign,525555356912,deduplication_index.csv
Alberto Mérito,Ciudad de México,Lomas/Bosques/Polanco/Nápoles/San Ángel/Pedregal,same normalized phone as previous campaign,525510808010,deduplication_index.csv
Bang Bang Pizzas,Ciudad de México,Lomas/Bosques/Polanco/Nápoles/San Ángel/Pedregal,same normalized phone as previous campaign,525555464464,deduplication_index.csv
Eno,Ciudad de México,Lomas/Bosques/Polanco/Nápoles/San Ángel/Pedregal,same normalized business name as previous campaign,eno,deduplication_index.csv
TimberSight Optical Store,Ciudad de México,Lomas/Bosques/Polanco/Nápoles/San Ángel/Pedregal,same normalized phone as previous campaign,525593165352,deduplication_index.csv
La Divina Comida,Ciudad de México,Lomas/Bosques/Polanco/Nápoles/San Ángel/Pedregal,same normalized phone as previous campaign,525590065188,deduplication_index.csv
Lucky Sushi,Ciudad de México,Lomas/Bosques/Polanco/Nápoles/San Ángel/Pedregal,same normalized phone as previous campaign,525592118550,deduplication_index.csv
Juncal Tablao Flamenco,Ciudad de México,Lomas/Bosques/Polanco/Nápoles/San Ángel/Pedregal,same normalized phone as previous campaign,525564869586,deduplication_index.csv
lo de Julio,Ciudad de México,Lomas/Bosques/Polanco/Nápoles/San Ángel/Pedregal,same normalized phone as previous campaign,525523452103,deduplication_index.csv
Sonia,Ciudad de México,Lomas/Bosques/Polanco/Nápoles/San Ángel/Pedregal,same normalized phone as previous campaign,525559414956,deduplication_index.csv
Wooyeon,Ciudad de México,Lomas/Bosques/Polanco/Nápoles/San Ángel/Pedregal,same normalized phone as previous campaign,525551623822,deduplication_index.csv
Mariana Bonita,Ciudad de México,Lomas/Bosques/Polanco/Nápoles/San Ángel/Pedregal,same normalized phone as previous campaign,525252078963,deduplication_index.csv
El tesoro de Sonora,Ciudad de México,Lomas/Bosques/Polanco/Nápoles/San Ángel/Pedregal,same normalized phone as previous campaign,525555795155,deduplication_index.csv
Sabores de México,Ciudad de México,Lomas/Bosques/Polanco/Nápoles/San Ángel/Pedregal,same normalized phone as previous campaign,525592323909,deduplication_index.csv
Daikoku,Ciudad de México,Lomas/Bosques/Polanco/Nápoles/San Ángel/Pedregal,same normalized phone as previous campaign,525556587802,deduplication_index.csv
Physio Clinique,Ciudad de México,Lomas/Bosques/Polanco/Nápoles/San Ángel/Pedregal,same normalized phone as previous campaign,525543635421,deduplication_index.csv
Fonda La Villa,Ciudad de México,Lomas/Bosques/Polanco/Nápoles/San Ángel/Pedregal,same normalized phone as previous campaign,525555790516,deduplication_index.csv
TORRES DENTAL,Ciudad de México,Lomas/Bosques/Polanco/Nápoles/San Ángel/Pedregal,same normalized phone as previous campaign,525529615728,deduplication_index.csv
Villa de Canes,Ciudad de México,Lomas/Bosques/Polanco/Nápoles/San Ángel/Pedregal,same normalized phone as previous campaign,525571974115,deduplication_index.csv
El Condimento,Ciudad de México,Lomas/Bosques/Polanco/Nápoles/San Ángel/Pedregal,same normalized phone as previous campaign,525559163622,deduplication_index.csv
El Negrito,Ciudad de México,Lomas/Bosques/Polanco/Nápoles/San Ángel/Pedregal,same normalized phone as previous campaign,522228231746,deduplication_index.csv
Tamalería Nativitas,Ciudad de México,Lomas/Bosques/Polanco/Nápoles/San Ángel/Pedregal,same normalized phone as previous campaign,525555328687,deduplication_index.csv
Sushi Itto Playa Regatas,Ciudad de México,Lomas/Bosques/Polanco/Nápoles/San Ángel/Pedregal,same normalized phone as previous campaign,525510387607,deduplication_index.csv
La Pibil,Ciudad de México,Lomas/Bosques/Polanco/Nápoles/San Ángel/Pedregal,same normalized phone as previous campaign,525586551874,deduplication_index.csv
Sorondo 270 Bistrot,Ciudad de México,Lomas/Bosques/Polanco/Nápoles/San Ángel/Pedregal,same normalized phone as previous campaign,525577079217,deduplication_index.csv
Milena Restaurante Café,Ciudad de México,Lomas/Bosques/Polanco/Nápoles/San Ángel/Pedregal,same normalized phone as previous campaign,525540324651,deduplication_index.csv
El Rincón Mexica,Ciudad de México,Lomas/Bosques/Polanco/Nápoles/San Ángel/Pedregal,same normalized phone as previous campaign,525577073752,deduplication_index.csv
Las Arracheras Beef Master,Ciudad de México,Lomas/Bosques/Polanco/Nápoles/San Ángel/Pedregal,same normalized business name as previous campaign,las arracheras beef master,deduplication_index.csv
Tokyo Rose,Ciudad de México,Lomas/Bosques/Polanco/Nápoles/San Ángel/Pedregal,same normalized phone as previous campaign,525555308021,deduplication_index.csv
Dental Fill Spa,Ciudad de México,Lomas/Bosques/Polanco/Nápoles/San Ángel/Pedregal,same normalized phone as previous campaign,525529066542,deduplication_index.csv
Dentalia,Ciudad de México,Lomas/Bosques/Polanco/Nápoles/San Ángel/Pedregal,same normalized phone as previous campaign,528000033682,deduplication_index.csv
Dentalia,Ciudad de México,Lomas/Bosques/Polanco/Nápoles/San Ángel/Pedregal,same normalized phone as previous campaign,528000033682,deduplication_index.csv
Dentalia,Ciudad de México,Lomas/Bosques/Polanco/Nápoles/San Ángel/Pedregal,same normalized phone as previous campaign,528000033682,deduplication_index.csv
Dentalia,Ciudad de México,Lomas/Bosques/Polanco/Nápoles/San Ángel/Pedregal,same normalized phone as previous campaign,528000033682,deduplication_index.csv
Dentalia,Ciudad de México,Lomas/Bosques/Polanco/Nápoles/San Ángel/Pedregal,same normalized phone as previous campaign,528000033682,deduplication_index.csv
Dentalia,Ciudad de México,Lomas/Bosques/Polanco/Nápoles/San Ángel/Pedregal,same normalized phone as previous campaign,528000033682,deduplication_index.csv
Dentalia,Ciudad de México,Lomas/Bosques/Polanco/Nápoles/San Ángel/Pedregal,same normalized phone as previous campaign,528000033682,deduplication_index.csv
Dentalia,Ciudad de México,Lomas/Bosques/Polanco/Nápoles/San Ángel/Pedregal,same normalized phone as previous campaign,528000033682,deduplication_index.csv
Dentalia,Ciudad de México,Lomas/Bosques/Polanco/Nápoles/San Ángel/Pedregal,same normalized phone as previous campaign,528000033682,deduplication_index.csv
Dentalia,Ciudad de México,Lomas/Bosques/Polanco/Nápoles/San Ángel/Pedregal,same normalized phone as previous campaign,528000033682,deduplication_index.csv
Dentalia,Ciudad de México,Lomas/Bosques/Polanco/Nápoles/San Ángel/Pedregal,same normalized phone as previous campaign,528000033682,deduplication_index.csv
Dentalia,Ciudad de México,Lomas/Bosques/Polanco/Nápoles/San Ángel/Pedregal,same normalized phone as previous campaign,528000033682,deduplication_index.csv
Dentalia,Ciudad de México,Lomas/Bosques/Polanco/Nápoles/San Ángel/Pedregal,same normalized phone as previous campaign,528000033682,deduplication_index.csv
Dentalia,Ciudad de México,Lomas/Bosques/Polanco/Nápoles/San Ángel/Pedregal,same normalized phone as previous campaign,528000033682,deduplication_index.csv
Dentalia,Ciudad de México,Lomas/Bosques/Polanco/Nápoles/San Ángel/Pedregal,same normalized phone as previous campaign,528000033682,deduplication_index.csv
La Misma Vaca,Ciudad de México,Lomas/Bosques/Polanco/Nápoles/San Ángel/Pedregal,same normalized phone as previous campaign,525553361692,deduplication_index.csv
El Tigre Silencioso,Ciudad de México,Lomas/Bosques/Polanco/Nápoles/San Ángel/Pedregal,same normalized phone as previous campaign,525521746586,deduplication_index.csv
Flatter.MeHair,Ciudad de México,Lomas/Bosques/Polanco/Nápoles/San Ángel/Pedregal,same normalized phone as previous campaign,525529928225,deduplication_index.csv
Dr. Pizza,Ciudad de México,Lomas/Bosques/Polanco/Nápoles/San Ángel/Pedregal,same normalized phone as previous campaign,525521217486,deduplication_index.csv
Beer Stop,Ciudad de México,Lomas/Bosques/Polanco/Nápoles/San Ángel/Pedregal,same normalized phone as previous campaign,525555254129,deduplication_index.csv
P.F. Chang's,Ciudad de México,Lomas/Bosques/Polanco/Nápoles/San Ángel/Pedregal,same normalized phone as previous campaign,525555334859,deduplication_index.csv
Almara,Ciudad de México,Lomas/Bosques/Polanco/Nápoles/San Ángel/Pedregal,same normalized phone as previous campaign,525532132492,deduplication_index.csv
niddo oxford,Ciudad de México,Lomas/Bosques/Polanco/Nápoles/San Ángel/Pedregal,same normalized phone as previous campaign,525555250262,deduplication_index.csv
Havre 77,Ciudad de México,Lomas/Bosques/Polanco/Nápoles/San Ángel/Pedregal,same normalized phone as previous campaign,525552081070,deduplication_index.csv
Sushi Kyo,Ciudad de México,Lomas/Bosques/Polanco/Nápoles/San Ángel/Pedregal,same normalized phone as previous campaign,525555118027,deduplication_index.csv
Helena,Ciudad de México,Lomas/Bosques/Polanco/Nápoles/San Ángel/Pedregal,same normalized phone as previous campaign,525555149977,deduplication_index.csv
Wok´ando,Ciudad de México,Lomas/Bosques/Polanco/Nápoles/San Ángel/Pedregal,same normalized phone as previous campaign,525511691144,deduplication_index.csv
Goguinara,Ciudad de México,Lomas/Bosques/Polanco/Nápoles/San Ángel/Pedregal,same normalized phone as previous campaign,525552075233,deduplication_index.csv
Darosa,Ciudad de México,Lomas/Bosques/Polanco/Nápoles/San Ángel/Pedregal,same normalized phone as previous campaign,525535156838,deduplication_index.csv
Taller Xilotl,Ciudad de México,Lomas/Bosques/Polanco/Nápoles/San Ángel/Pedregal,same normalized phone as previous campaign,525630679742,deduplication_index.csv
Ahumadas Grill & BBQ,Ciudad de México,Lomas/Bosques/Polanco/Nápoles/San Ángel/Pedregal,same normalized phone as previous campaign,525559357621,deduplication_index.csv
El Refugio del Inca,Ciudad de México,Lomas/Bosques/Polanco/Nápoles/San Ángel/Pedregal,same normalized phone as previous campaign,525555140697,deduplication_index.csv
Paris 16 Bistró,Ciudad de México,Lomas/Bosques/Polanco/Nápoles/San Ángel/Pedregal,same normalized phone as previous campaign,525555119911,deduplication_index.csv
Trattoria Enrico's,Ciudad de México,Lomas/Bosques/Polanco/Nápoles/San Ángel/Pedregal,same normalized phone as previous campaign,525541950398,deduplication_index.csv
Zanaya,Ciudad de México,Lomas/Bosques/Polanco/Nápoles/San Ángel/Pedregal,same normalized phone as previous campaign,525552301818,deduplication_index.csv
Taquería Orinoco,Ciudad de México,Lomas/Bosques/Polanco/Nápoles/San Ángel/Pedregal,same normalized phone as previous campaign,525559414816,deduplication_index.csv
El Rincón de la 6,Ciudad de México,Lomas/Bosques/Polanco/Nápoles/San Ángel/Pedregal,same normalized phone as previous campaign,525556586250,deduplication_index.csv
El Polanquito,Ciudad de México,Lomas/Bosques/Polanco/Nápoles/San Ángel/Pedregal,same normalized phone as previous campaign,525546335745,deduplication_index.csv
Pasteleria El Delicioso,Ciudad de México,Lomas/Bosques/Polanco/Nápoles/San Ángel/Pedregal,same normalized phone as previous campaign,525636333359,deduplication_index.csv
Chula Food,Ciudad de México,Lomas/Bosques/Polanco/Nápoles/San Ángel/Pedregal,same normalized phone as previous campaign,525551329721,deduplication_index.csv
Bhumi Comedor y Pizzeria Vegana,Ciudad de México,Lomas/Bosques/Polanco/Nápoles/San Ángel/Pedregal,same normalized phone as previous campaign,525519385320,deduplication_index.csv
Manthra Spa,Ciudad de México,Lomas/Bosques/Polanco/Nápoles/San Ángel/Pedregal,same normalized phone as previous campaign,525540773044,deduplication_index.csv
Bagatelle Mexico City,Ciudad de México,Lomas/Bosques/Polanco/Nápoles/San Ángel/Pedregal,same normalized phone as previous campaign,525539808744,deduplication_index.csv
Cocina Fortuna,Ciudad de México,Lomas/Bosques/Polanco/Nápoles/San Ángel/Pedregal,same normalized phone as previous campaign,525619843072,deduplication_index.csv
Los Queridos,Ciudad de México,Lomas/Bosques/Polanco/Nápoles/San Ángel/Pedregal,same normalized phone as previous campaign,525517286740,deduplication_index.csv
Mog Bistro,Ciudad de México,Lomas/Bosques/Polanco/Nápoles/San Ángel/Pedregal,same normalized business name as previous campaign,mog bistro,deduplication_index.csv
480º Pizza Lounge,Ciudad de México,Lomas/Bosques/Polanco/Nápoles/San Ángel/Pedregal,same normalized phone as previous campaign,525559901497,deduplication_index.csv
Yellow Monkey,Ciudad de México,Lomas/Bosques/Polanco/Nápoles/San Ángel/Pedregal,same normalized phone as previous campaign,525589618887,deduplication_index.csv
Dos Más y Te Olvido,Ciudad de México,Lomas/Bosques/Polanco/Nápoles/San Ángel/Pedregal,same normalized phone as previous campaign,525590392096,deduplication_index.csv
El Cardenal Tacuba,Ciudad de México,Lomas/Bosques/Polanco/Nápoles/San Ángel/Pedregal,same normalized phone as previous campaign,525591348441,deduplication_index.csv
Pizza del perro negro,Ciudad de México,Lomas/Bosques/Polanco/Nápoles/San Ángel/Pedregal,same normalized phone as previous campaign,525553517401,deduplication_index.csv
Young Bin Kwan,Ciudad de México,Lomas/Bosques/Polanco/Nápoles/San Ángel/Pedregal,same normalized phone as previous campaign,525559228009,deduplication_index.csv
The Capital Grille,Ciudad de México,Lomas/Bosques/Polanco/Nápoles/San Ángel/Pedregal,same normalized phone as previous campaign,525552078358,deduplication_index.csv
La Bodeguita del Medio,Ciudad de México,Lomas/Bosques/Polanco/Nápoles/San Ángel/Pedregal,same normalized phone as previous campaign,525555530246,deduplication_index.csv
Centro Veterinario Felino,Ciudad de México,Lomas/Bosques/Polanco/Nápoles/San Ángel/Pedregal,same normalized phone as previous campaign,525517394404,deduplication_index.csv
Cocina India Bukhara,Ciudad de México,Lomas/Bosques/Polanco/Nápoles/San Ángel/Pedregal,same normalized phone as previous campaign,525552640916,deduplication_index.csv
Casa Licha,Ciudad de México,Lomas/Bosques/Polanco/Nápoles/San Ángel/Pedregal,same normalized phone as previous campaign,525555391325,deduplication_index.csv
Consultorio Dental Alfa Y Omega,Ciudad de México,Lomas/Bosques/Polanco/Nápoles/San Ángel/Pedregal,same normalized phone as previous campaign,525547863775,deduplication_index.csv
Grupo Dental Bosques,Ciudad de México,Lomas/Bosques/Polanco/Nápoles/San Ángel/Pedregal,same normalized phone as previous campaign,525555700004,deduplication_index.csv
Baby And Mom Gym,Ciudad de México,Lomas/Bosques/Polanco/Nápoles/San Ángel/Pedregal,same normalized phone as previous campaign,525555956244,deduplication_index.csv
Consultorio Médico,Ciudad de México,Lomas/Bosques/Polanco/Nápoles/San Ángel/Pedregal,same normalized phone as previous campaign,525518098276,deduplication_index.csv
Consultorio Medico,Ciudad de México,Lomas/Bosques/Polanco/Nápoles/San Ángel/Pedregal,same normalized phone as previous campaign,525575514333,deduplication_index.csv
Clinica Del Pie,Ciudad de México,Lomas/Bosques/Polanco/Nápoles/San Ángel/Pedregal,same normalized phone as previous campaign,525522241577,deduplication_index.csv
Clinica Médica Bosques,Ciudad de México,Lomas/Bosques/Polanco/Nápoles/San Ángel/Pedregal,same normalized phone as previous campaign,525522241746,deduplication_index.csv
Carrydent,Ciudad de México,Lomas/Bosques/Polanco/Nápoles/San Ángel/Pedregal,same normalized phone as previous campaign,525552925060,deduplication_index.csv
Providencia,Ciudad de México,Lomas/Bosques/Polanco/Nápoles/San Ángel/Pedregal,same normalized phone as previous campaign,525521676569,deduplication_index.csv
Centro De Estimulacion Ipm,Ciudad de México,Lomas/Bosques/Polanco/Nápoles/San Ángel/Pedregal,same normalized phone as previous campaign,525521671284,deduplication_index.csv
Consultorio médico,Ciudad de México,Lomas/Bosques/Polanco/Nápoles/San Ángel/Pedregal,same normalized phone as previous campaign,525555700908,deduplication_index.csv
"Consultorio ""Estudio dental""",Ciudad de México,Lomas/Bosques/Polanco/Nápoles/San Ángel/Pedregal,same normalized phone as previous campaign,525529087101,deduplication_index.csv
Dental Aesthetics,Ciudad de México,Lomas/Bosques/Polanco/Nápoles/San Ángel/Pedregal,same normalized phone as previous campaign,525552950272,deduplication_index.csv
Consultorio Dental Garden,Ciudad de México,Lomas/Bosques/Polanco/Nápoles/San Ángel/Pedregal,same normalized phone as previous campaign,525580990629,deduplication_index.csv
Odontologia Integral,Ciudad de México,Lomas/Bosques/Polanco/Nápoles/San Ángel/Pedregal,same normalized phone as previous campaign,525563080238,deduplication_index.csv
Centro De Salud Tii . Eduardo Jenner,Ciudad de México,Lomas/Bosques/Polanco/Nápoles/San Ángel/Pedregal,same normalized phone as previous campaign,525555702094,deduplication_index.csv
Consultorio dental,Ciudad de México,Lomas/Bosques/Polanco/Nápoles/San Ángel/Pedregal,same normalized business name as previous campaign,525526412206,deduplication_index.csv
Consultorio Dental,Ciudad de México,Lomas/Bosques/Polanco/Nápoles/San Ángel/Pedregal,same normalized phone as previous campaign,525519692577,deduplication_index.csv
Consultorio Dental,Ciudad de México,Lomas/Bosques/Polanco/Nápoles/San Ángel/Pedregal,same normalized phone as previous campaign,525554934225,deduplication_index.csv
Consultorio Dental,Ciudad de México,Lomas/Bosques/Polanco/Nápoles/San Ángel/Pedregal,same normalized phone as previous campaign,525556811754,deduplication_index.csv
Centro Integral Psicoeducativo,Ciudad de México,Lomas/Bosques/Polanco/Nápoles/San Ángel/Pedregal,same normalized phone as previous campaign,525534536271,deduplication_index.csv
Arc Dental,Ciudad de México,Lomas/Bosques/Polanco/Nápoles/San Ángel/Pedregal,same normalized phone as previous campaign,525515125441,deduplication_index.csv
Especialidades Odontologicas Ohe,Ciudad de México,Lomas/Bosques/Polanco/Nápoles/San Ángel/Pedregal,same normalized phone as previous campaign,525535683888,deduplication_index.csv
Consultorio Dental,Ciudad de México,Lomas/Bosques/Polanco/Nápoles/San Ángel/Pedregal,same normalized business name as previous campaign,525539388746,deduplication_index.csv
Consultorio Dental,Ciudad de México,Lomas/Bosques/Polanco/Nápoles/San Ángel/Pedregal,same normalized phone as previous campaign,525556021981,deduplication_index.csv
Consultorio Dental,Ciudad de México,Lomas/Bosques/Polanco/Nápoles/San Ángel/Pedregal,same normalized business name as previous campaign,525553010926,deduplication_index.csv
Consultorio Dental Integral,Ciudad de México,Lomas/Bosques/Polanco/Nápoles/San Ángel/Pedregal,same normalized phone as previous campaign,525522704039,deduplication_index.csv
Dentista,Ciudad de México,Lomas/Bosques/Polanco/Nápoles/San Ángel/Pedregal,same normalized business name as previous campaign,525555897636,deduplication_index.csv
Dentista,Ciudad de México,Lomas/Bosques/Polanco/Nápoles/San Ángel/Pedregal,same normalized phone as previous campaign,525555079179,deduplication_index.csv
Consultorio Dental Jacarandas,Ciudad de México,Lomas/Bosques/Polanco/Nápoles/San Ángel/Pedregal,same normalized phone as previous campaign,525552049660,deduplication_index.csv
Odontología Integral,Ciudad de México,Lomas/Bosques/Polanco/Nápoles/San Ángel/Pedregal,same normalized phone as previous campaign,525554253531,deduplication_index.csv
Consultorio Dental,Ciudad de México,Lomas/Bosques/Polanco/Nápoles/San Ángel/Pedregal,same normalized business name as previous campaign,525589084437,deduplication_index.csv
Consultorio dental,Ciudad de México,Lomas/Bosques/Polanco/Nápoles/San Ángel/Pedregal,same normalized business name as previous campaign,525531098776,deduplication_index.csv
Perfect Smile,Ciudad de México,Lomas/Bosques/Polanco/Nápoles/San Ángel/Pedregal,same normalized phone as previous campaign,525544323843,deduplication_index.csv
Consultorio Medico,Ciudad de México,Lomas/Bosques/Polanco/Nápoles/San Ángel/Pedregal,same normalized phone as previous campaign,525575514333,deduplication_index.csv
Consultorio Medico Y Especialidades,Ciudad de México,Lomas/Bosques/Polanco/Nápoles/San Ángel/Pedregal,same normalized phone as previous campaign,525555857930,deduplication_index.csv
Consultorio Dental,Ciudad de México,Lomas/Bosques/Polanco/Nápoles/San Ángel/Pedregal,same normalized phone as previous campaign,525555708362,deduplication_index.csv
Consultorio Dental,Ciudad de México,Lomas/Bosques/Polanco/Nápoles/San Ángel/Pedregal,same normalized phone as previous campaign,525563192350,deduplication_index.csv
Medident,Ciudad de México,Lomas/Bosques/Polanco/Nápoles/San Ángel/Pedregal,same normalized phone as previous campaign,525559111206,deduplication_index.csv
Centro Odontológico,Ciudad de México,Lomas/Bosques/Polanco/Nápoles/San Ángel/Pedregal,same normalized phone as previous campaign,525525910958,deduplication_index.csv
Consultorios De Medicina General Del Sector Privado,Ciudad de México,Lomas/Bosques/Polanco/Nápoles/San Ángel/Pedregal,same normalized phone as previous campaign,525585078885,deduplication_index.csv
Consultorio De Psicoterapia Sin Nombre,Ciudad de México,Lomas/Bosques/Polanco/Nápoles/San Ángel/Pedregal,same normalized phone as previous campaign,525523435055,deduplication_index.csv
Consultorio Dental,Ciudad de México,Lomas/Bosques/Polanco/Nápoles/San Ángel/Pedregal,same normalized phone as previous campaign,525559111709,deduplication_index.csv
Interlingua,Ciudad de México,Lomas/Bosques/Polanco/Nápoles/San Ángel/Pedregal,same normalized phone as previous campaign,525550050070,deduplication_index.csv
Consultorio dental,Ciudad de México,Lomas/Bosques/Polanco/Nápoles/San Ángel/Pedregal,same normalized phone as previous campaign,525537095234,deduplication_index.csv
Consultorio Dental Sin Nombre,Ciudad de México,Lomas/Bosques/Polanco/Nápoles/San Ángel/Pedregal,same normalized phone as previous campaign,525515204131,deduplication_index.csv
Yollo-sha,Ciudad de México,Lomas/Bosques/Polanco/Nápoles/San Ángel/Pedregal,same normalized phone as previous campaign,525549382913,deduplication_index.csv
Consultorios Dentales Del Sector Privado,Ciudad de México,Lomas/Bosques/Polanco/Nápoles/San Ángel/Pedregal,same normalized phone as previous campaign,525523261906,deduplication_index.csv
Dental del Perpetuo Socorro,Ciudad de México,Lomas/Bosques/Polanco/Nápoles/San Ángel/Pedregal,same normalized phone as previous campaign,525555705495,deduplication_index.csv
Consultorio Dental,Ciudad de México,Lomas/Bosques/Polanco/Nápoles/San Ángel/Pedregal,same normalized phone as previous campaign,525585315542,deduplication_index.csv
Centreo De Desarrollo Social Y Comunitario Santa Lucia,Ciudad de México,Lomas/Bosques/Polanco/Nápoles/San Ángel/Pedregal,same normalized phone as previous campaign,525539440846,deduplication_index.csv
Arango,Ciudad de México,Lomas/Bosques/Polanco/Nápoles/San Ángel/Pedregal,same normalized phone as previous campaign,525557055034,deduplication_index.csv
Consultorio Dental,Ciudad de México,Lomas/Bosques/Polanco/Nápoles/San Ángel/Pedregal,same normalized business name as previous campaign,525578169589,deduplication_index.csv
Consultorio Dental,Ciudad de México,Lomas/Bosques/Polanco/Nápoles/San Ángel/Pedregal,same normalized phone as previous campaign,525514735339,deduplication_index.csv
Consultorio,Ciudad de México,Lomas/Bosques/Polanco/Nápoles/San Ángel/Pedregal,same normalized business name as previous campaign,525542227665,deduplication_index.csv
Quest English,Ciudad de México,Lomas/Bosques/Polanco/Nápoles/San Ángel/Pedregal,same normalized business name as previous campaign,quest english,deduplication_index.csv
Consultorio Medico,Ciudad de México,Lomas/Bosques/Polanco/Nápoles/San Ángel/Pedregal,same normalized business name as previous campaign,525553128300,deduplication_index.csv
Clinica Medica Doctor Rafael Clark,Ciudad de México,Lomas/Bosques/Polanco/Nápoles/San Ángel/Pedregal,same normalized phone as previous campaign,525555857052,deduplication_index.csv
Consultorio Dental,Ciudad de México,Lomas/Bosques/Polanco/Nápoles/San Ángel/Pedregal,same normalized business name as previous campaign,consultorio dental,deduplication_index.csv
Consultorio Dentae,Ciudad de México,Lomas/Bosques/Polanco/Nápoles/San Ángel/Pedregal,same normalized phone as previous campaign,525540222573,deduplication_index.csv
Consultorio Psicologico,Ciudad de México,Lomas/Bosques/Polanco/Nápoles/San Ángel/Pedregal,same normalized business name as previous campaign,525532031102,deduplication_index.csv
Dentista,Ciudad de México,Lomas/Bosques/Polanco/Nápoles/San Ángel/Pedregal,same normalized phone as previous campaign,525559111206,deduplication_index.csv
Consultorio Dental,Ciudad de México,Lomas/Bosques/Polanco/Nápoles/San Ángel/Pedregal,same normalized phone as previous campaign,525523425708,deduplication_index.csv
Consultorio Dental Dentosphera,Ciudad de México,Lomas/Bosques/Polanco/Nápoles/San Ángel/Pedregal,same normalized business name as previous campaign,consultorio dental dentosphera,deduplication_index.csv
Fonda 99.99,Ciudad de México,Lomas/Bosques/Polanco/Nápoles/San Ángel/Pedregal,same normalized phone as previous campaign,525555598762,deduplication_index.csv
Don Anuar,Ciudad de México,Lomas/Bosques/Polanco/Nápoles/San Ángel/Pedregal,same normalized phone as previous campaign,525555346268,deduplication_index.csv
¡A darle! que es taco vegano,Ciudad de México,Lomas/Bosques/Polanco/Nápoles/San Ángel/Pedregal,same normalized phone as previous campaign,525576504744,deduplication_index.csv
Taco Santo,Ciudad de México,Lomas/Bosques/Polanco/Nápoles/San Ángel/Pedregal,same normalized phone as previous campaign,525619063827,deduplication_index.csv
Fisio And Health,Ciudad de México,Lomas/Bosques/Polanco/Nápoles/San Ángel/Pedregal,same normalized phone as previous campaign,525552928989,deduplication_index.csv
Imbiss,Ciudad de México,Lomas/Bosques/Polanco/Nápoles/San Ángel/Pedregal,same normalized phone as previous campaign,525548832324,deduplication_index.csv
Botánico,Ciudad de México,Lomas/Bosques/Polanco/Nápoles/San Ángel/Pedregal,same normalized phone as previous campaign,525552712152,deduplication_index.csv
Arturo's,Ciudad de México,Lomas/Bosques/Polanco/Nápoles/San Ángel/Pedregal,same normalized phone as previous campaign,525555790706,deduplication_index.csv
Soul La Roma,Ciudad de México,Lomas/Bosques/Polanco/Nápoles/San Ángel/Pedregal,same normalized phone as previous campaign,525571551299,deduplication_index.csv
Tortas Coyoacán,Ciudad de México,Lomas/Bosques/Polanco/Nápoles/San Ángel/Pedregal,same normalized phone as previous campaign,525589138893,deduplication_index.csv
El compadre,Ciudad de México,Lomas/Bosques/Polanco/Nápoles/San Ángel/Pedregal,same normalized phone as previous campaign,525570393684,deduplication_index.csv
El Botanero,Ciudad de México,Lomas/Bosques/Polanco/Nápoles/San Ángel/Pedregal,same normalized phone as previous campaign,525527073448,deduplication_index.csv
Toks Pilares,Ciudad de México,Lomas/Bosques/Polanco/Nápoles/San Ángel/Pedregal,same normalized phone as previous campaign,525556058499,deduplication_index.csv
Tandoor San Angel,Ciudad de México,Lomas/Bosques/Polanco/Nápoles/San Ángel/Pedregal,same normalized phone as previous campaign,525590160880,deduplication_index.csv
Tagers,Ciudad de México,Lomas/Bosques/Polanco/Nápoles/San Ángel/Pedregal,same normalized phone as previous campaign,522212816591,deduplication_index.csv
Quekas Mesones,Ciudad de México,Lomas/Bosques/Polanco/Nápoles/San Ángel/Pedregal,same normalized phone as previous campaign,525555221896,deduplication_index.csv
La Resurrección,Ciudad de México,Lomas/Bosques/Polanco/Nápoles/San Ángel/Pedregal,same normalized phone as previous campaign,525557093203,deduplication_index.csv
"Carnitas ""Rincón Michoacano""",Ciudad de México,Lomas/Bosques/Polanco/Nápoles/San Ángel/Pedregal,same normalized phone as previous campaign,525532295760,deduplication_index.csv
Whitaker México Business & Consulting,Ciudad de México,Lomas/Bosques/Polanco/Nápoles/San Ángel/Pedregal,same normalized phone as previous campaign,525552804259,deduplication_index.csv
Café Amano,Ciudad de México,Lomas/Bosques/Polanco/Nápoles/San Ángel/Pedregal,same normalized phone as previous campaign,525555361209,deduplication_index.csv
Tacos Atarantados,Ciudad de México,Lomas/Bosques/Polanco/Nápoles/San Ángel/Pedregal,same normalized phone as previous campaign,525552840946,deduplication_index.csv
Shoma Nigiri Bar,Ciudad de México,Lomas/Bosques/Polanco/Nápoles/San Ángel/Pedregal,same normalized phone as previous campaign,525580793452,deduplication_index.csv
GIA,Ciudad de México,Lomas/Bosques/Polanco/Nápoles/San Ángel/Pedregal,same normalized phone as previous campaign,525522202050,deduplication_index.csv
Pancho Birria - Barbacoa,Ciudad de México,Lomas/Bosques/Polanco/Nápoles/San Ángel/Pedregal,same normalized phone as previous campaign,525555403142,deduplication_index.csv
Asian Bay,Ciudad de México,Lomas/Bosques/Polanco/Nápoles/San Ángel/Pedregal,same normalized phone as previous campaign,525555534582,deduplication_index.csv
Don Toribio,Ciudad de México,Lomas/Bosques/Polanco/Nápoles/San Ángel/Pedregal,same normalized phone as previous campaign,525555109198,deduplication_index.csv
Xkina Reforma,Ciudad de México,Lomas/Bosques/Polanco/Nápoles/San Ángel/Pedregal,same normalized phone as previous campaign,525529466412,deduplication_index.csv
ZhuYi Ramen - Refill Noodles,Ciudad de México,Lomas/Bosques/Polanco/Nápoles/San Ángel/Pedregal,same normalized phone as previous campaign,525551969591,deduplication_index.csv
El Italianito,Ciudad de México,Lomas/Bosques/Polanco/Nápoles/San Ángel/Pedregal,same normalized phone as previous campaign,525555109687,deduplication_index.csv
La Bodega,Ciudad de México,Lomas/Bosques/Polanco/Nápoles/San Ángel/Pedregal,same normalized phone as previous campaign,525618156659,deduplication_index.csv
Carolines 400,Ciudad de México,Lomas/Bosques/Polanco/Nápoles/San Ángel/Pedregal,same normalized phone as previous campaign,525534392987,deduplication_index.csv
Zazá,Ciudad de México,Lomas/Bosques/Polanco/Nápoles/San Ángel/Pedregal,same normalized phone as previous campaign,525580156296,deduplication_index.csv
Costillas el Sitio,Ciudad de México,Lomas/Bosques/Polanco/Nápoles/San Ángel/Pedregal,same normalized phone as previous campaign,525555350816,deduplication_index.csv
Bar El rey león,Ciudad de México,Lomas/Bosques/Polanco/Nápoles/San Ángel/Pedregal,same normalized phone as previous campaign,525544920617,deduplication_index.csv
Mesón Taurino San Ángel,Ciudad de México,Lomas/Bosques/Polanco/Nápoles/San Ángel/Pedregal,same normalized phone as previous campaign,525556612183,deduplication_index.csv
Elago,Ciudad de México,Lomas/Bosques/Polanco/Nápoles/San Ángel/Pedregal,same normalized phone as previous campaign,525255159585,deduplication_index.csv
Centro interactivo Santa Lucía,Ciudad de México,Lomas/Bosques/Polanco/Nápoles/San Ángel/Pedregal,same normalized phone as previous campaign,525556437866,deduplication_index.csv
Centanni Ristorante Vivo Polanco,Ciudad de México,Lomas/Bosques/Polanco/Nápoles/San Ángel/Pedregal,same normalized phone as previous campaign,525526660450,deduplication_index.csv
Pizza Hut,Ciudad de México,Lomas/Bosques/Polanco/Nápoles/San Ángel/Pedregal,same normalized phone as previous campaign,525556058558,deduplication_index.csv
Chili's - San Jerónimo,Ciudad de México,Lomas/Bosques/Polanco/Nápoles/San Ángel/Pedregal,same normalized business name as previous campaign,chili s san jeronimo,deduplication_index.csv
Sushi Roll - San Jerónimo,Ciudad de México,Lomas/Bosques/Polanco/Nápoles/San Ángel/Pedregal,same normalized business name as previous campaign,sushi roll san jeronimo,deduplication_index.csv
Tacos la Linterna,Ciudad de México,Lomas/Bosques/Polanco/Nápoles/San Ángel/Pedregal,same normalized business name as previous campaign,tacos la linterna,deduplication_index.csv
La Mansión,Ciudad de México,Lomas/Bosques/Polanco/Nápoles/San Ángel/Pedregal,same normalized business name as previous campaign,la mansion,deduplication_index.csv
Hospital de Especialidades Veterinarias - San Jerónimo,Ciudad de México,Lomas/Bosques/Polanco/Nápoles/San Ángel/Pedregal,same normalized business name as previous campaign,525556688393,deduplication_index.csv
Centro Veterinario Raven,Ciudad de México,Lomas/Bosques/Polanco/Nápoles/San Ángel/Pedregal,same normalized phone as previous campaign,525535433322,deduplication_index.csv
Estetica & Spa Prestigio,Ciudad de México,Lomas/Bosques/Polanco/Nápoles/San Ángel/Pedregal,same normalized business name as previous campaign,estetica spa prestigio,deduplication_index.csv
Villa Casona San Pedro de los Pinos,Ciudad de México,Lomas/Bosques/Polanco/Nápoles/San Ángel/Pedregal,same normalized phone as previous campaign,525555988130,deduplication_index.csv
Toks,Ciudad de México,Lomas/Bosques/Polanco/Nápoles/San Ángel/Pedregal,same normalized phone as previous campaign,525555631216,deduplication_index.csv
Tandoor,Ciudad de México,Lomas/Bosques/Polanco/Nápoles/San Ángel/Pedregal,same normalized phone as previous campaign,525552030045,deduplication_index.csv
Suntory Lomas,Ciudad de México,Lomas/Bosques/Polanco/Nápoles/San Ángel/Pedregal,same normalized phone as previous campaign,525552024711,deduplication_index.csv
Las Cebollas,Ciudad de México,Lomas/Bosques/Polanco/Nápoles/San Ángel/Pedregal,same normalized phone as previous campaign,525556113201,deduplication_index.csv
Debarbas,Ciudad de México,Lomas/Bosques/Polanco/Nápoles/San Ángel/Pedregal,same normalized phone as previous campaign,525211078201,deduplication_index.csv
Canto de Sirenas,Ciudad de México,Lomas/Bosques/Polanco/Nápoles/San Ángel/Pedregal,same normalized phone as previous campaign,525555466115,deduplication_index.csv
Escuela de Música Dim,Ciudad de México,Lomas/Bosques/Polanco/Nápoles/San Ángel/Pedregal,same normalized phone as previous campaign,525555442325,deduplication_index.csv
Los 3 Caballos,Ciudad de México,Lomas/Bosques/Polanco/Nápoles/San Ángel/Pedregal,same normalized phone as previous campaign,525521353698,deduplication_index.csv
Tortagos,Ciudad de México,Lomas/Bosques/Polanco/Nápoles/San Ángel/Pedregal,same normalized phone as previous campaign,525536462614,deduplication_index.csv
Con Antojo Truck,Ciudad de México,Lomas/Bosques/Polanco/Nápoles/San Ángel/Pedregal,same normalized phone as previous campaign,525588248225,deduplication_index.csv
La Casa del Pastor,Ciudad de México,Lomas/Bosques/Polanco/Nápoles/San Ángel/Pedregal,same normalized phone as previous campaign,525552922854,deduplication_index.csv
Clínica Nacional Monte de Piedad,Ciudad de México,Lomas/Bosques/Polanco/Nápoles/San Ángel/Pedregal,same normalized phone as previous campaign,525555540231,deduplication_index.csv
Bisquets Obregón,Ciudad de México,Lomas/Bosques/Polanco/Nápoles/San Ángel/Pedregal,same normalized phone as previous campaign,525556960948,deduplication_index.csv
Palapa Cantina Caribeña,Ciudad de México,Lomas/Bosques/Polanco/Nápoles/San Ángel/Pedregal,same normalized phone as previous campaign,525528363815,deduplication_index.csv
Estrela Do Sul México,Ciudad de México,Lomas/Bosques/Polanco/Nápoles/San Ángel/Pedregal,same normalized phone as previous campaign,525515592628,deduplication_index.csv
Maratea Mx,Ciudad de México,Lomas/Bosques/Polanco/Nápoles/San Ángel/Pedregal,same normalized phone as previous campaign,525572605256,deduplication_index.csv
Mesón Antigua Santa Catarina,Ciudad de México,Lomas/Bosques/Polanco/Nápoles/San Ángel/Pedregal,same normalized phone as previous campaign,525556593003,deduplication_index.csv
Corazón de Maguey,Ciudad de México,Lomas/Bosques/Polanco/Nápoles/San Ángel/Pedregal,same normalized business name as previous campaign,525574068199,deduplication_index.csv
Marisqueria Del Valle,Ciudad de México,Lomas/Bosques/Polanco/Nápoles/San Ángel/Pedregal,same normalized phone as previous campaign,525555245391,deduplication_index.csv
La Tasquita del Jamón,Ciudad de México,Lomas/Bosques/Polanco/Nápoles/San Ángel/Pedregal,same normalized phone as previous campaign,525540063956,deduplication_index.csv
Sarde,Ciudad de México,Lomas/Bosques/Polanco/Nápoles/San Ángel/Pedregal,same normalized phone as previous campaign,525528546561,deduplication_index.csv
Gin Chan,Ciudad de México,Lomas/Bosques/Polanco/Nápoles/San Ángel/Pedregal,same normalized phone as previous campaign,525588782854,deduplication_index.csv
Central de Pizzas,Ciudad de México,Lomas/Bosques/Polanco/Nápoles/San Ángel/Pedregal,same normalized phone as previous campaign,525552117736,deduplication_index.csv
La Nueva Avenida,Ciudad de México,Lomas/Bosques/Polanco/Nápoles/San Ángel/Pedregal,same normalized phone as previous campaign,525557619050,deduplication_index.csv
La Parrilla Suiza,Ciudad de México,Lomas/Bosques/Polanco/Nápoles/San Ángel/Pedregal,same normalized phone as previous campaign,525556880014,deduplication_index.csv
Cafebrería El Péndulo,Huixquilucan,Interlomas/Zona Esmeralda,same normalized phone as previous campaign,525552597604,deduplication_index.csv
La Cueva del Leon Bosque Real,Huixquilucan,Interlomas/Zona Esmeralda,same normalized phone as previous campaign,525552052150,deduplication_index.csv
Esqui crepas,Huixquilucan,Interlomas/Zona Esmeralda,same normalized phone as previous campaign,525516972096,deduplication_index.csv
Dentalia,Huixquilucan,Interlomas/Zona Esmeralda,same normalized phone as previous campaign,528000033682,deduplication_index.csv
Dentalia,Huixquilucan,Interlomas/Zona Esmeralda,same normalized phone as previous campaign,528000033682,deduplication_index.csv
Dentalia,Huixquilucan,Interlomas/Zona Esmeralda,same normalized phone as previous campaign,528000033682,deduplication_index.csv
Medical Vet. Cedros,Huixquilucan,Interlomas/Zona Esmeralda,same normalized phone as previous campaign,525523457059,deduplication_index.csv
Consultorio Dental Alfa Y Omega,Huixquilucan,Interlomas/Zona Esmeralda,same normalized phone as previous campaign,525547863775,deduplication_index.csv
Consultorio Medico,Huixquilucan,Interlomas/Zona Esmeralda,same normalized phone as previous campaign,525560486528,deduplication_index.csv
Grupo Dental Bosques,Huixquilucan,Interlomas/Zona Esmeralda,same normalized phone as previous campaign,525555700004,deduplication_index.csv
Consultorio Dental,Huixquilucan,Interlomas/Zona Esmeralda,same normalized business name as previous campaign,consultorio dental,deduplication_index.csv
Consultorio El Fresno,Huixquilucan,Interlomas/Zona Esmeralda,same normalized phone as previous campaign,525551894913,deduplication_index.csv
Clinica Del Pie,Huixquilucan,Interlomas/Zona Esmeralda,same normalized phone as previous campaign,525522241577,deduplication_index.csv
Clinica Médica Bosques,Huixquilucan,Interlomas/Zona Esmeralda,same normalized phone as previous campaign,525522241746,deduplication_index.csv
Maternidad Santisima Trinidad,Huixquilucan,Interlomas/Zona Esmeralda,same normalized phone inside campaign 03,525553018930,deduplication_index.csv
Centro De Estimulacion Ipm,Huixquilucan,Interlomas/Zona Esmeralda,same normalized phone as previous campaign,525521671284,deduplication_index.csv
Clinica San Martin De Porres,Huixquilucan,Interlomas/Zona Esmeralda,same normalized phone inside campaign 03,525532697565,deduplication_index.csv
Consultorio dental estética,Huixquilucan,Interlomas/Zona Esmeralda,same normalized phone inside campaign 03,525526416589,deduplication_index.csv
"Consultorio ""Estudio dental""",Huixquilucan,Interlomas/Zona Esmeralda,same normalized phone as previous campaign,525529087101,deduplication_index.csv
Consultorio Dental Armenta,Huixquilucan,Interlomas/Zona Esmeralda,same normalized phone inside campaign 03,525526578032,deduplication_index.csv
Consultorio Dental,Huixquilucan,Interlomas/Zona Esmeralda,same normalized business name as previous campaign,consultorio dental,deduplication_index.csv
Consultorio Medico Shadai,Huixquilucan,Interlomas/Zona Esmeralda,same normalized phone as previous campaign,525571272142,deduplication_index.csv
Dental Aesthetics,Huixquilucan,Interlomas/Zona Esmeralda,same normalized phone as previous campaign,525552950272,deduplication_index.csv
Consultorio Dental Garden,Huixquilucan,Interlomas/Zona Esmeralda,same normalized phone as previous campaign,525580990629,deduplication_index.csv
Consultorio Dental,Huixquilucan,Interlomas/Zona Esmeralda,same normalized phone as previous campaign,525550498235,deduplication_index.csv
Ortopedia Mexicana De Ortesis Y Protesis,Huixquilucan,Interlomas/Zona Esmeralda,same normalized phone as previous campaign,525554550081,deduplication_index.csv
Consultorio dental,Huixquilucan,Interlomas/Zona Esmeralda,same normalized phone as previous campaign,525558151932,deduplication_index.csv
Cedisen,Huixquilucan,Interlomas/Zona Esmeralda,same normalized phone as previous campaign,525585537812,deduplication_index.csv
Consultorio dental,Huixquilucan,Interlomas/Zona Esmeralda,same normalized business name as previous campaign,525526412206,deduplication_index.csv
Consultorio Dental Kenco,Huixquilucan,Interlomas/Zona Esmeralda,same normalized phone as previous campaign,525548072331,deduplication_index.csv
Desarrollo Integral La Familia,Huixquilucan,Interlomas/Zona Esmeralda,same normalized phone as previous campaign,525539054845,deduplication_index.csv
Consultorio Dental,Huixquilucan,Interlomas/Zona Esmeralda,same normalized business name as previous campaign,525553027243,deduplication_index.csv
Ortopoint,Huixquilucan,Interlomas/Zona Esmeralda,same normalized phone as previous campaign,525522977406,deduplication_index.csv
Consultorio Medico El Divino Redentor,Huixquilucan,Interlomas/Zona Esmeralda,same normalized phone inside campaign 03,525553003102,deduplication_index.csv
Capotal Dental,Huixquilucan,Interlomas/Zona Esmeralda,same normalized phone as previous campaign,525581646549,deduplication_index.csv
Consultorio dental,Huixquilucan,Interlomas/Zona Esmeralda,same normalized phone as previous campaign,525562811968,deduplication_index.csv
Clinica Milenium,Huixquilucan,Interlomas/Zona Esmeralda,same normalized phone inside campaign 03,525553042495,deduplication_index.csv
Consultorio Dental,Huixquilucan,Interlomas/Zona Esmeralda,same normalized phone as previous campaign,525545809387,deduplication_index.csv
Optica Mexico,Huixquilucan,Interlomas/Zona Esmeralda,same normalized phone as previous campaign,525552742443,deduplication_index.csv
Consultorio Dental,Huixquilucan,Interlomas/Zona Esmeralda,same normalized business name as previous campaign,525553010926,deduplication_index.csv
Consultorio Dental Integral,Huixquilucan,Interlomas/Zona Esmeralda,same normalized phone as previous campaign,525522704039,deduplication_index.csv
Consultorio Dental Sin Nombre,Huixquilucan,Interlomas/Zona Esmeralda,same normalized phone as previous campaign,525532403556,deduplication_index.csv
Acupuntura Doctor Ricardo,Huixquilucan,Interlomas/Zona Esmeralda,same normalized phone as previous campaign,525534532736,deduplication_index.csv
Dentista,Huixquilucan,Interlomas/Zona Esmeralda,same normalized business name as previous campaign,525555897636,deduplication_index.csv
Consultorio dental Nami,Huixquilucan,Interlomas/Zona Esmeralda,same normalized phone inside campaign 03,525535521501,deduplication_index.csv
Natura Dent,Huixquilucan,Interlomas/Zona Esmeralda,same normalized phone as previous campaign,525539317219,deduplication_index.csv
Consultorio Dental,Huixquilucan,Interlomas/Zona Esmeralda,same normalized business name as previous campaign,525589084437,deduplication_index.csv
Consultorio dental,Huixquilucan,Interlomas/Zona Esmeralda,same normalized business name as previous campaign,525531098776,deduplication_index.csv
Clinica de unidad médica integral,Huixquilucan,Interlomas/Zona Esmeralda,same normalized phone inside campaign 03,525553041280,deduplication_index.csv
Dental M,Huixquilucan,Interlomas/Zona Esmeralda,same normalized phone as previous campaign,525543330087,deduplication_index.csv
Ortosonrisas,Huixquilucan,Interlomas/Zona Esmeralda,same normalized phone as previous campaign,525516493464,deduplication_index.csv
Dental Ali,Huixquilucan,Interlomas/Zona Esmeralda,same normalized phone as previous campaign,525562055230,deduplication_index.csv
Centro Holistico Magigian,Huixquilucan,Interlomas/Zona Esmeralda,same normalized phone as previous campaign,525581455838,deduplication_index.csv
Estetica Dental,Huixquilucan,Interlomas/Zona Esmeralda,same normalized phone as previous campaign,525511332090,deduplication_index.csv
Consultorio Dental Rojas,Huixquilucan,Interlomas/Zona Esmeralda,same normalized phone as previous campaign,525554742601,deduplication_index.csv
Consultorio Dental,Huixquilucan,Interlomas/Zona Esmeralda,same normalized phone as previous campaign,525555708362,deduplication_index.csv
Centro Odontológico,Huixquilucan,Interlomas/Zona Esmeralda,same normalized phone as previous campaign,525525910958,deduplication_index.csv
Botiquín Médico Parroquia De Nuestra Señora De Guadalupe,Huixquilucan,Interlomas/Zona Esmeralda,same normalized phone inside campaign 03,525552950199,deduplication_index.csv
Ocotea Salud Integral Y Estética,Huixquilucan,Interlomas/Zona Esmeralda,same normalized phone as previous campaign,527131038793,deduplication_index.csv
Consultorio Dental Tu Sonrisa,Huixquilucan,Interlomas/Zona Esmeralda,same normalized phone as previous campaign,525591030575,deduplication_index.csv
Terapias Y Masajes Terapeuticos Moxa,Huixquilucan,Interlomas/Zona Esmeralda,same normalized phone as previous campaign,525567843589,deduplication_index.csv
Music Voice,Huixquilucan,Interlomas/Zona Esmeralda,same normalized phone as previous campaign,525583532493,deduplication_index.csv
Dental Moreno Ortiz,Huixquilucan,Interlomas/Zona Esmeralda,same normalized phone as previous campaign,525563189135,deduplication_index.csv
Centro De Salud Urbano De San Fernando,Huixquilucan,Interlomas/Zona Esmeralda,same normalized phone as previous campaign,525558151445,deduplication_index.csv
Interlingua,Huixquilucan,Interlomas/Zona Esmeralda,same normalized phone as previous campaign,525550050070,deduplication_index.csv
Consultorio Dental Velasco,Huixquilucan,Interlomas/Zona Esmeralda,same normalized phone as previous campaign,525510090032,deduplication_index.csv
Medik Integral Al Mansur,Huixquilucan,Interlomas/Zona Esmeralda,same normalized phone as previous campaign,525521635630,deduplication_index.csv
Dentista,Huixquilucan,Interlomas/Zona Esmeralda,same normalized phone as previous campaign,525519034061,deduplication_index.csv
Dental Perez Rosales,Huixquilucan,Interlomas/Zona Esmeralda,same normalized phone as previous campaign,525513671700,deduplication_index.csv
Crop Kids,Huixquilucan,Interlomas/Zona Esmeralda,same normalized phone as previous campaign,525575875029,deduplication_index.csv
Consultorio Medico Cuajimalpa,Huixquilucan,Interlomas/Zona Esmeralda,same normalized phone as previous campaign,525548120390,deduplication_index.csv
Consultorio Dental,Huixquilucan,Interlomas/Zona Esmeralda,same normalized phone as previous campaign,525558135932,deduplication_index.csv
Clinica odontologica,Huixquilucan,Interlomas/Zona Esmeralda,same normalized phone as previous campaign,525558131264,deduplication_index.csv
Consultorio Dental Salud Dental,Huixquilucan,Interlomas/Zona Esmeralda,same normalized phone inside campaign 03,525571137640,deduplication_index.csv
Yollo-sha,Huixquilucan,Interlomas/Zona Esmeralda,same normalized phone as previous campaign,525549382913,deduplication_index.csv
Consultorio Y Estética Dental,Huixquilucan,Interlomas/Zona Esmeralda,same normalized business name as previous campaign,525553026097,deduplication_index.csv
Consultorio Dental,Huixquilucan,Interlomas/Zona Esmeralda,same normalized business name as previous campaign,525553074888,deduplication_index.csv
Consultorio Medico Country,Huixquilucan,Interlomas/Zona Esmeralda,same normalized phone inside campaign 03,525554547182,deduplication_index.csv
Consultorio Dental Reynoso,Huixquilucan,Interlomas/Zona Esmeralda,same normalized phone as previous campaign,525582325435,deduplication_index.csv
Consultorio Dental,Huixquilucan,Interlomas/Zona Esmeralda,same normalized business name as previous campaign,525578169589,deduplication_index.csv
Consultorio Dental,Huixquilucan,Interlomas/Zona Esmeralda,same normalized phone as previous campaign,525560846511,deduplication_index.csv
Consultorio,Huixquilucan,Interlomas/Zona Esmeralda,same normalized business name as previous campaign,525542227665,deduplication_index.csv
Consultorio Psicologico,Huixquilucan,Interlomas/Zona Esmeralda,same normalized phone as previous campaign,525611114971,deduplication_index.csv
Consultorio Dental,Huixquilucan,Interlomas/Zona Esmeralda,same normalized business name as previous campaign,525553072596,deduplication_index.csv
Consultorio Dental,Huixquilucan,Interlomas/Zona Esmeralda,same normalized phone as previous campaign,525534679749,deduplication_index.csv
Consultorio Dental Juarez,Huixquilucan,Interlomas/Zona Esmeralda,same normalized phone inside campaign 03,525553120846,deduplication_index.csv
Consultorio Medico,Huixquilucan,Interlomas/Zona Esmeralda,same normalized business name as previous campaign,525553128300,deduplication_index.csv
Óptica Aris Visión,Huixquilucan,Interlomas/Zona Esmeralda,same normalized phone inside campaign 03,525553044557,deduplication_index.csv
Punto Saludable,Huixquilucan,Interlomas/Zona Esmeralda,same normalized phone as previous campaign,525524022245,deduplication_index.csv
Consultorio Medico,Huixquilucan,Interlomas/Zona Esmeralda,same normalized phone as previous campaign,525512190882,deduplication_index.csv
Consultorio Psicologico,Huixquilucan,Interlomas/Zona Esmeralda,same normalized phone as previous campaign,525585650865,deduplication_index.csv
Centro Óptico De Diagnóstico Granada,Huixquilucan,Interlomas/Zona Esmeralda,same normalized phone as previous campaign,525558138725,deduplication_index.csv
Bienestar Integral,Huixquilucan,Interlomas/Zona Esmeralda,same normalized phone as previous campaign,525558159029,deduplication_index.csv
Consultorio Dental,Huixquilucan,Interlomas/Zona Esmeralda,same normalized business name as previous campaign,525553024532,deduplication_index.csv
Dentista 	Campanitas,Huixquilucan,Interlomas/Zona Esmeralda,same normalized phone as previous campaign,525532060298,deduplication_index.csv
Consultorio Dental Jacarandas,Huixquilucan,Interlomas/Zona Esmeralda,same normalized phone as previous campaign,525539440639,deduplication_index.csv
R G Prodent,Huixquilucan,Interlomas/Zona Esmeralda,same normalized phone as previous campaign,525552900450,deduplication_index.csv
Fisio And Health,Huixquilucan,Interlomas/Zona Esmeralda,same normalized phone as previous campaign,525552928989,deduplication_index.csv
La Casa del Pastor,Huixquilucan,Interlomas/Zona Esmeralda,same normalized phone as previous campaign,525552922854,deduplication_index.csv
Servicios especializados en psicología,Huixquilucan,Interlomas/Zona Esmeralda,same normalized phone as previous campaign,525558136694,deduplication_index.csv
Farmacia Dermatologica,San Pedro Garza García,San Pedro/Valle Oriente/Centrito,same normalized phone as previous campaign,528183658208,deduplication_index.csv
Smile & Sense,San Pedro Garza García,San Pedro/Valle Oriente/Centrito,same normalized business name as previous campaign,smile sense,deduplication_index.csv
"Comidas Caseras, La Tía Mary",San Pedro Garza García,San Pedro/Valle Oriente/Centrito,same normalized phone as previous campaign,528111817953,deduplication_index.csv
Lic. Juan Gil Cortes E,San Pedro Garza García,San Pedro/Valle Oriente/Centrito,same normalized phone as previous campaign,528183405199,deduplication_index.csv
Sleepadent,San Pedro Garza García,San Pedro/Valle Oriente/Centrito,same normalized phone as previous campaign,528125579107,deduplication_index.csv
Tortillas Españolas Tillos,San Pedro Garza García,San Pedro/Valle Oriente/Centrito,same normalized phone as previous campaign,528136011179,deduplication_index.csv
Dr. Candelario Rodríguez Vivián - Dermatólogo,San Pedro Garza García,San Pedro/Valle Oriente/Centrito,same normalized phone as previous campaign,528181430806,deduplication_index.csv
Thai Thai,San Pedro Garza García,San Pedro/Valle Oriente/Centrito,same normalized phone as previous campaign,528183445859,deduplication_index.csv
El Guayabi,San Pedro Garza García,San Pedro/Valle Oriente/Centrito,same normalized phone as previous campaign,528125107257,deduplication_index.csv
Al Restaurante,San Pedro Garza García,San Pedro/Valle Oriente/Centrito,same normalized phone as previous campaign,528183753766,deduplication_index.csv
Sound Box Academy,San Pedro Garza García,San Pedro/Valle Oriente/Centrito,same normalized phone as previous campaign,528123160866,deduplication_index.csv
Chef Silvano,San Pedro Garza García,San Pedro/Valle Oriente/Centrito,same normalized phone as previous campaign,528183381371,deduplication_index.csv
Botanero Moritas,San Pedro Garza García,San Pedro/Valle Oriente/Centrito,same normalized phone as previous campaign,528140575711,deduplication_index.csv
Dentalia,San Pedro Garza García,San Pedro/Valle Oriente/Centrito,same normalized phone as previous campaign,528000033682,deduplication_index.csv
Dentalia,San Pedro Garza García,San Pedro/Valle Oriente/Centrito,same normalized phone as previous campaign,528000033682,deduplication_index.csv
Dentalia,San Pedro Garza García,San Pedro/Valle Oriente/Centrito,same normalized phone as previous campaign,528000033682,deduplication_index.csv
Yama-To,San Pedro Garza García,San Pedro/Valle Oriente/Centrito,same normalized phone as previous campaign,528183566559,deduplication_index.csv
Taquería La Capital,San Pedro Garza García,San Pedro/Valle Oriente/Centrito,same normalized phone as previous campaign,528140050244,deduplication_index.csv
Ocho Hair Lab,San Pedro Garza García,San Pedro/Valle Oriente/Centrito,same normalized phone as previous campaign,528116153747,deduplication_index.csv
Endodoncia Alan Tijerina,San Pedro Garza García,San Pedro/Valle Oriente/Centrito,same normalized phone as previous campaign,528183333015,deduplication_index.csv
Yama-To,San Pedro Garza García,San Pedro/Valle Oriente/Centrito,same normalized phone as previous campaign,528183599013,deduplication_index.csv
La Stazione,San Pedro Garza García,San Pedro/Valle Oriente/Centrito,same normalized phone as previous campaign,528183325253,deduplication_index.csv
Kød Rustic Deli,San Pedro Garza García,San Pedro/Valle Oriente/Centrito,same normalized phone as previous campaign,528125566094,deduplication_index.csv
Vancouver Wings Tec,San Pedro Garza García,San Pedro/Valle Oriente/Centrito,same normalized phone as previous campaign,528183878333,deduplication_index.csv
Las 3 Abuelas,San Pedro Garza García,San Pedro/Valle Oriente/Centrito,same normalized phone as previous campaign,528183877433,deduplication_index.csv
Xilakil (Suc Tec),San Pedro Garza García,San Pedro/Valle Oriente/Centrito,same normalized phone as previous campaign,528112344054,deduplication_index.csv
Courtyard San Jeronimo,San Pedro Garza García,San Pedro/Valle Oriente/Centrito,same normalized phone as previous campaign,528183897900,deduplication_index.csv
ALSA,San Pedro Garza García,San Pedro/Valle Oriente/Centrito,same normalized phone as previous campaign,528180312319,deduplication_index.csv
La Fonda Vegetariana,San Pedro Garza García,San Pedro/Valle Oriente/Centrito,same normalized phone as previous campaign,528123127657,deduplication_index.csv
Nana Cantú7 Vocal Coaching,San Pedro Garza García,San Pedro/Valle Oriente/Centrito,same normalized phone as previous campaign,528115358309,deduplication_index.csv
La Chueca,San Pedro Garza García,San Pedro/Valle Oriente/Centrito,same normalized phone as previous campaign,528183475648,deduplication_index.csv
Mina la Antigua,Guadalajara,Providencia/Chapalita/Americana,same normalized phone as previous campaign,523323152430,deduplication_index.csv
Veterinaria México,Guadalajara,Providencia/Chapalita/Americana,same normalized business name as previous campaign,veterinaria mexico,deduplication_index.csv
Furter Dogos Gourmet,Guadalajara,Providencia/Chapalita/Americana,same normalized business name as previous campaign,furter dogos gourmet,deduplication_index.csv
OptiVisión,Guadalajara,Providencia/Chapalita/Americana,same normalized phone as previous campaign,523336171756,deduplication_index.csv
Usagui,Guadalajara,Providencia/Chapalita/Americana,same normalized business name as previous campaign,usagui,deduplication_index.csv
menuderia la familia,Guadalajara,Providencia/Chapalita/Americana,same normalized phone as previous campaign,523336476376,deduplication_index.csv
Dra. Lorena Echauri,Guadalajara,Providencia/Chapalita/Americana,same normalized business name as previous campaign,dra lorena echauri,deduplication_index.csv
Santo Coyote Restaurant,Guadalajara,Providencia/Chapalita/Americana,same normalized phone as previous campaign,523336166978,deduplication_index.csv
Yakitory,Guadalajara,Providencia/Chapalita/Americana,same normalized business name as previous campaign,yakitory,deduplication_index.csv
Los Chilaquiles,Guadalajara,Providencia/Chapalita/Americana,same normalized business name as previous campaign,los chilaquiles,deduplication_index.csv
Alta Fibra,Guadalajara,Providencia/Chapalita/Americana,same normalized phone as previous campaign,523331241510,deduplication_index.csv
IHOP,Guadalajara,Providencia/Chapalita/Americana,same normalized business name as previous campaign,ihop,deduplication_index.csv
La Bocha,Guadalajara,Providencia/Chapalita/Americana,same normalized phone as previous campaign,523336472758,deduplication_index.csv
Hospital Veterinario,Guadalajara,Providencia/Chapalita/Americana,same normalized phone as previous campaign,523331711037,deduplication_index.csv
Merci Paris,Guadalajara,Providencia/Chapalita/Americana,same normalized phone as previous campaign,523331210911,deduplication_index.csv
Furter Gourmet Hot-Dogs,Guadalajara,Providencia/Chapalita/Americana,same normalized phone as previous campaign,523331650936,deduplication_index.csv
El Gato Café,Guadalajara,Providencia/Chapalita/Americana,same normalized business name as previous campaign,el gato cafe,deduplication_index.csv
OrtoLaser,Guadalajara,Providencia/Chapalita/Americana,same normalized phone as previous campaign,523336348393,deduplication_index.csv
Panda Roll,Guadalajara,Providencia/Chapalita/Americana,same normalized business name as previous campaign,panda roll,deduplication_index.csv
Puerto Chale,Guadalajara,Providencia/Chapalita/Americana,same normalized business name as previous campaign,puerto chale,deduplication_index.csv
Krishna Vegan,Guadalajara,Providencia/Chapalita/Americana,same normalized phone as previous campaign,523312823458,deduplication_index.csv
Lo De Dardo Parrilla Uruguaya,Guadalajara,Providencia/Chapalita/Americana,same normalized phone as previous campaign,523336155465,deduplication_index.csv
Technic Cut,Guadalajara,Providencia/Chapalita/Americana,same normalized phone as previous campaign,523336326861,deduplication_index.csv
Yara Beauty,Guadalajara,Providencia/Chapalita/Americana,same normalized phone as previous campaign,523326735355,deduplication_index.csv
Glamour,Guadalajara,Providencia/Chapalita/Americana,same normalized phone as previous campaign,523316535662,deduplication_index.csv
Tortas Planchadas de Paty Berber,Guadalajara,Providencia/Chapalita/Americana,same normalized phone as previous campaign,523312019920,deduplication_index.csv
Lupes BBQ,Guadalajara,Providencia/Chapalita/Americana,same normalized phone as previous campaign,523338019802,deduplication_index.csv
El Vegano Urbano,Guadalajara,Providencia/Chapalita/Americana,same normalized phone as previous campaign,523312147730,deduplication_index.csv
Tortas Angulo,Guadalajara,Providencia/Chapalita/Americana,same normalized phone as previous campaign,523336306598,deduplication_index.csv
Nineki Sushi,Guadalajara,Providencia/Chapalita/Americana,same normalized phone as previous campaign,523336200813,deduplication_index.csv
Xólotl,Guadalajara,Providencia/Chapalita/Americana,same normalized phone as previous campaign,523324000801,deduplication_index.csv
Tacos de Barbacoa La Wera,Guadalajara,Providencia/Chapalita/Americana,same normalized business name as previous campaign,tacos de barbacoa la wera,deduplication_index.csv
Hotdogs Gourmet Furter,Guadalajara,Providencia/Chapalita/Americana,same normalized phone as previous campaign,523338264194,deduplication_index.csv
Kaneishi Sushi & Sake Bar,Guadalajara,Providencia/Chapalita/Americana,same normalized phone as previous campaign,523338253532,deduplication_index.csv
La Taninoteca,Guadalajara,Providencia/Chapalita/Americana,same normalized phone as previous campaign,523338252957,deduplication_index.csv
Gyros Alexis,Guadalajara,Providencia/Chapalita/Americana,same normalized phone as previous campaign,523334639941,deduplication_index.csv
Tacos Paza Plaza del Sol,Guadalajara,Providencia/Chapalita/Americana,same normalized phone as previous campaign,523336472069,deduplication_index.csv
Bon Salads,Guadalajara,Providencia/Chapalita/Americana,same normalized phone as previous campaign,523331230657,deduplication_index.csv
Restaurante de Mariscos Las Cuchupetas de Trino,Guadalajara,Providencia/Chapalita/Americana,same normalized phone as previous campaign,523331416655,deduplication_index.csv
Mexica Pulqueria,Guadalajara,Providencia/Chapalita/Americana,same normalized phone as previous campaign,523324664181,deduplication_index.csv
I Latina,Guadalajara,Providencia/Chapalita/Americana,same normalized phone as previous campaign,523336477774,deduplication_index.csv
CENTRO OFTAMOLOGICO SANTA TERESA,Guadalajara,Providencia/Chapalita/Americana,same normalized business name as previous campaign,centro oftamologico santa teresa,deduplication_index.csv
Punto Mágico Grand,Guadalajara,Providencia/Chapalita/Americana,same normalized phone as previous campaign,523329762496,deduplication_index.csv
El Tacon de Marlin,Guadalajara,Providencia/Chapalita/Americana,same normalized phone as previous campaign,523336867637,deduplication_index.csv
Delhi 6,Guadalajara,Providencia/Chapalita/Americana,same normalized phone as previous campaign,523311520905,deduplication_index.csv
UROMIN - Instituto Urológico De Invasión Mínima S.C.,Guadalajara,Providencia/Chapalita/Americana,same normalized phone as previous campaign,523318142090,deduplication_index.csv
La Santiaguera Restaurante,Guadalajara,Providencia/Chapalita/Americana,same normalized phone as previous campaign,523318910506,deduplication_index.csv
Mosto Pizztería,Guadalajara,Providencia/Chapalita/Americana,same normalized phone as previous campaign,523329346939,deduplication_index.csv
Bruna Restaurant,Guadalajara,Providencia/Chapalita/Americana,same normalized phone as previous campaign,523320030904,deduplication_index.csv
Carnes Garibaldi,Guadalajara,Providencia/Chapalita/Americana,same normalized phone as previous campaign,523347374884,deduplication_index.csv
Tacos al pastor Fonseca,Guadalajara,Providencia/Chapalita/Americana,same normalized phone as previous campaign,523316461843,deduplication_index.csv
Chai,Guadalajara,Providencia/Chapalita/Americana,same normalized phone as previous campaign,523344444435,deduplication_index.csv
FutPool GDL,Guadalajara,Providencia/Chapalita/Americana,same normalized phone as previous campaign,523322016498,deduplication_index.csv
1411 Pizzería,Guadalajara,Providencia/Chapalita/Americana,same normalized phone as previous campaign,523320166101,deduplication_index.csv
El Edén,Guadalajara,Providencia/Chapalita/Americana,same normalized phone as previous campaign,523314863031,deduplication_index.csv
¡Pinche Poutine!,Guadalajara,Providencia/Chapalita/Americana,same normalized phone as previous campaign,523320168528,deduplication_index.csv
Empanatto's,Guadalajara,Providencia/Chapalita/Americana,same normalized phone as previous campaign,523316755595,deduplication_index.csv
Mononoke Ramen,Guadalajara,Providencia/Chapalita/Americana,same normalized business name as previous campaign,mononoke ramen,deduplication_index.csv
Dentalia,Guadalajara,Providencia/Chapalita/Americana,same normalized phone as previous campaign,528000033682,deduplication_index.csv
Dentalia,Guadalajara,Providencia/Chapalita/Americana,same normalized phone as previous campaign,528000033682,deduplication_index.csv
Dentalia,Guadalajara,Providencia/Chapalita/Americana,same normalized phone as previous campaign,528000033682,deduplication_index.csv
Mina La Antigua,Guadalajara,Providencia/Chapalita/Americana,same normalized phone as previous campaign,523338261888,deduplication_index.csv
Pizza del Perro Negro,Guadalajara,Providencia/Chapalita/Americana,same normalized phone as previous campaign,525553517401,deduplication_index.csv
Mariscos El Güero de Boulevard,Guadalajara,Providencia/Chapalita/Americana,same normalized phone as previous campaign,523336581172,deduplication_index.csv
Kimono Chapalita,Guadalajara,Providencia/Chapalita/Americana,same normalized phone as previous campaign,523321541686,deduplication_index.csv
Yuko Sushi,Guadalajara,Providencia/Chapalita/Americana,same normalized phone as previous campaign,523343828913,deduplication_index.csv
Cenaduría Doña Rebe,Guadalajara,Providencia/Chapalita/Americana,same normalized phone as previous campaign,523331404124,deduplication_index.csv
La Real Cocina,Guadalajara,Providencia/Chapalita/Americana,same normalized phone as previous campaign,523315931503,deduplication_index.csv
Jia Xiang Tofu,Guadalajara,Providencia/Chapalita/Americana,same normalized phone as previous campaign,523310884554,deduplication_index.csv
DIMAStudio Diseño y Arquitectura,Guadalajara,Providencia/Chapalita/Americana,same normalized phone as previous campaign,523331564296,deduplication_index.csv
Berlins Bretzel Wagen,Guadalajara,Providencia/Chapalita/Americana,same normalized phone as previous campaign,523324729030,deduplication_index.csv
La Chata,Guadalajara,Providencia/Chapalita/Americana,same normalized phone as previous campaign,523336411853,deduplication_index.csv
Animal Health,Guadalajara,Providencia/Chapalita/Americana,same normalized phone as previous campaign,523336176971,deduplication_index.csv
VETRERINARIA ITZCUINCALLI,Guadalajara,Providencia/Chapalita/Americana,same normalized phone as previous campaign,523338467101,deduplication_index.csv
VETERINARIAFIDO VET,Guadalajara,Providencia/Chapalita/Americana,same normalized business name as previous campaign,veterinariafido vet,deduplication_index.csv
VETERINARIA Y ESTETICA CANINA,Guadalajara,Providencia/Chapalita/Americana,same normalized business name as previous campaign,veterinaria y estetica canina,deduplication_index.csv
VETERINARIA VIEFER,Guadalajara,Providencia/Chapalita/Americana,same normalized phone as previous campaign,523317076689,deduplication_index.csv
VETERINARIA SESAVET,Guadalajara,Providencia/Chapalita/Americana,same normalized phone as previous campaign,523338541540,deduplication_index.csv
VETERINARIA REINO ANIMALS,Guadalajara,Providencia/Chapalita/Americana,same normalized phone as previous campaign,523324657493,deduplication_index.csv
VETERINARIA REINO ANIMAL,Guadalajara,Providencia/Chapalita/Americana,same normalized phone as previous campaign,523311188261,deduplication_index.csv
VETERINARIA PUPPYS,Guadalajara,Providencia/Chapalita/Americana,same normalized phone as previous campaign,523338113044,deduplication_index.csv
VETERINARIA PROVIDENCIA,Guadalajara,Providencia/Chapalita/Americana,same normalized phone as previous campaign,523334741117,deduplication_index.csv
VETERINARIA PET S SOLUTIONS,Guadalajara,Providencia/Chapalita/Americana,same normalized phone as previous campaign,523344444214,deduplication_index.csv
VETERINARIA PET MANIA,Guadalajara,Providencia/Chapalita/Americana,same normalized phone as previous campaign,523320729717,deduplication_index.csv
VETERINARIA PET AMOUR,Guadalajara,Providencia/Chapalita/Americana,same normalized phone as previous campaign,523311935875,deduplication_index.csv
VETERINARIA ORIGAM,Guadalajara,Providencia/Chapalita/Americana,same normalized phone as previous campaign,523311949023,deduplication_index.csv
VETERINARIA MONORTZ,Guadalajara,Providencia/Chapalita/Americana,same normalized phone as previous campaign,523376178625,deduplication_index.csv
VETERINARIA MEXICO,Guadalajara,Providencia/Chapalita/Americana,same normalized phone as previous campaign,523312484239,deduplication_index.csv
VETERINARIA MERAKI PETS,Guadalajara,Providencia/Chapalita/Americana,same normalized phone as previous campaign,523313950302,deduplication_index.csv
VETERINARIA MEDI PET,Guadalajara,Providencia/Chapalita/Americana,same normalized phone as previous campaign,523323840703,deduplication_index.csv
VETERINARIA- LITTLE TAILS,Guadalajara,Providencia/Chapalita/Americana,same normalized phone as previous campaign,523314606477,deduplication_index.csv
VETERINARIA LEON EL,Guadalajara,Providencia/Chapalita/Americana,same normalized phone as previous campaign,523336199171,deduplication_index.csv
VETERINARIA LA CASA DE TOBI,Guadalajara,Providencia/Chapalita/Americana,same normalized phone as previous campaign,523338127171,deduplication_index.csv
VETERINARIA LA CASA DE LA MASCOTA,Guadalajara,Providencia/Chapalita/Americana,same normalized phone as previous campaign,523336378711,deduplication_index.csv
VETERINARIA HUIZAR,Guadalajara,Providencia/Chapalita/Americana,same normalized phone as previous campaign,523310656792,deduplication_index.csv
VETERINARIA GREEN HEALTH,Guadalajara,Providencia/Chapalita/Americana,same normalized phone as previous campaign,523331165345,deduplication_index.csv
VETERINARIA GENTIL ANIMALS,Guadalajara,Providencia/Chapalita/Americana,same normalized phone as previous campaign,523329894821,deduplication_index.csv
VETERINARIA COUNTRY CAN,Guadalajara,Providencia/Chapalita/Americana,same normalized phone as previous campaign,523331264085,deduplication_index.csv
VETERINARIA CLINICKAN,Guadalajara,Providencia/Chapalita/Americana,same normalized phone as previous campaign,523318199181,deduplication_index.csv
VETERINARIA CANNES,Guadalajara,Providencia/Chapalita/Americana,same normalized phone as previous campaign,523338273840,deduplication_index.csv
VETERINARIA CANINA,Guadalajara,Providencia/Chapalita/Americana,same normalized phone as previous campaign,523312028741,deduplication_index.csv
VETERINARIA CALIFORNIA,Guadalajara,Providencia/Chapalita/Americana,same normalized phone as previous campaign,523336378517,deduplication_index.csv
VETERINARIA BLACKI,Guadalajara,Providencia/Chapalita/Americana,same normalized phone as previous campaign,523338255445,deduplication_index.csv
VETERINARIA BLACK FOX,Guadalajara,Providencia/Chapalita/Americana,same normalized phone as previous campaign,523313260035,deduplication_index.csv
VETERINARIA ANIMAL LIFE,Guadalajara,Providencia/Chapalita/Americana,same normalized phone as previous campaign,523313682381,deduplication_index.csv
VETERINARIA ALAMEDA,Guadalajara,Providencia/Chapalita/Americana,same normalized business name as previous campaign,veterinaria alameda,deduplication_index.csv
TARA GROOMING,Guadalajara,Providencia/Chapalita/Americana,same normalized phone as previous campaign,523338464920,deduplication_index.csv
SERVICIOS MEDICOS VETERINARIOS DE GUADALAJARA,Guadalajara,Providencia/Chapalita/Americana,same normalized phone as previous campaign,523336152425,deduplication_index.csv
RONALD PETS VETERINARIA,Guadalajara,Providencia/Chapalita/Americana,same normalized phone as previous campaign,523314535419,deduplication_index.csv
PETZU ANIMAL CARE,Guadalajara,Providencia/Chapalita/Americana,same normalized phone as previous campaign,523318505339,deduplication_index.csv
PERROS DEL MUNDO,Guadalajara,Providencia/Chapalita/Americana,same normalized phone as previous campaign,523312507860,deduplication_index.csv
OCICAT,Guadalajara,Providencia/Chapalita/Americana,same normalized phone as previous campaign,523311774473,deduplication_index.csv
MUNDO VETERINARIO,Guadalajara,Providencia/Chapalita/Americana,same normalized phone as previous campaign,523315127546,deduplication_index.csv
MULTISERVICIOS VETERINARIOS,Guadalajara,Providencia/Chapalita/Americana,same normalized phone as previous campaign,523336183680,deduplication_index.csv
MEDICAL PET,Guadalajara,Providencia/Chapalita/Americana,same normalized phone as previous campaign,523314311050,deduplication_index.csv
LA PANTERA ROSA,Guadalajara,Providencia/Chapalita/Americana,same normalized phone as previous campaign,523336094243,deduplication_index.csv
KA AN VETERINARIA,Guadalajara,Providencia/Chapalita/Americana,same normalized business name as previous campaign,ka an veterinaria,deduplication_index.csv
HOSPITAL VETERINARIO REAL SAN FRANCISCO,Guadalajara,Providencia/Chapalita/Americana,same normalized phone as previous campaign,523338117832,deduplication_index.csv
HOSPITAL VETERINARIO PROVIDENCIA,Guadalajara,Providencia/Chapalita/Americana,same normalized phone as previous campaign,523336401037,deduplication_index.csv
HOSPITAL VETERINARIO GUADALAJARA,Guadalajara,Providencia/Chapalita/Americana,same normalized phone as previous campaign,523336301730,deduplication_index.csv
GUARDERIA CANINA DOG DOG ENCAMINANDO A TU PERRO,Guadalajara,Providencia/Chapalita/Americana,same normalized phone as previous campaign,523311094075,deduplication_index.csv
ESTETICA VETERINARIA,Guadalajara,Providencia/Chapalita/Americana,same normalized phone as previous campaign,523317017722,deduplication_index.csv
DHARMA VET,Guadalajara,Providencia/Chapalita/Americana,same normalized phone as previous campaign,523326514463,deduplication_index.csv
CONSULTORIO VETERINARIO,Guadalajara,Providencia/Chapalita/Americana,same normalized phone as previous campaign,523338545311,deduplication_index.csv
CONSULTORIO COUNTRY PETS,Guadalajara,Providencia/Chapalita/Americana,same normalized phone as previous campaign,523338534542,deduplication_index.csv
CLINICA VETERINARIA SEÃOR DOGS,Guadalajara,Providencia/Chapalita/Americana,same normalized phone as previous campaign,523336169726,deduplication_index.csv
"CLINICA VETERINARIA SAN FRANSCISCO DE ASIS, ESPECIALISTAS EN DERTAMATOLOGIA",Guadalajara,Providencia/Chapalita/Americana,same normalized phone as previous campaign,523313493057,deduplication_index.csv
CLINICA VETERINARIA GHENE,Guadalajara,Providencia/Chapalita/Americana,same normalized phone as previous campaign,523336381101,deduplication_index.csv
CLÃNICA VETERINARIA DROOPY,Guadalajara,Providencia/Chapalita/Americana,same normalized phone as previous campaign,523313327882,deduplication_index.csv
CLINICA VETERINARIA BASENJI,Guadalajara,Providencia/Chapalita/Americana,same normalized phone as previous campaign,523311497688,deduplication_index.csv
CLINICA VETERINARIA ANIMAL KINGDOMM,Guadalajara,Providencia/Chapalita/Americana,same normalized phone as previous campaign,523333454104,deduplication_index.csv
CENTRO MEDICO VETERINARIO ARGOS,Guadalajara,Providencia/Chapalita/Americana,same normalized business name as previous campaign,centro medico veterinario argos,deduplication_index.csv
CENTRO DE ECOGRAFIA CLINICA PARA MASCOTAS,Guadalajara,Providencia/Chapalita/Americana,same normalized phone as previous campaign,523331203975,deduplication_index.csv
CANOPOLIS,Guadalajara,Providencia/Chapalita/Americana,same normalized phone as previous campaign,523338236558,deduplication_index.csv
CANE CLINICA VETERINARIA Y ESTETICA,Guadalajara,Providencia/Chapalita/Americana,same normalized phone as previous campaign,523311908996,deduplication_index.csv
ASHOKA HOSPITAL VETERINARIO,Guadalajara,Providencia/Chapalita/Americana,same normalized phone as previous campaign,523314663554,deduplication_index.csv
ABYVET VETERINARIA,Guadalajara,Providencia/Chapalita/Americana,same normalized business name as previous campaign,abyvet veterinaria,deduplication_index.csv
VILLALOBOS ABOGADOS Y ASOCIADOS,Guadalajara,Providencia/Chapalita/Americana,same normalized business name as previous campaign,villalobos abogados y asociados,deduplication_index.csv
VALLE AVILA ABOGADOS,Guadalajara,Providencia/Chapalita/Americana,same normalized business name as previous campaign,valle avila abogados,deduplication_index.csv
UNIVERSIDAD FUNDACION DE DESARROLLO,Guadalajara,Providencia/Chapalita/Americana,same normalized business name as previous campaign,universidad fundacion de desarrollo,deduplication_index.csv
SOLTERO Y ASOCIADOS,Guadalajara,Providencia/Chapalita/Americana,same normalized business name as previous campaign,soltero y asociados,deduplication_index.csv
SERVICIOS JURIDICOS PERMANENTES,Guadalajara,Providencia/Chapalita/Americana,same normalized business name as previous campaign,servicios juridicos permanentes,deduplication_index.csv
SERVICIOS DE DESPACHO JURIDICO BYG ASOCIADOS,Guadalajara,Providencia/Chapalita/Americana,same normalized business name as previous campaign,servicios de despacho juridico byg asociados,deduplication_index.csv
SANCHEZ CARRILLO Y ASOCIADOS,Guadalajara,Providencia/Chapalita/Americana,same normalized business name as previous campaign,sanchez carrillo y asociados,deduplication_index.csv
ROYES SC,Guadalajara,Providencia/Chapalita/Americana,same normalized business name as previous campaign,royes sc,deduplication_index.csv
ROYAL SERVICES BURO DE ESTUDIOS JURIDICOS Y PROYECTOS,Guadalajara,Providencia/Chapalita/Americana,same normalized business name as previous campaign,royal services buro de estudios juridicos y proyectos,deduplication_index.csv
RAMOS RIPOLL Y SCHUSTER,Guadalajara,Providencia/Chapalita/Americana,same normalized business name as previous campaign,ramos ripoll y schuster,deduplication_index.csv
RAMIREZ Y ASOCIADOS ABOGADOS,Guadalajara,Providencia/Chapalita/Americana,same normalized business name as previous campaign,ramirez y asociados abogados,deduplication_index.csv
OSORIO CORPORATIVO LEGAL,Guadalajara,Providencia/Chapalita/Americana,same normalized business name as previous campaign,osorio corporativo legal,deduplication_index.csv
OROZCO JASSO ASESORES,Guadalajara,Providencia/Chapalita/Americana,same normalized business name as previous campaign,orozco jasso asesores,deduplication_index.csv
OFICINAS JIMENEZ,Guadalajara,Providencia/Chapalita/Americana,same normalized business name as previous campaign,oficinas jimenez,deduplication_index.csv
OFICINAS,Guadalajara,Providencia/Chapalita/Americana,same normalized business name as previous campaign,oficinas,deduplication_index.csv
OFICINADE ABOGADO,Guadalajara,Providencia/Chapalita/Americana,same normalized business name as previous campaign,oficinade abogado,deduplication_index.csv
OFICINA PRIVADA,Guadalajara,Providencia/Chapalita/Americana,same normalized business name as previous campaign,oficina privada,deduplication_index.csv
OFICINA JURIDICA LABORAL,Guadalajara,Providencia/Chapalita/Americana,same normalized business name as previous campaign,oficina juridica laboral,deduplication_index.csv
OFICINA JURIDICA,Guadalajara,Providencia/Chapalita/Americana,same normalized business name as previous campaign,oficina juridica,deduplication_index.csv
OFICINA DE TRAMITES AUTOTRAMITES PARTIDA,Guadalajara,Providencia/Chapalita/Americana,same normalized business name as previous campaign,oficina de tramites autotramites partida,deduplication_index.csv
OFICINA DE ABOGADOS,Guadalajara,Providencia/Chapalita/Americana,same normalized business name as previous campaign,oficina de abogados,deduplication_index.csv
NOTARIA DE ABOGADOS,Guadalajara,Providencia/Chapalita/Americana,same normalized business name as previous campaign,notaria de abogados,deduplication_index.csv
MUÑOZ DIAZ ABOGADOS,Guadalajara,Providencia/Chapalita/Americana,same normalized business name as previous campaign,munoz diaz abogados,deduplication_index.csv
MG ABOGADOS,Guadalajara,Providencia/Chapalita/Americana,same normalized business name as previous campaign,mg abogados,deduplication_index.csv
MEJIA Y ASOCIADOS SOLUCIONES LEGALES INTEGRALES,Guadalajara,Providencia/Chapalita/Americana,same normalized business name as previous campaign,mejia y asociados soluciones legales integrales,deduplication_index.csv
LEGAL SOLUTION,Guadalajara,Providencia/Chapalita/Americana,same normalized business name as previous campaign,legal solution,deduplication_index.csv
LEGAL BUSINESS SOLUTION,Guadalajara,Providencia/Chapalita/Americana,same normalized business name as previous campaign,legal business solution,deduplication_index.csv
LAZO VILLA MOEL Y GARCIA,Guadalajara,Providencia/Chapalita/Americana,same normalized business name as previous campaign,lazo villa moel y garcia,deduplication_index.csv
KOMPLEX GRUPPE,Guadalajara,Providencia/Chapalita/Americana,same normalized business name as previous campaign,komplex gruppe,deduplication_index.csv
JURÍDICO RAMOS Y ASOCIADOS,Guadalajara,Providencia/Chapalita/Americana,same normalized business name as previous campaign,juridico ramos y asociados,deduplication_index.csv
JURIDICO PEREZ PARRA Y ASOC,Guadalajara,Providencia/Chapalita/Americana,same normalized business name as previous campaign,juridico perez parra y asoc,deduplication_index.csv
JURIDICO MAGDALENO,Guadalajara,Providencia/Chapalita/Americana,same normalized business name as previous campaign,juridico magdaleno,deduplication_index.csv
JURIDICO LUNA,Guadalajara,Providencia/Chapalita/Americana,same normalized business name as previous campaign,juridico luna,deduplication_index.csv
JURIDICA ESPECIALISTAS DE OCCIDENTE,Guadalajara,Providencia/Chapalita/Americana,same normalized business name as previous campaign,juridica especialistas de occidente,deduplication_index.csv
JURE FIRMA LEGAL ESPECIALIZADA,Guadalajara,Providencia/Chapalita/Americana,same normalized business name as previous campaign,jure firma legal especializada,deduplication_index.csv
INTERVENI CONSULTORES,Guadalajara,Providencia/Chapalita/Americana,same normalized business name as previous campaign,interveni consultores,deduplication_index.csv
INOVA,Guadalajara,Providencia/Chapalita/Americana,same normalized business name as previous campaign,inova,deduplication_index.csv
IMPRESOS GUADALAJARA,Guadalajara,Providencia/Chapalita/Americana,same normalized business name as previous campaign,impresos guadalajara,deduplication_index.csv
HELT,Guadalajara,Providencia/Chapalita/Americana,same normalized business name as previous campaign,helt,deduplication_index.csv
HANNON Y ASOCIADOS,Guadalajara,Providencia/Chapalita/Americana,same normalized business name as previous campaign,hannon y asociados,deduplication_index.csv
GUTIERREZ AVELAR ASESORES,Guadalajara,Providencia/Chapalita/Americana,same normalized business name as previous campaign,gutierrez avelar asesores,deduplication_index.csv
GURROLA ALCAZAR Y ABOGADOS,Guadalajara,Providencia/Chapalita/Americana,same normalized business name as previous campaign,gurrola alcazar y abogados,deduplication_index.csv
GRUPO CARBAGO CORPORACION JURIDICA,Guadalajara,Providencia/Chapalita/Americana,same normalized business name as previous campaign,grupo carbago corporacion juridica,deduplication_index.csv
GONZALEZ PARADA Y ASOCIADOS,Guadalajara,Providencia/Chapalita/Americana,same normalized business name as previous campaign,gonzalez parada y asociados,deduplication_index.csv
GONZALEZ MONTEON Y ASOCIADOS,Guadalajara,Providencia/Chapalita/Americana,same normalized business name as previous campaign,gonzalez monteon y asociados,deduplication_index.csv
GONZALEZ LUNA ABOGADOS;CORREDURIA 81,Guadalajara,Providencia/Chapalita/Americana,same normalized business name as previous campaign,gonzalez luna abogados correduria 81,deduplication_index.csv
GOMEZ Y ASOCIADOS Y ABOGADOS,Guadalajara,Providencia/Chapalita/Americana,same normalized business name as previous campaign,gomez y asociados y abogados,deduplication_index.csv
GOMEZ LIZAOLA Y GOMEZ GOVEA CORPORATIVO,Guadalajara,Providencia/Chapalita/Americana,same normalized business name as previous campaign,gomez lizaola y gomez govea corporativo,deduplication_index.csv
GIGSA PISO CINCO,Guadalajara,Providencia/Chapalita/Americana,same normalized business name as previous campaign,gigsa piso cinco,deduplication_index.csv
GIBOS JURIDICO CONTABLE,Guadalajara,Providencia/Chapalita/Americana,same normalized business name as previous campaign,gibos juridico contable,deduplication_index.csv
GESTORIA JURIDICA Y ESCOLAR,Guadalajara,Providencia/Chapalita/Americana,same normalized business name as previous campaign,gestoria juridica y escolar,deduplication_index.csv
GBG,Guadalajara,Providencia/Chapalita/Americana,same normalized business name as previous campaign,gbg,deduplication_index.csv
GAACK,Guadalajara,Providencia/Chapalita/Americana,same normalized business name as previous campaign,gaack,deduplication_index.csv
FIRMA DE ABOGADOS,Guadalajara,Providencia/Chapalita/Americana,same normalized business name as previous campaign,firma de abogados,deduplication_index.csv
FEDERACION OBRERA DE JALISCO,Guadalajara,Providencia/Chapalita/Americana,same normalized business name as previous campaign,federacion obrera de jalisco,deduplication_index.csv
FABIAN & FABIAN ABOGADOS,Guadalajara,Providencia/Chapalita/Americana,same normalized business name as previous campaign,fabian fabian abogados,deduplication_index.csv
EXIR GRUPO JURIDICO,Guadalajara,Providencia/Chapalita/Americana,same normalized business name as previous campaign,exir grupo juridico,deduplication_index.csv
ESTUDIOS JURIDICOS,Guadalajara,Providencia/Chapalita/Americana,same normalized business name as previous campaign,estudios juridicos,deduplication_index.csv
ESTUDIO DE ABOGADOS,Guadalajara,Providencia/Chapalita/Americana,same normalized business name as previous campaign,estudio de abogados,deduplication_index.csv
ESTEVANE Y ASOCIADOS,Guadalajara,Providencia/Chapalita/Americana,same normalized business name as previous campaign,estevane y asociados,deduplication_index.csv
ESPINO Y ASOCIADOS,Guadalajara,Providencia/Chapalita/Americana,same normalized business name as previous campaign,espino y asociados,deduplication_index.csv
ESPECIALISTAS LABORALES,Guadalajara,Providencia/Chapalita/Americana,same normalized business name as previous campaign,especialistas laborales,deduplication_index.csv
EMPORIO ESTRATEGICO JURIDICO,Guadalajara,Providencia/Chapalita/Americana,same normalized business name as previous campaign,emporio estrategico juridico,deduplication_index.csv
EMPLOYEE SOLUCIONES,Guadalajara,Providencia/Chapalita/Americana,same normalized business name as previous campaign,employee soluciones,deduplication_index.csv
EER ABOGADO,Guadalajara,Providencia/Chapalita/Americana,same normalized business name as previous campaign,eer abogado,deduplication_index.csv
DIVORCIO EXPRESS SIN NOMBRE,Guadalajara,Providencia/Chapalita/Americana,same normalized business name as previous campaign,divorcio express sin nombre,deduplication_index.csv
DISTINTA CONSULTORIA INTEGRAL,Guadalajara,Providencia/Chapalita/Americana,same normalized business name as previous campaign,distinta consultoria integral,deduplication_index.csv
DESPCHO ACEVES Y ASOCIADOS,Guadalajara,Providencia/Chapalita/Americana,same normalized business name as previous campaign,despcho aceves y asociados,deduplication_index.csv
DESPACXHO DE ABOGADOS 226-8,Guadalajara,Providencia/Chapalita/Americana,same normalized business name as previous campaign,despacxho de abogados 226 8,deduplication_index.csv
DESPACHO LIC JOSE EUGENIO GUTIERREZ ROCHA,Guadalajara,Providencia/Chapalita/Americana,same normalized business name as previous campaign,despacho lic jose eugenio gutierrez rocha,deduplication_index.csv
DESPACHO JURIDICO Y COPIAS,Guadalajara,Providencia/Chapalita/Americana,same normalized business name as previous campaign,despacho juridico y copias,deduplication_index.csv
DESPACHO JURIDICO VILLANUEVA,Guadalajara,Providencia/Chapalita/Americana,same normalized business name as previous campaign,despacho juridico villanueva,deduplication_index.csv
DESPACHO JURIDICO SIN NOMBRE,Guadalajara,Providencia/Chapalita/Americana,same normalized business name as previous campaign,despacho juridico sin nombre,deduplication_index.csv
DESPACHO JURIDICO SIN NOMBRE,Guadalajara,Providencia/Chapalita/Americana,same normalized business name as previous campaign,despacho juridico sin nombre,deduplication_index.csv
DESPACHO JURIDICO SIN NOMBRE,Guadalajara,Providencia/Chapalita/Americana,same normalized business name as previous campaign,despacho juridico sin nombre,deduplication_index.csv
DESPACHO JURIDICO SIN NOMBRE,Guadalajara,Providencia/Chapalita/Americana,same normalized business name as previous campaign,despacho juridico sin nombre,deduplication_index.csv
DESPACHO JURIDICO SIN NOMBRE,Guadalajara,Providencia/Chapalita/Americana,same normalized business name as previous campaign,despacho juridico sin nombre,deduplication_index.csv
DESPACHO JURIDICO SIN NOMBRE,Guadalajara,Providencia/Chapalita/Americana,same normalized business name as previous campaign,despacho juridico sin nombre,deduplication_index.csv
DESPACHO JURIDICO SIN NÓMBRE,Guadalajara,Providencia/Chapalita/Americana,same normalized business name as previous campaign,despacho juridico sin nombre,deduplication_index.csv
DESPACHO JURIDICO SÁNCHEZ,Guadalajara,Providencia/Chapalita/Americana,same normalized business name as previous campaign,despacho juridico sanchez,deduplication_index.csv
DESPACHO JURIDICO RALAM,Guadalajara,Providencia/Chapalita/Americana,same normalized business name as previous campaign,despacho juridico ralam,deduplication_index.csv
DESPACHO JURIDICO OLVEDA GARCIA,Guadalajara,Providencia/Chapalita/Americana,same normalized business name as previous campaign,despacho juridico olveda garcia,deduplication_index.csv
DESPACHO JURIDICO NUÑEZ LOPEZ CONSULTORES,Guadalajara,Providencia/Chapalita/Americana,same normalized business name as previous campaign,despacho juridico nunez lopez consultores,deduplication_index.csv
DESPACHO JURIDICO NAVARRO NIEVES Y ASOCIADOS,Guadalajara,Providencia/Chapalita/Americana,same normalized business name as previous campaign,despacho juridico navarro nieves y asociados,deduplication_index.csv
DESPACHO JURIDICO MIGUEL HERNANDEZ COBIAN,Guadalajara,Providencia/Chapalita/Americana,same normalized business name as previous campaign,despacho juridico miguel hernandez cobian,deduplication_index.csv
DESPACHO JURIDICO LOMELI Y VALDIVIA,Guadalajara,Providencia/Chapalita/Americana,same normalized business name as previous campaign,despacho juridico lomeli y valdivia,deduplication_index.csv
DESPACHO JURIDICO JOSE,Guadalajara,Providencia/Chapalita/Americana,same normalized business name as previous campaign,despacho juridico jose,deduplication_index.csv
DESPACHO JURIDICO IMAGEN PRODUCTIVIDAD Y SERVICIO S.C,Guadalajara,Providencia/Chapalita/Americana,same normalized business name as previous campaign,despacho juridico imagen productividad y servicio s c,deduplication_index.csv
DESPACHO JURIDICO GONZALEZ Y ASOCIADOS,Guadalajara,Providencia/Chapalita/Americana,same normalized business name as previous campaign,despacho juridico gonzalez y asociados,deduplication_index.csv
DESPACHO JURIDICO GODINEZ CURIEL Y ASOCIADOS,Guadalajara,Providencia/Chapalita/Americana,same normalized business name as previous campaign,despacho juridico godinez curiel y asociados,deduplication_index.csv
DESPACHO JURIDICO DELGADILLO Y ASOCIADOS,Guadalajara,Providencia/Chapalita/Americana,same normalized business name as previous campaign,despacho juridico delgadillo y asociados,deduplication_index.csv
DESPACHO JURIDICO CARDENAS Y ABOGADOS,Guadalajara,Providencia/Chapalita/Americana,same normalized business name as previous campaign,despacho juridico cardenas y abogados,deduplication_index.csv
DESPACHO JURIDICO,Guadalajara,Providencia/Chapalita/Americana,same normalized business name as previous campaign,despacho juridico,deduplication_index.csv
DESPACHO JURIDICO,Guadalajara,Providencia/Chapalita/Americana,same normalized business name as previous campaign,despacho juridico,deduplication_index.csv
DESPACHO JURIDICO,Guadalajara,Providencia/Chapalita/Americana,same normalized business name as previous campaign,despacho juridico,deduplication_index.csv
DESPACHO JURIDICO,Guadalajara,Providencia/Chapalita/Americana,same normalized business name as previous campaign,despacho juridico,deduplication_index.csv
DESPACHO JURIDICO,Guadalajara,Providencia/Chapalita/Americana,same normalized business name as previous campaign,despacho juridico,deduplication_index.csv
DESPACHO JURIDICO,Guadalajara,Providencia/Chapalita/Americana,same normalized business name as previous campaign,despacho juridico,deduplication_index.csv
DESPACHO JURIDICO,Guadalajara,Providencia/Chapalita/Americana,same normalized business name as previous campaign,despacho juridico,deduplication_index.csv
DESPACHO JURIDICO,Guadalajara,Providencia/Chapalita/Americana,same normalized business name as previous campaign,despacho juridico,deduplication_index.csv
DESPACHO JURIDICO,Guadalajara,Providencia/Chapalita/Americana,same normalized business name as previous campaign,despacho juridico,deduplication_index.csv
DESPACHO JURIDICO,Guadalajara,Providencia/Chapalita/Americana,same normalized business name as previous campaign,despacho juridico,deduplication_index.csv
DESPACHO JURIDICO,Guadalajara,Providencia/Chapalita/Americana,same normalized business name as previous campaign,despacho juridico,deduplication_index.csv
DESPACHO JURIDICO,Guadalajara,Providencia/Chapalita/Americana,same normalized business name as previous campaign,despacho juridico,deduplication_index.csv
DESPACHO JURIDICO,Guadalajara,Providencia/Chapalita/Americana,same normalized business name as previous campaign,despacho juridico,deduplication_index.csv
DESPACHO JURIDICO,Guadalajara,Providencia/Chapalita/Americana,same normalized business name as previous campaign,despacho juridico,deduplication_index.csv
DESPACHO JURIDICO,Guadalajara,Providencia/Chapalita/Americana,same normalized business name as previous campaign,despacho juridico,deduplication_index.csv
DESPACHO JURIDICO,Guadalajara,Providencia/Chapalita/Americana,same normalized business name as previous campaign,despacho juridico,deduplication_index.csv
DESPACHO JURIDICO,Guadalajara,Providencia/Chapalita/Americana,same normalized business name as previous campaign,despacho juridico,deduplication_index.csv
DESPACHO JURIDICO,Guadalajara,Providencia/Chapalita/Americana,same normalized business name as previous campaign,despacho juridico,deduplication_index.csv
DESPACHO JURIDICO,Guadalajara,Providencia/Chapalita/Americana,same normalized business name as previous campaign,despacho juridico,deduplication_index.csv
DESPACHO JURIDICO,Guadalajara,Providencia/Chapalita/Americana,same normalized business name as previous campaign,despacho juridico,deduplication_index.csv
DESPACHO JURIDICO,Guadalajara,Providencia/Chapalita/Americana,same normalized business name as previous campaign,despacho juridico,deduplication_index.csv
DESPACHO JURIDICO,Guadalajara,Providencia/Chapalita/Americana,same normalized business name as previous campaign,despacho juridico,deduplication_index.csv
DESPACHO JURIDICO,Guadalajara,Providencia/Chapalita/Americana,same normalized business name as previous campaign,despacho juridico,deduplication_index.csv
DESPACHO JURIDICO,Guadalajara,Providencia/Chapalita/Americana,same normalized business name as previous campaign,despacho juridico,deduplication_index.csv
DESPACHO JURIDICO,Guadalajara,Providencia/Chapalita/Americana,same normalized business name as previous campaign,despacho juridico,deduplication_index.csv
DESPACHO JURIDICO,Guadalajara,Providencia/Chapalita/Americana,same normalized business name as previous campaign,despacho juridico,deduplication_index.csv
DESPACHO JURÍDICO,Guadalajara,Providencia/Chapalita/Americana,same normalized business name as previous campaign,despacho juridico,deduplication_index.csv
DESPACHO JURIDICO,Guadalajara,Providencia/Chapalita/Americana,same normalized business name as previous campaign,despacho juridico,deduplication_index.csv
DESPACHO JURIDICO,Guadalajara,Providencia/Chapalita/Americana,same normalized business name as previous campaign,despacho juridico,deduplication_index.csv
DESPACHO JURIDICO,Guadalajara,Providencia/Chapalita/Americana,same normalized business name as previous campaign,despacho juridico,deduplication_index.csv
DESPACHO JURIDICO,Guadalajara,Providencia/Chapalita/Americana,same normalized business name as previous campaign,despacho juridico,deduplication_index.csv
DESPACHO JURIDICO,Guadalajara,Providencia/Chapalita/Americana,same normalized business name as previous campaign,despacho juridico,deduplication_index.csv
DESPACHO JURIDICO,Guadalajara,Providencia/Chapalita/Americana,same normalized business name as previous campaign,despacho juridico,deduplication_index.csv
DESPACHO JIMÉNEZ Y ASOCIADOS,Guadalajara,Providencia/Chapalita/Americana,same normalized business name as previous campaign,despacho jimenez y asociados,deduplication_index.csv
DESPACHO GRUPO IUS AGER,Guadalajara,Providencia/Chapalita/Americana,same normalized business name as previous campaign,despacho grupo ius ager,deduplication_index.csv
DESPACHO DE ABOGADOS Y CONTADORES,Guadalajara,Providencia/Chapalita/Americana,same normalized business name as previous campaign,despacho de abogados y contadores,deduplication_index.csv
DESPACHO DE ABOGADOS SIN NOMBRE,Guadalajara,Providencia/Chapalita/Americana,same normalized business name as previous campaign,despacho de abogados sin nombre,deduplication_index.csv
DESPACHO DE ABOGADOS SIN NOMBRE,Guadalajara,Providencia/Chapalita/Americana,same normalized business name as previous campaign,despacho de abogados sin nombre,deduplication_index.csv
DESPACHO DE ABOGADOS SIN NOMBRE,Guadalajara,Providencia/Chapalita/Americana,same normalized business name as previous campaign,despacho de abogados sin nombre,deduplication_index.csv
DESPACHO DE ABOGADOS SIN NOMBRE,Guadalajara,Providencia/Chapalita/Americana,same normalized business name as previous campaign,despacho de abogados sin nombre,deduplication_index.csv
DESPACHO DE ABOGADOS SIN NOMBRE,Guadalajara,Providencia/Chapalita/Americana,same normalized business name as previous campaign,despacho de abogados sin nombre,deduplication_index.csv
DESPACHO DE ABOGADOS ORGANISTA RUIZ Y ASOCIADOS,Guadalajara,Providencia/Chapalita/Americana,same normalized business name as previous campaign,despacho de abogados organista ruiz y asociados,deduplication_index.csv
DESPACHO DE ABOGADOS ESTEVEZ SALINAS,Guadalajara,Providencia/Chapalita/Americana,same normalized business name as previous campaign,despacho de abogados estevez salinas,deduplication_index.csv
DESPACHO DE ABOGADOS,Guadalajara,Providencia/Chapalita/Americana,same normalized business name as previous campaign,despacho de abogados,deduplication_index.csv
DESPACHO DE ABOGADOS,Guadalajara,Providencia/Chapalita/Americana,same normalized business name as previous campaign,despacho de abogados,deduplication_index.csv
DESPACHO DE ABOGADOS,Guadalajara,Providencia/Chapalita/Americana,same normalized business name as previous campaign,despacho de abogados,deduplication_index.csv
DESPACHO DE ABOGADOS,Guadalajara,Providencia/Chapalita/Americana,same normalized business name as previous campaign,despacho de abogados,deduplication_index.csv
DESPACHO DE ABOGADOS,Guadalajara,Providencia/Chapalita/Americana,same normalized business name as previous campaign,despacho de abogados,deduplication_index.csv
DESPACHO DE ABOGADOS,Guadalajara,Providencia/Chapalita/Americana,same normalized business name as previous campaign,despacho de abogados,deduplication_index.csv
DESPACHO DE ABOGADOS,Guadalajara,Providencia/Chapalita/Americana,same normalized business name as previous campaign,despacho de abogados,deduplication_index.csv
DESPACHO DE ABOGADOS,Guadalajara,Providencia/Chapalita/Americana,same normalized business name as previous campaign,despacho de abogados,deduplication_index.csv
DESPACHO DE ABOGADOS,Guadalajara,Providencia/Chapalita/Americana,same normalized business name as previous campaign,despacho de abogados,deduplication_index.csv
DESPACHO DE ABOGADO SOLUCIONES FISCALES AGILES,Guadalajara,Providencia/Chapalita/Americana,same normalized business name as previous campaign,despacho de abogado soluciones fiscales agiles,deduplication_index.csv
DESPACHO DE ABOGADO SIN NOMBRE,Guadalajara,Providencia/Chapalita/Americana,same normalized business name as previous campaign,despacho de abogado sin nombre,deduplication_index.csv
DESPACHO DE AB0GADOS,Guadalajara,Providencia/Chapalita/Americana,same normalized business name as previous campaign,despacho de ab0gados,deduplication_index.csv
DESPACHO ABOGADOS ABOGADOS IGM,Guadalajara,Providencia/Chapalita/Americana,same normalized business name as previous campaign,despacho abogados abogados igm,deduplication_index.csv
DESPACHO ABOGADOS,Guadalajara,Providencia/Chapalita/Americana,same normalized business name as previous campaign,despacho abogados,deduplication_index.csv
DESPACHO,Guadalajara,Providencia/Chapalita/Americana,same normalized business name as previous campaign,despacho,deduplication_index.csv
DESPACHO,Guadalajara,Providencia/Chapalita/Americana,same normalized business name as previous campaign,despacho,deduplication_index.csv
DESPACHO,Guadalajara,Providencia/Chapalita/Americana,same normalized business name as previous campaign,despacho,deduplication_index.csv
DES LIMES,Guadalajara,Providencia/Chapalita/Americana,same normalized business name as previous campaign,des limes,deduplication_index.csv
DEL TORO CARAZO Y ASOCIADOS,Guadalajara,Providencia/Chapalita/Americana,same normalized business name as previous campaign,del toro carazo y asociados,deduplication_index.csv
DEKSTRA ABOGADOS,Guadalajara,Providencia/Chapalita/Americana,same normalized business name as previous campaign,dekstra abogados,deduplication_index.csv
CORRESPONSALIA JURIDICA,Guadalajara,Providencia/Chapalita/Americana,same normalized business name as previous campaign,corresponsalia juridica,deduplication_index.csv
CORREDURIA PUBLICA 55,Guadalajara,Providencia/Chapalita/Americana,same normalized business name as previous campaign,correduria publica 55,deduplication_index.csv
CORPORATIVO PMN SUROESTE,Guadalajara,Providencia/Chapalita/Americana,same normalized business name as previous campaign,corporativo pmn suroeste,deduplication_index.csv
CORPORATIVO PEREZ Y ASOCIADOS,Guadalajara,Providencia/Chapalita/Americana,same normalized business name as previous campaign,corporativo perez y asociados,deduplication_index.csv
CORPORATIVO LEX,Guadalajara,Providencia/Chapalita/Americana,same normalized business name as previous campaign,corporativo lex,deduplication_index.csv
CORPORATIVO JURÍDICO RAMOS Y MORALES,Guadalajara,Providencia/Chapalita/Americana,same normalized business name as previous campaign,corporativo juridico ramos y morales,deduplication_index.csv
CORPORATIVO JURIDICO MARIN & MARIN,Guadalajara,Providencia/Chapalita/Americana,same normalized business name as previous campaign,corporativo juridico marin marin,deduplication_index.csv
CORPORATIVO JURIDICO LEO,Guadalajara,Providencia/Chapalita/Americana,same normalized business name as previous campaign,corporativo juridico leo,deduplication_index.csv
CORPORATIVO JURIDICO GONZALEZ PEREZ Y ASOCIADOS,Guadalajara,Providencia/Chapalita/Americana,same normalized business name as previous campaign,corporativo juridico gonzalez perez y asociados,deduplication_index.csv
CORPORATIVO JCA ABOGADOS,Guadalajara,Providencia/Chapalita/Americana,same normalized business name as previous campaign,corporativo jca abogados,deduplication_index.csv
CORPORATIVO EMPRESARIAL SEGURA Y ASOCIADOS,Guadalajara,Providencia/Chapalita/Americana,same normalized business name as previous campaign,corporativo empresarial segura y asociados,deduplication_index.csv
CORPORATIVO ABOGADOS,Guadalajara,Providencia/Chapalita/Americana,same normalized business name as previous campaign,corporativo abogados,deduplication_index.csv
COORPORATIVO JURIDICO,Guadalajara,Providencia/Chapalita/Americana,same normalized business name as previous campaign,coorporativo juridico,deduplication_index.csv
COORPORATIVO ALFADIR,Guadalajara,Providencia/Chapalita/Americana,same normalized business name as previous campaign,coorporativo alfadir,deduplication_index.csv
COORORATIVO MENDEZ Y MENDEZ,Guadalajara,Providencia/Chapalita/Americana,same normalized business name as previous campaign,coororativo mendez y mendez,deduplication_index.csv
CONSULTORIA JURIDICA,Guadalajara,Providencia/Chapalita/Americana,same normalized business name as previous campaign,consultoria juridica,deduplication_index.csv
CONSULTORES S.C,Guadalajara,Providencia/Chapalita/Americana,same normalized business name as previous campaign,consultores s c,deduplication_index.csv
CONSULTORES JURIDICOS,Guadalajara,Providencia/Chapalita/Americana,same normalized business name as previous campaign,consultores juridicos,deduplication_index.csv
CONSORSIO JURIDICO,Guadalajara,Providencia/Chapalita/Americana,same normalized business name as previous campaign,consorsio juridico,deduplication_index.csv
CONSORCIO JURISCONSULTIVO,Guadalajara,Providencia/Chapalita/Americana,same normalized business name as previous campaign,consorcio jurisconsultivo,deduplication_index.csv
CONSORCIO JURIDIO MARTIN DEL CAMPO Y ASOCIADOS,Guadalajara,Providencia/Chapalita/Americana,same normalized business name as previous campaign,consorcio juridio martin del campo y asociados,deduplication_index.csv
CONSORCIO JURIDICO DESTREZA Y DESARROLLO,Guadalajara,Providencia/Chapalita/Americana,same normalized business name as previous campaign,consorcio juridico destreza y desarrollo,deduplication_index.csv
CONSORCIO JURIDICO,Guadalajara,Providencia/Chapalita/Americana,same normalized business name as previous campaign,consorcio juridico,deduplication_index.csv
COMPAÑIA PEREZ Y TOVAR,Guadalajara,Providencia/Chapalita/Americana,same normalized business name as previous campaign,compania perez y tovar,deduplication_index.csv
CHAVIRA Y ASOCIADOS,Guadalajara,Providencia/Chapalita/Americana,same normalized business name as previous campaign,chavira y asociados,deduplication_index.csv
CENTRO MEXICANO DE JUSTICIA ALTERNATIVA CEMJA,Guadalajara,Providencia/Chapalita/Americana,same normalized business name as previous campaign,centro mexicano de justicia alternativa cemja,deduplication_index.csv
CAVI MEXICO,Guadalajara,Providencia/Chapalita/Americana,same normalized business name as previous campaign,cavi mexico,deduplication_index.csv
BUJEFET JURIDICO,Guadalajara,Providencia/Chapalita/Americana,same normalized business name as previous campaign,bujefet juridico,deduplication_index.csv
BUFFETTE JURIDICO,Guadalajara,Providencia/Chapalita/Americana,same normalized business name as previous campaign,buffette juridico,deduplication_index.csv
BUFFETE ROBLES Y DIAZ,Guadalajara,Providencia/Chapalita/Americana,same normalized business name as previous campaign,buffete robles y diaz,deduplication_index.csv
BUFFETE JURIDICO RODRIGUEZ & ASOCIADOS,Guadalajara,Providencia/Chapalita/Americana,same normalized business name as previous campaign,buffete juridico rodriguez asociados,deduplication_index.csv
BUFFETE JURIDICO DINAMICA LEGAL,Guadalajara,Providencia/Chapalita/Americana,same normalized business name as previous campaign,buffete juridico dinamica legal,deduplication_index.csv
BUFFETE JURIDICO,Guadalajara,Providencia/Chapalita/Americana,same normalized business name as previous campaign,buffete juridico,deduplication_index.csv
BUFFETE DE ABOGADOS SORIANO CERVANTES,Guadalajara,Providencia/Chapalita/Americana,same normalized business name as previous campaign,buffete de abogados soriano cervantes,deduplication_index.csv
BUFETTE,Guadalajara,Providencia/Chapalita/Americana,same normalized business name as previous campaign,bufette,deduplication_index.csv
BUFETES JURÍDICOS SIN NOMBRE,Guadalajara,Providencia/Chapalita/Americana,same normalized business name as previous campaign,bufetes juridicos sin nombre,deduplication_index.csv
BUFETES JURÍDICOS SIN NOMBRE,Guadalajara,Providencia/Chapalita/Americana,same normalized business name as previous campaign,bufetes juridicos sin nombre,deduplication_index.csv
BUFETES JURÍDICOS SIN NOMBRE,Guadalajara,Providencia/Chapalita/Americana,same normalized business name as previous campaign,bufetes juridicos sin nombre,deduplication_index.csv
BUFETES JURÍDICOS,Guadalajara,Providencia/Chapalita/Americana,same normalized business name as previous campaign,bufetes juridicos,deduplication_index.csv
BUFETES JURÍDICOS,Guadalajara,Providencia/Chapalita/Americana,same normalized business name as previous campaign,bufetes juridicos,deduplication_index.csv
BUFETES JURÍDICOS,Guadalajara,Providencia/Chapalita/Americana,same normalized business name as previous campaign,bufetes juridicos,deduplication_index.csv
BUFETES JURÍDICOS,Guadalajara,Providencia/Chapalita/Americana,same normalized business name as previous campaign,bufetes juridicos,deduplication_index.csv
BUFETES JURÍDICOS,Guadalajara,Providencia/Chapalita/Americana,same normalized business name as previous campaign,bufetes juridicos,deduplication_index.csv
BUFETES JURÍDICOS,Guadalajara,Providencia/Chapalita/Americana,same normalized business name as previous campaign,bufetes juridicos,deduplication_index.csv
BUFETES JURÍDICOS,Guadalajara,Providencia/Chapalita/Americana,same normalized business name as previous campaign,bufetes juridicos,deduplication_index.csv
BUFETES JURÍDICOS,Guadalajara,Providencia/Chapalita/Americana,same normalized business name as previous campaign,bufetes juridicos,deduplication_index.csv
BUFETE VILLASEÑOR,Guadalajara,Providencia/Chapalita/Americana,same normalized business name as previous campaign,bufete villasenor,deduplication_index.csv
BUFETE SANCHEZ REJON,Guadalajara,Providencia/Chapalita/Americana,same normalized business name as previous campaign,bufete sanchez rejon,deduplication_index.csv
BUFETE ORELLANA,Guadalajara,Providencia/Chapalita/Americana,same normalized business name as previous campaign,bufete orellana,deduplication_index.csv
BUFETE JURIDICO Y APOYO A LA COMUNIDAD DE BAJOS RECURSOS,Guadalajara,Providencia/Chapalita/Americana,same normalized business name as previous campaign,bufete juridico y apoyo a la comunidad de bajos recursos,deduplication_index.csv
BUFETE JURIDICO SIN NOMBRE,Guadalajara,Providencia/Chapalita/Americana,same normalized business name as previous campaign,bufete juridico sin nombre,deduplication_index.csv
BUFETE JURIDICO SIN NOMBRE,Guadalajara,Providencia/Chapalita/Americana,same normalized business name as previous campaign,bufete juridico sin nombre,deduplication_index.csv
BUFETE JURIDICO SIN NOMBRE,Guadalajara,Providencia/Chapalita/Americana,same normalized business name as previous campaign,bufete juridico sin nombre,deduplication_index.csv
BUFETE JURIDICO SIN NOMBRE,Guadalajara,Providencia/Chapalita/Americana,same normalized business name as previous campaign,bufete juridico sin nombre,deduplication_index.csv
BUFETE JURIDICO JALOMO Y ASOCIADOS,Guadalajara,Providencia/Chapalita/Americana,same normalized business name as previous campaign,bufete juridico jalomo y asociados,deduplication_index.csv
BUFETE JURIDICO GARCIA Y ASOCIADOS,Guadalajara,Providencia/Chapalita/Americana,same normalized business name as previous campaign,bufete juridico garcia y asociados,deduplication_index.csv
BUFETE JURÍDICO,Guadalajara,Providencia/Chapalita/Americana,same normalized business name as previous campaign,bufete juridico,deduplication_index.csv
BUFETE JURIDICO,Guadalajara,Providencia/Chapalita/Americana,same normalized business name as previous campaign,bufete juridico,deduplication_index.csv
BUFETE JURIDICO,Guadalajara,Providencia/Chapalita/Americana,same normalized phone as previous campaign,523361510030,deduplication_index.csv
BUFETE JURIDICO,Guadalajara,Providencia/Chapalita/Americana,same normalized business name as previous campaign,bufete juridico,deduplication_index.csv
BUFETE JURIDICO,Guadalajara,Providencia/Chapalita/Americana,same normalized business name as previous campaign,bufete juridico,deduplication_index.csv
BUFETE JURIDICO,Guadalajara,Providencia/Chapalita/Americana,same normalized business name as previous campaign,bufete juridico,deduplication_index.csv
BUFETE JURIDICO,Guadalajara,Providencia/Chapalita/Americana,same normalized business name as previous campaign,bufete juridico,deduplication_index.csv
BUFETE JURIDICO,Guadalajara,Providencia/Chapalita/Americana,same normalized business name as previous campaign,bufete juridico,deduplication_index.csv
BUFETE JURIDICO,Guadalajara,Providencia/Chapalita/Americana,same normalized business name as previous campaign,bufete juridico,deduplication_index.csv
BUFETE JURIDICO,Guadalajara,Providencia/Chapalita/Americana,same normalized business name as previous campaign,bufete juridico,deduplication_index.csv
BUFETE JURICO SIN NOMBRE,Guadalajara,Providencia/Chapalita/Americana,same normalized business name as previous campaign,bufete jurico sin nombre,deduplication_index.csv
BUFETE JURICO INTEGRAL,Guadalajara,Providencia/Chapalita/Americana,same normalized business name as previous campaign,bufete jurico integral,deduplication_index.csv
BUFETE DE INTEGRACION JURIDICA OSORNIO,Guadalajara,Providencia/Chapalita/Americana,same normalized business name as previous campaign,bufete de integracion juridica osornio,deduplication_index.csv
BUFETE DE AGOGADOS CASTILLO Y ASOCIADOS,Guadalajara,Providencia/Chapalita/Americana,same normalized business name as previous campaign,bufete de agogados castillo y asociados,deduplication_index.csv
BUFETE DE ABOGADOS SIN NOMBRE,Guadalajara,Providencia/Chapalita/Americana,same normalized business name as previous campaign,bufete de abogados sin nombre,deduplication_index.csv
BUFETE DE ABOGADOS,Guadalajara,Providencia/Chapalita/Americana,same normalized business name as previous campaign,bufete de abogados,deduplication_index.csv
BUFET JURIDICO,Guadalajara,Providencia/Chapalita/Americana,same normalized business name as previous campaign,bufet juridico,deduplication_index.csv
BUFET JURIDICO,Guadalajara,Providencia/Chapalita/Americana,same normalized business name as previous campaign,bufet juridico,deduplication_index.csv
BUFET JURIDICO,Guadalajara,Providencia/Chapalita/Americana,same normalized business name as previous campaign,bufet juridico,deduplication_index.csv
BCP CONSULTORES,Guadalajara,Providencia/Chapalita/Americana,same normalized business name as previous campaign,bcp consultores,deduplication_index.csv
ASESORIA Y CONSULTORIA LEGAL,Guadalajara,Providencia/Chapalita/Americana,same normalized business name as previous campaign,asesoria y consultoria legal,deduplication_index.csv
ASESORIA INTEGRAL,Guadalajara,Providencia/Chapalita/Americana,same normalized business name as previous campaign,asesoria integral,deduplication_index.csv
ASESORES Y SERVICIOS JURIDICOS PRIETO,Guadalajara,Providencia/Chapalita/Americana,same normalized business name as previous campaign,asesores y servicios juridicos prieto,deduplication_index.csv
ASESORES PROFESIONALES SIN NOMBRE,Guadalajara,Providencia/Chapalita/Americana,same normalized business name as previous campaign,asesores profesionales sin nombre,deduplication_index.csv
ASEJ CORPORATIVO PROFESIONAL,Guadalajara,Providencia/Chapalita/Americana,same normalized business name as previous campaign,asej corporativo profesional,deduplication_index.csv
ARCA ABOGADOS CORPORATIVO,Guadalajara,Providencia/Chapalita/Americana,same normalized business name as previous campaign,arca abogados corporativo,deduplication_index.csv
AMADOR SERVICIOS PROFESIONALES,Guadalajara,Providencia/Chapalita/Americana,same normalized business name as previous campaign,amador servicios profesionales,deduplication_index.csv
ALFREDO MEDINA Y ASOCIADOS CONSULTORES LEGALES,Guadalajara,Providencia/Chapalita/Americana,same normalized business name as previous campaign,alfredo medina y asociados consultores legales,deduplication_index.csv
AL Y G ASOCIADOS,Guadalajara,Providencia/Chapalita/Americana,same normalized business name as previous campaign,al y g asociados,deduplication_index.csv
AGUILA Y ASOCIADOS,Guadalajara,Providencia/Chapalita/Americana,same normalized business name as previous campaign,aguila y asociados,deduplication_index.csv
AGRARIO SERVICIOS DE CONSULTORIA,Guadalajara,Providencia/Chapalita/Americana,same normalized business name as previous campaign,agrario servicios de consultoria,deduplication_index.csv
ABOGADOS Y ASOCIADOS,Guadalajara,Providencia/Chapalita/Americana,same normalized business name as previous campaign,abogados y asociados,deduplication_index.csv
ABOGADOS SIN NOMBRE,Guadalajara,Providencia/Chapalita/Americana,same normalized business name as previous campaign,abogados sin nombre,deduplication_index.csv
ABOGADOS JAVIER PERLASCA,Guadalajara,Providencia/Chapalita/Americana,same normalized business name as previous campaign,abogados javier perlasca,deduplication_index.csv
ABOGADOS COG,Guadalajara,Providencia/Chapalita/Americana,same normalized business name as previous campaign,abogados cog,deduplication_index.csv
ABOGADOS,Guadalajara,Providencia/Chapalita/Americana,same normalized business name as previous campaign,abogados,deduplication_index.csv
ABOGADOS,Guadalajara,Providencia/Chapalita/Americana,same normalized business name as previous campaign,abogados,deduplication_index.csv
ABOGADO SIN NOMBRE,Guadalajara,Providencia/Chapalita/Americana,same normalized business name as previous campaign,abogado sin nombre,deduplication_index.csv
ABOGADO,Guadalajara,Providencia/Chapalita/Americana,same normalized business name as previous campaign,abogado,deduplication_index.csv
LENTES DE SOL,Guadalajara,Providencia/Chapalita/Americana,same normalized business name as previous campaign,lentes de sol,deduplication_index.csv
OPTICA SAN MARTIN,Guadalajara,Providencia/Chapalita/Americana,same normalized business name as previous campaign,optica san martin,deduplication_index.csv
OPTIXPRESS,Guadalajara,Providencia/Chapalita/Americana,same normalized business name as previous campaign,optixpress,deduplication_index.csv
VENTA DE LENTES DE CONTACTO SIN NOMBRE,Guadalajara,Providencia/Chapalita/Americana,same normalized business name as previous campaign,venta de lentes de contacto sin nombre,deduplication_index.csv
ZARGO VISION,Guadalajara,Providencia/Chapalita/Americana,same normalized business name as previous campaign,zargo vision,deduplication_index.csv
VENTA DE LENTES DE CONTACTO SIN NOMBRE,Guadalajara,Providencia/Chapalita/Americana,same normalized business name as previous campaign,venta de lentes de contacto sin nombre,deduplication_index.csv
VENTA DE LENTES ALONDRA,Guadalajara,Providencia/Chapalita/Americana,same normalized business name as previous campaign,venta de lentes alondra,deduplication_index.csv
VENTA DE LENTE SIN NOMBRE,Guadalajara,Providencia/Chapalita/Americana,same normalized business name as previous campaign,venta de lente sin nombre,deduplication_index.csv
TIENDA DE LENTES GAGO,Guadalajara,Providencia/Chapalita/Americana,same normalized business name as previous campaign,tienda de lentes gago,deduplication_index.csv
TIENDA DE LENTES DE SOL SIN NOMBRE,Guadalajara,Providencia/Chapalita/Americana,same normalized business name as previous campaign,tienda de lentes de sol sin nombre,deduplication_index.csv
TIENDA DE LENTES,Guadalajara,Providencia/Chapalita/Americana,same normalized business name as previous campaign,tienda de lentes,deduplication_index.csv
TALLER DE LENTES MARTIN,Guadalajara,Providencia/Chapalita/Americana,same normalized business name as previous campaign,taller de lentes martin,deduplication_index.csv
SUNCITY LENTES PARA EL SOL,Guadalajara,Providencia/Chapalita/Americana,same normalized business name as previous campaign,suncity lentes para el sol,deduplication_index.csv
STILOS OPTICA Y ACCESORIOS,Guadalajara,Providencia/Chapalita/Americana,same normalized business name as previous campaign,stilos optica y accesorios,deduplication_index.csv
SERVICIOS OPTICOS GUADALAJARA,Guadalajara,Providencia/Chapalita/Americana,same normalized business name as previous campaign,servicios opticos guadalajara,deduplication_index.csv
SERVICIOS OPTICOS DE CALIDAD,Guadalajara,Providencia/Chapalita/Americana,same normalized business name as previous campaign,servicios opticos de calidad,deduplication_index.csv
SERVICIOS OPTICOS DE CALIDAD,Guadalajara,Providencia/Chapalita/Americana,same normalized business name as previous campaign,servicios opticos de calidad,deduplication_index.csv
SERVICIOS DE OPTICA SAN MIGUEL,Guadalajara,Providencia/Chapalita/Americana,same normalized business name as previous campaign,servicios de optica san miguel,deduplication_index.csv
REPRESENTACIONES OPTICAS DE OCCIDENTE,Guadalajara,Providencia/Chapalita/Americana,same normalized business name as previous campaign,representaciones opticas de occidente,deduplication_index.csv
PRISKA,Guadalajara,Providencia/Chapalita/Americana,same normalized business name as previous campaign,priska,deduplication_index.csv
PRINILA,Guadalajara,Providencia/Chapalita/Americana,same normalized business name as previous campaign,prinila,deduplication_index.csv
PRETTY OPTICAL,Guadalajara,Providencia/Chapalita/Americana,same normalized business name as previous campaign,pretty optical,deduplication_index.csv
OROS OPTICA,Guadalajara,Providencia/Chapalita/Americana,same normalized business name as previous campaign,oros optica,deduplication_index.csv
OPTIXPRESS,Guadalajara,Providencia/Chapalita/Americana,same normalized business name as previous campaign,optixpress,deduplication_index.csv
OPTIXPRESS,Guadalajara,Providencia/Chapalita/Americana,same normalized business name as previous campaign,optixpress,deduplication_index.csv
OPTIVICION,Guadalajara,Providencia/Chapalita/Americana,same normalized business name as previous campaign,optivicion,deduplication_index.csv
OPTITLAN OPTICA,Guadalajara,Providencia/Chapalita/Americana,same normalized business name as previous campaign,optitlan optica,deduplication_index.csv
OPTIS-OEM,Guadalajara,Providencia/Chapalita/Americana,same normalized business name as previous campaign,optis oem,deduplication_index.csv
OPTISHOP,Guadalajara,Providencia/Chapalita/Americana,same normalized business name as previous campaign,optishop,deduplication_index.csv
OPTIGLASS,Guadalajara,Providencia/Chapalita/Americana,same normalized business name as previous campaign,optiglass,deduplication_index.csv
ÓPTICOS LLAMAS,Guadalajara,Providencia/Chapalita/Americana,same normalized business name as previous campaign,opticos llamas,deduplication_index.csv
OPTICOS ALDAPA,Guadalajara,Providencia/Chapalita/Americana,same normalized business name as previous campaign,opticos aldapa,deduplication_index.csv
OPTICASDEVLYN B783,Guadalajara,Providencia/Chapalita/Americana,same normalized business name as previous campaign,opticasdevlyn b783,deduplication_index.csv
Ópticas Ver de Verdad,Guadalajara,Providencia/Chapalita/Americana,same normalized phone as previous campaign,523333131880,deduplication_index.csv
OPTICAS SIGLO,Guadalajara,Providencia/Chapalita/Americana,same normalized business name as previous campaign,opticas siglo,deduplication_index.csv
OPTICAS SAN JOSE,Guadalajara,Providencia/Chapalita/Americana,same normalized business name as previous campaign,opticas san jose,deduplication_index.csv
OPTICAS PLATINO,Guadalajara,Providencia/Chapalita/Americana,same normalized business name as previous campaign,opticas platino,deduplication_index.csv
OPTICAS MEDICA,Guadalajara,Providencia/Chapalita/Americana,same normalized business name as previous campaign,opticas medica,deduplication_index.csv
OPTICAS LUNA,Guadalajara,Providencia/Chapalita/Americana,same normalized business name as previous campaign,opticas luna,deduplication_index.csv
OPTICAS LEOS,Guadalajara,Providencia/Chapalita/Americana,same normalized business name as previous campaign,opticas leos,deduplication_index.csv
ÓPTICAS GAITÁN,Guadalajara,Providencia/Chapalita/Americana,same normalized business name as previous campaign,opticas gaitan,deduplication_index.csv
OPTICAS DEVLYN B901,Guadalajara,Providencia/Chapalita/Americana,same normalized business name as previous campaign,opticas devlyn b901,deduplication_index.csv
OPTICAS DEVLYN B266,Guadalajara,Providencia/Chapalita/Americana,same normalized business name as previous campaign,opticas devlyn b266,deduplication_index.csv
OPTICAS DEVLYN A772,Guadalajara,Providencia/Chapalita/Americana,same normalized business name as previous campaign,opticas devlyn a772,deduplication_index.csv
OPTICAS DE DESCUENTO,Guadalajara,Providencia/Chapalita/Americana,same normalized business name as previous campaign,opticas de descuento,deduplication_index.csv
OPTICA WIZAR,Guadalajara,Providencia/Chapalita/Americana,same normalized business name as previous campaign,optica wizar,deduplication_index.csv
OPTICA VISTRA,Guadalajara,Providencia/Chapalita/Americana,same normalized business name as previous campaign,optica vistra,deduplication_index.csv
OPTICA VISSIONS,Guadalajara,Providencia/Chapalita/Americana,same normalized business name as previous campaign,optica vissions,deduplication_index.csv
OPTICA VISION,Guadalajara,Providencia/Chapalita/Americana,same normalized business name as previous campaign,optica vision,deduplication_index.csv
OPTICA VEO,Guadalajara,Providencia/Chapalita/Americana,same normalized business name as previous campaign,optica veo,deduplication_index.csv
OPTICA VARIEDADES,Guadalajara,Providencia/Chapalita/Americana,same normalized business name as previous campaign,optica variedades,deduplication_index.csv
Óptica Ulloa,Guadalajara,Providencia/Chapalita/Americana,same normalized phone as previous campaign,523314368927,deduplication_index.csv
OPTICA TU OPTICA,Guadalajara,Providencia/Chapalita/Americana,same normalized business name as previous campaign,optica tu optica,deduplication_index.csv
OPTICA SIWEL,Guadalajara,Providencia/Chapalita/Americana,same normalized business name as previous campaign,optica siwel,deduplication_index.csv
OPTICA SIN NOMBRE,Guadalajara,Providencia/Chapalita/Americana,same normalized business name as previous campaign,optica sin nombre,deduplication_index.csv
ÓPTICA SANTINI,Guadalajara,Providencia/Chapalita/Americana,same normalized business name as previous campaign,optica santini,deduplication_index.csv
OPTICA SAN PABLO,Guadalajara,Providencia/Chapalita/Americana,same normalized business name as previous campaign,optica san pablo,deduplication_index.csv
OPTICA SAN NICOLAS,Guadalajara,Providencia/Chapalita/Americana,same normalized business name as previous campaign,optica san nicolas,deduplication_index.csv
OPTICA SAN MARTIN,Guadalajara,Providencia/Chapalita/Americana,same normalized business name as previous campaign,optica san martin,deduplication_index.csv
OPTICA SAN DIEGO,Guadalajara,Providencia/Chapalita/Americana,same normalized business name as previous campaign,optica san diego,deduplication_index.csv
OPTICA SAN DIEGO,Guadalajara,Providencia/Chapalita/Americana,same normalized business name as previous campaign,optica san diego,deduplication_index.csv
OPTICA SAINT MICHAEL,Guadalajara,Providencia/Chapalita/Americana,same normalized business name as previous campaign,optica saint michael,deduplication_index.csv
OPTICA PROSALUD,Guadalajara,Providencia/Chapalita/Americana,same normalized business name as previous campaign,optica prosalud,deduplication_index.csv
OPTICA PRISMA,Guadalajara,Providencia/Chapalita/Americana,same normalized business name as previous campaign,optica prisma,deduplication_index.csv
OPTICA PRE MEDIC,Guadalajara,Providencia/Chapalita/Americana,same normalized business name as previous campaign,optica pre medic,deduplication_index.csv
OPTICA PARIS JR HOSPITAL LA LECHUZA,Guadalajara,Providencia/Chapalita/Americana,same normalized business name as previous campaign,optica paris jr hospital la lechuza,deduplication_index.csv
OPTICA PARIS,Guadalajara,Providencia/Chapalita/Americana,same normalized business name as previous campaign,optica paris,deduplication_index.csv
OPTICA PALOMINO,Guadalajara,Providencia/Chapalita/Americana,same normalized business name as previous campaign,optica palomino,deduplication_index.csv
OPTICA OMEGA,Guadalajara,Providencia/Chapalita/Americana,same normalized business name as previous campaign,optica omega,deduplication_index.csv
OPTICA OJOS FELICES,Guadalajara,Providencia/Chapalita/Americana,same normalized business name as previous campaign,optica ojos felices,deduplication_index.csv
OPTICA NUÑEZ,Guadalajara,Providencia/Chapalita/Americana,same normalized business name as previous campaign,optica nunez,deduplication_index.csv
OPTICA NUEVA VISION,Guadalajara,Providencia/Chapalita/Americana,same normalized business name as previous campaign,optica nueva vision,deduplication_index.csv
OPTICA MULTILENTES,Guadalajara,Providencia/Chapalita/Americana,same normalized business name as previous campaign,optica multilentes,deduplication_index.csv
OPTICA MERINO,Guadalajara,Providencia/Chapalita/Americana,same normalized business name as previous campaign,optica merino,deduplication_index.csv
OPTICA MENDOZA,Guadalajara,Providencia/Chapalita/Americana,same normalized business name as previous campaign,optica mendoza,deduplication_index.csv
OPTICA MAKO,Guadalajara,Providencia/Chapalita/Americana,same normalized business name as previous campaign,optica mako,deduplication_index.csv
OPTICA LINCEO,Guadalajara,Providencia/Chapalita/Americana,same normalized business name as previous campaign,optica linceo,deduplication_index.csv
OPTICA LENZ,Guadalajara,Providencia/Chapalita/Americana,same normalized business name as previous campaign,optica lenz,deduplication_index.csv
OPTICA LASER LC,Guadalajara,Providencia/Chapalita/Americana,same normalized business name as previous campaign,optica laser lc,deduplication_index.csv
OPTICA LA MERCED,Guadalajara,Providencia/Chapalita/Americana,same normalized business name as previous campaign,optica la merced,deduplication_index.csv
OPTICA LA LECHUZA JR,Guadalajara,Providencia/Chapalita/Americana,same normalized business name as previous campaign,optica la lechuza jr,deduplication_index.csv
OPTICA LA ESPERANZA,Guadalajara,Providencia/Chapalita/Americana,same normalized business name as previous campaign,optica la esperanza,deduplication_index.csv
OPTICA JASADI,Guadalajara,Providencia/Chapalita/Americana,same normalized business name as previous campaign,optica jasadi,deduplication_index.csv
OPTICA JALISCO,Guadalajara,Providencia/Chapalita/Americana,same normalized business name as previous campaign,optica jalisco,deduplication_index.csv
OPTICA ISABEL,Guadalajara,Providencia/Chapalita/Americana,same normalized business name as previous campaign,optica isabel,deduplication_index.csv
OPTICA INTERNACIONAL,Guadalajara,Providencia/Chapalita/Americana,same normalized business name as previous campaign,optica internacional,deduplication_index.csv
OPTICA INDUSTRIAL,Guadalajara,Providencia/Chapalita/Americana,same normalized business name as previous campaign,optica industrial,deduplication_index.csv
OPTICA IDEAL,Guadalajara,Providencia/Chapalita/Americana,same normalized business name as previous campaign,optica ideal,deduplication_index.csv
OPTICA GARZON,Guadalajara,Providencia/Chapalita/Americana,same normalized business name as previous campaign,optica garzon,deduplication_index.csv
OPTICA EXPRESS,Guadalajara,Providencia/Chapalita/Americana,same normalized business name as previous campaign,optica express,deduplication_index.csv
OPTICA EN FARMACIA GEMINIS,Guadalajara,Providencia/Chapalita/Americana,same normalized business name as previous campaign,optica en farmacia geminis,deduplication_index.csv
OPTICA ECONOMICA,Guadalajara,Providencia/Chapalita/Americana,same normalized business name as previous campaign,optica economica,deduplication_index.csv
ÓPTICA DELGADO,Guadalajara,Providencia/Chapalita/Americana,same normalized business name as previous campaign,optica delgado,deduplication_index.csv
ÓPTICA DEL PARQUE,Guadalajara,Providencia/Chapalita/Americana,same normalized business name as previous campaign,optica del parque,deduplication_index.csv
OPTICA DEL CARMEN,Guadalajara,Providencia/Chapalita/Americana,same normalized business name as previous campaign,optica del carmen,deduplication_index.csv
OPTICA DE JESUS,Guadalajara,Providencia/Chapalita/Americana,same normalized business name as previous campaign,optica de jesus,deduplication_index.csv
OPTICA DE GUADALAJARA,Guadalajara,Providencia/Chapalita/Americana,same normalized business name as previous campaign,optica de guadalajara,deduplication_index.csv
OPTICA CRISTAL,Guadalajara,Providencia/Chapalita/Americana,same normalized business name as previous campaign,optica cristal,deduplication_index.csv
OPTICA CRISTAL,Guadalajara,Providencia/Chapalita/Americana,same normalized business name as previous campaign,optica cristal,deduplication_index.csv
OPTICA CRISTAL,Guadalajara,Providencia/Chapalita/Americana,same normalized business name as previous campaign,optica cristal,deduplication_index.csv
OPTICA CONTACTO,Guadalajara,Providencia/Chapalita/Americana,same normalized business name as previous campaign,optica contacto,deduplication_index.csv
OPTICA CLEAN VISION,Guadalajara,Providencia/Chapalita/Americana,same normalized business name as previous campaign,optica clean vision,deduplication_index.csv
OPTICA CLARITY,Guadalajara,Providencia/Chapalita/Americana,same normalized business name as previous campaign,optica clarity,deduplication_index.csv
OPTICA CHAPULTEPEC,Guadalajara,Providencia/Chapalita/Americana,same normalized business name as previous campaign,optica chapultepec,deduplication_index.csv
OPTICA BRIX,Guadalajara,Providencia/Chapalita/Americana,same normalized business name as previous campaign,optica brix,deduplication_index.csv
OPTICA AZPEITIA 1446 A,Guadalajara,Providencia/Chapalita/Americana,same normalized business name as previous campaign,optica azpeitia 1446 a,deduplication_index.csv
OPTICA ALEJANDRA,Guadalajara,Providencia/Chapalita/Americana,same normalized business name as previous campaign,optica alejandra,deduplication_index.csv
OPTICA,Guadalajara,Providencia/Chapalita/Americana,same normalized business name as previous campaign,optica,deduplication_index.csv
OPTIC STORE,Guadalajara,Providencia/Chapalita/Americana,same normalized business name as previous campaign,optic store,deduplication_index.csv
OJOPTICA,Guadalajara,Providencia/Chapalita/Americana,same normalized business name as previous campaign,ojoptica,deduplication_index.csv
MUNDO DE LOS LENTES,Guadalajara,Providencia/Chapalita/Americana,same normalized business name as previous campaign,mundo de los lentes,deduplication_index.csv
LOS LENTES,Guadalajara,Providencia/Chapalita/Americana,same normalized business name as previous campaign,los lentes,deduplication_index.csv
LENTICON LENS,Guadalajara,Providencia/Chapalita/Americana,same normalized business name as previous campaign,lenticon lens,deduplication_index.csv
LENTES Y NOVEDADES,Guadalajara,Providencia/Chapalita/Americana,same normalized business name as previous campaign,lentes y novedades,deduplication_index.csv
LENTES Y NOVEDADES,Guadalajara,Providencia/Chapalita/Americana,same normalized business name as previous campaign,lentes y novedades,deduplication_index.csv
LENTES Y BISUTERIA,Guadalajara,Providencia/Chapalita/Americana,same normalized business name as previous campaign,lentes y bisuteria,deduplication_index.csv
LENTES DE SOL,Guadalajara,Providencia/Chapalita/Americana,same normalized business name as previous campaign,lentes de sol,deduplication_index.csv
LENTES DE CONTACTO,Guadalajara,Providencia/Chapalita/Americana,same normalized business name as previous campaign,lentes de contacto,deduplication_index.csv
LENTERIA SALUD VISUAL,Guadalajara,Providencia/Chapalita/Americana,same normalized business name as previous campaign,lenteria salud visual,deduplication_index.csv
LENTELOPOLIS,Guadalajara,Providencia/Chapalita/Americana,same normalized business name as previous campaign,lentelopolis,deduplication_index.csv
LEDEZMA OPTICA,Guadalajara,Providencia/Chapalita/Americana,same normalized phone as previous campaign,523316232480,deduplication_index.csv
LEDESMA ÓPTICOS,Guadalajara,Providencia/Chapalita/Americana,same normalized business name as previous campaign,ledesma opticos,deduplication_index.csv
LABORATORIO DE LENTES,Guadalajara,Providencia/Chapalita/Americana,same normalized business name as previous campaign,laboratorio de lentes,deduplication_index.csv
LA ESQUINA DE TUS OJOS,Guadalajara,Providencia/Chapalita/Americana,same normalized business name as previous campaign,la esquina de tus ojos,deduplication_index.csv
INOVA VISIÓN,Guadalajara,Providencia/Chapalita/Americana,same normalized business name as previous campaign,inova vision,deduplication_index.csv
INOVA VISION,Guadalajara,Providencia/Chapalita/Americana,same normalized business name as previous campaign,inova vision,deduplication_index.csv
HORUS,Guadalajara,Providencia/Chapalita/Americana,same normalized business name as previous campaign,horus,deduplication_index.csv
HOROPTICA,Guadalajara,Providencia/Chapalita/Americana,same normalized business name as previous campaign,horoptica,deduplication_index.csv
GAFASTMK,Guadalajara,Providencia/Chapalita/Americana,same normalized business name as previous campaign,gafastmk,deduplication_index.csv
GAFAS,Guadalajara,Providencia/Chapalita/Americana,same normalized business name as previous campaign,gafas,deduplication_index.csv
FABRICA DE LENTES,Guadalajara,Providencia/Chapalita/Americana,same normalized business name as previous campaign,fabrica de lentes,deduplication_index.csv
FABRICA DE LENTES,Guadalajara,Providencia/Chapalita/Americana,same normalized business name as previous campaign,fabrica de lentes,deduplication_index.csv
FABRICA DE LENTES,Guadalajara,Providencia/Chapalita/Americana,same normalized business name as previous campaign,fabrica de lentes,deduplication_index.csv
Euro Visión,Guadalajara,Providencia/Chapalita/Americana,same normalized business name as previous campaign,euro vision,deduplication_index.csv
ENTRE LENTES,Guadalajara,Providencia/Chapalita/Americana,same normalized business name as previous campaign,entre lentes,deduplication_index.csv
EL MUNDO DE LOS LENTES,Guadalajara,Providencia/Chapalita/Americana,same normalized business name as previous campaign,el mundo de los lentes,deduplication_index.csv
DISTRIBUIDORA SERRANO,Guadalajara,Providencia/Chapalita/Americana,same normalized business name as previous campaign,distribuidora serrano,deduplication_index.csv
DISTRIBUIDORA OPTICA,Guadalajara,Providencia/Chapalita/Americana,same normalized business name as previous campaign,distribuidora optica,deduplication_index.csv
DISTRIBUIDORA EUROPEA DE ARTICULOS OPTICOS,Guadalajara,Providencia/Chapalita/Americana,same normalized business name as previous campaign,distribuidora europea de articulos opticos,deduplication_index.csv
DIOPTIX,Guadalajara,Providencia/Chapalita/Americana,same normalized business name as previous campaign,dioptix,deduplication_index.csv
CONSULTORIO MEDICO DE OFTALMOLOGIA,Guadalajara,Providencia/Chapalita/Americana,same normalized business name as previous campaign,consultorio medico de oftalmologia,deduplication_index.csv
CONFORTLENS,Guadalajara,Providencia/Chapalita/Americana,same normalized business name as previous campaign,confortlens,deduplication_index.csv
COMERCIO AL POR MENOR DE LENTES SIN NOMBRE,Guadalajara,Providencia/Chapalita/Americana,same normalized business name as previous campaign,comercio al por menor de lentes sin nombre,deduplication_index.csv
COMERCIO AL POR MENOR DE LENTES,Guadalajara,Providencia/Chapalita/Americana,same normalized business name as previous campaign,comercio al por menor de lentes,deduplication_index.csv
COMERCIO AL POR MENOR DE LENTES,Guadalajara,Providencia/Chapalita/Americana,same normalized business name as previous campaign,comercio al por menor de lentes,deduplication_index.csv
CENTRO OFTAMOLOGICO SANTA TERESA,Guadalajara,Providencia/Chapalita/Americana,same normalized business name as previous campaign,centro oftamologico santa teresa,deduplication_index.csv
BODEGA OPTICA,Guadalajara,Providencia/Chapalita/Americana,same normalized business name as previous campaign,bodega optica,deduplication_index.csv
BEST VISION,Guadalajara,Providencia/Chapalita/Americana,same normalized business name as previous campaign,best vision,deduplication_index.csv
ALTAVISTA OPTICA Y LABORATORIO,Guadalajara,Providencia/Chapalita/Americana,same normalized business name as previous campaign,altavista optica y laboratorio,deduplication_index.csv
ABASTECEDORA OPTICA LEON,Guadalajara,Providencia/Chapalita/Americana,same normalized business name as previous campaign,abastecedora optica leon,deduplication_index.csv
Dentalign - Dentists and Orthodontist,Guadalajara,Providencia/Chapalita/Americana,same normalized phone as previous campaign,523310918893,deduplication_index.csv
Casa Moriori,Guadalajara,Providencia/Chapalita/Americana,same normalized phone as previous campaign,523313368348,deduplication_index.csv
Broken Cheese Pizza,Guadalajara,Providencia/Chapalita/Americana,same normalized business name as previous campaign,broken cheese pizza,deduplication_index.csv
Ćruz Verde Delgadillo Araujo,Guadalajara,Providencia/Chapalita/Americana,same normalized phone as previous campaign,523312018648,deduplication_index.csv
Foco al Aire,Guadalajara,Providencia/Chapalita/Americana,same normalized phone as previous campaign,523331211100,deduplication_index.csv
Barrio de Quilmes,Guadalajara,Providencia/Chapalita/Americana,same normalized phone as previous campaign,523336474445,deduplication_index.csv
Mariscos Save,Guadalajara,Providencia/Chapalita/Americana,same normalized phone as previous campaign,523338131194,deduplication_index.csv
Lonchería Lisboa,Guadalajara,Providencia/Chapalita/Americana,same normalized phone as previous campaign,523338129079,deduplication_index.csv
Tacos y Gorditas Elvira,Guadalajara,Providencia/Chapalita/Americana,same normalized phone as previous campaign,523322470894,deduplication_index.csv
Tortas ahogadas Hugo,Guadalajara,Providencia/Chapalita/Americana,same normalized phone as previous campaign,523313862406,deduplication_index.csv
MESÓN A.C,Guadalajara,Providencia/Chapalita/Americana,same normalized phone as previous campaign,523336131918,deduplication_index.csv
AHF México - Wellness Center Guadalajara,Guadalajara,Providencia/Chapalita/Americana,same normalized phone as previous campaign,523338015091,deduplication_index.csv
Rearquitectura,Puebla,Angelópolis/Zavaleta/La Paz,same normalized phone as previous campaign,522222377569,deduplication_index.csv
Itaymau - Salón de belleza y Spa,Puebla,Angelópolis/Zavaleta/La Paz,same normalized phone as previous campaign,522223794040,deduplication_index.csv
LARR Aparatos Ortopedicos,Puebla,Angelópolis/Zavaleta/La Paz,same normalized phone as previous campaign,522222423717,deduplication_index.csv
Azienda Tacos & Grill,Puebla,Angelópolis/Zavaleta/La Paz,same normalized phone as previous campaign,522228897238,deduplication_index.csv
Casa RACSS,Puebla,Angelópolis/Zavaleta/La Paz,same normalized business name as previous campaign,casa racss,deduplication_index.csv
Ortho Tech (órtesis y prótesis),Puebla,Angelópolis/Zavaleta/La Paz,same normalized phone as previous campaign,522222377543,deduplication_index.csv
La Casa Del Mendrugo,Puebla,Angelópolis/Zavaleta/La Paz,same normalized business name as previous campaign,la casa del mendrugo,deduplication_index.csv
La Cocina de Elvia,Puebla,Angelópolis/Zavaleta/La Paz,same normalized business name as previous campaign,la cocina de elvia,deduplication_index.csv
El Mesón de los Toros,Puebla,Angelópolis/Zavaleta/La Paz,same normalized phone as previous campaign,522227052978,deduplication_index.csv
Kampai,Puebla,Angelópolis/Zavaleta/La Paz,same normalized phone as previous campaign,522221697374,deduplication_index.csv
El Mesón de Don Pancho,Puebla,Angelópolis/Zavaleta/La Paz,same normalized business name as previous campaign,el meson de don pancho,deduplication_index.csv
Bistro 702 - La Paz,Puebla,Angelópolis/Zavaleta/La Paz,same normalized phone as previous campaign,522228062305,deduplication_index.csv
Birria La Yaya,Puebla,Angelópolis/Zavaleta/La Paz,same normalized phone as previous campaign,522223577328,deduplication_index.csv
Parrilla Galbia,Puebla,Angelópolis/Zavaleta/La Paz,same normalized phone as previous campaign,522222645793,deduplication_index.csv
La Yaquesita,Puebla,Angelópolis/Zavaleta/La Paz,same normalized phone as previous campaign,522212348665,deduplication_index.csv
Dolce Pecatto Crystal,Puebla,Angelópolis/Zavaleta/La Paz,same normalized phone as previous campaign,522226949494,deduplication_index.csv
Dolce Pecatto Dorada,Puebla,Angelópolis/Zavaleta/La Paz,same normalized phone as previous campaign,522226949494,deduplication_index.csv
Dolce Pecatto Portales,Puebla,Angelópolis/Zavaleta/La Paz,same normalized phone as previous campaign,522226949494,deduplication_index.csv
Dolce Pecatto San Pedro,Puebla,Angelópolis/Zavaleta/La Paz,same normalized phone as previous campaign,522226949494,deduplication_index.csv
Café Aguirre,Puebla,Angelópolis/Zavaleta/La Paz,same normalized phone as previous campaign,522229562771,deduplication_index.csv
Tacos La china,Puebla,Angelópolis/Zavaleta/La Paz,same normalized phone as previous campaign,522225022663,deduplication_index.csv
Dentalia,Puebla,Angelópolis/Zavaleta/La Paz,same normalized phone as previous campaign,528000033682,deduplication_index.csv
Farmacia veterinaria Acuario,Puebla,Angelópolis/Zavaleta/La Paz,same normalized phone as previous campaign,522222322456,deduplication_index.csv
La Chilaquileria,Puebla,Angelópolis/Zavaleta/La Paz,same normalized phone as previous campaign,522212777996,deduplication_index.csv
El Zapata,Puebla,Angelópolis/Zavaleta/La Paz,same normalized phone as previous campaign,522226033512,deduplication_index.csv
Minerva Hospital Veterinario,Puebla,Angelópolis/Zavaleta/La Paz,same normalized phone as previous campaign,522222312511,deduplication_index.csv
Los Vampiros Emparedados,Puebla,Angelópolis/Zavaleta/La Paz,same normalized phone as previous campaign,522222799499,deduplication_index.csv
Herrera Fuentes Dental,Puebla,Angelópolis/Zavaleta/La Paz,same normalized phone as previous campaign,522223864172,deduplication_index.csv
Bistro 702 - Angelópolis,Puebla,Angelópolis/Zavaleta/La Paz,same normalized phone as previous campaign,522222257529,deduplication_index.csv
TAISHŌRI,Puebla,Angelópolis/Zavaleta/La Paz,same normalized phone as previous campaign,522221695478,deduplication_index.csv
Rodri's Pizza,Puebla,Angelópolis/Zavaleta/La Paz,same normalized phone as previous campaign,522222845050,deduplication_index.csv
Pasta y Pizza Verona,Puebla,Angelópolis/Zavaleta/La Paz,same normalized phone as previous campaign,522228881704,deduplication_index.csv
Tacos Cabo,Puebla,Angelópolis/Zavaleta/La Paz,same normalized phone as previous campaign,522228894924,deduplication_index.csv
Opticas Optimolina,Mérida,Mérida Norte/Altabrisa/Montebello/Temozón,same normalized business name as previous campaign,opticas optimolina,deduplication_index.csv
La Pigua,Mérida,Mérida Norte/Altabrisa/Montebello/Temozón,same normalized phone as previous campaign,529999203605,deduplication_index.csv
La Revo Bar and Fajita House,Mérida,Mérida Norte/Altabrisa/Montebello/Temozón,same normalized phone as previous campaign,529992917250,deduplication_index.csv
Toro Cortes Finos,Mérida,Mérida Norte/Altabrisa/Montebello/Temozón,same normalized phone as previous campaign,529999813850,deduplication_index.csv
Sushi Co.,Mérida,Mérida Norte/Altabrisa/Montebello/Temozón,same normalized phone as previous campaign,529999443232,deduplication_index.csv
Misión Animal,Mérida,Mérida Norte/Altabrisa/Montebello/Temozón,same normalized phone as previous campaign,529991833102,deduplication_index.csv
Oftalmérida,Mérida,Mérida Norte/Altabrisa/Montebello/Temozón,same normalized phone as previous campaign,529999271792,deduplication_index.csv
CEDIMMONT,Mérida,Mérida Norte/Altabrisa/Montebello/Temozón,same normalized phone as previous campaign,529991950267,deduplication_index.csv
Balance Total,Mérida,Mérida Norte/Altabrisa/Montebello/Temozón,same normalized phone as previous campaign,529992184359,deduplication_index.csv
Pizza Hut,Mérida,Mérida Norte/Altabrisa/Montebello/Temozón,same normalized business name as previous campaign,pizza hut,deduplication_index.csv
Pescadería La Ribera,Mérida,Mérida Norte/Altabrisa/Montebello/Temozón,same normalized phone as previous campaign,529999446099,deduplication_index.csv
"Caamal, Caamal",Mérida,Mérida Norte/Altabrisa/Montebello/Temozón,same normalized phone as previous campaign,529999258824,deduplication_index.csv
Pastelicioso Gourmet,Mérida,Mérida Norte/Altabrisa/Montebello/Temozón,same normalized phone as previous campaign,529997388229,deduplication_index.csv
Pastelicioso Gourmet,Mérida,Mérida Norte/Altabrisa/Montebello/Temozón,same normalized phone as previous campaign,529997388221,deduplication_index.csv
Gin 47,Mérida,Mérida Norte/Altabrisa/Montebello/Temozón,same normalized phone as previous campaign,529992171529,deduplication_index.csv
Devlyn,Mérida,Mérida Norte/Altabrisa/Montebello/Temozón,same normalized phone as previous campaign,529999415749,deduplication_index.csv
D'OR24K Prestige,Mérida,Mérida Norte/Altabrisa/Montebello/Temozón,same normalized phone as previous campaign,529991323009,deduplication_index.csv
d-uñas,Mérida,Mérida Norte/Altabrisa/Montebello/Temozón,same normalized phone as previous campaign,529999415294,deduplication_index.csv
Natural Scents,Mérida,Mérida Norte/Altabrisa/Montebello/Temozón,same normalized phone as previous campaign,529999416005,deduplication_index.csv
Opticas Lux,Mérida,Mérida Norte/Altabrisa/Montebello/Temozón,same normalized phone as previous campaign,529999415791,deduplication_index.csv
Johnny Rockets,Mérida,Mérida Norte/Altabrisa/Montebello/Temozón,same normalized business name as previous campaign,johnny rockets,deduplication_index.csv
L'Izzo,Mérida,Mérida Norte/Altabrisa/Montebello/Temozón,same normalized phone as previous campaign,529999415630,deduplication_index.csv
Sushi Roll Restaurante,Mérida,Mérida Norte/Altabrisa/Montebello/Temozón,same normalized phone as previous campaign,529999416831,deduplication_index.csv
La pequeña Susana,Mérida,Mérida Norte/Altabrisa/Montebello/Temozón,same normalized business name as previous campaign,la pequena susana,deduplication_index.csv
Katun,Mérida,Mérida Norte/Altabrisa/Montebello/Temozón,same normalized phone as previous campaign,529999201482,deduplication_index.csv
Shill&Go,Mérida,Mérida Norte/Altabrisa/Montebello/Temozón,same normalized phone as previous campaign,529994311342,deduplication_index.csv
Spa & star alta cosmetología,Mérida,Mérida Norte/Altabrisa/Montebello/Temozón,same normalized phone as previous campaign,529993265564,deduplication_index.csv
Odymed,Mérida,Mérida Norte/Altabrisa/Montebello/Temozón,same normalized phone as previous campaign,529991048455,deduplication_index.csv
Emilia's - Pizza & Pasta,Mérida,Mérida Norte/Altabrisa/Montebello/Temozón,same normalized phone as previous campaign,529991646107,deduplication_index.csv
Tokyo Shushi,Mérida,Mérida Norte/Altabrisa/Montebello/Temozón,same normalized phone as previous campaign,529991956819,deduplication_index.csv
TAITTO EXPRESS,Mérida,Mérida Norte/Altabrisa/Montebello/Temozón,same normalized business name as previous campaign,taitto express,deduplication_index.csv
Merci,Mérida,Mérida Norte/Altabrisa/Montebello/Temozón,same normalized phone as previous campaign,529999488281,deduplication_index.csv
Dentalia,Mérida,Mérida Norte/Altabrisa/Montebello/Temozón,same normalized phone as previous campaign,528000033682,deduplication_index.csv
Mr. Pampas,Mérida,Mérida Norte/Altabrisa/Montebello/Temozón,same normalized phone as previous campaign,529993491496,deduplication_index.csv
Talula Bar Natural,Mérida,Mérida Norte/Altabrisa/Montebello/Temozón,same normalized phone as previous campaign,529997252175,deduplication_index.csv
Avocado,Mérida,Mérida Norte/Altabrisa/Montebello/Temozón,same normalized phone as previous campaign,529993775166,deduplication_index.csv
Ojo de Aqua,Mérida,Mérida Norte/Altabrisa/Montebello/Temozón,same normalized phone as previous campaign,529992377930,deduplication_index.csv
Las Coronelas MID,Mérida,Mérida Norte/Altabrisa/Montebello/Temozón,same normalized phone as previous campaign,525642450784,deduplication_index.csv
Kōfuku,Mérida,Mérida Norte/Altabrisa/Montebello/Temozón,same normalized phone as previous campaign,529992195230,deduplication_index.csv
Jerome Steak Bistro,Mérida,Mérida Norte/Altabrisa/Montebello/Temozón,same normalized phone as previous campaign,529999482837,deduplication_index.csv
Jerome,Mérida,Mérida Norte/Altabrisa/Montebello/Temozón,same normalized phone as previous campaign,529999482837,deduplication_index.csv
Cocina Don José,Mérida,Mérida Norte/Altabrisa/Montebello/Temozón,same normalized phone as previous campaign,529992241783,deduplication_index.csv
Nuevo San Fernando Cochinita Y Lechon,Mérida,Mérida Norte/Altabrisa/Montebello/Temozón,same normalized phone as previous campaign,529993505923,deduplication_index.csv
Terapias Orientales,Mérida,Mérida Norte/Altabrisa/Montebello/Temozón,same normalized phone as previous campaign,529991914209,deduplication_index.csv
La Casa de los Animales,Mérida,Mérida Norte/Altabrisa/Montebello/Temozón,same normalized phone as previous campaign,529991774818,deduplication_index.csv
La Ceiba de la Xtabay,Mérida,Mérida Norte/Altabrisa/Montebello/Temozón,same normalized business name as previous campaign,la ceiba de la xtabay,deduplication_index.csv
Mayan Salón & Spa,Mérida,Mérida Norte/Altabrisa/Montebello/Temozón,same normalized phone as previous campaign,529992922935,deduplication_index.csv
Restaurante Canek Mérida,Mérida,Mérida Norte/Altabrisa/Montebello/Temozón,same normalized phone as previous campaign,529994882210,deduplication_index.csv
La Piazza Stuffed MID,Mérida,Mérida Norte/Altabrisa/Montebello/Temozón,same normalized phone as previous campaign,529992626688,deduplication_index.csv
Restaurante Las Cazuelas,Mérida,Mérida Norte/Altabrisa/Montebello/Temozón,same normalized phone as previous campaign,529991831890,deduplication_index.csv
Sushi Roll,Cancún,Zona Hotelera/Cumbres/Av. Bonampak,same normalized business name as previous campaign,529988841444,deduplication_index.csv
Dentalia,Cancún,Zona Hotelera/Cumbres/Av. Bonampak,same normalized phone as previous campaign,528000033682,deduplication_index.csv
Vips,Cancún,Zona Hotelera/Cumbres/Av. Bonampak,same normalized business name as previous campaign,528009008477,deduplication_index.csv
Consultorio Dental,Metepec,Metepec/Toluca premium,same normalized business name as previous campaign,527221082587,deduplication_index.csv
Laboratorio Médico Polanco,Metepec,Metepec/Toluca premium,same normalized business name as previous campaign,laboratorio medico polanco,deduplication_index.csv
Consultorio Médico,Metepec,Metepec/Toluca premium,same normalized business name as previous campaign,527228688473,deduplication_index.csv
Consultorio médico,Metepec,Metepec/Toluca premium,same normalized business name as previous campaign,527222131915,deduplication_index.csv
Dentalia,Metepec,Metepec/Toluca premium,same normalized phone as previous campaign,528000033682,deduplication_index.csv
Consultorio dental,Metepec,Metepec/Toluca premium,same normalized business name as previous campaign,527222162645,deduplication_index.csv
Consultorios De Medicina General Del Sector Privado,Metepec,Metepec/Toluca premium,same normalized business name as previous campaign,527221554505,deduplication_index.csv
Consultorio Dental,Metepec,Metepec/Toluca premium,same normalized business name as previous campaign,527223948410,deduplication_index.csv
Consultorio Medico Pediatrico,Metepec,Metepec/Toluca premium,same normalized business name as previous campaign,527221113820,deduplication_index.csv
Consultorio Medico,Metepec,Metepec/Toluca premium,same normalized business name as previous campaign,527222167374,deduplication_index.csv
Consultorio Dental,Metepec,Metepec/Toluca premium,same normalized business name as previous campaign,527224986931,deduplication_index.csv
Consultorio Dental,Metepec,Metepec/Toluca premium,same normalized business name as previous campaign,527226206352,deduplication_index.csv
Consultorio dental integral,Metepec,Metepec/Toluca premium,same normalized business name as previous campaign,527223436547,deduplication_index.csv
Consultorio Dental,Metepec,Metepec/Toluca premium,same normalized business name as previous campaign,527222321523,deduplication_index.csv
Consultorio Dental,Metepec,Metepec/Toluca premium,same normalized business name as previous campaign,527222158439,deduplication_index.csv
Consultorios De Medicina Especializada Del Sector Privado,Metepec,Metepec/Toluca premium,same normalized business name as previous campaign,527222133803,deduplication_index.csv
Consultorio Médico,Metepec,Metepec/Toluca premium,same normalized business name as previous campaign,527222133803,deduplication_index.csv
Consultorio Psicologico,Metepec,Metepec/Toluca premium,same normalized business name as previous campaign,527224947772,deduplication_index.csv
Consultorio Medico,Metepec,Metepec/Toluca premium,same normalized business name as previous campaign,527222173850,deduplication_index.csv
Consultorio Dental,Metepec,Metepec/Toluca premium,same normalized business name as previous campaign,527222690838,deduplication_index.csv
Consultorio Dental,Metepec,Metepec/Toluca premium,same normalized business name as previous campaign,527225121486,deduplication_index.csv
Consultorio Dental,Metepec,Metepec/Toluca premium,same normalized business name as previous campaign,527222176053,deduplication_index.csv
Consultorio Dental,Metepec,Metepec/Toluca premium,same normalized business name as previous campaign,527224878583,deduplication_index.csv
Consultorio Dental,Metepec,Metepec/Toluca premium,same normalized business name as previous campaign,527223771845,deduplication_index.csv
Consultorio De Psicologia,Metepec,Metepec/Toluca premium,same normalized business name as previous campaign,527221689874,deduplication_index.csv
Consultorio Dental,Metepec,Metepec/Toluca premium,same normalized business name as previous campaign,527222147688,deduplication_index.csv
Podologia,Metepec,Metepec/Toluca premium,same normalized business name as previous campaign,527225517811,deduplication_index.csv
Consultorio dental,Metepec,Metepec/Toluca premium,same normalized business name as previous campaign,527222150744,deduplication_index.csv
Consultorio,Metepec,Metepec/Toluca premium,same normalized business name as previous campaign,527224342024,deduplication_index.csv
Consultorio dental,Metepec,Metepec/Toluca premium,same normalized business name as previous campaign,527222710232,deduplication_index.csv
Consultorio Dental,Metepec,Metepec/Toluca premium,same normalized business name as previous campaign,527224338219,deduplication_index.csv
Consultorio Medico,Metepec,Metepec/Toluca premium,same normalized business name as previous campaign,527222153199,deduplication_index.csv
Consultorio Dental,Metepec,Metepec/Toluca premium,same normalized business name as previous campaign,527221099291,deduplication_index.csv
Consultorio Dental,Metepec,Metepec/Toluca premium,same normalized business name as previous campaign,527221696152,deduplication_index.csv
Consultorio Dental,Metepec,Metepec/Toluca premium,same normalized business name as previous campaign,527222956258,deduplication_index.csv
Consultorio Dental,Metepec,Metepec/Toluca premium,same normalized business name as previous campaign,527225062875,deduplication_index.csv
Consultorio Dental,Metepec,Metepec/Toluca premium,same normalized business name as previous campaign,527222346241,deduplication_index.csv
Clinica Dental,Metepec,Metepec/Toluca premium,same normalized business name as previous campaign,527222469026,deduplication_index.csv
Consultorio Medico,Metepec,Metepec/Toluca premium,same normalized business name as previous campaign,527222378677,deduplication_index.csv
Consultorio Medico,Metepec,Metepec/Toluca premium,same normalized business name as previous campaign,527224073475,deduplication_index.csv
Consultorio Dental,Metepec,Metepec/Toluca premium,same normalized business name as previous campaign,525576028801,deduplication_index.csv
Consultorio Dental,Metepec,Metepec/Toluca premium,same normalized business name as previous campaign,527222617330,deduplication_index.csv
Consultorio Dental,Metepec,Metepec/Toluca premium,same normalized business name as previous campaign,527223497610,deduplication_index.csv
Consultorio Dental,Metepec,Metepec/Toluca premium,same normalized business name as previous campaign,527221801757,deduplication_index.csv
Consultorio Médico,Metepec,Metepec/Toluca premium,same normalized business name as previous campaign,527222152797,deduplication_index.csv
Consultorio Medico,Metepec,Metepec/Toluca premium,same normalized business name as previous campaign,527223100327,deduplication_index.csv
Consultorio Pediatrico,Metepec,Metepec/Toluca premium,same normalized business name as previous campaign,consultorio pediatrico,deduplication_index.csv
Consultorio Dental,Metepec,Metepec/Toluca premium,same normalized business name as previous campaign,527222723220,deduplication_index.csv
Consultorio Dental,Metepec,Metepec/Toluca premium,same normalized business name as previous campaign,527222175382,deduplication_index.csv
Consultorio Dental,Metepec,Metepec/Toluca premium,same normalized business name as previous campaign,527222165438,deduplication_index.csv
Podólogo,Metepec,Metepec/Toluca premium,same normalized business name as previous campaign,527221994390,deduplication_index.csv
Consultorio Dental,Metepec,Metepec/Toluca premium,same normalized business name as previous campaign,527222752236,deduplication_index.csv
Red De Innovacion Y Aprendizaje,Metepec,Metepec/Toluca premium,same normalized business name as previous campaign,525538577490,deduplication_index.csv
Consultorio Médico,Metepec,Metepec/Toluca premium,same normalized business name as previous campaign,527222199990,deduplication_index.csv
Consultorio Dental,Metepec,Metepec/Toluca premium,same normalized business name as previous campaign,527223944290,deduplication_index.csv
Consultorio Dental,Metepec,Metepec/Toluca premium,same normalized business name as previous campaign,527222080203,deduplication_index.csv
Consultorio Dental,Metepec,Metepec/Toluca premium,same normalized business name as previous campaign,527222313106,deduplication_index.csv
Odontologia Integral,Metepec,Metepec/Toluca premium,same normalized business name as previous campaign,527223690890,deduplication_index.csv
Consultorio Medico,Metepec,Metepec/Toluca premium,same normalized business name as previous campaign,527222441828,deduplication_index.csv
Clinica Dental,Metepec,Metepec/Toluca premium,same normalized business name as previous campaign,527222841562,deduplication_index.csv
Consultorio Dental,Metepec,Metepec/Toluca premium,same normalized business name as previous campaign,527222174489,deduplication_index.csv
Consultorio Psicológico,Metepec,Metepec/Toluca premium,same normalized business name as previous campaign,527225103163,deduplication_index.csv
Consultorio Dental,Metepec,Metepec/Toluca premium,same normalized business name as previous campaign,527223940014,deduplication_index.csv
Consultorio Dental,Metepec,Metepec/Toluca premium,same normalized business name as previous campaign,527224732064,deduplication_index.csv
Consultorio Psicológico,Metepec,Metepec/Toluca premium,same normalized business name as previous campaign,527221559016,deduplication_index.csv
Consultorio Dental,Metepec,Metepec/Toluca premium,same normalized business name as previous campaign,527225408081,deduplication_index.csv
Consultorio Médico,Metepec,Metepec/Toluca premium,same normalized business name as previous campaign,527222158232,deduplication_index.csv
Consultorio Dental,Metepec,Metepec/Toluca premium,same normalized business name as previous campaign,527222148989,deduplication_index.csv
Dentista,Metepec,Metepec/Toluca premium,same normalized business name as previous campaign,527224974005,deduplication_index.csv
Dentista,Metepec,Metepec/Toluca premium,same normalized business name as previous campaign,527224900873,deduplication_index.csv
Consultorio Médico,Metepec,Metepec/Toluca premium,same normalized business name as previous campaign,527223910954,deduplication_index.csv
Consultorio Podológico,Metepec,Metepec/Toluca premium,same normalized business name inside campaign 03,527226889717,deduplication_index.csv
Consultorio Dental,Metepec,Metepec/Toluca premium,same normalized business name as previous campaign,527222155301,deduplication_index.csv
Consultorio Dental,Metepec,Metepec/Toluca premium,same normalized business name as previous campaign,527229807489,deduplication_index.csv
Consultorio Dental,Metepec,Metepec/Toluca premium,same normalized business name as previous campaign,527223967795,deduplication_index.csv
Consultorio Dental,Metepec,Metepec/Toluca premium,same normalized business name as previous campaign,527224961654,deduplication_index.csv
Consultorio Psicologico,Metepec,Metepec/Toluca premium,same normalized business name as previous campaign,527222534497,deduplication_index.csv
Consultorio Dental,Metepec,Metepec/Toluca premium,same normalized business name as previous campaign,527223063337,deduplication_index.csv
Consultorio Dental,Metepec,Metepec/Toluca premium,same normalized business name as previous campaign,527222124162,deduplication_index.csv
Consultorio Médico,Metepec,Metepec/Toluca premium,same normalized business name as previous campaign,527222191562,deduplication_index.csv
Consultorio Medico,Metepec,Metepec/Toluca premium,same normalized business name as previous campaign,525547579894,deduplication_index.csv
Consultorio Medico,Metepec,Metepec/Toluca premium,same normalized business name as previous campaign,527222441534,deduplication_index.csv
Consultorio Medico,Metepec,Metepec/Toluca premium,same normalized business name as previous campaign,527223345010,deduplication_index.csv
Consultorio Dental,Metepec,Metepec/Toluca premium,same normalized business name as previous campaign,527223947653,deduplication_index.csv
Clínica Veterinaria,Medellín,El Poblado/Provenza/Laureles/Envigado,same normalized business name as previous campaign,575744449303,deduplication_index.csv
Mondongo's,Medellín,El Poblado/Provenza/Laureles/Envigado,same normalized business name inside campaign 03,576044113434,deduplication_index.csv
Pizza Hut,Lima,Miraflores/San Isidro/Surco/La Molina/Barranco,same normalized business name as previous campaign,5115051111,deduplication_index.csv
Punto Azul,Lima,Miraflores/San Isidro/Surco/La Molina/Barranco,same normalized business name inside campaign 03,5114458078,deduplication_index.csv
Centro Odontológico,Lima,Miraflores/San Isidro/Surco/La Molina/Barranco,same normalized business name as previous campaign,5116106400,deduplication_index.csv
Punta Sal,Lima,Miraflores/San Isidro/Surco/La Molina/Barranco,same normalized business name inside campaign 03,5112424524,deduplication_index.csv
Pizza Hut,Lima,Miraflores/San Isidro/Surco/La Molina/Barranco,same normalized business name as previous campaign,5115051111,deduplication_index.csv
Punto Azul,Lima,Miraflores/San Isidro/Surco/La Molina/Barranco,same normalized business name inside campaign 03,5112608943,deduplication_index.csv
Pizza Hut,Lima,Miraflores/San Isidro/Surco/La Molina/Barranco,same normalized business name as previous campaign,5115051111,deduplication_index.csv
Pizza Hut,Lima,Miraflores/San Isidro/Surco/La Molina/Barranco,same normalized business name as previous campaign,51515051111,deduplication_index.csv
Mavery,Lima,San Borja/Magdalena/Pueblo Libre,same normalized phone inside campaign 03,5114413134,deduplication_index.csv
Chifa Jin,Lima,San Borja/Magdalena/Pueblo Libre,same normalized phone inside campaign 03,5112417630,deduplication_index.csv
El Patio de Mendiburu,Lima,San Borja/Magdalena/Pueblo Libre,same normalized phone inside campaign 03,5112216990,deduplication_index.csv
Los Piuranos,Lima,San Borja/Magdalena/Pueblo Libre,same normalized phone inside campaign 03,5114214705,deduplication_index.csv
Centro de Estudios Idiomas del Mundo,Lima,San Borja/Magdalena/Pueblo Libre,same normalized phone inside campaign 03,5114220738,deduplication_index.csv
Punta Sal,Lima,San Borja/Magdalena/Pueblo Libre,same normalized phone inside campaign 03,5114417431,deduplication_index.csv
Como Agua para Chocolate,Lima,San Borja/Magdalena/Pueblo Libre,same normalized phone inside campaign 03,5112220297,deduplication_index.csv
Il Postino,Lima,San Borja/Magdalena/Pueblo Libre,same normalized phone inside campaign 03,5114458856,deduplication_index.csv
Jerónimo,Lima,San Borja/Magdalena/Pueblo Libre,same normalized phone inside campaign 03,5114947336,deduplication_index.csv
EsSalud Policlínico San Luis,Lima,San Borja/Magdalena/Pueblo Libre,same normalized phone inside campaign 03,5113262599,deduplication_index.csv
MundoCan,Lima,San Borja/Magdalena/Pueblo Libre,same normalized phone inside campaign 03,5116610446,deduplication_index.csv
Dental Zegarra,Lima,San Borja/Magdalena/Pueblo Libre,same normalized phone inside campaign 03,5114366986,deduplication_index.csv
Pizzería Massima,Lima,San Borja/Magdalena/Pueblo Libre,same normalized phone inside campaign 03,5114376184,deduplication_index.csv
Kabelo,Lima,San Borja/Magdalena/Pueblo Libre,same normalized phone inside campaign 03,5114361807,deduplication_index.csv
viPets,Lima,San Borja/Magdalena/Pueblo Libre,same normalized phone inside campaign 03,5114346058,deduplication_index.csv
Ellas Spa,Lima,San Borja/Magdalena/Pueblo Libre,same normalized phone inside campaign 03,5113588119,deduplication_index.csv
Clinica Dental ODONTOBELL'E,Lima,San Borja/Magdalena/Pueblo Libre,same normalized phone inside campaign 03,5114372982,deduplication_index.csv
Salón de la Felicidad,Lima,San Borja/Magdalena/Pueblo Libre,same normalized phone inside campaign 03,5114262190,deduplication_index.csv
Centro de Salud San Isidro,Lima,San Borja/Magdalena/Pueblo Libre,same normalized phone inside campaign 03,5112643125,deduplication_index.csv
Kuo Wha,Lima,San Borja/Magdalena/Pueblo Libre,same normalized phone inside campaign 03,5114459482,deduplication_index.csv
Punto Azul,Lima,San Borja/Magdalena/Pueblo Libre,same normalized phone inside campaign 03,5112248755,deduplication_index.csv
Opticas SANTA LUCIA,Lima,San Borja/Magdalena/Pueblo Libre,same normalized phone inside campaign 03,5113464207,deduplication_index.csv
Los Vitrales,Lima,San Borja/Magdalena/Pueblo Libre,same normalized phone inside campaign 03,5114262954,deduplication_index.csv
Lima Canela,Lima,San Borja/Magdalena/Pueblo Libre,same normalized phone inside campaign 03,51514440731,deduplication_index.csv
Ohashi Maki,Lima,San Borja/Magdalena/Pueblo Libre,same normalized phone inside campaign 03,5115923284,deduplication_index.csv
Las Palmeras - La Cúpula,Lima,San Borja/Magdalena/Pueblo Libre,same normalized phone inside campaign 03,5113155055,deduplication_index.csv
Pizza Hut,Lima,San Borja/Magdalena/Pueblo Libre,same normalized business name as previous campaign,5115051111,deduplication_index.csv
Centro Odontológico Dly Dent,Lima,San Borja/Magdalena/Pueblo Libre,same normalized phone inside campaign 03,5112400553,deduplication_index.csv
Centro Odontológico,Lima,San Borja/Magdalena/Pueblo Libre,same normalized business name as previous campaign,5116106400,deduplication_index.csv
Cocoa,Santiago,Las Condes/Vitacura/Providencia/Ñuñoa,same normalized business name as previous campaign,56222164833,deduplication_index.csv
