business_name,country,city,zone,reason,matched_existing_record,matched_source_file,source_url
La Grange Churrascaria,Mexico,Ciudad de México,Lomas/Bosques/Polanco/Nápoles/San Ángel/Pedregal,El registro público incluye un sitio web oficial; se excluye para evitar negocios con web moderna.,https://lagrangechurrascaria.com/,,https://www.openstreetmap.org/node/13670416948
Caracol de Mar,Mexico,Ciudad de México,Lomas/Bosques/Polanco/Nápoles/San Ángel/Pedregal,El registro público incluye un sitio web oficial; se excluye para evitar negocios con web moderna.,https://caracoldemar.com.mx,,https://www.openstreetmap.org/node/13994161401
Los Hidalgos | Lázaro Cárdenas,Mexico,San Pedro Garza García,San Pedro/Valle Oriente/Centrito,El registro público incluye un sitio web oficial; se excluye para evitar negocios con web moderna.,https://www.loshidalgos.mx/,,https://www.openstreetmap.org/node/13988253443
Santa Bárbara,Mexico,San Pedro Garza García,San Pedro/Valle Oriente/Centrito,El registro público incluye un sitio web oficial; se excluye para evitar negocios con web moderna.,https://www.santabarbaragrill.com/,,https://www.openstreetmap.org/node/13988269918
El Gaucho de Monterrey,Mexico,San Pedro Garza García,San Pedro/Valle Oriente/Centrito,El registro público incluye un sitio web oficial; se excluye para evitar negocios con web moderna.,https://www.restaurantelgaucho.com/,,https://www.openstreetmap.org/node/13988283842
Monterrey query,Mexico,Monterrey,San Jerónimo/Cumbres,Overpass query failed: Overpass request failed: The read operation timed out,,,
Zapopan query,Mexico,Zapopan,Andares/Puerta de Hierro/Valle Real,Overpass query failed: Overpass request failed: The read operation timed out,,,
Querétaro query,Mexico,Querétaro,Juriquilla/Jurica/Álamos/Centro Sur,Overpass query failed: Overpass request failed: The read operation timed out,,,
Siqueff,Mexico,Mérida,Mérida Norte/Altabrisa/Montebello/Temozón,No coincide con formato mexicano esperado.,,,https://www.openstreetmap.org/node/14007824543
Hong Kong,Mexico,Cancún,Zona Hotelera/Cumbres/Av. Bonampak,El registro público incluye un sitio web oficial; se excluye para evitar negocios con web moderna.,https://www.hkexpress.mx/,,https://www.openstreetmap.org/node/2208023740
Salus y Chemo's,Mexico,Cancún,Zona Hotelera/Cumbres/Av. Bonampak,No coincide con formato mexicano esperado.,,,https://www.openstreetmap.org/node/4213593731
Cancun Smile,Mexico,Cancún,Zona Hotelera/Cumbres/Av. Bonampak,No coincide con formato mexicano esperado.,,,https://www.openstreetmap.org/node/4431666848
Smart Kitchen,Mexico,Cancún,Zona Hotelera/Cumbres/Av. Bonampak,No coincide con formato mexicano esperado.,,,https://www.openstreetmap.org/node/4991425621
El Poblano,Mexico,Cancún,Zona Hotelera/Cumbres/Av. Bonampak,El registro público incluye un sitio web oficial; se excluye para evitar negocios con web moderna.,https://elpoblano.restaurantwebexperts.com/,,https://www.openstreetmap.org/node/5024492722
La Parrilla,Mexico,Cancún,Zona Hotelera/Cumbres/Av. Bonampak,El registro público incluye un sitio web oficial; se excluye para evitar negocios con web moderna.,https://laparrilla.com.mx/?utm_source=google&utm_medium=mybusiness,,https://www.openstreetmap.org/node/5061324423
7x7 Jugos. Tacos. Licuados,Mexico,Cancún,Zona Hotelera/Cumbres/Av. Bonampak,No coincide con formato mexicano esperado.,,,https://www.openstreetmap.org/node/6238678985
La Dolce Vita,Mexico,Cancún,Zona Hotelera/Cumbres/Av. Bonampak,El registro público incluye un sitio web oficial; se excluye para evitar negocios con web moderna.,https://www.ladolcevita.com/,,https://www.openstreetmap.org/node/6399714286
Casa de los Abuelos,Mexico,Cancún,Zona Hotelera/Cumbres/Av. Bonampak,El registro público incluye un sitio web oficial; se excluye para evitar negocios con web moderna.,https://casadelosabuelos.com.mx/,,https://www.openstreetmap.org/node/6465840104
El Socio Naiz,Mexico,Cancún,Zona Hotelera/Cumbres/Av. Bonampak,El registro público incluye un sitio web oficial; se excluye para evitar negocios con web moderna.,http://www.socionaiz.com/,,https://www.openstreetmap.org/node/9287292717
El Fish Fritanga,Mexico,Cancún,Zona Hotelera/Cumbres/Av. Bonampak,El registro público incluye un sitio web oficial; se excluye para evitar negocios con web moderna.,https://elfishfritanga.com/,,https://www.openstreetmap.org/node/10539947709
Picana & Grill,Mexico,Cancún,Zona Hotelera/Cumbres/Av. Bonampak,El registro público incluye un sitio web oficial; se excluye para evitar negocios con web moderna.,http://picanagrill.com/,,https://www.openstreetmap.org/node/10635050458
Puerto Santo,Mexico,Cancún,Zona Hotelera/Cumbres/Av. Bonampak,El registro público incluye un sitio web oficial; se excluye para evitar negocios con web moderna.,https://www.opentable.com.mx/r/puerto-santo-cancun,,https://www.openstreetmap.org/node/10642013305
La Palapa Belga,Mexico,Cancún,Zona Hotelera/Cumbres/Av. Bonampak,El registro público incluye un sitio web oficial; se excluye para evitar negocios con web moderna.,https://lapalapabelga.com.mx/,,https://www.openstreetmap.org/node/11037127332
Marbha Cancún,Mexico,Cancún,Zona Hotelera/Cumbres/Av. Bonampak,El registro público incluye un sitio web oficial; se excluye para evitar negocios con web moderna.,https://marbha.ola.click/products,,https://www.openstreetmap.org/node/11200691219
El Oasis Mariscos,Mexico,Cancún,Zona Hotelera/Cumbres/Av. Bonampak,El registro público incluye un sitio web oficial; se excluye para evitar negocios con web moderna.,https://eloasismariscos.com/,,https://www.openstreetmap.org/node/11575445169
El Doctorcito,Mexico,Cancún,Zona Hotelera/Cumbres/Av. Bonampak,El registro público incluye un sitio web oficial; se excluye para evitar negocios con web moderna.,https://www.mariscoseldoctorcito.com/,,https://www.openstreetmap.org/node/11575775071
La Vicenta Cancun,Mexico,Cancún,Zona Hotelera/Cumbres/Av. Bonampak,El registro público incluye un sitio web oficial; se excluye para evitar negocios con web moderna.,https://lavicenta.com.mx/,,https://www.openstreetmap.org/node/11577769969
La Palapita Tulum,Mexico,Cancún,Zona Hotelera/Cumbres/Av. Bonampak,El registro público incluye un sitio web oficial; se excluye para evitar negocios con web moderna.,https://www.lapalapita.mx/,,https://www.openstreetmap.org/node/12040520138
Kiosco Verde,Mexico,Cancún,Zona Hotelera/Cumbres/Av. Bonampak,El registro público incluye un sitio web oficial; se excluye para evitar negocios con web moderna.,http://restaurant-kiosco-verde.blogspot.mx/,,https://www.openstreetmap.org/node/13275443450
Tijuana query,Mexico,Tijuana,Zona Río/Chapultepec,Overpass query failed: Overpass request failed: The read operation timed out,,,
León query,Mexico,León,Campestre/Gran Jardín/Punta del Este,Overpass query failed: Overpass request failed: The read operation timed out,,,
Imanic Lentes,Mexico,Metepec,Metepec/Toluca premium,El registro público incluye un sitio web oficial; se excluye para evitar negocios con web moderna.,http://www.imanic.com.mx/,,https://www.openstreetmap.org/node/2810164570
Son Pastes,Mexico,Metepec,Metepec/Toluca premium,No coincide con formato mexicano esperado.,,,https://www.openstreetmap.org/node/4726829207
Huaraches el Zacatecano,Mexico,Metepec,Metepec/Toluca premium,No coincide con formato mexicano esperado.,,,https://www.openstreetmap.org/node/4726835530
La Cocina del Buen Sabor,Mexico,Metepec,Metepec/Toluca premium,No coincide con formato mexicano esperado.,,,https://www.openstreetmap.org/node/4736468929
El Chenchere,Mexico,Metepec,Metepec/Toluca premium,No coincide con formato mexicano esperado.,,,https://www.openstreetmap.org/node/4740106784
El Rincón Tarasco,Mexico,Metepec,Metepec/Toluca premium,No coincide con formato mexicano esperado.,,,https://www.openstreetmap.org/node/4747583933
Los Pericos,Mexico,Metepec,Metepec/Toluca premium,No coincide con formato mexicano esperado.,,,https://www.openstreetmap.org/node/4749162034
Restaurante Familiar Antonios,Mexico,Metepec,Metepec/Toluca premium,No coincide con formato mexicano esperado.,,,https://www.openstreetmap.org/node/4749174086
Piacere,Mexico,Metepec,Metepec/Toluca premium,No coincide con formato mexicano esperado.,,,https://www.openstreetmap.org/node/4749200048
Instituto de Alergias y Autoinmunidad Dr. Maximiliano Ruiz Castañeda A. C.,Mexico,Metepec,Metepec/Toluca premium,No coincide con formato mexicano esperado.,,,https://www.openstreetmap.org/node/4749280072
Elotes y Esquites,Mexico,Metepec,Metepec/Toluca premium,No coincide con formato mexicano esperado.,,,https://www.openstreetmap.org/node/4749328527
Pollo Broaster,Mexico,Metepec,Metepec/Toluca premium,No coincide con formato mexicano esperado.,,,https://www.openstreetmap.org/node/4749341845
Carnitas los primos,Mexico,Metepec,Metepec/Toluca premium,No coincide con formato mexicano esperado.,,,https://www.openstreetmap.org/node/4888099498
Taqueria El Gato,Mexico,Metepec,Metepec/Toluca premium,No coincide con formato mexicano esperado.,,,https://www.openstreetmap.org/node/4915240682
Densonrisas,Mexico,Metepec,Metepec/Toluca premium,El registro público incluye un sitio web oficial; se excluye para evitar negocios con web moderna.,https://densonrisas.com/,,https://www.openstreetmap.org/node/5879485469
Jengibre Healthy Food,Mexico,Metepec,Metepec/Toluca premium,El registro público incluye un sitio web oficial; se excluye para evitar negocios con web moderna.,http://www.jengibrehealthyfood.com,,https://www.openstreetmap.org/node/7774615349
El Muelle Bistrot,Mexico,Metepec,Metepec/Toluca premium,El registro público incluye un sitio web oficial; se excluye para evitar negocios con web moderna.,https://el-muelle-bistro.negocio.site/,,https://www.openstreetmap.org/node/7885700485
PIZZAS ALEX'S,Mexico,Metepec,Metepec/Toluca premium,El registro público incluye un sitio web oficial; se excluye para evitar negocios con web moderna.,pizzasalexs.com,,https://www.openstreetmap.org/node/9488389350
Sanatorio México,Mexico,Metepec,Metepec/Toluca premium,El registro público incluye un sitio web oficial; se excluye para evitar negocios con web moderna.,https://sanatoriomexico.com/,,https://www.openstreetmap.org/node/12508590905
Creando Sonrisas,Mexico,Metepec,Metepec/Toluca premium,El registro público incluye un sitio web oficial; se excluye para evitar negocios con web moderna.,www.oiedent.com,,https://www.openstreetmap.org/node/12513238497
Start Dental,Mexico,Metepec,Metepec/Toluca premium,El registro público incluye un sitio web oficial; se excluye para evitar negocios con web moderna.,www.stardentaltoluca.com,,https://www.openstreetmap.org/node/12513266171
Dental Clinic,Mexico,Metepec,Metepec/Toluca premium,No coincide con formato mexicano esperado.,,,https://www.openstreetmap.org/node/12517362207
Centro De Terapias Alternativas,Mexico,Metepec,Metepec/Toluca premium,El registro público incluye un sitio web oficial; se excluye para evitar negocios con web moderna.,www.sanaar.com,,https://www.openstreetmap.org/node/12521351554
Proslime,Mexico,Metepec,Metepec/Toluca premium,No coincide con formato mexicano esperado.,,,https://www.openstreetmap.org/node/12521911930
Dermabell,Mexico,Metepec,Metepec/Toluca premium,El registro público incluye un sitio web oficial; se excluye para evitar negocios con web moderna.,https://www.dermabell.com,,https://www.openstreetmap.org/node/12522002497
Centro de aprendizaje Froggin,Mexico,Metepec,Metepec/Toluca premium,El registro público incluye un sitio web oficial; se excluye para evitar negocios con web moderna.,www.froggin.com.mx/metepec,,https://www.openstreetmap.org/node/12522139147
Centro Tikun Psicoterapia,Mexico,Metepec,Metepec/Toluca premium,El registro público incluye un sitio web oficial; se excluye para evitar negocios con web moderna.,www.tikunweb.com,,https://www.openstreetmap.org/node/12529650525
Dental Smile,Mexico,Metepec,Metepec/Toluca premium,No coincide con formato mexicano esperado.,,,https://www.openstreetmap.org/node/12530542917
Consultorio Medico Ginecologia,Mexico,Metepec,Metepec/Toluca premium,No coincide con formato mexicano esperado.,,,https://www.openstreetmap.org/node/12535347349
Planetenglish,Mexico,Metepec,Metepec/Toluca premium,El registro público incluye un sitio web oficial; se excluye para evitar negocios con web moderna.,https://www.e-planetenglish.com/,,https://www.openstreetmap.org/node/12540898700
Dental Care Center,Mexico,Metepec,Metepec/Toluca premium,El registro público incluye un sitio web oficial; se excluye para evitar negocios con web moderna.,www.dentalcarecenter.com.mx,,https://www.openstreetmap.org/node/12542404029
Cosmetika Dental,Mexico,Metepec,Metepec/Toluca premium,El registro público incluye un sitio web oficial; se excluye para evitar negocios con web moderna.,www.kosmetikadental.com.mx,,https://www.openstreetmap.org/node/12542763206
Centro Odontologico Laser,Mexico,Metepec,Metepec/Toluca premium,El registro público incluye un sitio web oficial; se excluye para evitar negocios con web moderna.,www.centroodontologicolaser.com.mx,,https://www.openstreetmap.org/node/12542848417
Kadi 3d Imagen De Diagnostico Maxilofacial Digital,Mexico,Metepec,Metepec/Toluca premium,El registro público incluye un sitio web oficial; se excluye para evitar negocios con web moderna.,https://www.kadi3d.com/,,https://www.openstreetmap.org/node/12542952367
Consultorio De Dermatologia Y Estetica,Mexico,Metepec,Metepec/Toluca premium,Country quota already filled for campaign mix.,,,https://www.openstreetmap.org/node/12543015535
Consultorio Dr Meza Cardona,Mexico,Metepec,Metepec/Toluca premium,Country quota already filled for campaign mix.,,,https://www.openstreetmap.org/node/12543033604
Consultorio Nutriologos Al Rescate,Mexico,Metepec,Metepec/Toluca premium,El registro público incluye un sitio web oficial; se excluye para evitar negocios con web moderna.,www.nutriologosalrescate.com,,https://www.openstreetmap.org/node/12543038040
Lentilia,Mexico,Metepec,Metepec/Toluca premium,Country quota already filled for campaign mix.,,,https://www.openstreetmap.org/node/12544174825
Podoclinic,Mexico,Metepec,Metepec/Toluca premium,Country quota already filled for campaign mix.,,,https://www.openstreetmap.org/node/12544625525
Dentista Dmg Dental Care,Mexico,Metepec,Metepec/Toluca premium,Country quota already filled for campaign mix.,,,https://www.openstreetmap.org/node/12544715969
Oddental Grupo Odontologico Del Parque,Mexico,Metepec,Metepec/Toluca premium,Country quota already filled for campaign mix.,,,https://www.openstreetmap.org/node/12544723377
Podologas Al Servicios De Sus Pies,Mexico,Metepec,Metepec/Toluca premium,Country quota already filled for campaign mix.,,,https://www.openstreetmap.org/node/12544739144
Shen Alternativas integrales para la salud,Mexico,Metepec,Metepec/Toluca premium,El registro público incluye un sitio web oficial; se excluye para evitar negocios con web moderna.,www.clinicashen.com,,https://www.openstreetmap.org/node/12544756382
Clinica Dental Sof Dental & Piccolo Dente,Mexico,Metepec,Metepec/Toluca premium,El registro público incluye un sitio web oficial; se excluye para evitar negocios con web moderna.,www.piccolodente.com,,https://www.openstreetmap.org/node/12544902702
Consultorio Dental M Dental,Mexico,Metepec,Metepec/Toluca premium,Country quota already filled for campaign mix.,,,https://www.openstreetmap.org/node/12544972591
Centro De Educacion Especial Y Desarrollo,Mexico,Metepec,Metepec/Toluca premium,Country quota already filled for campaign mix.,,,https://www.openstreetmap.org/node/12544992214
Consultorio Neurocirujano,Mexico,Metepec,Metepec/Toluca premium,Country quota already filled for campaign mix.,,,https://www.openstreetmap.org/node/12545019098
Spacyo Casa De Vapor Temascal,Mexico,Metepec,Metepec/Toluca premium,Country quota already filled for campaign mix.,,,https://www.openstreetmap.org/node/12545055018
Consultorio De Control De Peso,Mexico,Metepec,Metepec/Toluca premium,Country quota already filled for campaign mix.,,,https://www.openstreetmap.org/node/12545076111
Consultorio Médico Integral Plaza Tec,Mexico,Metepec,Metepec/Toluca premium,Country quota already filled for campaign mix.,,,https://www.openstreetmap.org/node/12545638999
Odontologia De Vanguardia,Mexico,Metepec,Metepec/Toluca premium,Country quota already filled for campaign mix.,,,https://www.openstreetmap.org/node/12545691676
Dentista Dent-x,Mexico,Metepec,Metepec/Toluca premium,Country quota already filled for campaign mix.,,,https://www.openstreetmap.org/node/12545741194
Unidad Clínica Morfín,Mexico,Metepec,Metepec/Toluca premium,Country quota already filled for campaign mix.,,,https://www.openstreetmap.org/node/12545948377
Consultorio Dental Atq Dental,Mexico,Metepec,Metepec/Toluca premium,Country quota already filled for campaign mix.,,,https://www.openstreetmap.org/node/12546633380
Alineate Consultorio,Mexico,Metepec,Metepec/Toluca premium,Country quota already filled for campaign mix.,,,https://www.openstreetmap.org/node/12546699838
Consultorio De Homeopatia Terapia Fisica,Mexico,Metepec,Metepec/Toluca premium,Country quota already filled for campaign mix.,,,https://www.openstreetmap.org/node/12547061839
Unidad De Rehabilitacion E Integracion Social Dif,Mexico,Metepec,Metepec/Toluca premium,Country quota already filled for campaign mix.,,,https://www.openstreetmap.org/node/12547354293
Clínica Rehab,Mexico,Metepec,Metepec/Toluca premium,El registro público incluye un sitio web oficial; se excluye para evitar negocios con web moderna.,https://www.clinicarehab.com/,,https://www.openstreetmap.org/node/12547565078
Tzolkin,Mexico,Metepec,Metepec/Toluca premium,Country quota already filled for campaign mix.,,,https://www.openstreetmap.org/node/12547740325
Shaoyin Clinica De Control De Peso,Mexico,Metepec,Metepec/Toluca premium,Country quota already filled for campaign mix.,,,https://www.openstreetmap.org/node/12547780117
Dentalcare,Mexico,Metepec,Metepec/Toluca premium,Country quota already filled for campaign mix.,,,https://www.openstreetmap.org/node/12547783416
Acupuntura Zhen Ci,Mexico,Metepec,Metepec/Toluca premium,Country quota already filled for campaign mix.,,,https://www.openstreetmap.org/node/12547817462
Ortodent Consultorio Dental,Mexico,Metepec,Metepec/Toluca premium,Country quota already filled for campaign mix.,,,https://www.openstreetmap.org/node/12547830290
S.m Dental,Mexico,Metepec,Metepec/Toluca premium,Country quota already filled for campaign mix.,,,https://www.openstreetmap.org/node/12547883432
Consultorio Medico-ortodoncia,Mexico,Metepec,Metepec/Toluca premium,Country quota already filled for campaign mix.,,,https://www.openstreetmap.org/node/12547910269
Diagnostico Las Torres S.A. de C.V,Mexico,Metepec,Metepec/Toluca premium,Country quota already filled for campaign mix.,,,https://www.openstreetmap.org/node/12547939711
Dentista Clínica Dental,Mexico,Metepec,Metepec/Toluca premium,Country quota already filled for campaign mix.,,,https://www.openstreetmap.org/node/12547984444
Dental Rey,Mexico,Metepec,Metepec/Toluca premium,Country quota already filled for campaign mix.,,,https://www.openstreetmap.org/node/12547984500
Brackets Toluca,Mexico,Metepec,Metepec/Toluca premium,El registro público incluye un sitio web oficial; se excluye para evitar negocios con web moderna.,https://www.bracketsco.com/,,https://www.openstreetmap.org/node/12547986866
IBIM Instituto Bicentenario Inglés de México S.C.,Mexico,Metepec,Metepec/Toluca premium,El registro público incluye un sitio web oficial; se excluye para evitar negocios con web moderna.,https://ibim.edu.mx/,,https://www.openstreetmap.org/node/12548002470
Clinica Dental Redent,Mexico,Metepec,Metepec/Toluca premium,Country quota already filled for campaign mix.,,,https://www.openstreetmap.org/node/12548043780
Medica Dental Angeles,Mexico,Metepec,Metepec/Toluca premium,Country quota already filled for campaign mix.,,,https://www.openstreetmap.org/node/12548050863
Toshio Consultorio De Ortodoncia,Mexico,Metepec,Metepec/Toluca premium,Country quota already filled for campaign mix.,,,https://www.openstreetmap.org/node/12548052462
Slim Body Medical,Mexico,Metepec,Metepec/Toluca premium,Country quota already filled for campaign mix.,,,https://www.openstreetmap.org/node/12548067809
Unidad Medico Familiar,Mexico,Metepec,Metepec/Toluca premium,Country quota already filled for campaign mix.,,,https://www.openstreetmap.org/node/12548076955
Consultorio Medico Especializado,Mexico,Metepec,Metepec/Toluca premium,Country quota already filled for campaign mix.,,,https://www.openstreetmap.org/node/12548495292
Consultorio Dental Pekas Dental,Mexico,Metepec,Metepec/Toluca premium,Country quota already filled for campaign mix.,,,https://www.openstreetmap.org/node/12548619874
Family For Life,Mexico,Metepec,Metepec/Toluca premium,Country quota already filled for campaign mix.,,,https://www.openstreetmap.org/node/12548657514
Optica Lumen,Mexico,Metepec,Metepec/Toluca premium,Country quota already filled for campaign mix.,,,https://www.openstreetmap.org/node/12549355474
Medicina Intragral,Mexico,Metepec,Metepec/Toluca premium,Country quota already filled for campaign mix.,,,https://www.openstreetmap.org/node/12550216759
Coi Dental Clinica Odontologica Dental,Mexico,Metepec,Metepec/Toluca premium,Country quota already filled for campaign mix.,,,https://www.openstreetmap.org/node/12551166170
Centro Odontologico De Especialidades Metepec,Mexico,Metepec,Metepec/Toluca premium,Country quota already filled for campaign mix.,,,https://www.openstreetmap.org/node/12552287374
Consultorio Dental Sonrie,Mexico,Metepec,Metepec/Toluca premium,Country quota already filled for campaign mix.,,,https://www.openstreetmap.org/node/12552320968
Orto Sanident,Mexico,Metepec,Metepec/Toluca premium,Country quota already filled for campaign mix.,,,https://www.openstreetmap.org/node/12552583770
Dental smile studio,Mexico,Metepec,Metepec/Toluca premium,Country quota already filled for campaign mix.,,,https://www.openstreetmap.org/node/12552608033
Centro integral de salud,Mexico,Metepec,Metepec/Toluca premium,Country quota already filled for campaign mix.,,,https://www.openstreetmap.org/node/12552620165
Psicólogos Enlace Emocional Toluca,Mexico,Metepec,Metepec/Toluca premium,El registro público incluye un sitio web oficial; se excluye para evitar negocios con web moderna.,https://www.enlace-emocional.com/,,https://www.openstreetmap.org/node/12552651685
Instituto Avanzado en Ortodoncia y Oclusión S.C.,Mexico,Metepec,Metepec/Toluca premium,Country quota already filled for campaign mix.,,,https://www.openstreetmap.org/node/12552724617
LINLAND Escuela de Idiomas,Mexico,Metepec,Metepec/Toluca premium,Country quota already filled for campaign mix.,,,https://www.openstreetmap.org/node/12552833504
Consultorio Neurologia 104,Mexico,Metepec,Metepec/Toluca premium,Country quota already filled for campaign mix.,,,https://www.openstreetmap.org/node/12552876211
Bienestar y Nueva Imagen Control de Peso,Mexico,Metepec,Metepec/Toluca premium,Country quota already filled for campaign mix.,,,https://www.openstreetmap.org/node/12552934957
Consultorio Psicologia,Mexico,Metepec,Metepec/Toluca premium,Country quota already filled for campaign mix.,,,https://www.openstreetmap.org/node/12554729378
Condultorio Dental Mont,Mexico,Metepec,Metepec/Toluca premium,Country quota already filled for campaign mix.,,,https://www.openstreetmap.org/node/12554741369
Clínica Elemental,Mexico,Metepec,Metepec/Toluca premium,Country quota already filled for campaign mix.,,,https://www.openstreetmap.org/node/12554747054
Clínica Dental Cuidado Bucal,Mexico,Metepec,Metepec/Toluca premium,Country quota already filled for campaign mix.,,,https://www.openstreetmap.org/node/12554836886
Consultorio Dentalihc,Mexico,Metepec,Metepec/Toluca premium,Country quota already filled for campaign mix.,,,https://www.openstreetmap.org/node/12554857891
Láser Dental Metepec Consultorio Dental,Mexico,Metepec,Metepec/Toluca premium,Country quota already filled for campaign mix.,,,https://www.openstreetmap.org/node/12554878780
Quiropractico,Mexico,Metepec,Metepec/Toluca premium,Country quota already filled for campaign mix.,,,https://www.openstreetmap.org/node/12554905598
Taller Optico Garcia,Mexico,Metepec,Metepec/Toluca premium,Country quota already filled for campaign mix.,,,https://www.openstreetmap.org/node/12559312995
Roncamedic Cosultorio,Mexico,Metepec,Metepec/Toluca premium,Country quota already filled for campaign mix.,,,https://www.openstreetmap.org/node/12559345339
Vida Sana,Mexico,Metepec,Metepec/Toluca premium,Country quota already filled for campaign mix.,,,https://www.openstreetmap.org/node/12559448896
Laboratorio Dental Lurjai,Mexico,Metepec,Metepec/Toluca premium,Country quota already filled for campaign mix.,,,https://www.openstreetmap.org/node/12560281714
Ona- Nutricion,Mexico,Metepec,Metepec/Toluca premium,Country quota already filled for campaign mix.,,,https://www.openstreetmap.org/node/12560290040
Agroveterinaria Lerdo,Mexico,Metepec,Metepec/Toluca premium,Country quota already filled for campaign mix.,,,https://www.openstreetmap.org/node/12560581419
Silueta 7,Mexico,Metepec,Metepec/Toluca premium,Country quota already filled for campaign mix.,,,https://www.openstreetmap.org/node/12563234238
Total Femme,Mexico,Metepec,Metepec/Toluca premium,El registro público incluye un sitio web oficial; se excluye para evitar negocios con web moderna.,https://www.total-femme.com/,,https://www.openstreetmap.org/node/12564322051
Ortodoncia Dr. Angulo,Mexico,Metepec,Metepec/Toluca premium,Country quota already filled for campaign mix.,,,https://www.openstreetmap.org/node/12564360116
Pedicuristas de Toluca,Mexico,Metepec,Metepec/Toluca premium,Country quota already filled for campaign mix.,,,https://www.openstreetmap.org/node/12564635931
Cirujano Dentista,Mexico,Metepec,Metepec/Toluca premium,Country quota already filled for campaign mix.,,,https://www.openstreetmap.org/node/12564662037
Consultorio dental Xam,Mexico,Metepec,Metepec/Toluca premium,Country quota already filled for campaign mix.,,,https://www.openstreetmap.org/node/12565534113
Clinica Dental Integral De Endodoncia,Mexico,Metepec,Metepec/Toluca premium,Country quota already filled for campaign mix.,,,https://www.openstreetmap.org/node/12566358515
Consultorio De Psicoterapia,Mexico,Metepec,Metepec/Toluca premium,Country quota already filled for campaign mix.,,,https://www.openstreetmap.org/node/12566411225
Consultorio De Psicología Clínica,Mexico,Metepec,Metepec/Toluca premium,Country quota already filled for campaign mix.,,,https://www.openstreetmap.org/node/12566674871
Consultorio De Dermatología Pediátrica,Mexico,Metepec,Metepec/Toluca premium,Country quota already filled for campaign mix.,,,https://www.openstreetmap.org/node/12566689834
"Consultorio Psicoterapia Integral ""Yo Soy""",Mexico,Metepec,Metepec/Toluca premium,Country quota already filled for campaign mix.,,,https://www.openstreetmap.org/node/12566717449
Clinica San Sebastian,Mexico,Metepec,Metepec/Toluca premium,Country quota already filled for campaign mix.,,,https://www.openstreetmap.org/node/12566719201
Consultorio De Psicoterapia Física,Mexico,Metepec,Metepec/Toluca premium,Country quota already filled for campaign mix.,,,https://www.openstreetmap.org/node/12566719202
Clínica Quiropodista,Mexico,Metepec,Metepec/Toluca premium,Country quota already filled for campaign mix.,,,https://www.openstreetmap.org/node/12566721945
Smile Art,Mexico,Metepec,Metepec/Toluca premium,Country quota already filled for campaign mix.,,,https://www.openstreetmap.org/node/12566738006
Proveedora De Productos y Equipos Dentales,Mexico,Metepec,Metepec/Toluca premium,Country quota already filled for campaign mix.,,,https://www.openstreetmap.org/node/12566747182
Reiki Association International México,Mexico,Metepec,Metepec/Toluca premium,El registro público incluye un sitio web oficial; se excluye para evitar negocios con web moderna.,www.raimexico.com.mx,,https://www.openstreetmap.org/node/12566770902
Consultorio Acupuntura,Mexico,Metepec,Metepec/Toluca premium,Country quota already filled for campaign mix.,,,https://www.openstreetmap.org/node/12566950657
Consultorio Psicología Pi2,Mexico,Metepec,Metepec/Toluca premium,Country quota already filled for campaign mix.,,,https://www.openstreetmap.org/node/12566950658
Consultorio Dental Forever Smile,Mexico,Metepec,Metepec/Toluca premium,Country quota already filled for campaign mix.,,,https://www.openstreetmap.org/node/12566996259
Veterinaria Tolotzin,Mexico,Metepec,Metepec/Toluca premium,Country quota already filled for campaign mix.,,,https://www.openstreetmap.org/node/12568447773
Dental Care,Mexico,Metepec,Metepec/Toluca premium,Country quota already filled for campaign mix.,,,https://www.openstreetmap.org/node/12568539709
iDental,Mexico,Metepec,Metepec/Toluca premium,Country quota already filled for campaign mix.,,,https://www.openstreetmap.org/node/12568549515
Consultorio de odontologia general y ortodoncia,Mexico,Metepec,Metepec/Toluca premium,Country quota already filled for campaign mix.,,,https://www.openstreetmap.org/node/12568582038
Consultorio Odontopediatrico,Mexico,Metepec,Metepec/Toluca premium,Country quota already filled for campaign mix.,,,https://www.openstreetmap.org/node/12569147260
Medical Centro de Medicina Alternativa,Mexico,Metepec,Metepec/Toluca premium,Country quota already filled for campaign mix.,,,https://www.openstreetmap.org/node/12572790024
Medico Anestecista,Mexico,Metepec,Metepec/Toluca premium,Country quota already filled for campaign mix.,,,https://www.openstreetmap.org/node/12572809600
Temascal Maria Magadalena Del Coporo,Mexico,Metepec,Metepec/Toluca premium,Country quota already filled for campaign mix.,,,https://www.openstreetmap.org/node/12572817346
Consultorio de Ortopedia y Traumatología,Mexico,Metepec,Metepec/Toluca premium,Country quota already filled for campaign mix.,,,https://www.openstreetmap.org/node/12572830139
El Hidalguense,Mexico,Metepec,Metepec/Toluca premium,Country quota already filled for campaign mix.,,,https://www.openstreetmap.org/node/12574244932
English Studio Mx,Mexico,Metepec,Metepec/Toluca premium,Country quota already filled for campaign mix.,,,https://www.openstreetmap.org/node/12574449034
Medicina Integrativa,Mexico,Metepec,Metepec/Toluca premium,Country quota already filled for campaign mix.,,,https://www.openstreetmap.org/node/12574492259
Consulturio de Medicina del Deporte,Mexico,Metepec,Metepec/Toluca premium,Country quota already filled for campaign mix.,,,https://www.openstreetmap.org/node/12574528101
Pediatría,Mexico,Metepec,Metepec/Toluca premium,Country quota already filled for campaign mix.,,,https://www.openstreetmap.org/node/12574528102
Look Dental,Mexico,Metepec,Metepec/Toluca premium,El registro público incluye un sitio web oficial; se excluye para evitar negocios con web moderna.,https://www.clinicalookdental.com/,,https://www.openstreetmap.org/node/12577090728
Podamed,Mexico,Metepec,Metepec/Toluca premium,El registro público incluye un sitio web oficial; se excluye para evitar negocios con web moderna.,www.centrodeespecialidadessaludatuvida.com,,https://www.openstreetmap.org/node/12577473670
Consultorio Medico De Especialidad Acupuntura Y Homeopatia,Mexico,Metepec,Metepec/Toluca premium,Country quota already filled for campaign mix.,,,https://www.openstreetmap.org/node/12578141253
Clinica Sg Dental,Mexico,Metepec,Metepec/Toluca premium,Country quota already filled for campaign mix.,,,https://www.openstreetmap.org/node/12581308340
Consultorio Dental Aibident,Mexico,Metepec,Metepec/Toluca premium,El registro público incluye un sitio web oficial; se excluye para evitar negocios con web moderna.,https://albident.com/,,https://www.openstreetmap.org/node/12582183141
Biomagnetismo Medico,Mexico,Metepec,Metepec/Toluca premium,El registro público incluye un sitio web oficial; se excluye para evitar negocios con web moderna.,www.anuarmustregoiz.com.mx,,https://www.openstreetmap.org/node/12582339401
Pedicurista,Mexico,Metepec,Metepec/Toluca premium,Country quota already filled for campaign mix.,,,https://www.openstreetmap.org/node/12583241876
Terapia Fisica Y Rehabilitacion Anna,Mexico,Metepec,Metepec/Toluca premium,Country quota already filled for campaign mix.,,,https://www.openstreetmap.org/node/12583268832
Clínica Biorenova Toluca,Mexico,Metepec,Metepec/Toluca premium,El registro público incluye un sitio web oficial; se excluye para evitar negocios con web moderna.,www.biorenova.net,,https://www.openstreetmap.org/node/12585070578
Terapeutica Rosher,Mexico,Metepec,Metepec/Toluca premium,Country quota already filled for campaign mix.,,,https://www.openstreetmap.org/node/12585095431
Consultorio Médico De Ortopedia y Traumatología,Mexico,Metepec,Metepec/Toluca premium,Country quota already filled for campaign mix.,,,https://www.openstreetmap.org/node/12585213824
Consultorio Médico Heliodoro Bernal Abarca,Mexico,Metepec,Metepec/Toluca premium,Country quota already filled for campaign mix.,,,https://www.openstreetmap.org/node/12585224315
Centro De Masaje Terapeutico Y Rehabilitacion,Mexico,Metepec,Metepec/Toluca premium,Country quota already filled for campaign mix.,,,https://www.openstreetmap.org/node/12586071375
Consultorio Dental Lila Dent,Mexico,Metepec,Metepec/Toluca premium,Country quota already filled for campaign mix.,,,https://www.openstreetmap.org/node/12587656009
Medinámico,Mexico,Metepec,Metepec/Toluca premium,Country quota already filled for campaign mix.,,,https://www.openstreetmap.org/node/12588812967
Consultorio Psicológico Integral,Mexico,Metepec,Metepec/Toluca premium,Country quota already filled for campaign mix.,,,https://www.openstreetmap.org/node/12588835054
Tooth-i Dent,Mexico,Metepec,Metepec/Toluca premium,Country quota already filled for campaign mix.,,,https://www.openstreetmap.org/node/12590218199
Centro Psicoterapeutico Dime,Mexico,Metepec,Metepec/Toluca premium,Country quota already filled for campaign mix.,,,https://www.openstreetmap.org/node/12590222044
Centro Quiroterapeutico Integral,Mexico,Metepec,Metepec/Toluca premium,Country quota already filled for campaign mix.,,,https://www.openstreetmap.org/node/12590263303
Instituto Tecnico Ejecutivo En Computacion E Ingles,Mexico,Metepec,Metepec/Toluca premium,Country quota already filled for campaign mix.,,,https://www.openstreetmap.org/node/12590290817
Vens S,Mexico,Metepec,Metepec/Toluca premium,Country quota already filled for campaign mix.,,,https://www.openstreetmap.org/node/12590299087
Consultorio Dental Sin Nombe,Mexico,Metepec,Metepec/Toluca premium,Country quota already filled for campaign mix.,,,https://www.openstreetmap.org/node/12590425236
Midental,Mexico,Metepec,Metepec/Toluca premium,Country quota already filled for campaign mix.,,,https://www.openstreetmap.org/node/12590437889
Healthy People,Mexico,Metepec,Metepec/Toluca premium,Country quota already filled for campaign mix.,,,https://www.openstreetmap.org/node/12590482319
Clínica Medicina Estética,Mexico,Metepec,Metepec/Toluca premium,Country quota already filled for campaign mix.,,,https://www.openstreetmap.org/node/12594053291
Clínica Dental Teeth and Tooth,Mexico,Metepec,Metepec/Toluca premium,El registro público incluye un sitio web oficial; se excluye para evitar negocios con web moderna.,https://www.teethandtooth.mx/,,https://www.openstreetmap.org/node/12594117019
Daling,Mexico,Metepec,Metepec/Toluca premium,Country quota already filled for campaign mix.,,,https://www.openstreetmap.org/node/12594127440
Body Nutrition,Mexico,Metepec,Metepec/Toluca premium,Country quota already filled for campaign mix.,,,https://www.openstreetmap.org/node/12594149888
Consultorio de Nutrición,Mexico,Metepec,Metepec/Toluca premium,Country quota already filled for campaign mix.,,,https://www.openstreetmap.org/node/12594163413
Atencion Y Orientacion Psicologica Biopsic,Mexico,Metepec,Metepec/Toluca premium,Country quota already filled for campaign mix.,,,https://www.openstreetmap.org/node/12594409695
Easy English,Mexico,Metepec,Metepec/Toluca premium,Country quota already filled for campaign mix.,,,https://www.openstreetmap.org/node/12594492131
Córdova Crosby Odontóloga,Mexico,Metepec,Metepec/Toluca premium,Country quota already filled for campaign mix.,,,https://www.openstreetmap.org/node/12595811445
Consultorio de Cirugía Maxilofacial e Implantes,Mexico,Metepec,Metepec/Toluca premium,Country quota already filled for campaign mix.,,,https://www.openstreetmap.org/node/12595819576
Grupo Odontológico Toluca,Mexico,Metepec,Metepec/Toluca premium,Country quota already filled for campaign mix.,,,https://www.openstreetmap.org/node/12595903815
Grupo Odontologico La Asuncion,Mexico,Metepec,Metepec/Toluca premium,Country quota already filled for campaign mix.,,,https://www.openstreetmap.org/node/12596710652
Clinica Vive,Mexico,Metepec,Metepec/Toluca premium,Country quota already filled for campaign mix.,,,https://www.openstreetmap.org/node/12597084869
Colegio Mexiquense De Audicion Y Lenguaje,Mexico,Metepec,Metepec/Toluca premium,Country quota already filled for campaign mix.,,,https://www.openstreetmap.org/node/12597111287
Galhez,Mexico,Metepec,Metepec/Toluca premium,Country quota already filled for campaign mix.,,,https://www.openstreetmap.org/node/12598433149
Mundo Dental,Mexico,Metepec,Metepec/Toluca premium,Country quota already filled for campaign mix.,,,https://www.openstreetmap.org/node/12598796664
Grupo De Especialidades Odontologicas Del Valle Toluca,Mexico,Metepec,Metepec/Toluca premium,Country quota already filled for campaign mix.,,,https://www.openstreetmap.org/node/12599750533
Quiropedista,Mexico,Metepec,Metepec/Toluca premium,No coincide con formato mexicano esperado.,,,https://www.openstreetmap.org/node/12599799997
Ubedental,Mexico,Metepec,Metepec/Toluca premium,No coincide con formato mexicano esperado.,,,https://www.openstreetmap.org/node/12607882771
Medica Vitalife,Mexico,Metepec,Metepec/Toluca premium,Country quota already filled for campaign mix.,,,https://www.openstreetmap.org/node/12609808065
Consultorio De Psiquiatria,Mexico,Metepec,Metepec/Toluca premium,Country quota already filled for campaign mix.,,,https://www.openstreetmap.org/node/12609999568
Consultiorio Psicoterapeuta Individual Y Grupal,Mexico,Metepec,Metepec/Toluca premium,Country quota already filled for campaign mix.,,,https://www.openstreetmap.org/node/12609999569
Transformacion,Mexico,Metepec,Metepec/Toluca premium,Country quota already filled for campaign mix.,,,https://www.openstreetmap.org/node/12619254442
Terapias Psicoterapias Y Rehabilitacion Fisica,Mexico,Metepec,Metepec/Toluca premium,Country quota already filled for campaign mix.,,,https://www.openstreetmap.org/node/12619927347
Consultorio Dr. F. Eduardo Sánchez García,Mexico,Metepec,Metepec/Toluca premium,Country quota already filled for campaign mix.,,,https://www.openstreetmap.org/node/12623346526
Consultorio Dental Plus,Mexico,Metepec,Metepec/Toluca premium,No hay teléfono público.,,,https://www.openstreetmap.org/node/12623823904
Consultorio Psicologico Integral,Mexico,Metepec,Metepec/Toluca premium,Country quota already filled for campaign mix.,,,https://www.openstreetmap.org/node/12626468773
Cocolare. Consultorio Dental Integral,Mexico,Metepec,Metepec/Toluca premium,Country quota already filled for campaign mix.,,,https://www.openstreetmap.org/node/12626527304
Smile Kids Center,Mexico,Metepec,Metepec/Toluca premium,No coincide con formato mexicano esperado.,,,https://www.openstreetmap.org/node/12627280924
Consultorio De Psicopedagogia Brainbow,Mexico,Metepec,Metepec/Toluca premium,Country quota already filled for campaign mix.,,,https://www.openstreetmap.org/node/12676898947
Consultorio Dental Dental Serr,Mexico,Metepec,Metepec/Toluca premium,Country quota already filled for campaign mix.,,,https://www.openstreetmap.org/node/12714930537
Body Clinic,Mexico,Metepec,Metepec/Toluca premium,Country quota already filled for campaign mix.,,,https://www.openstreetmap.org/node/12728100160
Laboratorio Dental Mayli,Mexico,Metepec,Metepec/Toluca premium,Country quota already filled for campaign mix.,,,https://www.openstreetmap.org/node/12731807996
Consultorio Dental Smiles,Mexico,Metepec,Metepec/Toluca premium,Country quota already filled for campaign mix.,,,https://www.openstreetmap.org/node/12741701498
Fuerza De Un Angel,Mexico,Metepec,Metepec/Toluca premium,Country quota already filled for campaign mix.,,,https://www.openstreetmap.org/way/566492536
Centro de Salud La Magdalena Ocotitlán,Mexico,Metepec,Metepec/Toluca premium,Country quota already filled for campaign mix.,,,https://www.openstreetmap.org/way/848236047
Bogotá query,Colombia,Bogotá,Chicó/Usaquén/Chapinero/Parque 93/Rosales,Overpass query failed: Overpass request failed: The read operation timed out,,,
Bogotá query,Colombia,Bogotá,Santa Bárbara/Cedritos/Colina,Overpass query failed: Overpass request failed: The read operation timed out,,,
Café Zorba,Colombia,Medellín,El Poblado/Provenza/Laureles/Envigado,El registro público incluye un sitio web oficial; se excluye para evitar negocios con web moderna.,https://cafezorba.com.co/,,https://www.openstreetmap.org/node/2089497823
Toucan Spanish School,Colombia,Medellín,El Poblado/Provenza/Laureles/Envigado,El registro público incluye un sitio web oficial; se excluye para evitar negocios con web moderna.,https://www.toucanspanish.com/,,https://www.openstreetmap.org/node/4951844629
"Restaurante La Matriarca, Medellín",Colombia,Medellín,El Poblado/Provenza/Laureles/Envigado,El registro público incluye un sitio web oficial; se excluye para evitar negocios con web moderna.,https://lamatriarca.com/,,https://www.openstreetmap.org/node/5043799630
Casero,Colombia,Medellín,El Poblado/Provenza/Laureles/Envigado,No coincide con formato colombiano esperado.,,,https://www.openstreetmap.org/node/5101600224
La Luciola,Colombia,Medellín,El Poblado/Provenza/Laureles/Envigado,No coincide con formato colombiano esperado.,,,https://www.openstreetmap.org/node/5186466071
Federal Ribs,Colombia,Medellín,El Poblado/Provenza/Laureles/Envigado,El registro público incluye un sitio web oficial; se excluye para evitar negocios con web moderna.,http://www.federalribs.com,,https://www.openstreetmap.org/node/5394858824
Federal Ribs,Colombia,Medellín,El Poblado/Provenza/Laureles/Envigado,El registro público incluye un sitio web oficial; se excluye para evitar negocios con web moderna.,http://www.federalribs.com,,https://www.openstreetmap.org/node/5394900821
Rico Ajiaco y Algo más,Colombia,Medellín,El Poblado/Provenza/Laureles/Envigado,El registro público incluye un sitio web oficial; se excluye para evitar negocios con web moderna.,http://www.ricoajiaco.com,,https://www.openstreetmap.org/node/5546129027
Betty's Bowls,Colombia,Medellín,El Poblado/Provenza/Laureles/Envigado,El registro público incluye un sitio web oficial; se excluye para evitar negocios con web moderna.,https://bettysbowls.com/,,https://www.openstreetmap.org/node/5749477828
Gato,Colombia,Medellín,El Poblado/Provenza/Laureles/Envigado,El registro público incluye un sitio web oficial; se excluye para evitar negocios con web moderna.,https://www.menudigital.com/restaurante/gato,,https://www.openstreetmap.org/node/5755353121
Sushi Gama,Colombia,Medellín,El Poblado/Provenza/Laureles/Envigado,El registro público incluye un sitio web oficial; se excluye para evitar negocios con web moderna.,https://www.sushigama.com/,,https://www.openstreetmap.org/node/6069193185
Pane e Pomodoro,Colombia,Medellín,El Poblado/Provenza/Laureles/Envigado,El registro público incluye un sitio web oficial; se excluye para evitar negocios con web moderna.,https://paneepomodoro.com.co/,,https://www.openstreetmap.org/node/6496463785
Buena Vibra street food,Colombia,Medellín,El Poblado/Provenza/Laureles/Envigado,El registro público incluye un sitio web oficial; se excluye para evitar negocios con web moderna.,https://buena-vibra-street-food.negocio.site/,,https://www.openstreetmap.org/node/7020859487
La Pesqueira,Colombia,Medellín,El Poblado/Provenza/Laureles/Envigado,El registro público incluye un sitio web oficial; se excluye para evitar negocios con web moderna.,https://pesqueira.co/,,https://www.openstreetmap.org/node/7179756723
Acqua Spa Bellza,Colombia,Medellín,El Poblado/Provenza/Laureles/Envigado,El registro público incluye un sitio web oficial; se excluye para evitar negocios con web moderna.,www.acquaspabellza.com,,https://www.openstreetmap.org/node/7265311047
Centro Médico San Camilo,Colombia,Medellín,El Poblado/Provenza/Laureles/Envigado,No coincide con formato colombiano esperado.,,,https://www.openstreetmap.org/node/7808521292
Dentales Medellin,Colombia,Medellín,El Poblado/Provenza/Laureles/Envigado,El registro público incluye un sitio web oficial; se excluye para evitar negocios con web moderna.,https://www.dentalesmedellin.com/,,https://www.openstreetmap.org/node/9163802070
Ammazza Gin Garden,Colombia,Medellín,El Poblado/Provenza/Laureles/Envigado,El registro público incluye un sitio web oficial; se excluye para evitar negocios con web moderna.,https://ammazza.com.co/,,https://www.openstreetmap.org/node/9222496110
Veinte Platos,Colombia,Medellín,El Poblado/Provenza/Laureles/Envigado,El registro público incluye un sitio web oficial; se excluye para evitar negocios con web moderna.,https://sonymelona.com/veinte-platos/,,https://www.openstreetmap.org/node/9222585117
Son & Melona,Colombia,Medellín,El Poblado/Provenza/Laureles/Envigado,El registro público incluye un sitio web oficial; se excluye para evitar negocios con web moderna.,https://sonymelona.com/menu/,,https://www.openstreetmap.org/node/9222585118
Benares Decoración Asiática,Colombia,Medellín,El Poblado/Provenza/Laureles/Envigado,El registro público incluye un sitio web oficial; se excluye para evitar negocios con web moderna.,https://benares.com.co/tiendas/,,https://www.openstreetmap.org/node/9222585123
Parmessano,Colombia,Medellín,El Poblado/Provenza/Laureles/Envigado,El registro público incluye un sitio web oficial; se excluye para evitar negocios con web moderna.,https://parmessano.com.co/,,https://www.openstreetmap.org/node/9222585124
Sushi Light,Colombia,Medellín,El Poblado/Provenza/Laureles/Envigado,No coincide con formato colombiano esperado.,,,https://www.openstreetmap.org/node/9273393361
Supinar Fisioterapia,Colombia,Medellín,El Poblado/Provenza/Laureles/Envigado,El registro público incluye un sitio web oficial; se excluye para evitar negocios con web moderna.,https://www.supinarips.com.co/,,https://www.openstreetmap.org/node/9583400217
Restaurante Santa Gula,Colombia,Medellín,El Poblado/Provenza/Laureles/Envigado,No coincide con formato colombiano esperado.,,,https://www.openstreetmap.org/node/9680511417
Play English World,Colombia,Medellín,El Poblado/Provenza/Laureles/Envigado,El registro público incluye un sitio web oficial; se excluye para evitar negocios con web moderna.,https://playenglishworld.com/,,https://www.openstreetmap.org/node/9720677917
Abbiocco,Colombia,Medellín,El Poblado/Provenza/Laureles/Envigado,El registro público incluye un sitio web oficial; se excluye para evitar negocios con web moderna.,https://marqueemedellin.com/restaurant-abbioco/,,https://www.openstreetmap.org/node/10285319160
Nuquí Centro,Colombia,Medellín,El Poblado/Provenza/Laureles/Envigado,El registro público incluye un sitio web oficial; se excluye para evitar negocios con web moderna.,https://nuquicentro.negocio.site/?utm_source=gmb&utm_medium=referral#details,,https://www.openstreetmap.org/node/10884306605
El Puto Tacos Laureles,Colombia,Medellín,El Poblado/Provenza/Laureles/Envigado,El registro público incluye un sitio web oficial; se excluye para evitar negocios con web moderna.,https://elputotaco.com/,,https://www.openstreetmap.org/node/10884309205
Restaurante Popular,Colombia,Medellín,El Poblado/Provenza/Laureles/Envigado,El registro público incluye un sitio web oficial; se excluye para evitar negocios con web moderna.,https://www.lavato.com.co/,,https://www.openstreetmap.org/node/11093673676
Pink spa de uñas,Colombia,Medellín,El Poblado/Provenza/Laureles/Envigado,El registro público incluye un sitio web oficial; se excluye para evitar negocios con web moderna.,pink.nails.medellin,,https://www.openstreetmap.org/node/11191447730
Bihao,Colombia,Medellín,El Poblado/Provenza/Laureles/Envigado,El registro público incluye un sitio web oficial; se excluye para evitar negocios con web moderna.,https://bihao-comida-de-origen.cluvi.co/,,https://www.openstreetmap.org/node/11445456854
"Restaurante La Matriarca, Viva Envigado",Colombia,Medellín,El Poblado/Provenza/Laureles/Envigado,El registro público incluye un sitio web oficial; se excluye para evitar negocios con web moderna.,https://www.lamatriarca.com/,,https://www.openstreetmap.org/node/11531150525
MM Beauty Spa Nail Arts,Colombia,Medellín,El Poblado/Provenza/Laureles/Envigado,El registro público incluye un sitio web oficial; se excluye para evitar negocios con web moderna.,https://www.mmbeautyspa.com/,,https://www.openstreetmap.org/node/11635253973
Ayuda Psicológica | Psicólogos Medellín | Psicóloga Marcela Quiceno Betancourt,Colombia,Medellín,El Poblado/Provenza/Laureles/Envigado,El registro público incluye un sitio web oficial; se excluye para evitar negocios con web moderna.,https://ayudapsicologica.co/medellin/,,https://www.openstreetmap.org/node/12029589260
Thoroff Colombia Sas,Colombia,Medellín,El Poblado/Provenza/Laureles/Envigado,El registro público incluye un sitio web oficial; se excluye para evitar negocios con web moderna.,http://www.thoroff.com.co/,,https://www.openstreetmap.org/node/12045961771
Restaurante y Salsamentaria RyM,Colombia,Medellín,El Poblado/Provenza/Laureles/Envigado,Country quota already filled for campaign mix.,,,https://www.openstreetmap.org/node/12049010427
Hospital Veterinario Universidad de Antioquia,Colombia,Medellín,El Poblado/Provenza/Laureles/Envigado,El registro público incluye un sitio web oficial; se excluye para evitar negocios con web moderna.,https://portal.udea.edu.co/wps/portal/udea/web/inicio/unidades-academicas/ciencias-agrarias/hospital-veterinario,,https://www.openstreetmap.org/node/12073413520
Los Chamos,Colombia,Medellín,El Poblado/Provenza/Laureles/Envigado,Country quota already filled for campaign mix.,,,https://www.openstreetmap.org/node/12330965101
Master Club 70,Colombia,Medellín,El Poblado/Provenza/Laureles/Envigado,Country quota already filled for campaign mix.,,,https://www.openstreetmap.org/node/12330989101
Restaurante La Yoli,Colombia,Medellín,El Poblado/Provenza/Laureles/Envigado,Country quota already filled for campaign mix.,,,https://www.openstreetmap.org/node/12365790155
Candilejas,Colombia,Medellín,El Poblado/Provenza/Laureles/Envigado,Country quota already filled for campaign mix.,,,https://www.openstreetmap.org/node/12376055401
El Altar Taquería Manila,Colombia,Medellín,El Poblado/Provenza/Laureles/Envigado,Country quota already filled for campaign mix.,,,https://www.openstreetmap.org/node/12376144601
Ganso & Castor,Colombia,Medellín,El Poblado/Provenza/Laureles/Envigado,El registro público incluye un sitio web oficial; se excluye para evitar negocios con web moderna.,https://www.gansoycastor.com/,,https://www.openstreetmap.org/node/12376158101
Criminal Taquería,Colombia,Medellín,El Poblado/Provenza/Laureles/Envigado,Country quota already filled for campaign mix.,,,https://www.openstreetmap.org/node/12376165001
Country Pet Sede Poblado,Colombia,Medellín,El Poblado/Provenza/Laureles/Envigado,Country quota already filled for campaign mix.,,,https://www.openstreetmap.org/node/12520308092
Country Pet Poblado,Colombia,Medellín,El Poblado/Provenza/Laureles/Envigado,Country quota already filled for campaign mix.,,,https://www.openstreetmap.org/node/12520338401
Santa Brasa,Colombia,Medellín,El Poblado/Provenza/Laureles/Envigado,Country quota already filled for campaign mix.,,,https://www.openstreetmap.org/node/12984627959
Compostela,Colombia,Medellín,El Poblado/Provenza/Laureles/Envigado,Country quota already filled for campaign mix.,,,https://www.openstreetmap.org/node/13116984556
Donde Darío,Colombia,Medellín,El Poblado/Provenza/Laureles/Envigado,El registro público incluye un sitio web oficial; se excluye para evitar negocios con web moderna.,https://dondedariomuydesiempre.com,,https://www.openstreetmap.org/node/13141277341
Red House Envigado,Colombia,Medellín,El Poblado/Provenza/Laureles/Envigado,Country quota already filled for campaign mix.,,,https://www.openstreetmap.org/node/13189661701
Megalitas,Colombia,Medellín,El Poblado/Provenza/Laureles/Envigado,Country quota already filled for campaign mix.,,,https://www.openstreetmap.org/node/13246427605
Megalitas,Colombia,Medellín,El Poblado/Provenza/Laureles/Envigado,Country quota already filled for campaign mix.,,,https://www.openstreetmap.org/node/13246489184
Megalitas,Colombia,Medellín,El Poblado/Provenza/Laureles/Envigado,Country quota already filled for campaign mix.,,,https://www.openstreetmap.org/node/13246495459
Passion Divina,Colombia,Medellín,El Poblado/Provenza/Laureles/Envigado,Country quota already filled for campaign mix.,,,https://www.openstreetmap.org/node/13336871269
Pizza Iolo,Colombia,Medellín,El Poblado/Provenza/Laureles/Envigado,Country quota already filled for campaign mix.,,,https://www.openstreetmap.org/node/13336949127
Canalla,Colombia,Medellín,El Poblado/Provenza/Laureles/Envigado,Country quota already filled for campaign mix.,,,https://www.openstreetmap.org/node/13336954000
Donde Juancho (Inferior),Colombia,Medellín,El Poblado/Provenza/Laureles/Envigado,El registro público incluye un sitio web oficial; se excluye para evitar negocios con web moderna.,https://dondejuancho.com/,,https://www.openstreetmap.org/node/13458983553
Tienda & Cocina Vegetariana,Colombia,Medellín,El Poblado/Provenza/Laureles/Envigado,Country quota already filled for campaign mix.,,,https://www.openstreetmap.org/node/13686672201
Oh! Food,Colombia,Medellín,El Poblado/Provenza/Laureles/Envigado,Country quota already filled for campaign mix.,,,https://www.openstreetmap.org/node/13746570999
Acuarella Nails,Colombia,Medellín,El Poblado/Provenza/Laureles/Envigado,Country quota already filled for campaign mix.,,,https://www.openstreetmap.org/node/13912925620
Betancor&zuleta abogados,Colombia,Medellín,El Poblado/Provenza/Laureles/Envigado,Country quota already filled for campaign mix.,,,https://www.openstreetmap.org/node/13929524269
Jers Visual,Colombia,Medellín,El Poblado/Provenza/Laureles/Envigado,Country quota already filled for campaign mix.,,,https://www.openstreetmap.org/node/13978252309
Centro psicológico DinámicaMente,Colombia,Medellín,El Poblado/Provenza/Laureles/Envigado,El registro público incluye un sitio web oficial; se excluye para evitar negocios con web moderna.,https://www.dinamicamente.com.co/,,https://www.openstreetmap.org/node/13997448401
Cote Gourmand,Colombia,Medellín,El Poblado/Provenza/Laureles/Envigado,Country quota already filled for campaign mix.,,,https://www.openstreetmap.org/node/14015505790
Embajada China,Colombia,Medellín,El Poblado/Provenza/Laureles/Envigado,Country quota already filled for campaign mix.,,,https://www.openstreetmap.org/way/122271582
Sabor Gourmet,Colombia,Medellín,El Poblado/Provenza/Laureles/Envigado,Country quota already filled for campaign mix.,,,https://www.openstreetmap.org/way/189378012
Torre Médica Ciudad del Rio,Colombia,Medellín,El Poblado/Provenza/Laureles/Envigado,Country quota already filled for campaign mix.,,,https://www.openstreetmap.org/way/273610634
Clinica Colombiana de Implantes Dentales,Colombia,Medellín,El Poblado/Provenza/Laureles/Envigado,El registro público incluye un sitio web oficial; se excluye para evitar negocios con web moderna.,https://www.clinicacolombianadeimplantes.com/,,https://www.openstreetmap.org/way/571089140
Restaurante Okus,Colombia,Medellín,El Poblado/Provenza/Laureles/Envigado,Country quota already filled for campaign mix.,,,https://www.openstreetmap.org/way/784628271
Lucilda Alimentari,Colombia,Medellín,El Poblado/Provenza/Laureles/Envigado,Country quota already filled for campaign mix.,,,https://www.openstreetmap.org/way/793260372
Clínica de Medellín - Sede Occidente,Colombia,Medellín,El Poblado/Provenza/Laureles/Envigado,El registro público incluye un sitio web oficial; se excluye para evitar negocios con web moderna.,https://www.clinicamedellin.com/sedes/,,https://www.openstreetmap.org/way/814491794
venezzia,Colombia,Medellín,El Poblado/Provenza/Laureles/Envigado,Country quota already filled for campaign mix.,,,https://www.openstreetmap.org/way/1098969435
Centro Jurídico Araucaria,Colombia,Medellín,El Poblado/Provenza/Laureles/Envigado,El registro público incluye un sitio web oficial; se excluye para evitar negocios con web moderna.,https://centrojuridicoaraucaria.com/,,https://www.openstreetmap.org/way/1233743276
Asados Company Belén,Colombia,Medellín,El Poblado/Provenza/Laureles/Envigado,Country quota already filled for campaign mix.,,,https://www.openstreetmap.org/way/1284555636
Cocorolló Las Palmas,Colombia,Medellín,El Poblado/Provenza/Laureles/Envigado,El registro público incluye un sitio web oficial; se excluye para evitar negocios con web moderna.,https://www.cocorollo.com/,,https://www.openstreetmap.org/way/1384789466
Case de Nadie,Colombia,Medellín,El Poblado/Provenza/Laureles/Envigado,Country quota already filled for campaign mix.,,,https://www.openstreetmap.org/way/1466123031
Redman Nuestra House,Colombia,Medellín,El Poblado/Provenza/Laureles/Envigado,El registro público incluye un sitio web oficial; se excluye para evitar negocios con web moderna.,https://www.redman.com.co/,,https://www.openstreetmap.org/way/1466123204
Medellín query,Colombia,Medellín,Envigado/Sabaneta premium,Overpass query failed: Overpass request failed: The read operation timed out,,,
Multiopticas # 10,Colombia,Cali,Granada/Ciudad Jardín,Country quota already filled for campaign mix.,,,https://www.openstreetmap.org/node/1230822503
Óptica Alemana,Colombia,Cali,Granada/Ciudad Jardín,Country quota already filled for campaign mix.,,,https://www.openstreetmap.org/node/1230824255
Óptica Colombiana LTDA,Colombia,Cali,Granada/Ciudad Jardín,Country quota already filled for campaign mix.,,,https://www.openstreetmap.org/node/1230824971
CLÍNICA ODONTOLÓGICA ODOK VERSALLES,Colombia,Cali,Granada/Ciudad Jardín,Country quota already filled for campaign mix.,,,https://www.openstreetmap.org/node/1230825096
Hubert Optica,Colombia,Cali,Granada/Ciudad Jardín,Country quota already filled for campaign mix.,,,https://www.openstreetmap.org/node/1230829601
Óptica San Fernando,Colombia,Cali,Granada/Ciudad Jardín,Country quota already filled for campaign mix.,,,https://www.openstreetmap.org/node/1230832413
Restaurante Argentino,Colombia,Cali,Granada/Ciudad Jardín,No coincide con formato colombiano esperado.,,,https://www.openstreetmap.org/node/3640818953
Fusion Wok,Colombia,Cali,Granada/Ciudad Jardín,El registro público incluye un sitio web oficial; se excluye para evitar negocios con web moderna.,http://www.fusionwok.com.co,,https://www.openstreetmap.org/node/4300571992
Pita Majita,Colombia,Cali,Granada/Ciudad Jardín,Country quota already filled for campaign mix.,,,https://www.openstreetmap.org/node/4363775494
shalonlash,Colombia,Cali,Granada/Ciudad Jardín,El registro público incluye un sitio web oficial; se excluye para evitar negocios con web moderna.,http://www.shalonlash.com,,https://www.openstreetmap.org/node/4414212490
OptiSalud del Valle,Colombia,Cali,Granada/Ciudad Jardín,Country quota already filled for campaign mix.,,,https://www.openstreetmap.org/node/4556539789
Leni Lorena López O. Odontología,Colombia,Cali,Granada/Ciudad Jardín,Country quota already filled for campaign mix.,,,https://www.openstreetmap.org/node/4572487892
Maria Sabores,Colombia,Cali,Granada/Ciudad Jardín,Country quota already filled for campaign mix.,,,https://www.openstreetmap.org/node/4589598098
"Misceláneo, a",Colombia,Cali,Granada/Ciudad Jardín,Country quota already filled for campaign mix.,,,https://www.openstreetmap.org/node/4698259889
Sisa Atahualpa,Colombia,Cali,Granada/Ciudad Jardín,Country quota already filled for campaign mix.,,,https://www.openstreetmap.org/node/4770520922
Malí,Colombia,Cali,Granada/Ciudad Jardín,Country quota already filled for campaign mix.,,,https://www.openstreetmap.org/node/4946127421
Óptica Biovision,Colombia,Cali,Granada/Ciudad Jardín,El registro público incluye un sitio web oficial; se excluye para evitar negocios con web moderna.,http://www.biovisiin.com.co,,https://www.openstreetmap.org/node/4998343885
El Alcornoque,Colombia,Cali,Granada/Ciudad Jardín,Country quota already filled for campaign mix.,,,https://www.openstreetmap.org/node/5037897440
Frutos del Sol,Colombia,Cali,Granada/Ciudad Jardín,Country quota already filled for campaign mix.,,,https://www.openstreetmap.org/node/5237031596
El buen alimento,Colombia,Cali,Granada/Ciudad Jardín,Country quota already filled for campaign mix.,,,https://www.openstreetmap.org/node/5285185722
Fusion Wok,Colombia,Cali,Granada/Ciudad Jardín,El registro público incluye un sitio web oficial; se excluye para evitar negocios con web moderna.,http://www.fusionwok.com.co,,https://www.openstreetmap.org/node/5659140124
Fusion Wok,Colombia,Cali,Granada/Ciudad Jardín,El registro público incluye un sitio web oficial; se excluye para evitar negocios con web moderna.,http://www.fusionwok.com.co,,https://www.openstreetmap.org/node/5726787821
Pizzeria Carpaneto,Colombia,Cali,Granada/Ciudad Jardín,El registro público incluye un sitio web oficial; se excluye para evitar negocios con web moderna.,https://pizzeriacarpaneto.com/,,https://www.openstreetmap.org/node/6247423685
Sazón Pacífico,Colombia,Cali,Granada/Ciudad Jardín,Country quota already filled for campaign mix.,,,https://www.openstreetmap.org/node/6323882675
Bendito Aroma,Colombia,Cali,Granada/Ciudad Jardín,Country quota already filled for campaign mix.,,,https://www.openstreetmap.org/node/6556594086
Mr. Food,Colombia,Cali,Granada/Ciudad Jardín,El registro público incluye un sitio web oficial; se excluye para evitar negocios con web moderna.,https://mrfoodgourmet.ola.click/,,https://www.openstreetmap.org/node/6896727985
Alma y Café,Colombia,Cali,Granada/Ciudad Jardín,Country quota already filled for campaign mix.,,,https://www.openstreetmap.org/node/7037145385
Los Turcos,Colombia,Cali,Granada/Ciudad Jardín,Country quota already filled for campaign mix.,,,https://www.openstreetmap.org/node/7155200585
Lingua Viva Spanish Institute,Colombia,Cali,Granada/Ciudad Jardín,El registro público incluye un sitio web oficial; se excluye para evitar negocios con web moderna.,http://eslinguaviva.com/,,https://www.openstreetmap.org/node/7270635313
Cheers Pizzería Ingenio,Colombia,Cali,Granada/Ciudad Jardín,El registro público incluye un sitio web oficial; se excluye para evitar negocios con web moderna.,https://cheerspizzeria.com/,,https://www.openstreetmap.org/node/8433183570
Frutos del Mar Azúl,Colombia,Cali,Granada/Ciudad Jardín,Country quota already filled for campaign mix.,,,https://www.openstreetmap.org/node/8666382870
Rich Burger,Colombia,Cali,Granada/Ciudad Jardín,Country quota already filled for campaign mix.,,,https://www.openstreetmap.org/node/9105957917
Kibbes Fusion,Colombia,Cali,Granada/Ciudad Jardín,El registro público incluye un sitio web oficial; se excluye para evitar negocios con web moderna.,https://kibbesfusion.com/,,https://www.openstreetmap.org/node/9441284851
MadreSelva Vegano,Colombia,Cali,Granada/Ciudad Jardín,Country quota already filled for campaign mix.,,,https://www.openstreetmap.org/node/10832484606
BeefCoin Grill House,Colombia,Cali,Granada/Ciudad Jardín,El registro público incluye un sitio web oficial; se excluye para evitar negocios con web moderna.,@beefcoingrillhouse,,https://www.openstreetmap.org/node/11117658612
Doctor Oral,Colombia,Cali,Granada/Ciudad Jardín,El registro público incluye un sitio web oficial; se excluye para evitar negocios con web moderna.,https://doctororalcali.com,,https://www.openstreetmap.org/node/11168307435
Mi Pacifico,Colombia,Cali,Granada/Ciudad Jardín,Country quota already filled for campaign mix.,,,https://www.openstreetmap.org/node/11736959553
Studio Vanity Beauty,Colombia,Cali,Granada/Ciudad Jardín,Country quota already filled for campaign mix.,,,https://www.openstreetmap.org/node/11932201046
Ever y sus Asados,Colombia,Cali,Granada/Ciudad Jardín,Country quota already filled for campaign mix.,,,https://www.openstreetmap.org/node/11949220006
Cheko's,Colombia,Cali,Granada/Ciudad Jardín,Country quota already filled for campaign mix.,,,https://www.openstreetmap.org/node/11950572795
El Deleite del Mar,Colombia,Cali,Granada/Ciudad Jardín,Country quota already filled for campaign mix.,,,https://www.openstreetmap.org/node/13505290203
La corte de la carne - Granada,Colombia,Cali,Granada/Ciudad Jardín,Country quota already filled for campaign mix.,,,https://www.openstreetmap.org/node/13806192130
El buen alimento,Colombia,Cali,Granada/Ciudad Jardín,Country quota already filled for campaign mix.,,,https://www.openstreetmap.org/node/14005023902
El Arepazo de Elsy,Colombia,Cali,Granada/Ciudad Jardín,Country quota already filled for campaign mix.,,,https://www.openstreetmap.org/way/615457943
Brasa chicken,Colombia,Cali,Granada/Ciudad Jardín,Country quota already filled for campaign mix.,,,https://www.openstreetmap.org/way/1333249354
Clinica Santa Teresa,Peru,Lima,Miraflores/San Isidro/Surco/La Molina/Barranco,El registro público incluye un sitio web oficial; se excluye para evitar negocios con web moderna.,http://www.clinicasantateresa.com.pe/,,https://www.openstreetmap.org/node/565876567
Antigua Bodega Dalmacia,Peru,Lima,Miraflores/San Isidro/Surco/La Molina/Barranco,El registro público incluye un sitio web oficial; se excluye para evitar negocios con web moderna.,http://www.bodegad.com/,,https://www.openstreetmap.org/node/959586057
La 73 Paradero Gourmet,Peru,Lima,Miraflores/San Isidro/Surco/La Molina/Barranco,El registro público incluye un sitio web oficial; se excluye para evitar negocios con web moderna.,https://www.restaurantela73.com/,,https://www.openstreetmap.org/node/1192970712
Canta Rana,Peru,Lima,Miraflores/San Isidro/Surco/La Molina/Barranco,El registro público incluye un sitio web oficial; se excluye para evitar negocios con web moderna.,https://cantarana.pe,,https://www.openstreetmap.org/node/1193558406
Haiti,Peru,Lima,Miraflores/San Isidro/Surco/La Molina/Barranco,El registro público incluye un sitio web oficial; se excluye para evitar negocios con web moderna.,https://www.haitimiraflores.pe/,,https://www.openstreetmap.org/node/1429504073
La Tiendecita Blanca,Peru,Lima,Miraflores/San Isidro/Surco/La Molina/Barranco,El registro público incluye un sitio web oficial; se excluye para evitar negocios con web moderna.,https://latiendecitablanca.com.pe/,,https://www.openstreetmap.org/node/1429504323
Brujas de Cachiche,Peru,Lima,Miraflores/San Isidro/Surco/La Molina/Barranco,El registro público incluye un sitio web oficial; se excluye para evitar negocios con web moderna.,https://www.brujasdecachiche.com.pe/,,https://www.openstreetmap.org/node/1435192552
Policlínico Pronto Salud Solidario,Peru,Lima,Miraflores/San Isidro/Surco/La Molina/Barranco,El registro público incluye un sitio web oficial; se excluye para evitar negocios con web moderna.,http://clinicaprontosaludsolidario.godaddysites.com/,,https://www.openstreetmap.org/node/1904507986
La Romana,Peru,Lima,Miraflores/San Isidro/Surco/La Molina/Barranco,El registro público incluye un sitio web oficial; se excluye para evitar negocios con web moderna.,https://laromana.com.pe/,,https://www.openstreetmap.org/node/2172999993
La Bistecca,Peru,Lima,Miraflores/San Isidro/Surco/La Molina/Barranco,El registro público incluye un sitio web oficial; se excluye para evitar negocios con web moderna.,https://www.labisteccalima.com/,,https://www.openstreetmap.org/node/2256264234
Rafael Osterling,Peru,Lima,Miraflores/San Isidro/Surco/La Molina/Barranco,El registro público incluye un sitio web oficial; se excluye para evitar negocios con web moderna.,http://www.rafaelosterling.pe/es/lima.html,,https://www.openstreetmap.org/node/2279901516
ámaZ,Peru,Lima,Miraflores/San Isidro/Surco/La Molina/Barranco,El registro público incluye un sitio web oficial; se excluye para evitar negocios con web moderna.,http://amaz.com.pe/,,https://www.openstreetmap.org/node/2279912459
DonDoh,Peru,Lima,Miraflores/San Isidro/Surco/La Molina/Barranco,El registro público incluye un sitio web oficial; se excluye para evitar negocios con web moderna.,https://www.dondoh.com/,,https://www.openstreetmap.org/node/2279947626
Tanta,Peru,Lima,Miraflores/San Isidro/Surco/La Molina/Barranco,El registro público incluye un sitio web oficial; se excluye para evitar negocios con web moderna.,https://tantaperu.com/,,https://www.openstreetmap.org/node/2279964904
Lima27,Peru,Lima,Miraflores/San Isidro/Surco/La Molina/Barranco,El registro público incluye un sitio web oficial; se excluye para evitar negocios con web moderna.,https://www.lima27.com/,,https://www.openstreetmap.org/node/2512307097
Pizzeria Mama Lola,Peru,Lima,Miraflores/San Isidro/Surco/La Molina/Barranco,El registro público incluye un sitio web oficial; se excluye para evitar negocios con web moderna.,https://www.trattoriamammalola.com/,,https://www.openstreetmap.org/node/2528951644
Sangucheria El Chinito,Peru,Lima,Miraflores/San Isidro/Surco/La Molina/Barranco,El registro público incluye un sitio web oficial; se excluye para evitar negocios con web moderna.,https://elchinito.com.pe/locales.html,,https://www.openstreetmap.org/node/2644352418
El Salto del Fraile,Peru,Lima,Miraflores/San Isidro/Surco/La Molina/Barranco,El registro público incluye un sitio web oficial; se excluye para evitar negocios con web moderna.,https://elsaltodelfraile.com/,,https://www.openstreetmap.org/node/2742408710
El Hornero,Peru,Lima,Miraflores/San Isidro/Surco/La Molina/Barranco,El registro público incluye un sitio web oficial; se excluye para evitar negocios con web moderna.,https://www.elhornero.com.pe/chorrillos.php,,https://www.openstreetmap.org/node/2743468394
Hard Rock Cafe,Peru,Lima,Miraflores/San Isidro/Surco/La Molina/Barranco,El registro público incluye un sitio web oficial; se excluye para evitar negocios con web moderna.,https://www.hardrock.com/cafes/lima/,,https://www.openstreetmap.org/node/2745573281
Jockey Salud,Peru,Lima,Miraflores/San Isidro/Surco/La Molina/Barranco,El registro público incluye un sitio web oficial; se excluye para evitar negocios con web moderna.,https://www.jockeysalud.com.pe/,,https://www.openstreetmap.org/node/2745595149
Amoramar,Peru,Lima,Miraflores/San Isidro/Surco/La Molina/Barranco,El registro público incluye un sitio web oficial; se excluye para evitar negocios con web moderna.,https://www.amoramar.com/,,https://www.openstreetmap.org/node/2784756139
El Rocoto,Peru,Lima,Miraflores/San Isidro/Surco/La Molina/Barranco,El registro público incluye un sitio web oficial; se excluye para evitar negocios con web moderna.,https://www.elrocoto.com.pe/,,https://www.openstreetmap.org/node/2854486801
Fiesta Gourmet Restaurante,Peru,Lima,Miraflores/San Isidro/Surco/La Molina/Barranco,El registro público incluye un sitio web oficial; se excluye para evitar negocios con web moderna.,https://www.restaurantfiestagourmet.com/restaurante.html,,https://www.openstreetmap.org/node/2898404701
La Romántica,Peru,Lima,Miraflores/San Isidro/Surco/La Molina/Barranco,El registro público incluye un sitio web oficial; se excluye para evitar negocios con web moderna.,https://laromantica.pe/,,https://www.openstreetmap.org/node/2906551601
Madam Tusan,Peru,Lima,Miraflores/San Isidro/Surco/La Molina/Barranco,El registro público incluye un sitio web oficial; se excluye para evitar negocios con web moderna.,http://madamtusan.pe/,,https://www.openstreetmap.org/node/2906590101
La Picantería,Peru,Lima,Miraflores/San Isidro/Surco/La Molina/Barranco,El registro público incluye un sitio web oficial; se excluye para evitar negocios con web moderna.,https://picanteriasdelperu.com/,,https://www.openstreetmap.org/node/2942706012
Guru Kebab & Curry,Peru,Lima,Miraflores/San Isidro/Surco/La Molina/Barranco,El registro público incluye un sitio web oficial; se excluye para evitar negocios con web moderna.,http://www.guruperu.com/,,https://www.openstreetmap.org/node/3017647181
Papacho's,Peru,Lima,Miraflores/San Isidro/Surco/La Molina/Barranco,El registro público incluye un sitio web oficial; se excluye para evitar negocios con web moderna.,https://papachos.com/,,https://www.openstreetmap.org/node/3066356180
José Urteaga Calderón,Peru,Lima,Miraflores/San Isidro/Surco/La Molina/Barranco,El registro público incluye un sitio web oficial; se excluye para evitar negocios con web moderna.,http://www.notariaurteagacalderon.com/inicio.html,,https://www.openstreetmap.org/node/3077648491
El Chinito,Peru,Lima,Miraflores/San Isidro/Surco/La Molina/Barranco,El registro público incluye un sitio web oficial; se excluye para evitar negocios con web moderna.,https://elchinito.com.pe/locales.html,,https://www.openstreetmap.org/node/3219719342
Centro Nacional de Salud Renal,Peru,Lima,Miraflores/San Isidro/Surco/La Molina/Barranco,El registro público incluye un sitio web oficial; se excluye para evitar negocios con web moderna.,http://www.essalud.gob.pe/centro-nacional-de-salud-renal/,,https://www.openstreetmap.org/node/3230315412
Perroquet,Peru,Lima,Miraflores/San Isidro/Surco/La Molina/Barranco,El registro público incluye un sitio web oficial; se excluye para evitar negocios con web moderna.,https://www.countryclublimahotel.com/es/dinning/perroquet-restaurant,,https://www.openstreetmap.org/node/3246793795
Raw Café,Peru,Lima,Miraflores/San Isidro/Surco/La Molina/Barranco,El registro público incluye un sitio web oficial; se excluye para evitar negocios con web moderna.,https://www.rawcafe.com.pe,,https://www.openstreetmap.org/node/3497806095
Maido,Peru,Lima,Miraflores/San Isidro/Surco/La Molina/Barranco,El registro público incluye un sitio web oficial; se excluye para evitar negocios con web moderna.,https://www.maido.pe/,,https://www.openstreetmap.org/node/3581929393
Titi,Peru,Lima,Miraflores/San Isidro/Surco/La Molina/Barranco,El registro público incluye un sitio web oficial; se excluye para evitar negocios con web moderna.,https://chifatiti.com/,,https://www.openstreetmap.org/node/3673621792
Clinica San Felipe,Peru,Lima,Miraflores/San Isidro/Surco/La Molina/Barranco,El registro público incluye un sitio web oficial; se excluye para evitar negocios con web moderna.,https://www.clinicasanfelipe.com,,https://www.openstreetmap.org/node/4109575491
Mai Liu,Peru,Lima,Miraflores/San Isidro/Surco/La Molina/Barranco,El registro público incluye un sitio web oficial; se excluye para evitar negocios con web moderna.,http://fulltiendas.com/mailiu/,,https://www.openstreetmap.org/node/4119559023
Adelgace Perú,Peru,Lima,Miraflores/San Isidro/Surco/La Molina/Barranco,El registro público incluye un sitio web oficial; se excluye para evitar negocios con web moderna.,https://www.drolaya.com/,,https://www.openstreetmap.org/node/4139697957
Patronato INCA/CGIL,Peru,Lima,Miraflores/San Isidro/Surco/La Molina/Barranco,El registro público incluye un sitio web oficial; se excluye para evitar negocios con web moderna.,https://www.inca.it/,,https://www.openstreetmap.org/node/4143184490
Saqra,Peru,Lima,Miraflores/San Isidro/Surco/La Molina/Barranco,El registro público incluye un sitio web oficial; se excluye para evitar negocios con web moderna.,https://www.saqra.pe/,,https://www.openstreetmap.org/node/4152194291
Embarcadero 41,Peru,Lima,Miraflores/San Isidro/Surco/La Molina/Barranco,El registro público incluye un sitio web oficial; se excluye para evitar negocios con web moderna.,https://embarcadero41.com/,,https://www.openstreetmap.org/node/4180718797
Pardos Chicken,Peru,Lima,Miraflores/San Isidro/Surco/La Molina/Barranco,El registro público incluye un sitio web oficial; se excluye para evitar negocios con web moderna.,https://www.pardoschicken.pe/restaurantes/pardos-chicken-benavides/,,https://www.openstreetmap.org/node/4181890872
Instituto Nacional Cardiovascular,Peru,Lima,Miraflores/San Isidro/Surco/La Molina/Barranco,El registro público incluye un sitio web oficial; se excluye para evitar negocios con web moderna.,http://portal.essalud.gob.pe/incor/index.html,,https://www.openstreetmap.org/node/4203505990
La Cuadra de Salvador,Peru,Lima,Miraflores/San Isidro/Surco/La Molina/Barranco,El registro público incluye un sitio web oficial; se excluye para evitar negocios con web moderna.,https://lacuadradesalvador.com/,,https://www.openstreetmap.org/node/4213310396
Chifa Fu Jou,Peru,Lima,Miraflores/San Isidro/Surco/La Molina/Barranco,El registro público incluye un sitio web oficial; se excluye para evitar negocios con web moderna.,http://www.fujougourmet.com/,,https://www.openstreetmap.org/node/4216074095
Clinica Inmater,Peru,Lima,Miraflores/San Isidro/Surco/La Molina/Barranco,El registro público incluye un sitio web oficial; se excluye para evitar negocios con web moderna.,https://inmater.pe/portal/,,https://www.openstreetmap.org/node/4216263790
Cafe La Paz,Peru,Lima,Miraflores/San Isidro/Surco/La Molina/Barranco,El registro público incluye un sitio web oficial; se excluye para evitar negocios con web moderna.,https://www.cafedelapazperu.com/,,https://www.openstreetmap.org/node/4216572990
El Parquetito,Peru,Lima,Miraflores/San Isidro/Surco/La Molina/Barranco,El registro público incluye un sitio web oficial; se excluye para evitar negocios con web moderna.,https://www.elparquetito.com/,,https://www.openstreetmap.org/node/4216576289
Tanuki,Peru,Lima,Miraflores/San Isidro/Surco/La Molina/Barranco,El registro público incluye un sitio web oficial; se excluye para evitar negocios con web moderna.,https://allpahotel.com/,,https://www.openstreetmap.org/node/4219054189
La Bodega Verde,Peru,Lima,Miraflores/San Isidro/Surco/La Molina/Barranco,El registro público incluye un sitio web oficial; se excluye para evitar negocios con web moderna.,http://labodegaverde.blogspot.com/,,https://www.openstreetmap.org/node/4264082491
El 10,Peru,Lima,Miraflores/San Isidro/Surco/La Molina/Barranco,El registro público incluye un sitio web oficial; se excluye para evitar negocios con web moderna.,http://www.el10.pe/miraflores.php,,https://www.openstreetmap.org/node/4308219753
Café de la Paz,Peru,Lima,Miraflores/San Isidro/Surco/La Molina/Barranco,El registro público incluye un sitio web oficial; se excluye para evitar negocios con web moderna.,https://www.cafedelapazperu.com,,https://www.openstreetmap.org/node/4313395389
Wa Lok,Peru,Lima,Miraflores/San Isidro/Surco/La Molina/Barranco,El registro público incluye un sitio web oficial; se excluye para evitar negocios con web moderna.,https://walok.com.pe/,,https://www.openstreetmap.org/node/4332775622
Centro de Idiomas,Peru,Lima,Miraflores/San Isidro/Surco/La Molina/Barranco,El registro público incluye un sitio web oficial; se excluye para evitar negocios con web moderna.,http://www.usmp.edu.pe/idiomas,,https://www.openstreetmap.org/node/4334033102
Las Canastas,Peru,Lima,Miraflores/San Isidro/Surco/La Molina/Barranco,El registro público incluye un sitio web oficial; se excluye para evitar negocios con web moderna.,https://www.lascanastas.com/,,https://www.openstreetmap.org/node/4334125527
Houlihan's,Peru,Lima,Miraflores/San Isidro/Surco/La Molina/Barranco,El registro público incluye un sitio web oficial; se excluye para evitar negocios con web moderna.,http://www.houlihansperu.com/,,https://www.openstreetmap.org/node/4336091220
Estadio FC,Peru,Lima,Miraflores/San Isidro/Surco/La Molina/Barranco,El registro público incluye un sitio web oficial; se excluye para evitar negocios con web moderna.,https://www.estadio.com.pe/,,https://www.openstreetmap.org/node/4336154416
El fogón del asador,Peru,Lima,Miraflores/San Isidro/Surco/La Molina/Barranco,El registro público incluye un sitio web oficial; se excluye para evitar negocios con web moderna.,http://www.elfogondelasador.com.pe/,,https://www.openstreetmap.org/node/4338790192
Costa Delicioza,Peru,Lima,Miraflores/San Isidro/Surco/La Molina/Barranco,El registro público incluye un sitio web oficial; se excluye para evitar negocios con web moderna.,http://www.costadelicioza.com,,https://www.openstreetmap.org/node/4340233197
Centro Odontológico Americano,Peru,Lima,Miraflores/San Isidro/Surco/La Molina/Barranco,El registro público incluye un sitio web oficial; se excluye para evitar negocios con web moderna.,https://coa.pe/,,https://www.openstreetmap.org/node/4341714335
Dental House,Peru,Lima,Miraflores/San Isidro/Surco/La Molina/Barranco,El registro público incluye un sitio web oficial; se excluye para evitar negocios con web moderna.,https://www.dental-house.com/,,https://www.openstreetmap.org/node/4341737524
Rústica,Peru,Lima,Miraflores/San Isidro/Surco/La Molina/Barranco,El registro público incluye un sitio web oficial; se excluye para evitar negocios con web moderna.,https://www.rustica.com.pe/,,https://www.openstreetmap.org/node/4343704617
Chifa Men Hong,Peru,Lima,Miraflores/San Isidro/Surco/La Molina/Barranco,Country quota already filled for campaign mix.,,,https://www.openstreetmap.org/node/4344769630
Infinity,Peru,Lima,Miraflores/San Isidro/Surco/La Molina/Barranco,Country quota already filled for campaign mix.,,,https://www.openstreetmap.org/node/4344925245
Chifa Titi,Peru,Lima,Miraflores/San Isidro/Surco/La Molina/Barranco,El registro público incluye un sitio web oficial; se excluye para evitar negocios con web moderna.,https://www.chifatiti.com/,,https://www.openstreetmap.org/node/4344960260
Centro Odontologico Sonrie Dent,Peru,Lima,Miraflores/San Isidro/Surco/La Molina/Barranco,Country quota already filled for campaign mix.,,,https://www.openstreetmap.org/node/4344969040
Juicy Lusy,Peru,Lima,Miraflores/San Isidro/Surco/La Molina/Barranco,El registro público incluye un sitio web oficial; se excluye para evitar negocios con web moderna.,https://juicylucy.pe/,,https://www.openstreetmap.org/node/4346194320
Matria Restaurante,Peru,Lima,Miraflores/San Isidro/Surco/La Molina/Barranco,El registro público incluye un sitio web oficial; se excluye para evitar negocios con web moderna.,https://www.matriarestaurante.com/,,https://www.openstreetmap.org/node/4346246257
Mykonos,Peru,Lima,Miraflores/San Isidro/Surco/La Molina/Barranco,Country quota already filled for campaign mix.,,,https://www.openstreetmap.org/node/4346419508
Capirena,Peru,Lima,Miraflores/San Isidro/Surco/La Molina/Barranco,Country quota already filled for campaign mix.,,,https://www.openstreetmap.org/node/4346432475
Veterinaría San Bernado,Peru,Lima,Miraflores/San Isidro/Surco/La Molina/Barranco,Country quota already filled for campaign mix.,,,https://www.openstreetmap.org/node/4346560795
Al Tavolo,Peru,Lima,Miraflores/San Isidro/Surco/La Molina/Barranco,Country quota already filled for campaign mix.,,,https://www.openstreetmap.org/node/4347791167
Il Pastifico,Peru,Lima,Miraflores/San Isidro/Surco/La Molina/Barranco,El registro público incluye un sitio web oficial; se excluye para evitar negocios con web moderna.,https://www.ilpastificio.com/,,https://www.openstreetmap.org/node/4347829135
Sanahoria,Peru,Lima,Miraflores/San Isidro/Surco/La Molina/Barranco,Country quota already filled for campaign mix.,,,https://www.openstreetmap.org/node/4347880037
SOS Mascotas,Peru,Lima,Miraflores/San Isidro/Surco/La Molina/Barranco,Country quota already filled for campaign mix.,,,https://www.openstreetmap.org/node/4347954536
PoloVet,Peru,Lima,Miraflores/San Isidro/Surco/La Molina/Barranco,El registro público incluye un sitio web oficial; se excluye para evitar negocios con web moderna.,https://polovet.com.pe/,,https://www.openstreetmap.org/node/4353255096
Mr. Sushi,Peru,Lima,Miraflores/San Isidro/Surco/La Molina/Barranco,El registro público incluye un sitio web oficial; se excluye para evitar negocios con web moderna.,https://www.mrsushiperu.com/,,https://www.openstreetmap.org/node/4356642924
La Glorietta,Peru,Lima,Miraflores/San Isidro/Surco/La Molina/Barranco,Country quota already filled for campaign mix.,,,https://www.openstreetmap.org/node/4356675696
Choco,Peru,Lima,Miraflores/San Isidro/Surco/La Molina/Barranco,Country quota already filled for campaign mix.,,,https://www.openstreetmap.org/node/4356675791
Chifa Heng Fong,Peru,Lima,Miraflores/San Isidro/Surco/La Molina/Barranco,Country quota already filled for campaign mix.,,,https://www.openstreetmap.org/node/4356677419
OSensei Sushi Bar,Peru,Lima,Miraflores/San Isidro/Surco/La Molina/Barranco,Country quota already filled for campaign mix.,,,https://www.openstreetmap.org/node/4361939399
MM Dent,Peru,Lima,Miraflores/San Isidro/Surco/La Molina/Barranco,Country quota already filled for campaign mix.,,,https://www.openstreetmap.org/node/4361996753
Dental Vieira,Peru,Lima,Miraflores/San Isidro/Surco/La Molina/Barranco,Country quota already filled for campaign mix.,,,https://www.openstreetmap.org/node/4363561559
Odontomalla,Peru,Lima,Miraflores/San Isidro/Surco/La Molina/Barranco,Country quota already filled for campaign mix.,,,https://www.openstreetmap.org/node/4363803043
La Bistecca,Peru,Lima,Miraflores/San Isidro/Surco/La Molina/Barranco,El registro público incluye un sitio web oficial; se excluye para evitar negocios con web moderna.,https://www.labisteccalima.com,,https://www.openstreetmap.org/node/4365330953
Odontología Especializada e Integral,Peru,Lima,Miraflores/San Isidro/Surco/La Molina/Barranco,Country quota already filled for campaign mix.,,,https://www.openstreetmap.org/node/4366597037
Pet's Place,Peru,Lima,Miraflores/San Isidro/Surco/La Molina/Barranco,No coincide con formato peruano esperado.,,,https://www.openstreetmap.org/node/4366817510
Chifa Jin Ying,Peru,Lima,Miraflores/San Isidro/Surco/La Molina/Barranco,Country quota already filled for campaign mix.,,,https://www.openstreetmap.org/node/4368229107
Naruto,Peru,Lima,Miraflores/San Isidro/Surco/La Molina/Barranco,Country quota already filled for campaign mix.,,,https://www.openstreetmap.org/node/4368674750
Cavero & Valverde,Peru,Lima,Miraflores/San Isidro/Surco/La Molina/Barranco,Country quota already filled for campaign mix.,,,https://www.openstreetmap.org/node/4372817515
La Plaza Bar & Grill,Peru,Lima,Miraflores/San Isidro/Surco/La Molina/Barranco,El registro público incluye un sitio web oficial; se excluye para evitar negocios con web moderna.,https://www.casa-andina.com/destinos/miraflores/hotel-miraflores-lima_casa-andina-select-miraflores/,,https://www.openstreetmap.org/node/4393170727
Chez Wong,Peru,Lima,Miraflores/San Isidro/Surco/La Molina/Barranco,Country quota already filled for campaign mix.,,,https://www.openstreetmap.org/node/4407041390
Cevicheria,Peru,Lima,Miraflores/San Isidro/Surco/La Molina/Barranco,Country quota already filled for campaign mix.,,,https://www.openstreetmap.org/node/4419664191
Restaurante Tarboüsh,Peru,Lima,Miraflores/San Isidro/Surco/La Molina/Barranco,Country quota already filled for campaign mix.,,,https://www.openstreetmap.org/node/4419765591
Rama Designer,Peru,Lima,Miraflores/San Isidro/Surco/La Molina/Barranco,El registro público incluye un sitio web oficial; se excluye para evitar negocios con web moderna.,http://renemaguiña.xyz,,https://www.openstreetmap.org/node/4419800803
Tomás Gourmet,Peru,Lima,Miraflores/San Isidro/Surco/La Molina/Barranco,El registro público incluye un sitio web oficial; se excluye para evitar negocios con web moderna.,https://menutomas.com/,,https://www.openstreetmap.org/node/4419840797
J&R Consulting,Peru,Lima,Miraflores/San Isidro/Surco/La Molina/Barranco,Country quota already filled for campaign mix.,,,https://www.openstreetmap.org/node/4424587191
Renova Salud,Peru,Lima,Miraflores/San Isidro/Surco/La Molina/Barranco,El registro público incluye un sitio web oficial; se excluye para evitar negocios con web moderna.,https://renovasalud.com/,,https://www.openstreetmap.org/node/4433073625
Restaurante Los Manglares de Tumbes,Peru,Lima,Miraflores/San Isidro/Surco/La Molina/Barranco,Country quota already filled for campaign mix.,,,https://www.openstreetmap.org/node/4438108500
Embarcadero 41,Peru,Lima,Miraflores/San Isidro/Surco/La Molina/Barranco,El registro público incluye un sitio web oficial; se excluye para evitar negocios con web moderna.,https://embarcadero41.com/restaurantes/,,https://www.openstreetmap.org/node/4451126488
Museo Larco Café Restaurant,Peru,Lima,Miraflores/San Isidro/Surco/La Molina/Barranco,El registro público incluye un sitio web oficial; se excluye para evitar negocios con web moderna.,https://cafe.museolarco.org/,,https://www.openstreetmap.org/node/4457042838
L'Eau Vive del Perú,Peru,Lima,Miraflores/San Isidro/Surco/La Molina/Barranco,Country quota already filled for campaign mix.,,,https://www.openstreetmap.org/node/4457079132
Terminal 1 Fusión,Peru,Lima,Miraflores/San Isidro/Surco/La Molina/Barranco,Country quota already filled for campaign mix.,,,https://www.openstreetmap.org/node/4465666589
La Tapada,Peru,Lima,Miraflores/San Isidro/Surco/La Molina/Barranco,El registro público incluye un sitio web oficial; se excluye para evitar negocios con web moderna.,https://latapada.negocio.site/,,https://www.openstreetmap.org/node/4486045726
Anticuchos Bran,Peru,Lima,Miraflores/San Isidro/Surco/La Molina/Barranco,Country quota already filled for campaign mix.,,,https://www.openstreetmap.org/node/4497671091
Clinica Happy Dents,Peru,Lima,Miraflores/San Isidro/Surco/La Molina/Barranco,El registro público incluye un sitio web oficial; se excluye para evitar negocios con web moderna.,http://www.happydents.gob.pe/,,https://www.openstreetmap.org/node/4515306396
Mi Buen Gusto,Peru,Lima,Miraflores/San Isidro/Surco/La Molina/Barranco,El registro público incluye un sitio web oficial; se excluye para evitar negocios con web moderna.,http://www.mibuengusto.com,,https://www.openstreetmap.org/node/4518245794
Centro Odontológico César Anchiraico Cosquillo,Peru,Lima,Miraflores/San Isidro/Surco/La Molina/Barranco,Country quota already filled for campaign mix.,,,https://www.openstreetmap.org/node/4526967489
IK Restaurante,Peru,Lima,Miraflores/San Isidro/Surco/La Molina/Barranco,El registro público incluye un sitio web oficial; se excluye para evitar negocios con web moderna.,http://www.ivankisic.pe/,,https://www.openstreetmap.org/node/4527179089
Tzuru Restaurant Nikkei,Peru,Lima,Miraflores/San Isidro/Surco/La Molina/Barranco,El registro público incluye un sitio web oficial; se excluye para evitar negocios con web moderna.,http://www.tzururestaurante.com/,,https://www.openstreetmap.org/node/4553480902
Don de Peter,Peru,Lima,Miraflores/San Isidro/Surco/La Molina/Barranco,Country quota already filled for campaign mix.,,,https://www.openstreetmap.org/node/4555674790
CentrOral estética Dental Laser,Peru,Lima,Miraflores/San Isidro/Surco/La Molina/Barranco,El registro público incluye un sitio web oficial; se excluye para evitar negocios con web moderna.,https://www.centroral.com/,,https://www.openstreetmap.org/node/4558333191
Pollería Amill,Peru,Lima,Miraflores/San Isidro/Surco/La Molina/Barranco,Country quota already filled for campaign mix.,,,https://www.openstreetmap.org/node/4559227395
Sayel Restaurante Vegetariano,Peru,Lima,Miraflores/San Isidro/Surco/La Molina/Barranco,El registro público incluye un sitio web oficial; se excluye para evitar negocios con web moderna.,https://www.elvegetarianosayel.com,,https://www.openstreetmap.org/node/4563641589
El Rosedal,Peru,Lima,Miraflores/San Isidro/Surco/La Molina/Barranco,El registro público incluye un sitio web oficial; se excluye para evitar negocios con web moderna.,http://elrosedaldesurco.com/,,https://www.openstreetmap.org/node/4600943389
d'Mary Stylos Saloon Hair,Peru,Lima,Miraflores/San Isidro/Surco/La Molina/Barranco,Country quota already filled for campaign mix.,,,https://www.openstreetmap.org/node/4602089789
Clínica NATCLAR,Peru,Lima,Miraflores/San Isidro/Surco/La Molina/Barranco,El registro público incluye un sitio web oficial; se excluye para evitar negocios con web moderna.,https://www.natclar.com.pe/,,https://www.openstreetmap.org/node/4674945690
Chifa choi yi,Peru,Lima,Miraflores/San Isidro/Surco/La Molina/Barranco,Country quota already filled for campaign mix.,,,https://www.openstreetmap.org/node/4676801792
Veggie Pizza,Peru,Lima,Miraflores/San Isidro/Surco/La Molina/Barranco,El registro público incluye un sitio web oficial; se excluye para evitar negocios con web moderna.,https://www.veggiepizza.pe,,https://www.openstreetmap.org/node/4685747789
Fem Salud S.A.C,Peru,Lima,Miraflores/San Isidro/Surco/La Molina/Barranco,Country quota already filled for campaign mix.,,,https://www.openstreetmap.org/node/4699602789
Bon Ami,Peru,Lima,Miraflores/San Isidro/Surco/La Molina/Barranco,Country quota already filled for campaign mix.,,,https://www.openstreetmap.org/node/4715660989
La Choza Náutica,Peru,Lima,Miraflores/San Isidro/Surco/La Molina/Barranco,Country quota already filled for campaign mix.,,,https://www.openstreetmap.org/node/4724769493
La Choza Náutica,Peru,Lima,Miraflores/San Isidro/Surco/La Molina/Barranco,Country quota already filled for campaign mix.,,,https://www.openstreetmap.org/node/4724781197
La Choza Náutica,Peru,Lima,Miraflores/San Isidro/Surco/La Molina/Barranco,Country quota already filled for campaign mix.,,,https://www.openstreetmap.org/node/4724808489
El Rincón de Bigote,Peru,Lima,Miraflores/San Isidro/Surco/La Molina/Barranco,Country quota already filled for campaign mix.,,,https://www.openstreetmap.org/node/4725852296
Chifa Chun Yion (Unión de Barranco),Peru,Lima,Miraflores/San Isidro/Surco/La Molina/Barranco,El registro público incluye un sitio web oficial; se excluye para evitar negocios con web moderna.,http://chifachungyiondebarranco.com/,,https://www.openstreetmap.org/node/4760706121
Misi Vet,Peru,Lima,Miraflores/San Isidro/Surco/La Molina/Barranco,Country quota already filled for campaign mix.,,,https://www.openstreetmap.org/node/4760927321
Notaría Carlos Herrera Carrera,Peru,Lima,Miraflores/San Isidro/Surco/La Molina/Barranco,El registro público incluye un sitio web oficial; se excluye para evitar negocios con web moderna.,https://notariaherreracarrera.com/,,https://www.openstreetmap.org/node/4764175947
Bao?,Peru,Lima,Miraflores/San Isidro/Surco/La Molina/Barranco,Country quota already filled for campaign mix.,,,https://www.openstreetmap.org/node/4764219905
Costazul Seafood,Peru,Lima,Miraflores/San Isidro/Surco/La Molina/Barranco,El registro público incluye un sitio web oficial; se excluye para evitar negocios con web moderna.,https://costazulseafood.com/,,https://www.openstreetmap.org/node/4764975721
Isolina Taberna,Peru,Lima,Miraflores/San Isidro/Surco/La Molina/Barranco,El registro público incluye un sitio web oficial; se excluye para evitar negocios con web moderna.,https://isolina.pe,,https://www.openstreetmap.org/node/4764975921
Veterinaria The Pet's Corner,Peru,Lima,Miraflores/San Isidro/Surco/La Molina/Barranco,Country quota already filled for campaign mix.,,,https://www.openstreetmap.org/node/4765719522
Gama Pets Care,Peru,Lima,Miraflores/San Isidro/Surco/La Molina/Barranco,Country quota already filled for campaign mix.,,,https://www.openstreetmap.org/node/4765731521
La curva azul,Peru,Lima,Miraflores/San Isidro/Surco/La Molina/Barranco,Country quota already filled for campaign mix.,,,https://www.openstreetmap.org/node/4795240921
Las Zarzas,Peru,Lima,Miraflores/San Isidro/Surco/La Molina/Barranco,Country quota already filled for campaign mix.,,,https://www.openstreetmap.org/node/4799874621
Luminaris Spa,Peru,Lima,Miraflores/San Isidro/Surco/La Molina/Barranco,El registro público incluye un sitio web oficial; se excluye para evitar negocios con web moderna.,https://bienestarluminaris.com/,,https://www.openstreetmap.org/node/4806752121
Clinica Pablo Bermudez,Peru,Lima,Miraflores/San Isidro/Surco/La Molina/Barranco,Country quota already filled for campaign mix.,,,https://www.openstreetmap.org/node/4808012782
Sushi Pop,Peru,Lima,Miraflores/San Isidro/Surco/La Molina/Barranco,El registro público incluye un sitio web oficial; se excluye para evitar negocios con web moderna.,https://www.sushipop.pe/,,https://www.openstreetmap.org/node/4849841121
Clínica Municipal Santa Anita,Peru,Lima,Miraflores/San Isidro/Surco/La Molina/Barranco,El registro público incluye un sitio web oficial; se excluye para evitar negocios con web moderna.,https://clinica-municipal-santa-anita.negocio.site/,,https://www.openstreetmap.org/node/4850387121
El Charrúa,Peru,Lima,Miraflores/San Isidro/Surco/La Molina/Barranco,El registro público incluye un sitio web oficial; se excluye para evitar negocios con web moderna.,https://www.elcharrua.com/,,https://www.openstreetmap.org/node/4858864494
Namu,Peru,Lima,Miraflores/San Isidro/Surco/La Molina/Barranco,Country quota already filled for campaign mix.,,,https://www.openstreetmap.org/node/4879348721
La Cabrera,Peru,Lima,Miraflores/San Isidro/Surco/La Molina/Barranco,El registro público incluye un sitio web oficial; se excluye para evitar negocios con web moderna.,https://lacabreraperu.com/,,https://www.openstreetmap.org/node/4880787724
Mis engreidos Veterinaria Pet shop,Peru,Lima,Miraflores/San Isidro/Surco/La Molina/Barranco,El registro público incluye un sitio web oficial; se excluye para evitar negocios con web moderna.,http://www.veterinariamisengreidos.com/,,https://www.openstreetmap.org/node/4880939923
Meridiano Lima,Peru,Lima,Miraflores/San Isidro/Surco/La Molina/Barranco,Country quota already filled for campaign mix.,,,https://www.openstreetmap.org/node/4880940222
Social.,Peru,Lima,Miraflores/San Isidro/Surco/La Molina/Barranco,Country quota already filled for campaign mix.,,,https://www.openstreetmap.org/node/4882102722
Policlínico Peruano-Japonés,Peru,Lima,Miraflores/San Isidro/Surco/La Molina/Barranco,Country quota already filled for campaign mix.,,,https://www.openstreetmap.org/node/4888683521
Black Maki Bar,Peru,Lima,Miraflores/San Isidro/Surco/La Molina/Barranco,Country quota already filled for campaign mix.,,,https://www.openstreetmap.org/node/4889001524
Optica Rivera,Peru,Lima,Miraflores/San Isidro/Surco/La Molina/Barranco,Country quota already filled for campaign mix.,,,https://www.openstreetmap.org/node/4890209822
Optica Rivera,Peru,Lima,Miraflores/San Isidro/Surco/La Molina/Barranco,Country quota already filled for campaign mix.,,,https://www.openstreetmap.org/node/4890209921
La Vista Restaurant,Peru,Lima,Miraflores/San Isidro/Surco/La Molina/Barranco,El registro público incluye un sitio web oficial; se excluye para evitar negocios con web moderna.,https://www.espanol.marriott.com/hotels/hotel-information/restaurant/limdt-jw-marriott-hotel-lima/,,https://www.openstreetmap.org/node/4890540929
Chifa Jumbo,Peru,Lima,Miraflores/San Isidro/Surco/La Molina/Barranco,El registro público incluye un sitio web oficial; se excluye para evitar negocios con web moderna.,http://chifajumbo.com,,https://www.openstreetmap.org/node/4894077142
Yao Ling Spa,Peru,Lima,Miraflores/San Isidro/Surco/La Molina/Barranco,El registro público incluye un sitio web oficial; se excluye para evitar negocios con web moderna.,https://yaolingspa.com/,,https://www.openstreetmap.org/node/4906629134
Tu Chinindro,Peru,Lima,Miraflores/San Isidro/Surco/La Molina/Barranco,Country quota already filled for campaign mix.,,,https://www.openstreetmap.org/node/4929408021
El parque,Peru,Lima,Miraflores/San Isidro/Surco/La Molina/Barranco,Country quota already filled for campaign mix.,,,https://www.openstreetmap.org/node/4973644772
Kametsa Spa,Peru,Lima,Miraflores/San Isidro/Surco/La Molina/Barranco,Country quota already filled for campaign mix.,,,https://www.openstreetmap.org/node/4981536921
Tragaluz,Peru,Lima,Miraflores/San Isidro/Surco/La Molina/Barranco,El registro público incluye un sitio web oficial; se excluye para evitar negocios con web moderna.,https://www.belmond.com/es/miraflores-park-lima/restaurants_lima,,https://www.openstreetmap.org/node/4990723113
Sangucheria El Chinito,Peru,Lima,Miraflores/San Isidro/Surco/La Molina/Barranco,El registro público incluye un sitio web oficial; se excluye para evitar negocios con web moderna.,https://elchinito.com.pe,,https://www.openstreetmap.org/node/4995543123
San Ceferino,Peru,Lima,Miraflores/San Isidro/Surco/La Molina/Barranco,El registro público incluye un sitio web oficial; se excluye para evitar negocios con web moderna.,https://restaurantsanceferino.com,,https://www.openstreetmap.org/node/4997758921
Osteria Gianfranco,Peru,Lima,Miraflores/San Isidro/Surco/La Molina/Barranco,El registro público incluye un sitio web oficial; se excluye para evitar negocios con web moderna.,http://www.gianfrancocaffe.com,,https://www.openstreetmap.org/node/5004995721
Tierra Santa,Peru,Lima,Miraflores/San Isidro/Surco/La Molina/Barranco,Country quota already filled for campaign mix.,,,https://www.openstreetmap.org/node/5005805759
Odontoled,Peru,Lima,Miraflores/San Isidro/Surco/La Molina/Barranco,Country quota already filled for campaign mix.,,,https://www.openstreetmap.org/node/5010407404
Paseo Colón,Peru,Lima,Miraflores/San Isidro/Surco/La Molina/Barranco,El registro público incluye un sitio web oficial; se excluye para evitar negocios con web moderna.,https://paseocolon.com/,,https://www.openstreetmap.org/node/5015691321
Mirada Glamour,Peru,Lima,Miraflores/San Isidro/Surco/La Molina/Barranco,El registro público incluye un sitio web oficial; se excluye para evitar negocios con web moderna.,https://www.miradaglamour.com/,,https://www.openstreetmap.org/node/5071636622
Lima Estudio Arquitectos,Peru,Lima,Miraflores/San Isidro/Surco/La Molina/Barranco,Country quota already filled for campaign mix.,,,https://www.openstreetmap.org/node/5076423087
Lourdes Flores Nano,Peru,Lima,Miraflores/San Isidro/Surco/La Molina/Barranco,El registro público incluye un sitio web oficial; se excluye para evitar negocios con web moderna.,https://lfnabogados.com.pe/,,https://www.openstreetmap.org/node/5076423088
Giorgio Dalla Pieta,Peru,Lima,Miraflores/San Isidro/Surco/La Molina/Barranco,Country quota already filled for campaign mix.,,,https://www.openstreetmap.org/node/5076423509
Clínica hogar de Maria,Peru,Lima,Miraflores/San Isidro/Surco/La Molina/Barranco,Country quota already filled for campaign mix.,,,https://www.openstreetmap.org/node/5076423515
Veterinaria Benavides,Peru,Lima,Miraflores/San Isidro/Surco/La Molina/Barranco,El registro público incluye un sitio web oficial; se excluye para evitar negocios con web moderna.,http://veterinariabenavides.got.to/,,https://www.openstreetmap.org/node/5076423938
La Baratura,Peru,Lima,Miraflores/San Isidro/Surco/La Molina/Barranco,Country quota already filled for campaign mix.,,,https://www.openstreetmap.org/node/5084261164
Costanera 700,Peru,Lima,Miraflores/San Isidro/Surco/La Molina/Barranco,El registro público incluye un sitio web oficial; se excluye para evitar negocios con web moderna.,https://costanera700.pe/,,https://www.openstreetmap.org/node/5099439821
El Chanchito,Peru,Lima,Miraflores/San Isidro/Surco/La Molina/Barranco,El registro público incluye un sitio web oficial; se excluye para evitar negocios con web moderna.,http://www.chicharroneria-elchanchito.com,,https://www.openstreetmap.org/node/5108348021
Estrella fu lai,Peru,Lima,Miraflores/San Isidro/Surco/La Molina/Barranco,Country quota already filled for campaign mix.,,,https://www.openstreetmap.org/node/5140690321
Destellos Ópticos,Peru,Lima,Miraflores/San Isidro/Surco/La Molina/Barranco,Country quota already filled for campaign mix.,,,https://www.openstreetmap.org/node/5148690722
Donde Jaimito,Peru,Lima,Miraflores/San Isidro/Surco/La Molina/Barranco,Country quota already filled for campaign mix.,,,https://www.openstreetmap.org/node/5168318421
Policlínico Esperanza,Peru,Lima,Miraflores/San Isidro/Surco/La Molina/Barranco,Country quota already filled for campaign mix.,,,https://www.openstreetmap.org/node/5176549021
health pet,Peru,Lima,Miraflores/San Isidro/Surco/La Molina/Barranco,Country quota already filled for campaign mix.,,,https://www.openstreetmap.org/node/5186361122
La choza nática,Peru,Lima,Miraflores/San Isidro/Surco/La Molina/Barranco,Country quota already filled for campaign mix.,,,https://www.openstreetmap.org/node/5223706765
DSdental,Peru,Lima,Miraflores/San Isidro/Surco/La Molina/Barranco,Country quota already filled for campaign mix.,,,https://www.openstreetmap.org/node/5243346622
Puquina Qocha,Peru,Lima,Miraflores/San Isidro/Surco/La Molina/Barranco,El registro público incluye un sitio web oficial; se excluye para evitar negocios con web moderna.,http://brisasdeltiticaca.com/puquina-qocha/,,https://www.openstreetmap.org/node/5258634721
restaurant cevichería Santiago,Peru,Lima,Miraflores/San Isidro/Surco/La Molina/Barranco,Country quota already filled for campaign mix.,,,https://www.openstreetmap.org/node/5266970022
China Town,Peru,Lima,Miraflores/San Isidro/Surco/La Molina/Barranco,Country quota already filled for campaign mix.,,,https://www.openstreetmap.org/node/5335117716
El Bodegón,Peru,Lima,Miraflores/San Isidro/Surco/La Molina/Barranco,El registro público incluye un sitio web oficial; se excluye para evitar negocios con web moderna.,https://www.elbodegon.com.pe,,https://www.openstreetmap.org/node/5335214022
Veterinaria CielitoVet,Peru,Lima,Miraflores/San Isidro/Surco/La Molina/Barranco,Country quota already filled for campaign mix.,,,https://www.openstreetmap.org/node/5380014121
Viet,Peru,Lima,Miraflores/San Isidro/Surco/La Molina/Barranco,El registro público incluye un sitio web oficial; se excluye para evitar negocios con web moderna.,https://viet.pe/,,https://www.openstreetmap.org/node/5396324321
Bazar,Peru,Lima,Miraflores/San Isidro/Surco/La Molina/Barranco,El registro público incluye un sitio web oficial; se excluye para evitar negocios con web moderna.,http://bazarlima.com/,,https://www.openstreetmap.org/node/5402792721
Euroidiomas,Peru,Lima,Miraflores/San Isidro/Surco/La Molina/Barranco,Country quota already filled for campaign mix.,,,https://www.openstreetmap.org/node/5476898855
Detecta,Peru,Lima,Miraflores/San Isidro/Surco/La Molina/Barranco,El registro público incluye un sitio web oficial; se excluye para evitar negocios con web moderna.,http://www.detecta.pe/,,https://www.openstreetmap.org/node/5481482098
SISOL Salud Centro Quirúrgico,Peru,Lima,Miraflores/San Isidro/Surco/La Molina/Barranco,El registro público incluye un sitio web oficial; se excluye para evitar negocios con web moderna.,https://www.sisol.gob.pe/,,https://www.openstreetmap.org/node/5485493582
Clínica María Huarhua,Peru,Lima,Miraflores/San Isidro/Surco/La Molina/Barranco,No coincide con formato peruano esperado.,,,https://www.openstreetmap.org/node/5569642261
Mácula D&T,Peru,Lima,Miraflores/San Isidro/Surco/La Molina/Barranco,El registro público incluye un sitio web oficial; se excluye para evitar negocios con web moderna.,http://www.maculadt.com/,,https://www.openstreetmap.org/node/5577497869
Aida Sushi Bar,Peru,Lima,Miraflores/San Isidro/Surco/La Molina/Barranco,Country quota already filled for campaign mix.,,,https://www.openstreetmap.org/node/5579429321
Clínica Odontomédica Galla,Peru,Lima,Miraflores/San Isidro/Surco/La Molina/Barranco,El registro público incluye un sitio web oficial; se excluye para evitar negocios con web moderna.,http://www.odontomedicagalla.com/,,https://www.openstreetmap.org/node/5605942363
Andromed,Peru,Lima,Miraflores/San Isidro/Surco/La Molina/Barranco,El registro público incluye un sitio web oficial; se excluye para evitar negocios con web moderna.,https://andromed.com.pe/,,https://www.openstreetmap.org/node/5612802334
Inmuno Vax,Peru,Lima,Miraflores/San Isidro/Surco/La Molina/Barranco,El registro público incluye un sitio web oficial; se excluye para evitar negocios con web moderna.,http://www.inmunovax.com.pe/,,https://www.openstreetmap.org/node/5612802339
IBN Sina,Peru,Lima,Miraflores/San Isidro/Surco/La Molina/Barranco,Country quota already filled for campaign mix.,,,https://www.openstreetmap.org/node/5612802358
La Norteñita Restaurant Turístico,Peru,Lima,Miraflores/San Isidro/Surco/La Molina/Barranco,El registro público incluye un sitio web oficial; se excluye para evitar negocios con web moderna.,https://lanortenitarestaurantturistico.business.site/,,https://www.openstreetmap.org/node/5726780132
Canta Ranita,Peru,Lima,Miraflores/San Isidro/Surco/La Molina/Barranco,Country quota already filled for campaign mix.,,,https://www.openstreetmap.org/node/5821590753
La Bodega de la Trattoria,Peru,Lima,Miraflores/San Isidro/Surco/La Molina/Barranco,El registro público incluye un sitio web oficial; se excluye para evitar negocios con web moderna.,https://labodegadelatrattoria.com/,,https://www.openstreetmap.org/node/5837072005
Eyes Illusion,Peru,Lima,Miraflores/San Isidro/Surco/La Molina/Barranco,El registro público incluye un sitio web oficial; se excluye para evitar negocios con web moderna.,https://eyesillusion.com/,,https://www.openstreetmap.org/node/5837072017
Dánica,Peru,Lima,Miraflores/San Isidro/Surco/La Molina/Barranco,El registro público incluye un sitio web oficial; se excluye para evitar negocios con web moderna.,https://www.danica.pe/,,https://www.openstreetmap.org/node/5837109188
Clínica veterinaria PetCenter,Peru,Lima,Miraflores/San Isidro/Surco/La Molina/Barranco,El registro público incluye un sitio web oficial; se excluye para evitar negocios con web moderna.,https://www.petcenter.com.pe/,,https://www.openstreetmap.org/node/5876946117
La Gloria,Peru,Lima,Miraflores/San Isidro/Surco/La Molina/Barranco,El registro público incluye un sitio web oficial; se excluye para evitar negocios con web moderna.,https://lagloriarestaurant.com/,,https://www.openstreetmap.org/node/5892067685
El Pez On,Peru,Lima,Miraflores/San Isidro/Surco/La Molina/Barranco,El registro público incluye un sitio web oficial; se excluye para evitar negocios con web moderna.,https://elpez-on.com/,,https://www.openstreetmap.org/node/5931759685
Osaka Pardo and Aliaga,Peru,Lima,Miraflores/San Isidro/Surco/La Molina/Barranco,El registro público incluye un sitio web oficial; se excluye para evitar negocios con web moderna.,https://www.osaka.com.pe/,,https://www.openstreetmap.org/node/5952574543
ámaZ,Peru,Lima,Miraflores/San Isidro/Surco/La Molina/Barranco,El registro público incluye un sitio web oficial; se excluye para evitar negocios con web moderna.,http://amaz.com.pe/,,https://www.openstreetmap.org/node/5967438124
1087 Restaurante,Peru,Lima,Miraflores/San Isidro/Surco/La Molina/Barranco,Country quota already filled for campaign mix.,,,https://www.openstreetmap.org/node/5967542306
Osso El Restaurante,Peru,Lima,Miraflores/San Isidro/Surco/La Molina/Barranco,El registro público incluye un sitio web oficial; se excluye para evitar negocios con web moderna.,https://www.osso.pe/menu/,,https://www.openstreetmap.org/node/5967750564
Estudio Leguía Normand,Peru,Lima,Miraflores/San Isidro/Surco/La Molina/Barranco,El registro público incluye un sitio web oficial; se excluye para evitar negocios con web moderna.,https://www.rubio.pe/,,https://www.openstreetmap.org/node/5980207955
Don Rosalino,Peru,Lima,Miraflores/San Isidro/Surco/La Molina/Barranco,El registro público incluye un sitio web oficial; se excluye para evitar negocios con web moderna.,https://donrosalino.com/,,https://www.openstreetmap.org/node/5980220893
La Calesa,Peru,Lima,Miraflores/San Isidro/Surco/La Molina/Barranco,Country quota already filled for campaign mix.,,,https://www.openstreetmap.org/node/5980554688
Spa Mónica Cabrera,Peru,Lima,Miraflores/San Isidro/Surco/La Molina/Barranco,El registro público incluye un sitio web oficial; se excluye para evitar negocios con web moderna.,https://spamonicacabrera.com/,,https://www.openstreetmap.org/node/5982096136
Makoto Sushi Bar Miraflores,Peru,Lima,Miraflores/San Isidro/Surco/La Molina/Barranco,El registro público incluye un sitio web oficial; se excluye para evitar negocios con web moderna.,https://makotosushibar.com/,,https://www.openstreetmap.org/node/5992164842
Catalina 555,Peru,Lima,Miraflores/San Isidro/Surco/La Molina/Barranco,Country quota already filled for campaign mix.,,,https://www.openstreetmap.org/node/5996414685
Chifa Bravos,Peru,Lima,Miraflores/San Isidro/Surco/La Molina/Barranco,Country quota already filled for campaign mix.,,,https://www.openstreetmap.org/node/6018423586
Recavarren,Peru,Lima,Miraflores/San Isidro/Surco/La Molina/Barranco,Country quota already filled for campaign mix.,,,https://www.openstreetmap.org/node/6045054053
Nanka,Peru,Lima,Miraflores/San Isidro/Surco/La Molina/Barranco,El registro público incluye un sitio web oficial; se excluye para evitar negocios con web moderna.,https://www.nanka.pe/,,https://www.openstreetmap.org/node/6049705755
Edo Sushi Bar,Peru,Lima,Miraflores/San Isidro/Surco/La Molina/Barranco,El registro público incluye un sitio web oficial; se excluye para evitar negocios con web moderna.,https://edosushibar.com/,,https://www.openstreetmap.org/node/6049737543
Terra Cuina,Peru,Lima,Miraflores/San Isidro/Surco/La Molina/Barranco,Country quota already filled for campaign mix.,,,https://www.openstreetmap.org/node/6049767591
La Terraza del Pardo,Peru,Lima,Miraflores/San Isidro/Surco/La Molina/Barranco,Country quota already filled for campaign mix.,,,https://www.openstreetmap.org/node/6049797584
Barra Maretazo,Peru,Lima,Miraflores/San Isidro/Surco/La Molina/Barranco,El registro público incluye un sitio web oficial; se excluye para evitar negocios con web moderna.,https://www.barramaretazo.com,,https://www.openstreetmap.org/node/6049824084
Maras Restaurantes,Peru,Lima,Miraflores/San Isidro/Surco/La Molina/Barranco,El registro público incluye un sitio web oficial; se excluye para evitar negocios con web moderna.,https://marasrestaurante.com.pe/,,https://www.openstreetmap.org/node/6049895224
La Fondue by Swissôtel,Peru,Lima,Miraflores/San Isidro/Surco/La Molina/Barranco,El registro público incluye un sitio web oficial; se excluye para evitar negocios con web moderna.,https://www.swissotel.com/hotels/lima/dining/la-fondue/,,https://www.openstreetmap.org/node/6049899182
Aji 555,Peru,Lima,Miraflores/San Isidro/Surco/La Molina/Barranco,El registro público incluye un sitio web oficial; se excluye para evitar negocios con web moderna.,http://aji555.com/,,https://www.openstreetmap.org/node/6049908006
Chabuca Restaurant & Bar,Peru,Lima,Miraflores/San Isidro/Surco/La Molina/Barranco,El registro público incluye un sitio web oficial; se excluye para evitar negocios con web moderna.,https://www.atton.com/hoteles/atton-san-isidro/,,https://www.openstreetmap.org/node/6050054942
Wallqa Restaurant,Peru,Lima,Miraflores/San Isidro/Surco/La Molina/Barranco,El registro público incluye un sitio web oficial; se excluye para evitar negocios con web moderna.,http://wallqa.com.pe,,https://www.openstreetmap.org/node/6050082570
Quimera,Peru,Lima,Miraflores/San Isidro/Surco/La Molina/Barranco,El registro público incluye un sitio web oficial; se excluye para evitar negocios con web moderna.,https://www.quimera.com.pe/,,https://www.openstreetmap.org/node/6050106432
La Locanda by Swissôtel,Peru,Lima,Miraflores/San Isidro/Surco/La Molina/Barranco,El registro público incluye un sitio web oficial; se excluye para evitar negocios con web moderna.,https://www.swissotel.com/hotels/lima/dining/la-locanda/,,https://www.openstreetmap.org/node/6050139958
Market 770,Peru,Lima,Miraflores/San Isidro/Surco/La Molina/Barranco,El registro público incluye un sitio web oficial; se excluye para evitar negocios con web moderna.,https://www.marriott.com/hotels/hotel-information/restaurant/details/limwi-the-westin-lima-hotel-and-convention-center/5974628/,,https://www.openstreetmap.org/node/6050160640
JW Sushi Ceviche Lounge,Peru,Lima,Miraflores/San Isidro/Surco/La Molina/Barranco,El registro público incluye un sitio web oficial; se excluye para evitar negocios con web moderna.,https://www.espanol.marriott.com/hotels/hotel-information/restaurant/limdt-jw-marriott-hotel-lima/,,https://www.openstreetmap.org/node/6051672147
La Eñe,Peru,Lima,Miraflores/San Isidro/Surco/La Molina/Barranco,El registro público incluye un sitio web oficial; se excluye para evitar negocios con web moderna.,http://www.restaurante-laene.com/,,https://www.openstreetmap.org/node/6051739010
The Observatory,Peru,Lima,Miraflores/San Isidro/Surco/La Molina/Barranco,El registro público incluye un sitio web oficial; se excluye para evitar negocios con web moderna.,https://www.belmond.com/es/miraflores-park-lima/restaurants_lima,,https://www.openstreetmap.org/node/6051852144
Al Asador,Peru,Lima,Miraflores/San Isidro/Surco/La Molina/Barranco,El registro público incluye un sitio web oficial; se excluye para evitar negocios con web moderna.,https://www.alasador.com/,,https://www.openstreetmap.org/node/6051890809
Statera,Peru,Lima,Miraflores/San Isidro/Surco/La Molina/Barranco,El registro público incluye un sitio web oficial; se excluye para evitar negocios con web moderna.,https://staterarestaurante.pe/,,https://www.openstreetmap.org/node/6051902999
Isidro Bistró Limeño,Peru,Lima,Miraflores/San Isidro/Surco/La Molina/Barranco,El registro público incluye un sitio web oficial; se excluye para evitar negocios con web moderna.,https://www.hyatt.com/en-US/hotel/peru/hyatt-centric-san-isidro-lima/limct/dining,,https://www.openstreetmap.org/node/6053329810
Ramada Encore Restaurante & Bar,Peru,Lima,Miraflores/San Isidro/Surco/La Molina/Barranco,El registro público incluye un sitio web oficial; se excluye para evitar negocios con web moderna.,https://ramadaencoresanisidro.pe/,,https://www.openstreetmap.org/node/6053341920
Siam Thai Cuisine,Peru,Lima,Miraflores/San Isidro/Surco/La Molina/Barranco,El registro público incluye un sitio web oficial; se excluye para evitar negocios con web moderna.,https://www.siamthaicuisine.com.pe/,,https://www.openstreetmap.org/node/6053512901
El Bosque,Peru,Lima,Miraflores/San Isidro/Surco/La Molina/Barranco,El registro público incluye un sitio web oficial; se excluye para evitar negocios con web moderna.,http://www.plazadelbosque.com/dining-es.html,,https://www.openstreetmap.org/node/6056095555
Barra Lima Restaurante,Peru,Lima,Miraflores/San Isidro/Surco/La Molina/Barranco,Country quota already filled for campaign mix.,,,https://www.openstreetmap.org/node/6056114337
21.02 Resto & Lounge,Peru,Lima,Miraflores/San Isidro/Surco/La Molina/Barranco,El registro público incluye un sitio web oficial; se excluye para evitar negocios con web moderna.,https://www.dazzlerlima.com/es/servicios/restaurant/,,https://www.openstreetmap.org/node/6056169175
Amore,Peru,Lima,Miraflores/San Isidro/Surco/La Molina/Barranco,Country quota already filled for campaign mix.,,,https://www.openstreetmap.org/node/6094347270
Restaurante Miso,Peru,Lima,Miraflores/San Isidro/Surco/La Molina/Barranco,El registro público incluye un sitio web oficial; se excluye para evitar negocios con web moderna.,https://www.decameron.com/es/otr-destinos/peru/miraflores/radisson-decapolis-miraflores,,https://www.openstreetmap.org/node/6129494956
La Picada Cevichería Valle Hermoso,Peru,Lima,Miraflores/San Isidro/Surco/La Molina/Barranco,Country quota already filled for campaign mix.,,,https://www.openstreetmap.org/node/6239134088
Acuatika Valle Hermoso,Peru,Lima,Miraflores/San Isidro/Surco/La Molina/Barranco,Country quota already filled for campaign mix.,,,https://www.openstreetmap.org/node/6239134385
Della Nonna Pastas Valle Hermoso,Peru,Lima,Miraflores/San Isidro/Surco/La Molina/Barranco,El registro público incluye un sitio web oficial; se excluye para evitar negocios con web moderna.,https://www.dellanonna.com.pe/,,https://www.openstreetmap.org/node/6239134387
Restaurant Peña Turística Surquillana,Peru,Lima,Miraflores/San Isidro/Surco/La Molina/Barranco,Country quota already filled for campaign mix.,,,https://www.openstreetmap.org/node/6341175386
Chifa Dao,Peru,Lima,Miraflores/San Isidro/Surco/La Molina/Barranco,Country quota already filled for campaign mix.,,,https://www.openstreetmap.org/node/6348594886
Criollazo,Peru,Lima,Miraflores/San Isidro/Surco/La Molina/Barranco,Country quota already filled for campaign mix.,,,https://www.openstreetmap.org/node/6427100586
La Barra de Ramiro - Cevicheria,Peru,Lima,Miraflores/San Isidro/Surco/La Molina/Barranco,Country quota already filled for campaign mix.,,,https://www.openstreetmap.org/node/6459415385
Osteoperu,Peru,Lima,Miraflores/San Isidro/Surco/La Molina/Barranco,El registro público incluye un sitio web oficial; se excluye para evitar negocios con web moderna.,https://osteoperu.com/,,https://www.openstreetmap.org/node/6476468286
Punto Italiano,Peru,Lima,Miraflores/San Isidro/Surco/La Molina/Barranco,Country quota already filled for campaign mix.,,,https://www.openstreetmap.org/node/6517008296
Clínica Santa María,Peru,Lima,Miraflores/San Isidro/Surco/La Molina/Barranco,El registro público incluye un sitio web oficial; se excluye para evitar negocios con web moderna.,https://clinicasantamaria.pe/,,https://www.openstreetmap.org/node/6571278172
Instituto de Oncología & Radioterapia,Peru,Lima,Miraflores/San Isidro/Surco/La Molina/Barranco,El registro público incluye un sitio web oficial; se excluye para evitar negocios con web moderna.,https://www.oncologiaricardopalma.com/,,https://www.openstreetmap.org/node/6577890321
Snarios La Academia,Peru,Lima,Miraflores/San Isidro/Surco/La Molina/Barranco,Country quota already filled for campaign mix.,,,https://www.openstreetmap.org/node/6606177526
Pollos Bunny's,Peru,Lima,Miraflores/San Isidro/Surco/La Molina/Barranco,Country quota already filled for campaign mix.,,,https://www.openstreetmap.org/node/6606177532
Dentalanders,Peru,Lima,Miraflores/San Isidro/Surco/La Molina/Barranco,Country quota already filled for campaign mix.,,,https://www.openstreetmap.org/node/6606177579
Centro Optico Expert Lens,Peru,Lima,Miraflores/San Isidro/Surco/La Molina/Barranco,Country quota already filled for campaign mix.,,,https://www.openstreetmap.org/node/6606190486
Veterinaria San Roque,Peru,Lima,Miraflores/San Isidro/Surco/La Molina/Barranco,Country quota already filled for campaign mix.,,,https://www.openstreetmap.org/node/6606190496
El Pez Nuestro de Cada Día,Peru,Lima,Miraflores/San Isidro/Surco/La Molina/Barranco,Country quota already filled for campaign mix.,,,https://www.openstreetmap.org/node/6634674507
Clínica La Luz,Peru,Lima,Miraflores/San Isidro/Surco/La Molina/Barranco,El registro público incluye un sitio web oficial; se excluye para evitar negocios con web moderna.,https://clinicalaluz.pe/,,https://www.openstreetmap.org/node/6652462590
Cevicheria Mingos 326,Peru,Lima,Miraflores/San Isidro/Surco/La Molina/Barranco,Country quota already filled for campaign mix.,,,https://www.openstreetmap.org/node/6653394286
Awicha,Peru,Lima,Miraflores/San Isidro/Surco/La Molina/Barranco,El registro público incluye un sitio web oficial; se excluye para evitar negocios con web moderna.,https://www.awicharestaurante.com,,https://www.openstreetmap.org/node/6677535785
Clínica Santa Martha del Sur,Peru,Lima,Miraflores/San Isidro/Surco/La Molina/Barranco,El registro público incluye un sitio web oficial; se excluye para evitar negocios con web moderna.,https://www.santamarthadelsur.com.pe/,,https://www.openstreetmap.org/node/6696066081
Barra Cevichera Sonrie Pez,Peru,Lima,Miraflores/San Isidro/Surco/La Molina/Barranco,El registro público incluye un sitio web oficial; se excluye para evitar negocios con web moderna.,http://www.barracevichera-sonriepez.com,,https://www.openstreetmap.org/node/6744673850
Mayta,Peru,Lima,Miraflores/San Isidro/Surco/La Molina/Barranco,El registro público incluye un sitio web oficial; se excluye para evitar negocios con web moderna.,https://maytalima.com/,,https://www.openstreetmap.org/node/6797001589
Bethania,Peru,Lima,Miraflores/San Isidro/Surco/La Molina/Barranco,Country quota already filled for campaign mix.,,,https://www.openstreetmap.org/node/6867741574
El Sillar,Peru,Lima,Miraflores/San Isidro/Surco/La Molina/Barranco,Country quota already filled for campaign mix.,,,https://www.openstreetmap.org/node/6873375185
Dios Town,Peru,Lima,Miraflores/San Isidro/Surco/La Molina/Barranco,Country quota already filled for campaign mix.,,,https://www.openstreetmap.org/node/7002871187
Restaurant Snack Bar - Mr. Koala,Peru,Lima,Miraflores/San Isidro/Surco/La Molina/Barranco,Country quota already filled for campaign mix.,,,https://www.openstreetmap.org/node/7004766686
Kasamama Buffet Criollo,Peru,Lima,Miraflores/San Isidro/Surco/La Molina/Barranco,El registro público incluye un sitio web oficial; se excluye para evitar negocios con web moderna.,https://www.kasamama.com/,,https://www.openstreetmap.org/node/7060357086
Clinica San Juan de Dios de Piura,Peru,Lima,Miraflores/San Isidro/Surco/La Molina/Barranco,Country quota already filled for campaign mix.,,,https://www.openstreetmap.org/node/7064559509
Raw Cafe,Peru,Lima,Miraflores/San Isidro/Surco/La Molina/Barranco,El registro público incluye un sitio web oficial; se excluye para evitar negocios con web moderna.,https://www.rawcafe.com.pe/,,https://www.openstreetmap.org/node/7064590485
Posta de Saud Valle Sharon,Peru,Lima,Miraflores/San Isidro/Surco/La Molina/Barranco,Country quota already filled for campaign mix.,,,https://www.openstreetmap.org/node/7072950120
P.S. Las Flores,Peru,Lima,Miraflores/San Isidro/Surco/La Molina/Barranco,Country quota already filled for campaign mix.,,,https://www.openstreetmap.org/node/7080261750
Centro de Salud Santiago de Surco,Peru,Lima,Miraflores/San Isidro/Surco/La Molina/Barranco,Country quota already filled for campaign mix.,,,https://www.openstreetmap.org/node/7080291989
Policlinico El Palmar S.A.,Peru,Lima,Miraflores/San Isidro/Surco/La Molina/Barranco,Country quota already filled for campaign mix.,,,https://www.openstreetmap.org/node/7080291991
Policlinico Pnp Walter Rosales,Peru,Lima,Miraflores/San Isidro/Surco/La Molina/Barranco,Country quota already filled for campaign mix.,,,https://www.openstreetmap.org/node/7082518484
Puesto de Salud Juan Carlos Soberón,Peru,Lima,Miraflores/San Isidro/Surco/La Molina/Barranco,Country quota already filled for campaign mix.,,,https://www.openstreetmap.org/node/7112840621
Medi Clinic,Peru,Lima,Miraflores/San Isidro/Surco/La Molina/Barranco,Country quota already filled for campaign mix.,,,https://www.openstreetmap.org/node/7129698885
Kinjo Ramen,Peru,Lima,Miraflores/San Isidro/Surco/La Molina/Barranco,El registro público incluye un sitio web oficial; se excluye para evitar negocios con web moderna.,https://kinjoramen.com/,,https://www.openstreetmap.org/node/7201178185
S'Concha Barriada Cevichera,Peru,Lima,Miraflores/San Isidro/Surco/La Molina/Barranco,Country quota already filled for campaign mix.,,,https://www.openstreetmap.org/node/7507277046
Centro de Emergencias San Pedro de los Chorrillos,Peru,Lima,Miraflores/San Isidro/Surco/La Molina/Barranco,Country quota already filled for campaign mix.,,,https://www.openstreetmap.org/node/7541812701
Cala,Peru,Lima,Miraflores/San Isidro/Surco/La Molina/Barranco,El registro público incluye un sitio web oficial; se excluye para evitar negocios con web moderna.,https://calarestaurante.com/,,https://www.openstreetmap.org/node/7546559119
Tanta,Peru,Lima,Miraflores/San Isidro/Surco/La Molina/Barranco,El registro público incluye un sitio web oficial; se excluye para evitar negocios con web moderna.,https://tantaperu.com/,,https://www.openstreetmap.org/node/7550189071
Implantodonto,Peru,Lima,Miraflores/San Isidro/Surco/La Molina/Barranco,El registro público incluye un sitio web oficial; se excluye para evitar negocios con web moderna.,https://www.implantodonto.com.pe/,,https://www.openstreetmap.org/node/7550245998
Holomedic Servicios Integrales S.A.C,Peru,Lima,Miraflores/San Isidro/Surco/La Molina/Barranco,El registro público incluye un sitio web oficial; se excluye para evitar negocios con web moderna.,https://www.holomedic.com.pe/,,https://www.openstreetmap.org/node/7552520836
Jocathex,Peru,Lima,Miraflores/San Isidro/Surco/La Molina/Barranco,El registro público incluye un sitio web oficial; se excluye para evitar negocios con web moderna.,https://jocathex.com/,,https://www.openstreetmap.org/node/7557798924
Rosa Negra Salón & Spa,Peru,Lima,Miraflores/San Isidro/Surco/La Molina/Barranco,El registro público incluye un sitio web oficial; se excluye para evitar negocios con web moderna.,http://www.salonsparosanegra.com/,,https://www.openstreetmap.org/node/7563882292
Spizza,Peru,Lima,Miraflores/San Isidro/Surco/La Molina/Barranco,Country quota already filled for campaign mix.,,,https://www.openstreetmap.org/node/7668121041
Surito Maketto,Peru,Lima,Miraflores/San Isidro/Surco/La Molina/Barranco,Country quota already filled for campaign mix.,,,https://www.openstreetmap.org/node/7668125949
Restaurante Chifa Vietnam,Peru,Lima,Miraflores/San Isidro/Surco/La Molina/Barranco,El registro público incluye un sitio web oficial; se excluye para evitar negocios con web moderna.,https://restchifavietnam.wixsite.com/barranco,,https://www.openstreetmap.org/node/7681338077
Pizza Party,Peru,Lima,Miraflores/San Isidro/Surco/La Molina/Barranco,Country quota already filled for campaign mix.,,,https://www.openstreetmap.org/node/7729107031
Limamarc,Peru,Lima,Miraflores/San Isidro/Surco/La Molina/Barranco,El registro público incluye un sitio web oficial; se excluye para evitar negocios con web moderna.,https://limamarc.com.pe/,,https://www.openstreetmap.org/node/7799160044
El Chotano,Peru,Lima,Miraflores/San Isidro/Surco/La Molina/Barranco,Country quota already filled for campaign mix.,,,https://www.openstreetmap.org/node/7873594127
Policlinico Sagrada Familia,Peru,Lima,Miraflores/San Isidro/Surco/La Molina/Barranco,El registro público incluye un sitio web oficial; se excluye para evitar negocios con web moderna.,http://www.solidaridadenmarcha.org/,,https://www.openstreetmap.org/node/7947754879
Citoved,Peru,Lima,Miraflores/San Isidro/Surco/La Molina/Barranco,Country quota already filled for campaign mix.,,,https://www.openstreetmap.org/node/7993524807
Hospivet Sur,Peru,Lima,Miraflores/San Isidro/Surco/La Molina/Barranco,El registro público incluye un sitio web oficial; se excluye para evitar negocios con web moderna.,https://hospivetsur.com/,,https://www.openstreetmap.org/node/8013656965
Estudio Raul Canelo,Peru,Lima,Miraflores/San Isidro/Surco/La Molina/Barranco,El registro público incluye un sitio web oficial; se excluye para evitar negocios con web moderna.,http://estudioraulcanelo.pe/,,https://www.openstreetmap.org/node/8347297391
500 Grados,Peru,Lima,Miraflores/San Isidro/Surco/La Molina/Barranco,El registro público incluye un sitio web oficial; se excluye para evitar negocios con web moderna.,https://500grados.com,,https://www.openstreetmap.org/node/8359166417
Chifa Palacio Cristal,Peru,Lima,Miraflores/San Isidro/Surco/La Molina/Barranco,Country quota already filled for campaign mix.,,,https://www.openstreetmap.org/node/8400126840
Restaurant Moche,Peru,Lima,Miraflores/San Isidro/Surco/La Molina/Barranco,Country quota already filled for campaign mix.,,,https://www.openstreetmap.org/node/8407315998
Chifa Yin Dou,Peru,Lima,Miraflores/San Isidro/Surco/La Molina/Barranco,Country quota already filled for campaign mix.,,,https://www.openstreetmap.org/node/8462583667
Vale Vet,Peru,Lima,Miraflores/San Isidro/Surco/La Molina/Barranco,Country quota already filled for campaign mix.,,,https://www.openstreetmap.org/node/8467787518
Consultorio Dental Suarez Dent,Peru,Lima,Miraflores/San Isidro/Surco/La Molina/Barranco,Country quota already filled for campaign mix.,,,https://www.openstreetmap.org/node/8498385112
Cevichería Jackili,Peru,Lima,Miraflores/San Isidro/Surco/La Molina/Barranco,Country quota already filled for campaign mix.,,,https://www.openstreetmap.org/node/8498385113
Gala Pets,Peru,Lima,Miraflores/San Isidro/Surco/La Molina/Barranco,Country quota already filled for campaign mix.,,,https://www.openstreetmap.org/node/8681055028
Pet Love,Peru,Lima,Miraflores/San Isidro/Surco/La Molina/Barranco,Country quota already filled for campaign mix.,,,https://www.openstreetmap.org/node/8699377509
Chifa Guo Sheng,Peru,Lima,Miraflores/San Isidro/Surco/La Molina/Barranco,Country quota already filled for campaign mix.,,,https://www.openstreetmap.org/node/8699516517
E-Nails - Uñas Acrílicas,Peru,Lima,Miraflores/San Isidro/Surco/La Molina/Barranco,Country quota already filled for campaign mix.,,,https://www.openstreetmap.org/node/8779456850
Popolo Pizza Miraflores,Peru,Lima,Miraflores/San Isidro/Surco/La Molina/Barranco,El registro público incluye un sitio web oficial; se excluye para evitar negocios con web moderna.,https://www.popolopizzeria.com/,,https://www.openstreetmap.org/node/8968784271
Popolo Pizza San Isidro,Peru,Lima,Miraflores/San Isidro/Surco/La Molina/Barranco,El registro público incluye un sitio web oficial; se excluye para evitar negocios con web moderna.,https://www.popolopizzeria.com/,,https://www.openstreetmap.org/node/8968829467
Popolo Pizza Chacarilla,Peru,Lima,Miraflores/San Isidro/Surco/La Molina/Barranco,El registro público incluye un sitio web oficial; se excluye para evitar negocios con web moderna.,https://www.popolopizzeria.com/,,https://www.openstreetmap.org/node/8968829468
Popolo Pizza La Molina,Peru,Lima,Miraflores/San Isidro/Surco/La Molina/Barranco,El registro público incluye un sitio web oficial; se excluye para evitar negocios con web moderna.,https://www.popolopizzeria.com/,,https://www.openstreetmap.org/node/8968829470
Instituto de Imágenes Médicas,Peru,Lima,Miraflores/San Isidro/Surco/La Molina/Barranco,El registro público incluye un sitio web oficial; se excluye para evitar negocios con web moderna.,https://www.institutodeimagenesmedicas.com/,,https://www.openstreetmap.org/node/9268171962
Proyectos Ingeniería Perú,Peru,Lima,Miraflores/San Isidro/Surco/La Molina/Barranco,El registro público incluye un sitio web oficial; se excluye para evitar negocios con web moderna.,https://proyectosperu.negocio.site/,,https://www.openstreetmap.org/node/9275173704
Clinica Plastica Kalieska Arroyo,Peru,Lima,Miraflores/San Isidro/Surco/La Molina/Barranco,El registro público incluye un sitio web oficial; se excluye para evitar negocios con web moderna.,https://clinicaplastica.com.pe/,,https://www.openstreetmap.org/node/9311289839
Don Meme Chicken,Peru,Lima,Miraflores/San Isidro/Surco/La Molina/Barranco,El registro público incluye un sitio web oficial; se excluye para evitar negocios con web moderna.,https://donmemechicken.com/,,https://www.openstreetmap.org/node/9375286078
Chifa Tai Ga,Peru,Lima,Miraflores/San Isidro/Surco/La Molina/Barranco,Country quota already filled for campaign mix.,,,https://www.openstreetmap.org/node/9448605862
L' Tagliatelle,Peru,Lima,Miraflores/San Isidro/Surco/La Molina/Barranco,Country quota already filled for campaign mix.,,,https://www.openstreetmap.org/node/9467677993
Cacie,Peru,Lima,Miraflores/San Isidro/Surco/La Molina/Barranco,Country quota already filled for campaign mix.,,,https://www.openstreetmap.org/node/9611665399
Seitan - Urban Bistro,Peru,Lima,Miraflores/San Isidro/Surco/La Molina/Barranco,Country quota already filled for campaign mix.,,,https://www.openstreetmap.org/node/9702210379
Tolichy,Peru,Lima,Miraflores/San Isidro/Surco/La Molina/Barranco,Country quota already filled for campaign mix.,,,https://www.openstreetmap.org/node/9824133062
Villa Natura,Peru,Lima,Miraflores/San Isidro/Surco/La Molina/Barranco,Country quota already filled for campaign mix.,,,https://www.openstreetmap.org/node/10174732144
Centro de Salud Mental Comunitario La Molina,Peru,Lima,Miraflores/San Isidro/Surco/La Molina/Barranco,Country quota already filled for campaign mix.,,,https://www.openstreetmap.org/node/10281072218
Chifa Delicasa,Peru,Lima,Miraflores/San Isidro/Surco/La Molina/Barranco,Country quota already filled for campaign mix.,,,https://www.openstreetmap.org/node/10573688823
Optica Alpiste Optilens La Molina,Peru,Lima,Miraflores/San Isidro/Surco/La Molina/Barranco,Country quota already filled for campaign mix.,,,https://www.openstreetmap.org/node/10837249920
Medi Esthetic,Peru,Lima,Miraflores/San Isidro/Surco/La Molina/Barranco,El registro público incluye un sitio web oficial; se excluye para evitar negocios con web moderna.,https://www.mediesthetic.com.pe/,,https://www.openstreetmap.org/node/11023041254
Café Risso,Peru,Lima,Miraflores/San Isidro/Surco/La Molina/Barranco,El registro público incluye un sitio web oficial; se excluye para evitar negocios con web moderna.,https://www.caferisso.com/,,https://www.openstreetmap.org/node/11070224806
La Picada Cebicheria - Magdalena,Peru,Lima,Miraflores/San Isidro/Surco/La Molina/Barranco,Country quota already filled for campaign mix.,,,https://www.openstreetmap.org/node/11358652570
Estudio Jurídico Bohórquez,Peru,Lima,Miraflores/San Isidro/Surco/La Molina/Barranco,Country quota already filled for campaign mix.,,,https://www.openstreetmap.org/node/11364692614
La Cacerola,Peru,Lima,Miraflores/San Isidro/Surco/La Molina/Barranco,Country quota already filled for campaign mix.,,,https://www.openstreetmap.org/node/11450850056
Panadería Cultivo,Peru,Lima,Miraflores/San Isidro/Surco/La Molina/Barranco,Country quota already filled for campaign mix.,,,https://www.openstreetmap.org/node/12032169368
Amankaya,Peru,Lima,Miraflores/San Isidro/Surco/La Molina/Barranco,Country quota already filled for campaign mix.,,,https://www.openstreetmap.org/node/12123349301
LA COCHERA DEL CHINO,Peru,Lima,Miraflores/San Isidro/Surco/La Molina/Barranco,Country quota already filled for campaign mix.,,,https://www.openstreetmap.org/node/12349087678
ADRRA Taberna Criolla Peruana,Peru,Lima,Miraflores/San Isidro/Surco/La Molina/Barranco,Country quota already filled for campaign mix.,,,https://www.openstreetmap.org/node/12829302152
Loving Hut,Peru,Lima,Miraflores/San Isidro/Surco/La Molina/Barranco,El registro público incluye un sitio web oficial; se excluye para evitar negocios con web moderna.,https://lovinghut.com/pe/,,https://www.openstreetmap.org/node/12832263301
MIRAMAR,Peru,Lima,Miraflores/San Isidro/Surco/La Molina/Barranco,Country quota already filled for campaign mix.,,,https://www.openstreetmap.org/node/12844725125
CHIFA YANG CHENG,Peru,Lima,Miraflores/San Isidro/Surco/La Molina/Barranco,Country quota already filled for campaign mix.,,,https://www.openstreetmap.org/node/12844725126
Ethernal Raven,Peru,Lima,Miraflores/San Isidro/Surco/La Molina/Barranco,Country quota already filled for campaign mix.,,,https://www.openstreetmap.org/node/12908518687
Taxi Gallegos,Peru,Lima,Miraflores/San Isidro/Surco/La Molina/Barranco,Country quota already filled for campaign mix.,,,https://www.openstreetmap.org/node/12952723335
Dra. Cristina Soto,Peru,Lima,Miraflores/San Isidro/Surco/La Molina/Barranco,Country quota already filled for campaign mix.,,,https://www.openstreetmap.org/node/12952723336
Roel Pizza y pastas,Peru,Lima,Miraflores/San Isidro/Surco/La Molina/Barranco,No coincide con formato peruano esperado.,,,https://www.openstreetmap.org/node/12968650434
Koi Sushi Bar,Peru,Lima,Miraflores/San Isidro/Surco/La Molina/Barranco,No coincide con formato peruano esperado.,,,https://www.openstreetmap.org/node/12990987477
Centro de Análisis de la Conducta (CAC),Peru,Lima,Miraflores/San Isidro/Surco/La Molina/Barranco,El registro público incluye un sitio web oficial; se excluye para evitar negocios con web moderna.,https://www.atom.bio/cacespecialistasenconductadual,,https://www.openstreetmap.org/node/13016293402
Miku Sushi & Pub,Peru,Lima,Miraflores/San Isidro/Surco/La Molina/Barranco,El registro público incluye un sitio web oficial; se excluye para evitar negocios con web moderna.,https://www.mikusushipub.com,,https://www.openstreetmap.org/node/13141690164
Policlinico Oftalmo Vista,Peru,Lima,Miraflores/San Isidro/Surco/La Molina/Barranco,Country quota already filled for campaign mix.,,,https://www.openstreetmap.org/node/13158543837
Clínica Dental Cano,Peru,Lima,Miraflores/San Isidro/Surco/La Molina/Barranco,No coincide con formato peruano esperado.,,,https://www.openstreetmap.org/node/13248872925
Dental gma,Peru,Lima,Miraflores/San Isidro/Surco/La Molina/Barranco,Country quota already filled for campaign mix.,,,https://www.openstreetmap.org/node/13709812301
Optica Vitallents,Peru,Lima,Miraflores/San Isidro/Surco/La Molina/Barranco,Country quota already filled for campaign mix.,,,https://www.openstreetmap.org/node/13807061244
Clínica El Golf,Peru,Lima,Miraflores/San Isidro/Surco/La Molina/Barranco,El registro público incluye un sitio web oficial; se excluye para evitar negocios con web moderna.,https://www.sanna.pe/clinicas/el-golf-lima/informacion-general/,,https://www.openstreetmap.org/way/129197997
Clinica Ricardo Palma,Peru,Lima,Miraflores/San Isidro/Surco/La Molina/Barranco,El registro público incluye un sitio web oficial; se excluye para evitar negocios con web moderna.,https://www.crp.com.pe/,,https://www.openstreetmap.org/way/289515700
Centro de Salud Alicia Lastres de la Torre,Peru,Lima,Miraflores/San Isidro/Surco/La Molina/Barranco,Country quota already filled for campaign mix.,,,https://www.openstreetmap.org/way/320576261
Centro de Salud Chacra Colorada,Peru,Lima,Miraflores/San Isidro/Surco/La Molina/Barranco,Country quota already filled for campaign mix.,,,https://www.openstreetmap.org/way/320580690
Norky's,Peru,Lima,Miraflores/San Isidro/Surco/La Molina/Barranco,El registro público incluye un sitio web oficial; se excluye para evitar negocios con web moderna.,https://norkys.pe/,,https://www.openstreetmap.org/way/361995976
Panchita,Peru,Lima,Miraflores/San Isidro/Surco/La Molina/Barranco,El registro público incluye un sitio web oficial; se excluye para evitar negocios con web moderna.,https://www.panchita.pe/,,https://www.openstreetmap.org/way/361996067
La Mar,Peru,Lima,Miraflores/San Isidro/Surco/La Molina/Barranco,El registro público incluye un sitio web oficial; se excluye para evitar negocios con web moderna.,https://www.lamarcebicheria.com/es/Lima,,https://www.openstreetmap.org/way/368855108
Rosa Náutica,Peru,Lima,Miraflores/San Isidro/Surco/La Molina/Barranco,El registro público incluye un sitio web oficial; se excluye para evitar negocios con web moderna.,https://larosanautica.com/,,https://www.openstreetmap.org/way/384435929
El Parquesito D'ONOFRIO,Peru,Lima,Miraflores/San Isidro/Surco/La Molina/Barranco,Country quota already filled for campaign mix.,,,https://www.openstreetmap.org/way/384435933
Centro de Salud Leoncio Prado,Peru,Lima,Miraflores/San Isidro/Surco/La Molina/Barranco,Country quota already filled for campaign mix.,,,https://www.openstreetmap.org/way/393487906
Centro de Salud Piedra Liza,Peru,Lima,Miraflores/San Isidro/Surco/La Molina/Barranco,Country quota already filled for campaign mix.,,,https://www.openstreetmap.org/way/393491232
Centro de Salud Zárate,Peru,Lima,Miraflores/San Isidro/Surco/La Molina/Barranco,Country quota already filled for campaign mix.,,,https://www.openstreetmap.org/way/397376012
Clínica Santa Isabel,Peru,Lima,Miraflores/San Isidro/Surco/La Molina/Barranco,El registro público incluye un sitio web oficial; se excluye para evitar negocios con web moderna.,https://www.clinicasantaisabel.com/,,https://www.openstreetmap.org/way/399538210
Clínica Javier Prado,Peru,Lima,Miraflores/San Isidro/Surco/La Molina/Barranco,El registro público incluye un sitio web oficial; se excluye para evitar negocios con web moderna.,https://www.clinicajavierprado.com.pe/Inicio.aspx,,https://www.openstreetmap.org/way/400891961
Mi Divorcio,Peru,Lima,Miraflores/San Isidro/Surco/La Molina/Barranco,El registro público incluye un sitio web oficial; se excluye para evitar negocios con web moderna.,https://www.midivorcio.com.pe/,,https://www.openstreetmap.org/way/400896937
Centro Materno Infantil José Carlos Mariátegui,Peru,Lima,Miraflores/San Isidro/Surco/La Molina/Barranco,Country quota already filled for campaign mix.,,,https://www.openstreetmap.org/way/403547791
Clínica Delgado,Peru,Lima,Miraflores/San Isidro/Surco/La Molina/Barranco,El registro público incluye un sitio web oficial; se excluye para evitar negocios con web moderna.,https://clinicadelgado.pe/,,https://www.openstreetmap.org/way/405565200
Clínica Good Hope,Peru,Lima,Miraflores/San Isidro/Surco/La Molina/Barranco,El registro público incluye un sitio web oficial; se excluye para evitar negocios con web moderna.,https://www.goodhope.org.pe/,,https://www.openstreetmap.org/way/406006942
Centro de Salud San Luis,Peru,Lima,Miraflores/San Isidro/Surco/La Molina/Barranco,Country quota already filled for campaign mix.,,,https://www.openstreetmap.org/way/415936150
José Antonio,Peru,Lima,Miraflores/San Isidro/Surco/La Molina/Barranco,El registro público incluye un sitio web oficial; se excluye para evitar negocios con web moderna.,https://www.joseantonio.com.pe/,,https://www.openstreetmap.org/way/416304156
Munisalud San Borja,Peru,Lima,Miraflores/San Isidro/Surco/La Molina/Barranco,Country quota already filled for campaign mix.,,,https://www.openstreetmap.org/way/416304605
Hospital de La Humanidad Sur,Peru,Lima,Miraflores/San Isidro/Surco/La Molina/Barranco,El registro público incluye un sitio web oficial; se excluye para evitar negocios con web moderna.,http://www.humanidadsalud.com/,,https://www.openstreetmap.org/way/429401693
Notaría Urrutia,Peru,Lima,Miraflores/San Isidro/Surco/La Molina/Barranco,El registro público incluye un sitio web oficial; se excluye para evitar negocios con web moderna.,http://www.notariaurrutia.com.pe/,,https://www.openstreetmap.org/way/434789862
Las Canastas Miraflores,Peru,Lima,Miraflores/San Isidro/Surco/La Molina/Barranco,El registro público incluye un sitio web oficial; se excluye para evitar negocios con web moderna.,https://www.lascanastas.com/,,https://www.openstreetmap.org/way/435185148
Pescados Capitales,Peru,Lima,Miraflores/San Isidro/Surco/La Molina/Barranco,El registro público incluye un sitio web oficial; se excluye para evitar negocios con web moderna.,https://www.pescadoscapitales.com/,,https://www.openstreetmap.org/way/435196861
Punto Marino,Peru,Lima,Miraflores/San Isidro/Surco/La Molina/Barranco,El registro público incluye un sitio web oficial; se excluye para evitar negocios con web moderna.,https://puntomarino.com/,,https://www.openstreetmap.org/way/435197714
Sachún,Peru,Lima,Miraflores/San Isidro/Surco/La Molina/Barranco,Country quota already filled for campaign mix.,,,https://www.openstreetmap.org/way/435197715
Rason,Peru,Lima,Miraflores/San Isidro/Surco/La Molina/Barranco,El registro público incluye un sitio web oficial; se excluye para evitar negocios con web moderna.,https://www.rasson.com.pe/,,https://www.openstreetmap.org/way/435319545
El Mercado,Peru,Lima,Miraflores/San Isidro/Surco/La Molina/Barranco,El registro público incluye un sitio web oficial; se excluye para evitar negocios con web moderna.,http://www.rafaelosterling.pe/es/el-mercado.html,,https://www.openstreetmap.org/way/435319546
La Preferida La Mar,Peru,Lima,Miraflores/San Isidro/Surco/La Molina/Barranco,El registro público incluye un sitio web oficial; se excluye para evitar negocios con web moderna.,https://www.restaurantelapreferida.com/index.php,,https://www.openstreetmap.org/way/435319548
La Bodega de la Trattoria,Peru,Lima,Miraflores/San Isidro/Surco/La Molina/Barranco,El registro público incluye un sitio web oficial; se excluye para evitar negocios con web moderna.,https://labodegadelatrattoria.com/,,https://www.openstreetmap.org/way/435325973
Sabor Pez,Peru,Lima,Miraflores/San Isidro/Surco/La Molina/Barranco,Country quota already filled for campaign mix.,,,https://www.openstreetmap.org/way/435341455
Alfresco: Pescados,Peru,Lima,Miraflores/San Isidro/Surco/La Molina/Barranco,Country quota already filled for campaign mix.,,,https://www.openstreetmap.org/way/435344459
Hanzo,Peru,Lima,Miraflores/San Isidro/Surco/La Molina/Barranco,El registro público incluye un sitio web oficial; se excluye para evitar negocios con web moderna.,http://hanzo.com.pe/,,https://www.openstreetmap.org/way/435346081
El Pichito,Peru,Lima,Miraflores/San Isidro/Surco/La Molina/Barranco,El registro público incluye un sitio web oficial; se excluye para evitar negocios con web moderna.,http://www.elpichito.pe,,https://www.openstreetmap.org/way/435362245
Gladys,Peru,Lima,Miraflores/San Isidro/Surco/La Molina/Barranco,Country quota already filled for campaign mix.,,,https://www.openstreetmap.org/way/435388433
Chifa Express,Peru,Lima,Miraflores/San Isidro/Surco/La Molina/Barranco,Country quota already filled for campaign mix.,,,https://www.openstreetmap.org/way/435392439
Mr. Sushi,Peru,Lima,Miraflores/San Isidro/Surco/La Molina/Barranco,Country quota already filled for campaign mix.,,,https://www.openstreetmap.org/way/435392441
Tai-I vegetariano,Peru,Lima,Miraflores/San Isidro/Surco/La Molina/Barranco,Country quota already filled for campaign mix.,,,https://www.openstreetmap.org/way/435677046
Morelia,Peru,Lima,Miraflores/San Isidro/Surco/La Molina/Barranco,El registro público incluye un sitio web oficial; se excluye para evitar negocios con web moderna.,https://morelia.pe/,,https://www.openstreetmap.org/way/435682725
Restaurante La Tranquera,Peru,Lima,Miraflores/San Isidro/Surco/La Molina/Barranco,El registro público incluye un sitio web oficial; se excluye para evitar negocios con web moderna.,https://www.restaurantelatranquera.com/,,https://www.openstreetmap.org/way/435682726
Señor Limón,Peru,Lima,Miraflores/San Isidro/Surco/La Molina/Barranco,El registro público incluye un sitio web oficial; se excluye para evitar negocios con web moderna.,https://senorlimon.com/,,https://www.openstreetmap.org/way/435684439
La Gorda,Peru,Lima,Miraflores/San Isidro/Surco/La Molina/Barranco,Country quota already filled for campaign mix.,,,https://www.openstreetmap.org/way/435685818
Punto Marisko,Peru,Lima,Miraflores/San Isidro/Surco/La Molina/Barranco,El registro público incluye un sitio web oficial; se excluye para evitar negocios con web moderna.,https://www.puntomarisko.com/,,https://www.openstreetmap.org/way/435695415
La Casa del Ceviche,Peru,Lima,Miraflores/San Isidro/Surco/La Molina/Barranco,Country quota already filled for campaign mix.,,,https://www.openstreetmap.org/way/435709535
Pizzeria Tockyn,Peru,Lima,Miraflores/San Isidro/Surco/La Molina/Barranco,Country quota already filled for campaign mix.,,,https://www.openstreetmap.org/way/435709536
El Fogón,Peru,Lima,Miraflores/San Isidro/Surco/La Molina/Barranco,El registro público incluye un sitio web oficial; se excluye para evitar negocios con web moderna.,http://www.tradicioneselfogon.com/,,https://www.openstreetmap.org/way/435709542
Tip Top,Peru,Lima,Miraflores/San Isidro/Surco/La Molina/Barranco,El registro público incluye un sitio web oficial; se excluye para evitar negocios con web moderna.,https://www.tiptop.com.pe/,,https://www.openstreetmap.org/way/435710204
Carnal Prime Steakhouse,Peru,Lima,Miraflores/San Isidro/Surco/La Molina/Barranco,El registro público incluye un sitio web oficial; se excluye para evitar negocios con web moderna.,https://www.carnalprime.com/,,https://www.openstreetmap.org/way/435710338
El Señorio de Sulco,Peru,Lima,Miraflores/San Isidro/Surco/La Molina/Barranco,El registro público incluye un sitio web oficial; se excluye para evitar negocios con web moderna.,https://www.senoriodesulco.com,,https://www.openstreetmap.org/way/435713846
Edo Sushi Bar,Peru,Lima,Miraflores/San Isidro/Surco/La Molina/Barranco,El registro público incluye un sitio web oficial; se excluye para evitar negocios con web moderna.,https://edosushibar.com/,,https://www.openstreetmap.org/way/435716700
Taiken Sushi Lounge,Peru,Lima,Miraflores/San Isidro/Surco/La Molina/Barranco,Country quota already filled for campaign mix.,,,https://www.openstreetmap.org/way/435716702
Chifa Palacio,Peru,Lima,Miraflores/San Isidro/Surco/La Molina/Barranco,El registro público incluye un sitio web oficial; se excluye para evitar negocios con web moderna.,https://www.chifapalacio.com.pe/,,https://www.openstreetmap.org/way/435841451
Baco y Vaca,Peru,Lima,Miraflores/San Isidro/Surco/La Molina/Barranco,El registro público incluye un sitio web oficial; se excluye para evitar negocios con web moderna.,https://bacoyvaca.pe/,,https://www.openstreetmap.org/way/436257380
Chifa Haiya,Peru,Lima,Miraflores/San Isidro/Surco/La Molina/Barranco,Country quota already filled for campaign mix.,,,https://www.openstreetmap.org/way/436290273
El Chinito,Peru,Lima,Miraflores/San Isidro/Surco/La Molina/Barranco,El registro público incluye un sitio web oficial; se excluye para evitar negocios con web moderna.,https://elchinito.com.pe/locales.html,,https://www.openstreetmap.org/way/436300790
Don Belisario,Peru,Lima,Miraflores/San Isidro/Surco/La Molina/Barranco,Country quota already filled for campaign mix.,,,https://www.openstreetmap.org/way/436304460
Familia Chicken House,Peru,Lima,Miraflores/San Isidro/Surco/La Molina/Barranco,Country quota already filled for campaign mix.,,,https://www.openstreetmap.org/way/436448706
Piqo's,Peru,Lima,Miraflores/San Isidro/Surco/La Molina/Barranco,Country quota already filled for campaign mix.,,,https://www.openstreetmap.org/way/436456536
La Pagoda,Peru,Lima,Miraflores/San Isidro/Surco/La Molina/Barranco,Country quota already filled for campaign mix.,,,https://www.openstreetmap.org/way/436465809
Pappas Grill,Peru,Lima,Miraflores/San Isidro/Surco/La Molina/Barranco,Country quota already filled for campaign mix.,,,https://www.openstreetmap.org/way/436483326
Restaurant Chifa Asia,Peru,Lima,Miraflores/San Isidro/Surco/La Molina/Barranco,Country quota already filled for campaign mix.,,,https://www.openstreetmap.org/way/436570285
Las Tinajas,Peru,Lima,Miraflores/San Isidro/Surco/La Molina/Barranco,El registro público incluye un sitio web oficial; se excluye para evitar negocios con web moderna.,https://lastinajas.pe/,,https://www.openstreetmap.org/way/436570373
Mis Costillas,Peru,Lima,Miraflores/San Isidro/Surco/La Molina/Barranco,El registro público incluye un sitio web oficial; se excluye para evitar negocios con web moderna.,http://www.miscostillitas.com/,,https://www.openstreetmap.org/way/436572143
Mary Punto,Peru,Lima,Miraflores/San Isidro/Surco/La Molina/Barranco,Country quota already filled for campaign mix.,,,https://www.openstreetmap.org/way/436581959
Clinica del INCA,Peru,Lima,Miraflores/San Isidro/Surco/La Molina/Barranco,El registro público incluye un sitio web oficial; se excluye para evitar negocios con web moderna.,https://www.inca.org.pe,,https://www.openstreetmap.org/way/436592962
Don Mamino,Peru,Lima,Miraflores/San Isidro/Surco/La Molina/Barranco,El registro público incluye un sitio web oficial; se excluye para evitar negocios con web moderna.,https://www.donmamino.com/,,https://www.openstreetmap.org/way/436592963
El Sillar,Peru,Lima,Miraflores/San Isidro/Surco/La Molina/Barranco,El registro público incluye un sitio web oficial; se excluye para evitar negocios con web moderna.,http://www.restauranteelsillar.com/,,https://www.openstreetmap.org/way/436593037
Pancho Cavero,Peru,Lima,Miraflores/San Isidro/Surco/La Molina/Barranco,El registro público incluye un sitio web oficial; se excluye para evitar negocios con web moderna.,http://www.panchovavero.com,,https://www.openstreetmap.org/way/436608998
Los Yutes,Peru,Lima,Miraflores/San Isidro/Surco/La Molina/Barranco,Country quota already filled for campaign mix.,,,https://www.openstreetmap.org/way/436609392
Moche,Peru,Lima,Miraflores/San Isidro/Surco/La Molina/Barranco,El registro público incluye un sitio web oficial; se excluye para evitar negocios con web moderna.,http://www.restaurantemoche.com.pe/,,https://www.openstreetmap.org/way/436632175
Chifa Hou Wha,Peru,Lima,Miraflores/San Isidro/Surco/La Molina/Barranco,El registro público incluye un sitio web oficial; se excluye para evitar negocios con web moderna.,https://chifahouwha.com.pe/,,https://www.openstreetmap.org/way/436738984
Las Delicias,Peru,Lima,Miraflores/San Isidro/Surco/La Molina/Barranco,El registro público incluye un sitio web oficial; se excluye para evitar negocios con web moderna.,http://www.juguerialasdelicias.com/,,https://www.openstreetmap.org/way/436743176
Mi Causa,Peru,Lima,Miraflores/San Isidro/Surco/La Molina/Barranco,Country quota already filled for campaign mix.,,,https://www.openstreetmap.org/way/436743177
Wasabi,Peru,Lima,Miraflores/San Isidro/Surco/La Molina/Barranco,El registro público incluye un sitio web oficial; se excluye para evitar negocios con web moderna.,https://www.wasabi.pe/,,https://www.openstreetmap.org/way/436746389
Centro Medico Municipal Santa Cruz,Peru,Lima,Miraflores/San Isidro/Surco/La Molina/Barranco,Country quota already filled for campaign mix.,,,https://www.openstreetmap.org/way/436746393
Centro Médico Las Palmeras,Peru,Lima,Miraflores/San Isidro/Surco/La Molina/Barranco,Country quota already filled for campaign mix.,,,https://www.openstreetmap.org/way/436781698
Corralito,Peru,Lima,Miraflores/San Isidro/Surco/La Molina/Barranco,Country quota already filled for campaign mix.,,,https://www.openstreetmap.org/way/436787781
La Casa de España,Peru,Lima,Miraflores/San Isidro/Surco/La Molina/Barranco,El registro público incluye un sitio web oficial; se excluye para evitar negocios con web moderna.,http://www.lacasadeespana.com,,https://www.openstreetmap.org/way/436788647
Chifa Internacional,Peru,Lima,Miraflores/San Isidro/Surco/La Molina/Barranco,El registro público incluye un sitio web oficial; se excluye para evitar negocios con web moderna.,http://www.chifainternacional.com/,,https://www.openstreetmap.org/way/436795242
La Bodega de la Trattoria,Peru,Lima,Miraflores/San Isidro/Surco/La Molina/Barranco,El registro público incluye un sitio web oficial; se excluye para evitar negocios con web moderna.,https://labodegadelatrattoria.com/,,https://www.openstreetmap.org/way/436797581
Elit,Peru,Lima,Miraflores/San Isidro/Surco/La Molina/Barranco,El registro público incluye un sitio web oficial; se excluye para evitar negocios con web moderna.,http://www.elitodontologico.com,,https://www.openstreetmap.org/way/436905811
Chifa Dragon,Peru,Lima,Miraflores/San Isidro/Surco/La Molina/Barranco,Country quota already filled for campaign mix.,,,https://www.openstreetmap.org/way/436924639
La Concha Nostra,Peru,Lima,Miraflores/San Isidro/Surco/La Molina/Barranco,Country quota already filled for campaign mix.,,,https://www.openstreetmap.org/way/436924642
La Fara,Peru,Lima,Miraflores/San Isidro/Surco/La Molina/Barranco,Country quota already filled for campaign mix.,,,https://www.openstreetmap.org/way/437313863
El Pez On,Peru,Lima,Miraflores/San Isidro/Surco/La Molina/Barranco,El registro público incluye un sitio web oficial; se excluye para evitar negocios con web moderna.,https://elpez-on.com/,,https://www.openstreetmap.org/way/437328680
Panda Garden,Peru,Lima,Miraflores/San Isidro/Surco/La Molina/Barranco,El registro público incluye un sitio web oficial; se excluye para evitar negocios con web moderna.,https://www.pandagarden.pe/,,https://www.openstreetmap.org/way/437347948
La Chalupa,Peru,Lima,Miraflores/San Isidro/Surco/La Molina/Barranco,Country quota already filled for campaign mix.,,,https://www.openstreetmap.org/way/437353137
Asakusa Sushi Bar,Peru,Lima,Miraflores/San Isidro/Surco/La Molina/Barranco,Country quota already filled for campaign mix.,,,https://www.openstreetmap.org/way/437375626
Policlínico Próceres,Peru,Lima,Miraflores/San Isidro/Surco/La Molina/Barranco,Country quota already filled for campaign mix.,,,https://www.openstreetmap.org/way/437382370
Las Canastas,Peru,Lima,Miraflores/San Isidro/Surco/La Molina/Barranco,El registro público incluye un sitio web oficial; se excluye para evitar negocios con web moderna.,https://www.lascanastas.com/,,https://www.openstreetmap.org/way/437466083
Chifa Yahong,Peru,Lima,Miraflores/San Isidro/Surco/La Molina/Barranco,Country quota already filled for campaign mix.,,,https://www.openstreetmap.org/way/437624655
L'impasto,Peru,Lima,Miraflores/San Isidro/Surco/La Molina/Barranco,El registro público incluye un sitio web oficial; se excluye para evitar negocios con web moderna.,https://limpasto.com/,,https://www.openstreetmap.org/way/437649443
Clínica SANNA San Borja,Peru,Lima,Miraflores/San Isidro/Surco/La Molina/Barranco,El registro público incluye un sitio web oficial; se excluye para evitar negocios con web moderna.,https://www.sanna.pe/clinicas/san-borja-lima/informacion-general/,,https://www.openstreetmap.org/way/437671128
Clínica Internacional,Peru,Lima,Miraflores/San Isidro/Surco/La Molina/Barranco,El registro público incluye un sitio web oficial; se excluye para evitar negocios con web moderna.,https://www.clinicainternacional.com.pe/sede/san-borja/,,https://www.openstreetmap.org/way/437671129
El Sabor de Royer,Peru,Lima,Miraflores/San Isidro/Surco/La Molina/Barranco,Country quota already filled for campaign mix.,,,https://www.openstreetmap.org/way/437831403
Clínica Montefiori,Peru,Lima,Miraflores/San Isidro/Surco/La Molina/Barranco,El registro público incluye un sitio web oficial; se excluye para evitar negocios con web moderna.,https://www.montefiori.com.pe/,,https://www.openstreetmap.org/way/437986336
Pet's Place,Peru,Lima,Miraflores/San Isidro/Surco/La Molina/Barranco,Country quota already filled for campaign mix.,,,https://www.openstreetmap.org/way/438009520
Las Canastas,Peru,Lima,Miraflores/San Isidro/Surco/La Molina/Barranco,El registro público incluye un sitio web oficial; se excluye para evitar negocios con web moderna.,https://www.lascanastas.com/,,https://www.openstreetmap.org/way/438011132
Las Tinajas,Peru,Lima,Miraflores/San Isidro/Surco/La Molina/Barranco,Country quota already filled for campaign mix.,,,https://www.openstreetmap.org/way/438011670
Kilimanjaro,Peru,Lima,Miraflores/San Isidro/Surco/La Molina/Barranco,El registro público incluye un sitio web oficial; se excluye para evitar negocios con web moderna.,https://kilimanjarorestaurant.com/,,https://www.openstreetmap.org/way/438428107
La Basílica 640,Peru,Lima,Miraflores/San Isidro/Surco/La Molina/Barranco,El registro público incluye un sitio web oficial; se excluye para evitar negocios con web moderna.,https://labasilica640.pe/,,https://www.openstreetmap.org/way/438428855
El Piombino,Peru,Lima,Miraflores/San Isidro/Surco/La Molina/Barranco,El registro público incluye un sitio web oficial; se excluye para evitar negocios con web moderna.,https://elpiombino.com/,,https://www.openstreetmap.org/way/438447250
Futuro Visión,Peru,Lima,Miraflores/San Isidro/Surco/La Molina/Barranco,El registro público incluye un sitio web oficial; se excluye para evitar negocios con web moderna.,https://www.futurovision.com/,,https://www.openstreetmap.org/way/438468188
Marbacoa,Peru,Lima,Miraflores/San Isidro/Surco/La Molina/Barranco,El registro público incluye un sitio web oficial; se excluye para evitar negocios con web moderna.,https://marbacoa.com/,,https://www.openstreetmap.org/way/438592072
Il Piccolo Pomodoro,Peru,Lima,Miraflores/San Isidro/Surco/La Molina/Barranco,Country quota already filled for campaign mix.,,,https://www.openstreetmap.org/way/438736823
Pescados Capitales,Peru,Lima,Miraflores/San Isidro/Surco/La Molina/Barranco,El registro público incluye un sitio web oficial; se excluye para evitar negocios con web moderna.,https://www.pescadoscapitales.com/,,https://www.openstreetmap.org/way/438877774
Panchita,Peru,Lima,Miraflores/San Isidro/Surco/La Molina/Barranco,El registro público incluye un sitio web oficial; se excluye para evitar negocios con web moderna.,https://www.panchita.pe/,,https://www.openstreetmap.org/way/438884699
La Bodega de la Trattoria,Peru,Lima,Miraflores/San Isidro/Surco/La Molina/Barranco,El registro público incluye un sitio web oficial; se excluye para evitar negocios con web moderna.,https://labodegadelatrattoria.com/,,https://www.openstreetmap.org/way/438888991
Chifa Los Álamos,Peru,Lima,Miraflores/San Isidro/Surco/La Molina/Barranco,Country quota already filled for campaign mix.,,,https://www.openstreetmap.org/way/439034560
东江餐馆自助餐,Peru,Lima,Miraflores/San Isidro/Surco/La Molina/Barranco,Country quota already filled for campaign mix.,,,https://www.openstreetmap.org/way/439054701
Mamma Tomato,Peru,Lima,Miraflores/San Isidro/Surco/La Molina/Barranco,Country quota already filled for campaign mix.,,,https://www.openstreetmap.org/way/439084963
Clínica Montesur,Peru,Lima,Miraflores/San Isidro/Surco/La Molina/Barranco,El registro público incluye un sitio web oficial; se excluye para evitar negocios con web moderna.,https://www.clinicamontesur.com.pe/,,https://www.openstreetmap.org/way/439098243
Embarcadero 41,Peru,Lima,Miraflores/San Isidro/Surco/La Molina/Barranco,El registro público incluye un sitio web oficial; se excluye para evitar negocios con web moderna.,https://embarcadero41.com/restaurantes/,,https://www.openstreetmap.org/way/439100117
Las Tinajas,Peru,Lima,Miraflores/San Isidro/Surco/La Molina/Barranco,El registro público incluye un sitio web oficial; se excluye para evitar negocios con web moderna.,https://lastinajas.pe/,,https://www.openstreetmap.org/way/439235127
El Lomito,Peru,Lima,Miraflores/San Isidro/Surco/La Molina/Barranco,Country quota already filled for campaign mix.,,,https://www.openstreetmap.org/way/439755721
Policlínico Guillermo Kaelín,Peru,Lima,Miraflores/San Isidro/Surco/La Molina/Barranco,El registro público incluye un sitio web oficial; se excluye para evitar negocios con web moderna.,https://www.vmtsalud.com.pe/policlinico,,https://www.openstreetmap.org/way/442136621
Policlínico San José Rodriguez Lazo,Peru,Lima,Miraflores/San Isidro/Surco/La Molina/Barranco,Country quota already filled for campaign mix.,,,https://www.openstreetmap.org/way/443079883
Pappa's,Peru,Lima,Miraflores/San Isidro/Surco/La Molina/Barranco,El registro público incluye un sitio web oficial; se excluye para evitar negocios con web moderna.,http://restaurantes.pappas.pe/,,https://www.openstreetmap.org/way/443870559
Policlinico San Juan,Peru,Lima,Miraflores/San Isidro/Surco/La Molina/Barranco,El registro público incluye un sitio web oficial; se excluye para evitar negocios con web moderna.,http://policlinicosanjuan.com/,,https://www.openstreetmap.org/way/455610176
Clinica Santa Lucía,Peru,Lima,Miraflores/San Isidro/Surco/La Molina/Barranco,El registro público incluye un sitio web oficial; se excluye para evitar negocios con web moderna.,https://www.clinicasantalucia.com.pe/,,https://www.openstreetmap.org/way/465984932
Pizzeria La Romana,Peru,Lima,Miraflores/San Isidro/Surco/La Molina/Barranco,El registro público incluye un sitio web oficial; se excluye para evitar negocios con web moderna.,http://www.laromana.com.pe/laromana.htm,,https://www.openstreetmap.org/way/485613865
DON DINO Pizzas y Pastas,Peru,Lima,Miraflores/San Isidro/Surco/La Molina/Barranco,Country quota already filled for campaign mix.,,,https://www.openstreetmap.org/way/486276335
Clínica San Juan de Dios,Peru,Lima,Miraflores/San Isidro/Surco/La Molina/Barranco,El registro público incluye un sitio web oficial; se excluye para evitar negocios con web moderna.,http://clinicasanjuandedioslima.pe/,,https://www.openstreetmap.org/way/503587132
La Panka,Peru,Lima,Miraflores/San Isidro/Surco/La Molina/Barranco,El registro público incluye un sitio web oficial; se excluye para evitar negocios con web moderna.,http://lapanka.com,,https://www.openstreetmap.org/way/511806556
Segundo Muelle,Peru,Lima,Miraflores/San Isidro/Surco/La Molina/Barranco,El registro público incluye un sitio web oficial; se excluye para evitar negocios con web moderna.,https://segundomuelle.com/perusite/,,https://www.openstreetmap.org/way/511806557
Entre Patas,Peru,Lima,Miraflores/San Isidro/Surco/La Molina/Barranco,Country quota already filled for campaign mix.,,,https://www.openstreetmap.org/way/512633613
Chifa Nuevo Mundo,Peru,Lima,Miraflores/San Isidro/Surco/La Molina/Barranco,El registro público incluye un sitio web oficial; se excluye para evitar negocios con web moderna.,http://www.chifanuevomundo.com/,,https://www.openstreetmap.org/way/512921865
Clínica Continental,Peru,Lima,Miraflores/San Isidro/Surco/La Molina/Barranco,El registro público incluye un sitio web oficial; se excluye para evitar negocios con web moderna.,https://clinicacontinental.com,,https://www.openstreetmap.org/way/586436230
El Kapallaq,Peru,Lima,Miraflores/San Isidro/Surco/La Molina/Barranco,El registro público incluye un sitio web oficial; se excluye para evitar negocios con web moderna.,https://www.elkapallaq.pe/,,https://www.openstreetmap.org/way/617647925
Puputi Restobart,Peru,Lima,Miraflores/San Isidro/Surco/La Molina/Barranco,Country quota already filled for campaign mix.,,,https://www.openstreetmap.org/way/645030115
Centro de Atención Primaria III Surquillo,Peru,Lima,Miraflores/San Isidro/Surco/La Molina/Barranco,Country quota already filled for campaign mix.,,,https://www.openstreetmap.org/way/706744342
La Choza Náutica,Peru,Lima,Miraflores/San Isidro/Surco/La Molina/Barranco,Country quota already filled for campaign mix.,,,https://www.openstreetmap.org/way/721155563
La Choza Náutica,Peru,Lima,Miraflores/San Isidro/Surco/La Molina/Barranco,Country quota already filled for campaign mix.,,,https://www.openstreetmap.org/way/721155568
Centro de Salud Base San Martín de Porres,Peru,Lima,Miraflores/San Isidro/Surco/La Molina/Barranco,Country quota already filled for campaign mix.,,,https://www.openstreetmap.org/way/780603279
Peperonni,Peru,Lima,Miraflores/San Isidro/Surco/La Molina/Barranco,Country quota already filled for campaign mix.,,,https://www.openstreetmap.org/way/814363798
Policlínico Militar de Chorrillos,Peru,Lima,Miraflores/San Isidro/Surco/La Molina/Barranco,Country quota already filled for campaign mix.,,,https://www.openstreetmap.org/way/831296770
Centro de Salud Caja de Agua,Peru,Lima,Miraflores/San Isidro/Surco/La Molina/Barranco,Country quota already filled for campaign mix.,,,https://www.openstreetmap.org/way/835157220
Centro de Salud Mirones,Peru,Lima,Miraflores/San Isidro/Surco/La Molina/Barranco,Country quota already filled for campaign mix.,,,https://www.openstreetmap.org/way/835384750
Centro de Salud San Atanacio de Pedregal,Peru,Lima,Miraflores/San Isidro/Surco/La Molina/Barranco,Country quota already filled for campaign mix.,,,https://www.openstreetmap.org/way/835913959
Centro de Salud - Chancas de Andahuaylas,Peru,Lima,Miraflores/San Isidro/Surco/La Molina/Barranco,Country quota already filled for campaign mix.,,,https://www.openstreetmap.org/way/835919192
Centro de Salud San Sebastián,Peru,Lima,Miraflores/San Isidro/Surco/La Molina/Barranco,Country quota already filled for campaign mix.,,,https://www.openstreetmap.org/way/836187325
La Piuranita,Peru,Lima,Miraflores/San Isidro/Surco/La Molina/Barranco,Country quota already filled for campaign mix.,,,https://www.openstreetmap.org/way/914777241
Clínica Morillas,Peru,Lima,Miraflores/San Isidro/Surco/La Molina/Barranco,Country quota already filled for campaign mix.,,,https://www.openstreetmap.org/way/948030636
Restaurante Nodaji,Peru,Lima,Miraflores/San Isidro/Surco/La Molina/Barranco,El registro público incluye un sitio web oficial; se excluye para evitar negocios con web moderna.,https://www.perunodaji.com/,,https://www.openstreetmap.org/way/967694943
Dental 505 S.A.C.,Peru,Lima,Miraflores/San Isidro/Surco/La Molina/Barranco,Country quota already filled for campaign mix.,,,https://www.openstreetmap.org/way/968534394
Corralito,Peru,Lima,Miraflores/San Isidro/Surco/La Molina/Barranco,Country quota already filled for campaign mix.,,,https://www.openstreetmap.org/way/1316556554
Clínica Anglo Americana,Peru,Lima,Miraflores/San Isidro/Surco/La Molina/Barranco,El registro público incluye un sitio web oficial; se excluye para evitar negocios con web moderna.,https://clinicaangloamericana.pe/,,https://www.openstreetmap.org/way/1333389497
Insituto Médico de Lenguaje y Aprendizaje,Peru,Lima,Miraflores/San Isidro/Surco/La Molina/Barranco,El registro público incluye un sitio web oficial; se excluye para evitar negocios con web moderna.,https://imlaperu.com/,,https://www.openstreetmap.org/way/1413605209
Chifa Win Wai,Peru,Lima,Miraflores/San Isidro/Surco/La Molina/Barranco,Country quota already filled for campaign mix.,,,https://www.openstreetmap.org/way/1464862911
Clinica Santa Teresa,Peru,Lima,San Borja/Magdalena/Pueblo Libre,El registro público incluye un sitio web oficial; se excluye para evitar negocios con web moderna.,http://www.clinicasantateresa.com.pe/,,https://www.openstreetmap.org/node/565876567
Clinica San Judas Tadeo,Peru,Lima,San Borja/Magdalena/Pueblo Libre,El registro público incluye un sitio web oficial; se excluye para evitar negocios con web moderna.,https://www.clinicasanjudastadeo.com.pe/,,https://www.openstreetmap.org/node/606936954
Mis costillitas,Peru,Lima,San Borja/Magdalena/Pueblo Libre,El registro público incluye un sitio web oficial; se excluye para evitar negocios con web moderna.,http://www.miscostillitas.com,,https://www.openstreetmap.org/node/1273982015
Haiti,Peru,Lima,San Borja/Magdalena/Pueblo Libre,El registro público incluye un sitio web oficial; se excluye para evitar negocios con web moderna.,https://www.haitimiraflores.pe/,,https://www.openstreetmap.org/node/1429504073
La Tiendecita Blanca,Peru,Lima,San Borja/Magdalena/Pueblo Libre,El registro público incluye un sitio web oficial; se excluye para evitar negocios con web moderna.,https://latiendecitablanca.com.pe/,,https://www.openstreetmap.org/node/1429504323
Policlínico Pronto Salud Solidario,Peru,Lima,San Borja/Magdalena/Pueblo Libre,El registro público incluye un sitio web oficial; se excluye para evitar negocios con web moderna.,http://clinicaprontosaludsolidario.godaddysites.com/,,https://www.openstreetmap.org/node/1904507986
Tanta,Peru,Lima,San Borja/Magdalena/Pueblo Libre,El registro público incluye un sitio web oficial; se excluye para evitar negocios con web moderna.,https://tantaperu.com/,,https://www.openstreetmap.org/node/2170092982
La Romana,Peru,Lima,San Borja/Magdalena/Pueblo Libre,El registro público incluye un sitio web oficial; se excluye para evitar negocios con web moderna.,https://laromana.com.pe/,,https://www.openstreetmap.org/node/2172999993
La Bistecca,Peru,Lima,San Borja/Magdalena/Pueblo Libre,El registro público incluye un sitio web oficial; se excluye para evitar negocios con web moderna.,https://www.labisteccalima.com/,,https://www.openstreetmap.org/node/2256264234
DonDoh,Peru,Lima,San Borja/Magdalena/Pueblo Libre,El registro público incluye un sitio web oficial; se excluye para evitar negocios con web moderna.,https://www.dondoh.com/,,https://www.openstreetmap.org/node/2279947626
Tanta,Peru,Lima,San Borja/Magdalena/Pueblo Libre,El registro público incluye un sitio web oficial; se excluye para evitar negocios con web moderna.,https://tantaperu.com/,,https://www.openstreetmap.org/node/2279964904
Lima27,Peru,Lima,San Borja/Magdalena/Pueblo Libre,El registro público incluye un sitio web oficial; se excluye para evitar negocios con web moderna.,https://www.lima27.com/,,https://www.openstreetmap.org/node/2512307097
El Rocoto,Peru,Lima,San Borja/Magdalena/Pueblo Libre,El registro público incluye un sitio web oficial; se excluye para evitar negocios con web moderna.,https://www.elrocoto.com.pe/,,https://www.openstreetmap.org/node/2854486801
La Romántica,Peru,Lima,San Borja/Magdalena/Pueblo Libre,El registro público incluye un sitio web oficial; se excluye para evitar negocios con web moderna.,https://laromantica.pe/,,https://www.openstreetmap.org/node/2906551601
Madam Tusan,Peru,Lima,San Borja/Magdalena/Pueblo Libre,El registro público incluye un sitio web oficial; se excluye para evitar negocios con web moderna.,http://madamtusan.pe/,,https://www.openstreetmap.org/node/2906590101
La Picantería,Peru,Lima,San Borja/Magdalena/Pueblo Libre,El registro público incluye un sitio web oficial; se excluye para evitar negocios con web moderna.,https://picanteriasdelperu.com/,,https://www.openstreetmap.org/node/2942706012
José Urteaga Calderón,Peru,Lima,San Borja/Magdalena/Pueblo Libre,El registro público incluye un sitio web oficial; se excluye para evitar negocios con web moderna.,http://www.notariaurteagacalderon.com/inicio.html,,https://www.openstreetmap.org/node/3077648491
Centro Nacional de Salud Renal,Peru,Lima,San Borja/Magdalena/Pueblo Libre,El registro público incluye un sitio web oficial; se excluye para evitar negocios con web moderna.,http://www.essalud.gob.pe/centro-nacional-de-salud-renal/,,https://www.openstreetmap.org/node/3230315412
Perroquet,Peru,Lima,San Borja/Magdalena/Pueblo Libre,El registro público incluye un sitio web oficial; se excluye para evitar negocios con web moderna.,https://www.countryclublimahotel.com/es/dinning/perroquet-restaurant,,https://www.openstreetmap.org/node/3246793795
Raw Café,Peru,Lima,San Borja/Magdalena/Pueblo Libre,El registro público incluye un sitio web oficial; se excluye para evitar negocios con web moderna.,https://www.rawcafe.com.pe,,https://www.openstreetmap.org/node/3497806095
Canis,Peru,Lima,San Borja/Magdalena/Pueblo Libre,Country quota already filled for campaign mix.,,,https://www.openstreetmap.org/node/3840334357
Clinica San Felipe,Peru,Lima,San Borja/Magdalena/Pueblo Libre,El registro público incluye un sitio web oficial; se excluye para evitar negocios con web moderna.,https://www.clinicasanfelipe.com,,https://www.openstreetmap.org/node/4109575491
Mai Liu,Peru,Lima,San Borja/Magdalena/Pueblo Libre,El registro público incluye un sitio web oficial; se excluye para evitar negocios con web moderna.,http://fulltiendas.com/mailiu/,,https://www.openstreetmap.org/node/4119559023
Puro Corazón,Peru,Lima,San Borja/Magdalena/Pueblo Libre,Country quota already filled for campaign mix.,,,https://www.openstreetmap.org/node/4136767800
Adelgace Perú,Peru,Lima,San Borja/Magdalena/Pueblo Libre,El registro público incluye un sitio web oficial; se excluye para evitar negocios con web moderna.,https://www.drolaya.com/,,https://www.openstreetmap.org/node/4139697957
Embarcadero 41,Peru,Lima,San Borja/Magdalena/Pueblo Libre,El registro público incluye un sitio web oficial; se excluye para evitar negocios con web moderna.,https://embarcadero41.com/,,https://www.openstreetmap.org/node/4180718797
Instituto Nacional Cardiovascular,Peru,Lima,San Borja/Magdalena/Pueblo Libre,El registro público incluye un sitio web oficial; se excluye para evitar negocios con web moderna.,http://portal.essalud.gob.pe/incor/index.html,,https://www.openstreetmap.org/node/4203505990
Chifa Fu Jou,Peru,Lima,San Borja/Magdalena/Pueblo Libre,El registro público incluye un sitio web oficial; se excluye para evitar negocios con web moderna.,http://www.fujougourmet.com/,,https://www.openstreetmap.org/node/4216074095
Clinica Inmater,Peru,Lima,San Borja/Magdalena/Pueblo Libre,El registro público incluye un sitio web oficial; se excluye para evitar negocios con web moderna.,https://inmater.pe/portal/,,https://www.openstreetmap.org/node/4216263790
Tanuki,Peru,Lima,San Borja/Magdalena/Pueblo Libre,El registro público incluye un sitio web oficial; se excluye para evitar negocios con web moderna.,https://allpahotel.com/,,https://www.openstreetmap.org/node/4219054189
El 10,Peru,Lima,San Borja/Magdalena/Pueblo Libre,El registro público incluye un sitio web oficial; se excluye para evitar negocios con web moderna.,http://www.el10.pe/miraflores.php,,https://www.openstreetmap.org/node/4308219753
Marjorie Spa,Peru,Lima,San Borja/Magdalena/Pueblo Libre,Country quota already filled for campaign mix.,,,https://www.openstreetmap.org/node/4331324197
Sam & Sab,Peru,Lima,San Borja/Magdalena/Pueblo Libre,Country quota already filled for campaign mix.,,,https://www.openstreetmap.org/node/4331467898
Wa Lok,Peru,Lima,San Borja/Magdalena/Pueblo Libre,El registro público incluye un sitio web oficial; se excluye para evitar negocios con web moderna.,https://walok.com.pe/,,https://www.openstreetmap.org/node/4332775622
Centro de Idiomas,Peru,Lima,San Borja/Magdalena/Pueblo Libre,El registro público incluye un sitio web oficial; se excluye para evitar negocios con web moderna.,http://www.usmp.edu.pe/idiomas,,https://www.openstreetmap.org/node/4334033102
Las Canastas,Peru,Lima,San Borja/Magdalena/Pueblo Libre,El registro público incluye un sitio web oficial; se excluye para evitar negocios con web moderna.,https://www.lascanastas.com/,,https://www.openstreetmap.org/node/4334125527
Estadio FC,Peru,Lima,San Borja/Magdalena/Pueblo Libre,El registro público incluye un sitio web oficial; se excluye para evitar negocios con web moderna.,https://www.estadio.com.pe/,,https://www.openstreetmap.org/node/4336154416
El fogón del asador,Peru,Lima,San Borja/Magdalena/Pueblo Libre,El registro público incluye un sitio web oficial; se excluye para evitar negocios con web moderna.,http://www.elfogondelasador.com.pe/,,https://www.openstreetmap.org/node/4338790192
Costa Delicioza,Peru,Lima,San Borja/Magdalena/Pueblo Libre,El registro público incluye un sitio web oficial; se excluye para evitar negocios con web moderna.,http://www.costadelicioza.com,,https://www.openstreetmap.org/node/4340233197
Centro Odontológico Americano,Peru,Lima,San Borja/Magdalena/Pueblo Libre,El registro público incluye un sitio web oficial; se excluye para evitar negocios con web moderna.,https://coa.pe/,,https://www.openstreetmap.org/node/4341714335
Dental House,Peru,Lima,San Borja/Magdalena/Pueblo Libre,El registro público incluye un sitio web oficial; se excluye para evitar negocios con web moderna.,https://www.dental-house.com/,,https://www.openstreetmap.org/node/4341737524
Chifa Men Hong,Peru,Lima,San Borja/Magdalena/Pueblo Libre,Country quota already filled for campaign mix.,,,https://www.openstreetmap.org/node/4344769630
Chifa Titi,Peru,Lima,San Borja/Magdalena/Pueblo Libre,El registro público incluye un sitio web oficial; se excluye para evitar negocios con web moderna.,https://www.chifatiti.com/,,https://www.openstreetmap.org/node/4344960260
Juicy Lusy,Peru,Lima,San Borja/Magdalena/Pueblo Libre,El registro público incluye un sitio web oficial; se excluye para evitar negocios con web moderna.,https://juicylucy.pe/,,https://www.openstreetmap.org/node/4346194320
Matria Restaurante,Peru,Lima,San Borja/Magdalena/Pueblo Libre,El registro público incluye un sitio web oficial; se excluye para evitar negocios con web moderna.,https://www.matriarestaurante.com/,,https://www.openstreetmap.org/node/4346246257
Al Tavolo,Peru,Lima,San Borja/Magdalena/Pueblo Libre,Country quota already filled for campaign mix.,,,https://www.openstreetmap.org/node/4347791167
Il Pastifico,Peru,Lima,San Borja/Magdalena/Pueblo Libre,El registro público incluye un sitio web oficial; se excluye para evitar negocios con web moderna.,https://www.ilpastificio.com/,,https://www.openstreetmap.org/node/4347829135
Sanahoria,Peru,Lima,San Borja/Magdalena/Pueblo Libre,Country quota already filled for campaign mix.,,,https://www.openstreetmap.org/node/4347880037
OSensei Sushi Bar,Peru,Lima,San Borja/Magdalena/Pueblo Libre,Country quota already filled for campaign mix.,,,https://www.openstreetmap.org/node/4361939399
La Bistecca,Peru,Lima,San Borja/Magdalena/Pueblo Libre,El registro público incluye un sitio web oficial; se excluye para evitar negocios con web moderna.,https://www.labisteccalima.com,,https://www.openstreetmap.org/node/4365330953
Chifa Jin Ying,Peru,Lima,San Borja/Magdalena/Pueblo Libre,Country quota already filled for campaign mix.,,,https://www.openstreetmap.org/node/4368229107
Naruto,Peru,Lima,San Borja/Magdalena/Pueblo Libre,Country quota already filled for campaign mix.,,,https://www.openstreetmap.org/node/4368674750
Chez Wong,Peru,Lima,San Borja/Magdalena/Pueblo Libre,Country quota already filled for campaign mix.,,,https://www.openstreetmap.org/node/4407041390
J&R Consulting,Peru,Lima,San Borja/Magdalena/Pueblo Libre,Country quota already filled for campaign mix.,,,https://www.openstreetmap.org/node/4424587191
Restaurante Los Manglares de Tumbes,Peru,Lima,San Borja/Magdalena/Pueblo Libre,Country quota already filled for campaign mix.,,,https://www.openstreetmap.org/node/4438108500
Embarcadero 41,Peru,Lima,San Borja/Magdalena/Pueblo Libre,El registro público incluye un sitio web oficial; se excluye para evitar negocios con web moderna.,https://embarcadero41.com/restaurantes/,,https://www.openstreetmap.org/node/4451126488
Museo Larco Café Restaurant,Peru,Lima,San Borja/Magdalena/Pueblo Libre,El registro público incluye un sitio web oficial; se excluye para evitar negocios con web moderna.,https://cafe.museolarco.org/,,https://www.openstreetmap.org/node/4457042838
L'Eau Vive del Perú,Peru,Lima,San Borja/Magdalena/Pueblo Libre,Country quota already filled for campaign mix.,,,https://www.openstreetmap.org/node/4457079132
La Tapada,Peru,Lima,San Borja/Magdalena/Pueblo Libre,El registro público incluye un sitio web oficial; se excluye para evitar negocios con web moderna.,https://latapada.negocio.site/,,https://www.openstreetmap.org/node/4486045726
Anticuchos Bran,Peru,Lima,San Borja/Magdalena/Pueblo Libre,Country quota already filled for campaign mix.,,,https://www.openstreetmap.org/node/4497671091
Centro Odontológico César Anchiraico Cosquillo,Peru,Lima,San Borja/Magdalena/Pueblo Libre,Country quota already filled for campaign mix.,,,https://www.openstreetmap.org/node/4526967489
IK Restaurante,Peru,Lima,San Borja/Magdalena/Pueblo Libre,El registro público incluye un sitio web oficial; se excluye para evitar negocios con web moderna.,http://www.ivankisic.pe/,,https://www.openstreetmap.org/node/4527179089
Tzuru Restaurant Nikkei,Peru,Lima,San Borja/Magdalena/Pueblo Libre,El registro público incluye un sitio web oficial; se excluye para evitar negocios con web moderna.,http://www.tzururestaurante.com/,,https://www.openstreetmap.org/node/4553480902
Don de Peter,Peru,Lima,San Borja/Magdalena/Pueblo Libre,Country quota already filled for campaign mix.,,,https://www.openstreetmap.org/node/4555674790
Chifa choi yi,Peru,Lima,San Borja/Magdalena/Pueblo Libre,Country quota already filled for campaign mix.,,,https://www.openstreetmap.org/node/4676801792
Veggie Pizza,Peru,Lima,San Borja/Magdalena/Pueblo Libre,El registro público incluye un sitio web oficial; se excluye para evitar negocios con web moderna.,https://www.veggiepizza.pe,,https://www.openstreetmap.org/node/4685747789
Bon Ami,Peru,Lima,San Borja/Magdalena/Pueblo Libre,Country quota already filled for campaign mix.,,,https://www.openstreetmap.org/node/4715660989
La Choza Náutica,Peru,Lima,San Borja/Magdalena/Pueblo Libre,Country quota already filled for campaign mix.,,,https://www.openstreetmap.org/node/4724769492
La Choza Náutica,Peru,Lima,San Borja/Magdalena/Pueblo Libre,Country quota already filled for campaign mix.,,,https://www.openstreetmap.org/node/4724769493
La Choza Náutica,Peru,Lima,San Borja/Magdalena/Pueblo Libre,Country quota already filled for campaign mix.,,,https://www.openstreetmap.org/node/4724781197
Klidents,Peru,Lima,San Borja/Magdalena/Pueblo Libre,Country quota already filled for campaign mix.,,,https://www.openstreetmap.org/node/4755688381
Muñoz,Peru,Lima,San Borja/Magdalena/Pueblo Libre,Country quota already filled for campaign mix.,,,https://www.openstreetmap.org/node/4755700882
Notaría Carlos Herrera Carrera,Peru,Lima,San Borja/Magdalena/Pueblo Libre,El registro público incluye un sitio web oficial; se excluye para evitar negocios con web moderna.,https://notariaherreracarrera.com/,,https://www.openstreetmap.org/node/4764175947
Bao?,Peru,Lima,San Borja/Magdalena/Pueblo Libre,Country quota already filled for campaign mix.,,,https://www.openstreetmap.org/node/4764219905
La curva azul,Peru,Lima,San Borja/Magdalena/Pueblo Libre,Country quota already filled for campaign mix.,,,https://www.openstreetmap.org/node/4795240921
Las Zarzas,Peru,Lima,San Borja/Magdalena/Pueblo Libre,Country quota already filled for campaign mix.,,,https://www.openstreetmap.org/node/4799874621
Luminaris Spa,Peru,Lima,San Borja/Magdalena/Pueblo Libre,El registro público incluye un sitio web oficial; se excluye para evitar negocios con web moderna.,https://bienestarluminaris.com/,,https://www.openstreetmap.org/node/4806752121
Clinica Pablo Bermudez,Peru,Lima,San Borja/Magdalena/Pueblo Libre,Country quota already filled for campaign mix.,,,https://www.openstreetmap.org/node/4808012782
Sushi Pop,Peru,Lima,San Borja/Magdalena/Pueblo Libre,El registro público incluye un sitio web oficial; se excluye para evitar negocios con web moderna.,https://www.sushipop.pe/,,https://www.openstreetmap.org/node/4849841121
Namu,Peru,Lima,San Borja/Magdalena/Pueblo Libre,Country quota already filled for campaign mix.,,,https://www.openstreetmap.org/node/4879348721
La Cabrera,Peru,Lima,San Borja/Magdalena/Pueblo Libre,El registro público incluye un sitio web oficial; se excluye para evitar negocios con web moderna.,https://lacabreraperu.com/,,https://www.openstreetmap.org/node/4880787724
Mis engreidos Veterinaria Pet shop,Peru,Lima,San Borja/Magdalena/Pueblo Libre,El registro público incluye un sitio web oficial; se excluye para evitar negocios con web moderna.,http://www.veterinariamisengreidos.com/,,https://www.openstreetmap.org/node/4880939923
Meridiano Lima,Peru,Lima,San Borja/Magdalena/Pueblo Libre,Country quota already filled for campaign mix.,,,https://www.openstreetmap.org/node/4880940222
Policlínico Peruano-Japonés,Peru,Lima,San Borja/Magdalena/Pueblo Libre,Country quota already filled for campaign mix.,,,https://www.openstreetmap.org/node/4888683521
Black Maki Bar,Peru,Lima,San Borja/Magdalena/Pueblo Libre,Country quota already filled for campaign mix.,,,https://www.openstreetmap.org/node/4889001524
Yao Ling Spa,Peru,Lima,San Borja/Magdalena/Pueblo Libre,El registro público incluye un sitio web oficial; se excluye para evitar negocios con web moderna.,https://yaolingspa.com/,,https://www.openstreetmap.org/node/4906629134
El parque,Peru,Lima,San Borja/Magdalena/Pueblo Libre,Country quota already filled for campaign mix.,,,https://www.openstreetmap.org/node/4973644772
Sangucheria El Chinito,Peru,Lima,San Borja/Magdalena/Pueblo Libre,El registro público incluye un sitio web oficial; se excluye para evitar negocios con web moderna.,https://elchinito.com.pe,,https://www.openstreetmap.org/node/4995543123
San Ceferino,Peru,Lima,San Borja/Magdalena/Pueblo Libre,El registro público incluye un sitio web oficial; se excluye para evitar negocios con web moderna.,https://restaurantsanceferino.com,,https://www.openstreetmap.org/node/4997758921
Osteria Gianfranco,Peru,Lima,San Borja/Magdalena/Pueblo Libre,El registro público incluye un sitio web oficial; se excluye para evitar negocios con web moderna.,http://www.gianfrancocaffe.com,,https://www.openstreetmap.org/node/5004995721
Paseo Colón,Peru,Lima,San Borja/Magdalena/Pueblo Libre,El registro público incluye un sitio web oficial; se excluye para evitar negocios con web moderna.,https://paseocolon.com/,,https://www.openstreetmap.org/node/5015691321
Mirada Glamour,Peru,Lima,San Borja/Magdalena/Pueblo Libre,El registro público incluye un sitio web oficial; se excluye para evitar negocios con web moderna.,https://www.miradaglamour.com/,,https://www.openstreetmap.org/node/5071636622
Lourdes Flores Nano,Peru,Lima,San Borja/Magdalena/Pueblo Libre,El registro público incluye un sitio web oficial; se excluye para evitar negocios con web moderna.,https://lfnabogados.com.pe/,,https://www.openstreetmap.org/node/5076423088
Giorgio Dalla Pieta,Peru,Lima,San Borja/Magdalena/Pueblo Libre,Country quota already filled for campaign mix.,,,https://www.openstreetmap.org/node/5076423509
Clínica hogar de Maria,Peru,Lima,San Borja/Magdalena/Pueblo Libre,Country quota already filled for campaign mix.,,,https://www.openstreetmap.org/node/5076423515
La Baratura,Peru,Lima,San Borja/Magdalena/Pueblo Libre,Country quota already filled for campaign mix.,,,https://www.openstreetmap.org/node/5084261164
Costanera 700,Peru,Lima,San Borja/Magdalena/Pueblo Libre,El registro público incluye un sitio web oficial; se excluye para evitar negocios con web moderna.,https://costanera700.pe/,,https://www.openstreetmap.org/node/5099439821
El Chanchito,Peru,Lima,San Borja/Magdalena/Pueblo Libre,El registro público incluye un sitio web oficial; se excluye para evitar negocios con web moderna.,http://www.chicharroneria-elchanchito.com,,https://www.openstreetmap.org/node/5108348021
Estrella fu lai,Peru,Lima,San Borja/Magdalena/Pueblo Libre,Country quota already filled for campaign mix.,,,https://www.openstreetmap.org/node/5140690321
Destellos Ópticos,Peru,Lima,San Borja/Magdalena/Pueblo Libre,Country quota already filled for campaign mix.,,,https://www.openstreetmap.org/node/5148690722
health pet,Peru,Lima,San Borja/Magdalena/Pueblo Libre,Country quota already filled for campaign mix.,,,https://www.openstreetmap.org/node/5186361122
Puquina Qocha,Peru,Lima,San Borja/Magdalena/Pueblo Libre,El registro público incluye un sitio web oficial; se excluye para evitar negocios con web moderna.,http://brisasdeltiticaca.com/puquina-qocha/,,https://www.openstreetmap.org/node/5258634721
China Town,Peru,Lima,San Borja/Magdalena/Pueblo Libre,Country quota already filled for campaign mix.,,,https://www.openstreetmap.org/node/5335117716
El Bodegón,Peru,Lima,San Borja/Magdalena/Pueblo Libre,El registro público incluye un sitio web oficial; se excluye para evitar negocios con web moderna.,https://www.elbodegon.com.pe,,https://www.openstreetmap.org/node/5335214022
Viet,Peru,Lima,San Borja/Magdalena/Pueblo Libre,El registro público incluye un sitio web oficial; se excluye para evitar negocios con web moderna.,https://viet.pe/,,https://www.openstreetmap.org/node/5396324321
Euroidiomas,Peru,Lima,San Borja/Magdalena/Pueblo Libre,Country quota already filled for campaign mix.,,,https://www.openstreetmap.org/node/5476898855
Detecta,Peru,Lima,San Borja/Magdalena/Pueblo Libre,El registro público incluye un sitio web oficial; se excluye para evitar negocios con web moderna.,http://www.detecta.pe/,,https://www.openstreetmap.org/node/5481482098
SISOL Salud Centro Quirúrgico,Peru,Lima,San Borja/Magdalena/Pueblo Libre,El registro público incluye un sitio web oficial; se excluye para evitar negocios con web moderna.,https://www.sisol.gob.pe/,,https://www.openstreetmap.org/node/5485493582
Mácula D&T,Peru,Lima,San Borja/Magdalena/Pueblo Libre,El registro público incluye un sitio web oficial; se excluye para evitar negocios con web moderna.,http://www.maculadt.com/,,https://www.openstreetmap.org/node/5577497869
Clínica Odontomédica Galla,Peru,Lima,San Borja/Magdalena/Pueblo Libre,El registro público incluye un sitio web oficial; se excluye para evitar negocios con web moderna.,http://www.odontomedicagalla.com/,,https://www.openstreetmap.org/node/5605942363
Andromed,Peru,Lima,San Borja/Magdalena/Pueblo Libre,El registro público incluye un sitio web oficial; se excluye para evitar negocios con web moderna.,https://andromed.com.pe/,,https://www.openstreetmap.org/node/5612802334
Inmuno Vax,Peru,Lima,San Borja/Magdalena/Pueblo Libre,El registro público incluye un sitio web oficial; se excluye para evitar negocios con web moderna.,http://www.inmunovax.com.pe/,,https://www.openstreetmap.org/node/5612802339
IBN Sina,Peru,Lima,San Borja/Magdalena/Pueblo Libre,Country quota already filled for campaign mix.,,,https://www.openstreetmap.org/node/5612802358
Clínica veterinaria PetCenter,Peru,Lima,San Borja/Magdalena/Pueblo Libre,El registro público incluye un sitio web oficial; se excluye para evitar negocios con web moderna.,https://www.petcenter.com.pe/,,https://www.openstreetmap.org/node/5876946117
La Gloria,Peru,Lima,San Borja/Magdalena/Pueblo Libre,El registro público incluye un sitio web oficial; se excluye para evitar negocios con web moderna.,https://lagloriarestaurant.com/,,https://www.openstreetmap.org/node/5892067685
El Pez On,Peru,Lima,San Borja/Magdalena/Pueblo Libre,El registro público incluye un sitio web oficial; se excluye para evitar negocios con web moderna.,https://elpez-on.com/,,https://www.openstreetmap.org/node/5931759685
Osaka Pardo and Aliaga,Peru,Lima,San Borja/Magdalena/Pueblo Libre,El registro público incluye un sitio web oficial; se excluye para evitar negocios con web moderna.,https://www.osaka.com.pe/,,https://www.openstreetmap.org/node/5952574543
1087 Restaurante,Peru,Lima,San Borja/Magdalena/Pueblo Libre,Country quota already filled for campaign mix.,,,https://www.openstreetmap.org/node/5967542306
Osso El Restaurante,Peru,Lima,San Borja/Magdalena/Pueblo Libre,El registro público incluye un sitio web oficial; se excluye para evitar negocios con web moderna.,https://www.osso.pe/menu/,,https://www.openstreetmap.org/node/5967750564
Estudio Leguía Normand,Peru,Lima,San Borja/Magdalena/Pueblo Libre,El registro público incluye un sitio web oficial; se excluye para evitar negocios con web moderna.,https://www.rubio.pe/,,https://www.openstreetmap.org/node/5980207955
La Calesa,Peru,Lima,San Borja/Magdalena/Pueblo Libre,Country quota already filled for campaign mix.,,,https://www.openstreetmap.org/node/5980554688
Makoto Sushi Bar Miraflores,Peru,Lima,San Borja/Magdalena/Pueblo Libre,El registro público incluye un sitio web oficial; se excluye para evitar negocios con web moderna.,https://makotosushibar.com/,,https://www.openstreetmap.org/node/5992164842
Catalina 555,Peru,Lima,San Borja/Magdalena/Pueblo Libre,Country quota already filled for campaign mix.,,,https://www.openstreetmap.org/node/5996414685
Recavarren,Peru,Lima,San Borja/Magdalena/Pueblo Libre,Country quota already filled for campaign mix.,,,https://www.openstreetmap.org/node/6045054053
Nanka,Peru,Lima,San Borja/Magdalena/Pueblo Libre,El registro público incluye un sitio web oficial; se excluye para evitar negocios con web moderna.,https://www.nanka.pe/,,https://www.openstreetmap.org/node/6049705755
Edo Sushi Bar,Peru,Lima,San Borja/Magdalena/Pueblo Libre,El registro público incluye un sitio web oficial; se excluye para evitar negocios con web moderna.,https://edosushibar.com/,,https://www.openstreetmap.org/node/6049737543
La Terraza del Pardo,Peru,Lima,San Borja/Magdalena/Pueblo Libre,Country quota already filled for campaign mix.,,,https://www.openstreetmap.org/node/6049797584
Maras Restaurantes,Peru,Lima,San Borja/Magdalena/Pueblo Libre,El registro público incluye un sitio web oficial; se excluye para evitar negocios con web moderna.,https://marasrestaurante.com.pe/,,https://www.openstreetmap.org/node/6049895224
La Fondue by Swissôtel,Peru,Lima,San Borja/Magdalena/Pueblo Libre,El registro público incluye un sitio web oficial; se excluye para evitar negocios con web moderna.,https://www.swissotel.com/hotels/lima/dining/la-fondue/,,https://www.openstreetmap.org/node/6049899182
Aji 555,Peru,Lima,San Borja/Magdalena/Pueblo Libre,El registro público incluye un sitio web oficial; se excluye para evitar negocios con web moderna.,http://aji555.com/,,https://www.openstreetmap.org/node/6049908006
Chabuca Restaurant & Bar,Peru,Lima,San Borja/Magdalena/Pueblo Libre,El registro público incluye un sitio web oficial; se excluye para evitar negocios con web moderna.,https://www.atton.com/hoteles/atton-san-isidro/,,https://www.openstreetmap.org/node/6050054942
Quimera,Peru,Lima,San Borja/Magdalena/Pueblo Libre,El registro público incluye un sitio web oficial; se excluye para evitar negocios con web moderna.,https://www.quimera.com.pe/,,https://www.openstreetmap.org/node/6050106432
La Locanda by Swissôtel,Peru,Lima,San Borja/Magdalena/Pueblo Libre,El registro público incluye un sitio web oficial; se excluye para evitar negocios con web moderna.,https://www.swissotel.com/hotels/lima/dining/la-locanda/,,https://www.openstreetmap.org/node/6050139958
Market 770,Peru,Lima,San Borja/Magdalena/Pueblo Libre,El registro público incluye un sitio web oficial; se excluye para evitar negocios con web moderna.,https://www.marriott.com/hotels/hotel-information/restaurant/details/limwi-the-westin-lima-hotel-and-convention-center/5974628/,,https://www.openstreetmap.org/node/6050160640
La Eñe,Peru,Lima,San Borja/Magdalena/Pueblo Libre,El registro público incluye un sitio web oficial; se excluye para evitar negocios con web moderna.,http://www.restaurante-laene.com/,,https://www.openstreetmap.org/node/6051739010
Al Asador,Peru,Lima,San Borja/Magdalena/Pueblo Libre,El registro público incluye un sitio web oficial; se excluye para evitar negocios con web moderna.,https://www.alasador.com/,,https://www.openstreetmap.org/node/6051890809
Statera,Peru,Lima,San Borja/Magdalena/Pueblo Libre,El registro público incluye un sitio web oficial; se excluye para evitar negocios con web moderna.,https://staterarestaurante.pe/,,https://www.openstreetmap.org/node/6051902999
Isidro Bistró Limeño,Peru,Lima,San Borja/Magdalena/Pueblo Libre,El registro público incluye un sitio web oficial; se excluye para evitar negocios con web moderna.,https://www.hyatt.com/en-US/hotel/peru/hyatt-centric-san-isidro-lima/limct/dining,,https://www.openstreetmap.org/node/6053329810
Ramada Encore Restaurante & Bar,Peru,Lima,San Borja/Magdalena/Pueblo Libre,El registro público incluye un sitio web oficial; se excluye para evitar negocios con web moderna.,https://ramadaencoresanisidro.pe/,,https://www.openstreetmap.org/node/6053341920
Siam Thai Cuisine,Peru,Lima,San Borja/Magdalena/Pueblo Libre,El registro público incluye un sitio web oficial; se excluye para evitar negocios con web moderna.,https://www.siamthaicuisine.com.pe/,,https://www.openstreetmap.org/node/6053512901
El Bosque,Peru,Lima,San Borja/Magdalena/Pueblo Libre,El registro público incluye un sitio web oficial; se excluye para evitar negocios con web moderna.,http://www.plazadelbosque.com/dining-es.html,,https://www.openstreetmap.org/node/6056095555
Barra Lima Restaurante,Peru,Lima,San Borja/Magdalena/Pueblo Libre,Country quota already filled for campaign mix.,,,https://www.openstreetmap.org/node/6056114337
21.02 Resto & Lounge,Peru,Lima,San Borja/Magdalena/Pueblo Libre,El registro público incluye un sitio web oficial; se excluye para evitar negocios con web moderna.,https://www.dazzlerlima.com/es/servicios/restaurant/,,https://www.openstreetmap.org/node/6056169175
Amore,Peru,Lima,San Borja/Magdalena/Pueblo Libre,Country quota already filled for campaign mix.,,,https://www.openstreetmap.org/node/6094347270
Restaurant Peña Turística Surquillana,Peru,Lima,San Borja/Magdalena/Pueblo Libre,Country quota already filled for campaign mix.,,,https://www.openstreetmap.org/node/6341175386
Chifa Dao,Peru,Lima,San Borja/Magdalena/Pueblo Libre,Country quota already filled for campaign mix.,,,https://www.openstreetmap.org/node/6348594886
La Barra de Ramiro - Cevicheria,Peru,Lima,San Borja/Magdalena/Pueblo Libre,Country quota already filled for campaign mix.,,,https://www.openstreetmap.org/node/6459415385
Osteoperu,Peru,Lima,San Borja/Magdalena/Pueblo Libre,El registro público incluye un sitio web oficial; se excluye para evitar negocios con web moderna.,https://osteoperu.com/,,https://www.openstreetmap.org/node/6476468286
Clínica Santa María,Peru,Lima,San Borja/Magdalena/Pueblo Libre,El registro público incluye un sitio web oficial; se excluye para evitar negocios con web moderna.,https://clinicasantamaria.pe/,,https://www.openstreetmap.org/node/6571278172
Instituto de Oncología & Radioterapia,Peru,Lima,San Borja/Magdalena/Pueblo Libre,El registro público incluye un sitio web oficial; se excluye para evitar negocios con web moderna.,https://www.oncologiaricardopalma.com/,,https://www.openstreetmap.org/node/6577890321
El Pez Nuestro de Cada Día,Peru,Lima,San Borja/Magdalena/Pueblo Libre,Country quota already filled for campaign mix.,,,https://www.openstreetmap.org/node/6634674507
Clínica La Luz,Peru,Lima,San Borja/Magdalena/Pueblo Libre,El registro público incluye un sitio web oficial; se excluye para evitar negocios con web moderna.,https://clinicalaluz.pe/,,https://www.openstreetmap.org/node/6652462590
Cevicheria Mingos 326,Peru,Lima,San Borja/Magdalena/Pueblo Libre,Country quota already filled for campaign mix.,,,https://www.openstreetmap.org/node/6653394286
Mayta,Peru,Lima,San Borja/Magdalena/Pueblo Libre,El registro público incluye un sitio web oficial; se excluye para evitar negocios con web moderna.,https://maytalima.com/,,https://www.openstreetmap.org/node/6797001589
El Sillar,Peru,Lima,San Borja/Magdalena/Pueblo Libre,Country quota already filled for campaign mix.,,,https://www.openstreetmap.org/node/6873375185
Dios Town,Peru,Lima,San Borja/Magdalena/Pueblo Libre,Country quota already filled for campaign mix.,,,https://www.openstreetmap.org/node/7002871187
Restaurant Snack Bar - Mr. Koala,Peru,Lima,San Borja/Magdalena/Pueblo Libre,Country quota already filled for campaign mix.,,,https://www.openstreetmap.org/node/7004766686
Kasamama Buffet Criollo,Peru,Lima,San Borja/Magdalena/Pueblo Libre,El registro público incluye un sitio web oficial; se excluye para evitar negocios con web moderna.,https://www.kasamama.com/,,https://www.openstreetmap.org/node/7060357086
Clinica San Juan de Dios de Piura,Peru,Lima,San Borja/Magdalena/Pueblo Libre,Country quota already filled for campaign mix.,,,https://www.openstreetmap.org/node/7064559509
Huaca Pando,Peru,Lima,San Borja/Magdalena/Pueblo Libre,Country quota already filled for campaign mix.,,,https://www.openstreetmap.org/node/7073265073
Policlinico Pnp Walter Rosales,Peru,Lima,San Borja/Magdalena/Pueblo Libre,Country quota already filled for campaign mix.,,,https://www.openstreetmap.org/node/7082518484
Medi Clinic,Peru,Lima,San Borja/Magdalena/Pueblo Libre,Country quota already filled for campaign mix.,,,https://www.openstreetmap.org/node/7129698885
S'Concha Barriada Cevichera,Peru,Lima,San Borja/Magdalena/Pueblo Libre,Country quota already filled for campaign mix.,,,https://www.openstreetmap.org/node/7507277046
Holomedic Servicios Integrales S.A.C,Peru,Lima,San Borja/Magdalena/Pueblo Libre,El registro público incluye un sitio web oficial; se excluye para evitar negocios con web moderna.,https://www.holomedic.com.pe/,,https://www.openstreetmap.org/node/7552520836
Jocathex,Peru,Lima,San Borja/Magdalena/Pueblo Libre,El registro público incluye un sitio web oficial; se excluye para evitar negocios con web moderna.,https://jocathex.com/,,https://www.openstreetmap.org/node/7557798924
Rosa Negra Salón & Spa,Peru,Lima,San Borja/Magdalena/Pueblo Libre,El registro público incluye un sitio web oficial; se excluye para evitar negocios con web moderna.,http://www.salonsparosanegra.com/,,https://www.openstreetmap.org/node/7563882292
Surito Maketto,Peru,Lima,San Borja/Magdalena/Pueblo Libre,Country quota already filled for campaign mix.,,,https://www.openstreetmap.org/node/7668125949
Pizza Party,Peru,Lima,San Borja/Magdalena/Pueblo Libre,Country quota already filled for campaign mix.,,,https://www.openstreetmap.org/node/7729107031
Limamarc,Peru,Lima,San Borja/Magdalena/Pueblo Libre,El registro público incluye un sitio web oficial; se excluye para evitar negocios con web moderna.,https://limamarc.com.pe/,,https://www.openstreetmap.org/node/7799160044
El Chotano,Peru,Lima,San Borja/Magdalena/Pueblo Libre,Country quota already filled for campaign mix.,,,https://www.openstreetmap.org/node/7873594127
Estudio Raul Canelo,Peru,Lima,San Borja/Magdalena/Pueblo Libre,El registro público incluye un sitio web oficial; se excluye para evitar negocios con web moderna.,http://estudioraulcanelo.pe/,,https://www.openstreetmap.org/node/8347297391
500 Grados,Peru,Lima,San Borja/Magdalena/Pueblo Libre,El registro público incluye un sitio web oficial; se excluye para evitar negocios con web moderna.,https://500grados.com,,https://www.openstreetmap.org/node/8359166417
Chifa Palacio Cristal,Peru,Lima,San Borja/Magdalena/Pueblo Libre,Country quota already filled for campaign mix.,,,https://www.openstreetmap.org/node/8400126840
Vale Vet,Peru,Lima,San Borja/Magdalena/Pueblo Libre,Country quota already filled for campaign mix.,,,https://www.openstreetmap.org/node/8467787518
Gala Pets,Peru,Lima,San Borja/Magdalena/Pueblo Libre,Country quota already filled for campaign mix.,,,https://www.openstreetmap.org/node/8681055028
Pet Love,Peru,Lima,San Borja/Magdalena/Pueblo Libre,Country quota already filled for campaign mix.,,,https://www.openstreetmap.org/node/8699377509
Chifa Guo Sheng,Peru,Lima,San Borja/Magdalena/Pueblo Libre,Country quota already filled for campaign mix.,,,https://www.openstreetmap.org/node/8699516517
E-Nails - Uñas Acrílicas,Peru,Lima,San Borja/Magdalena/Pueblo Libre,Country quota already filled for campaign mix.,,,https://www.openstreetmap.org/node/8779456850
Aquibaz,Peru,Lima,San Borja/Magdalena/Pueblo Libre,Country quota already filled for campaign mix.,,,https://www.openstreetmap.org/node/8889170718
Popolo Pizza San Isidro,Peru,Lima,San Borja/Magdalena/Pueblo Libre,El registro público incluye un sitio web oficial; se excluye para evitar negocios con web moderna.,https://www.popolopizzeria.com/,,https://www.openstreetmap.org/node/8968829467
Popolo Pizza Chacarilla,Peru,Lima,San Borja/Magdalena/Pueblo Libre,El registro público incluye un sitio web oficial; se excluye para evitar negocios con web moderna.,https://www.popolopizzeria.com/,,https://www.openstreetmap.org/node/8968829468
Instituto de Imágenes Médicas,Peru,Lima,San Borja/Magdalena/Pueblo Libre,El registro público incluye un sitio web oficial; se excluye para evitar negocios con web moderna.,https://www.institutodeimagenesmedicas.com/,,https://www.openstreetmap.org/node/9268171962
Proyectos Ingeniería Perú,Peru,Lima,San Borja/Magdalena/Pueblo Libre,El registro público incluye un sitio web oficial; se excluye para evitar negocios con web moderna.,https://proyectosperu.negocio.site/,,https://www.openstreetmap.org/node/9275173704
Cacie,Peru,Lima,San Borja/Magdalena/Pueblo Libre,Country quota already filled for campaign mix.,,,https://www.openstreetmap.org/node/9611665399
La Robusta,Peru,Lima,San Borja/Magdalena/Pueblo Libre,Country quota already filled for campaign mix.,,,https://www.openstreetmap.org/node/9898221017
Villa Natura,Peru,Lima,San Borja/Magdalena/Pueblo Libre,Country quota already filled for campaign mix.,,,https://www.openstreetmap.org/node/10174732144
Café Risso,Peru,Lima,San Borja/Magdalena/Pueblo Libre,El registro público incluye un sitio web oficial; se excluye para evitar negocios con web moderna.,https://www.caferisso.com/,,https://www.openstreetmap.org/node/11070224806
Santuara,Peru,Lima,San Borja/Magdalena/Pueblo Libre,Country quota already filled for campaign mix.,,,https://www.openstreetmap.org/node/11211454474
La Picada Cebicheria - Magdalena,Peru,Lima,San Borja/Magdalena/Pueblo Libre,Country quota already filled for campaign mix.,,,https://www.openstreetmap.org/node/11358652570
Estudio Jurídico Bohórquez,Peru,Lima,San Borja/Magdalena/Pueblo Libre,Country quota already filled for campaign mix.,,,https://www.openstreetmap.org/node/11364692614
La Cacerola,Peru,Lima,San Borja/Magdalena/Pueblo Libre,Country quota already filled for campaign mix.,,,https://www.openstreetmap.org/node/11450850056
Panadería Cultivo,Peru,Lima,San Borja/Magdalena/Pueblo Libre,Country quota already filled for campaign mix.,,,https://www.openstreetmap.org/node/12032169368
ADRRA Taberna Criolla Peruana,Peru,Lima,San Borja/Magdalena/Pueblo Libre,Country quota already filled for campaign mix.,,,https://www.openstreetmap.org/node/12829302152
Loving Hut,Peru,Lima,San Borja/Magdalena/Pueblo Libre,El registro público incluye un sitio web oficial; se excluye para evitar negocios con web moderna.,https://lovinghut.com/pe/,,https://www.openstreetmap.org/node/12832263301
MIRAMAR,Peru,Lima,San Borja/Magdalena/Pueblo Libre,Country quota already filled for campaign mix.,,,https://www.openstreetmap.org/node/12844725125
CHIFA YANG CHENG,Peru,Lima,San Borja/Magdalena/Pueblo Libre,Country quota already filled for campaign mix.,,,https://www.openstreetmap.org/node/12844725126
Ethernal Raven,Peru,Lima,San Borja/Magdalena/Pueblo Libre,Country quota already filled for campaign mix.,,,https://www.openstreetmap.org/node/12908518687
Taxi Gallegos,Peru,Lima,San Borja/Magdalena/Pueblo Libre,Country quota already filled for campaign mix.,,,https://www.openstreetmap.org/node/12952723335
Dra. Cristina Soto,Peru,Lima,San Borja/Magdalena/Pueblo Libre,Country quota already filled for campaign mix.,,,https://www.openstreetmap.org/node/12952723336
Miku Sushi & Pub,Peru,Lima,San Borja/Magdalena/Pueblo Libre,El registro público incluye un sitio web oficial; se excluye para evitar negocios con web moderna.,https://www.mikusushipub.com,,https://www.openstreetmap.org/node/13141690164
Policlinico Oftalmo Vista,Peru,Lima,San Borja/Magdalena/Pueblo Libre,Country quota already filled for campaign mix.,,,https://www.openstreetmap.org/node/13158543837
Optica Vitallents,Peru,Lima,San Borja/Magdalena/Pueblo Libre,Country quota already filled for campaign mix.,,,https://www.openstreetmap.org/node/13807061244
Clínica El Golf,Peru,Lima,San Borja/Magdalena/Pueblo Libre,El registro público incluye un sitio web oficial; se excluye para evitar negocios con web moderna.,https://www.sanna.pe/clinicas/el-golf-lima/informacion-general/,,https://www.openstreetmap.org/way/129197997
Clinica Ricardo Palma,Peru,Lima,San Borja/Magdalena/Pueblo Libre,El registro público incluye un sitio web oficial; se excluye para evitar negocios con web moderna.,https://www.crp.com.pe/,,https://www.openstreetmap.org/way/289515700
Centro de Salud Chacra Colorada,Peru,Lima,San Borja/Magdalena/Pueblo Libre,Country quota already filled for campaign mix.,,,https://www.openstreetmap.org/way/320580690
Norky's,Peru,Lima,San Borja/Magdalena/Pueblo Libre,El registro público incluye un sitio web oficial; se excluye para evitar negocios con web moderna.,https://norkys.pe/,,https://www.openstreetmap.org/way/361995976
Panchita,Peru,Lima,San Borja/Magdalena/Pueblo Libre,El registro público incluye un sitio web oficial; se excluye para evitar negocios con web moderna.,https://www.panchita.pe/,,https://www.openstreetmap.org/way/361996067
La Mar,Peru,Lima,San Borja/Magdalena/Pueblo Libre,El registro público incluye un sitio web oficial; se excluye para evitar negocios con web moderna.,https://www.lamarcebicheria.com/es/Lima,,https://www.openstreetmap.org/way/368855108
Clínica Santa Isabel,Peru,Lima,San Borja/Magdalena/Pueblo Libre,El registro público incluye un sitio web oficial; se excluye para evitar negocios con web moderna.,https://www.clinicasantaisabel.com/,,https://www.openstreetmap.org/way/399538210
Clínica Javier Prado,Peru,Lima,San Borja/Magdalena/Pueblo Libre,El registro público incluye un sitio web oficial; se excluye para evitar negocios con web moderna.,https://www.clinicajavierprado.com.pe/Inicio.aspx,,https://www.openstreetmap.org/way/400891961
Mi Divorcio,Peru,Lima,San Borja/Magdalena/Pueblo Libre,El registro público incluye un sitio web oficial; se excluye para evitar negocios con web moderna.,https://www.midivorcio.com.pe/,,https://www.openstreetmap.org/way/400896937
Clínica Delgado,Peru,Lima,San Borja/Magdalena/Pueblo Libre,El registro público incluye un sitio web oficial; se excluye para evitar negocios con web moderna.,https://clinicadelgado.pe/,,https://www.openstreetmap.org/way/405565200
Centro de Salud San Luis,Peru,Lima,San Borja/Magdalena/Pueblo Libre,Country quota already filled for campaign mix.,,,https://www.openstreetmap.org/way/415936150
José Antonio,Peru,Lima,San Borja/Magdalena/Pueblo Libre,El registro público incluye un sitio web oficial; se excluye para evitar negocios con web moderna.,https://www.joseantonio.com.pe/,,https://www.openstreetmap.org/way/416304156
Munisalud San Borja,Peru,Lima,San Borja/Magdalena/Pueblo Libre,Country quota already filled for campaign mix.,,,https://www.openstreetmap.org/way/416304605
Las Canastas Miraflores,Peru,Lima,San Borja/Magdalena/Pueblo Libre,El registro público incluye un sitio web oficial; se excluye para evitar negocios con web moderna.,https://www.lascanastas.com/,,https://www.openstreetmap.org/way/435185148
Pescados Capitales,Peru,Lima,San Borja/Magdalena/Pueblo Libre,El registro público incluye un sitio web oficial; se excluye para evitar negocios con web moderna.,https://www.pescadoscapitales.com/,,https://www.openstreetmap.org/way/435196861
Punto Marino,Peru,Lima,San Borja/Magdalena/Pueblo Libre,El registro público incluye un sitio web oficial; se excluye para evitar negocios con web moderna.,https://puntomarino.com/,,https://www.openstreetmap.org/way/435197714
Sachún,Peru,Lima,San Borja/Magdalena/Pueblo Libre,Country quota already filled for campaign mix.,,,https://www.openstreetmap.org/way/435197715
Chifa He,Peru,Lima,San Borja/Magdalena/Pueblo Libre,Country quota already filled for campaign mix.,,,https://www.openstreetmap.org/way/435208810
Restaurant Pecao Frito,Peru,Lima,San Borja/Magdalena/Pueblo Libre,Country quota already filled for campaign mix.,,,https://www.openstreetmap.org/way/435210028
Rason,Peru,Lima,San Borja/Magdalena/Pueblo Libre,El registro público incluye un sitio web oficial; se excluye para evitar negocios con web moderna.,https://www.rasson.com.pe/,,https://www.openstreetmap.org/way/435319545
El Mercado,Peru,Lima,San Borja/Magdalena/Pueblo Libre,El registro público incluye un sitio web oficial; se excluye para evitar negocios con web moderna.,http://www.rafaelosterling.pe/es/el-mercado.html,,https://www.openstreetmap.org/way/435319546
La Preferida La Mar,Peru,Lima,San Borja/Magdalena/Pueblo Libre,El registro público incluye un sitio web oficial; se excluye para evitar negocios con web moderna.,https://www.restaurantelapreferida.com/index.php,,https://www.openstreetmap.org/way/435319548
Sabor Pez,Peru,Lima,San Borja/Magdalena/Pueblo Libre,Country quota already filled for campaign mix.,,,https://www.openstreetmap.org/way/435341455
Hanzo,Peru,Lima,San Borja/Magdalena/Pueblo Libre,El registro público incluye un sitio web oficial; se excluye para evitar negocios con web moderna.,http://hanzo.com.pe/,,https://www.openstreetmap.org/way/435346081
El Pichito,Peru,Lima,San Borja/Magdalena/Pueblo Libre,El registro público incluye un sitio web oficial; se excluye para evitar negocios con web moderna.,http://www.elpichito.pe,,https://www.openstreetmap.org/way/435362245
Gladys,Peru,Lima,San Borja/Magdalena/Pueblo Libre,Country quota already filled for campaign mix.,,,https://www.openstreetmap.org/way/435388433
Chifa Express,Peru,Lima,San Borja/Magdalena/Pueblo Libre,Country quota already filled for campaign mix.,,,https://www.openstreetmap.org/way/435392439
Mr. Sushi,Peru,Lima,San Borja/Magdalena/Pueblo Libre,Country quota already filled for campaign mix.,,,https://www.openstreetmap.org/way/435392441
Tai-I vegetariano,Peru,Lima,San Borja/Magdalena/Pueblo Libre,Country quota already filled for campaign mix.,,,https://www.openstreetmap.org/way/435677046
Morelia,Peru,Lima,San Borja/Magdalena/Pueblo Libre,El registro público incluye un sitio web oficial; se excluye para evitar negocios con web moderna.,https://morelia.pe/,,https://www.openstreetmap.org/way/435682725
Restaurante La Tranquera,Peru,Lima,San Borja/Magdalena/Pueblo Libre,El registro público incluye un sitio web oficial; se excluye para evitar negocios con web moderna.,https://www.restaurantelatranquera.com/,,https://www.openstreetmap.org/way/435682726
Señor Limón,Peru,Lima,San Borja/Magdalena/Pueblo Libre,El registro público incluye un sitio web oficial; se excluye para evitar negocios con web moderna.,https://senorlimon.com/,,https://www.openstreetmap.org/way/435684439
La Gorda,Peru,Lima,San Borja/Magdalena/Pueblo Libre,Country quota already filled for campaign mix.,,,https://www.openstreetmap.org/way/435685818
Punto Marisko,Peru,Lima,San Borja/Magdalena/Pueblo Libre,El registro público incluye un sitio web oficial; se excluye para evitar negocios con web moderna.,https://www.puntomarisko.com/,,https://www.openstreetmap.org/way/435695415
Carnal Prime Steakhouse,Peru,Lima,San Borja/Magdalena/Pueblo Libre,El registro público incluye un sitio web oficial; se excluye para evitar negocios con web moderna.,https://www.carnalprime.com/,,https://www.openstreetmap.org/way/435710338
El Señorio de Sulco,Peru,Lima,San Borja/Magdalena/Pueblo Libre,El registro público incluye un sitio web oficial; se excluye para evitar negocios con web moderna.,https://www.senoriodesulco.com,,https://www.openstreetmap.org/way/435713846
Chifa Palacio,Peru,Lima,San Borja/Magdalena/Pueblo Libre,El registro público incluye un sitio web oficial; se excluye para evitar negocios con web moderna.,https://www.chifapalacio.com.pe/,,https://www.openstreetmap.org/way/435841451
Baco y Vaca,Peru,Lima,San Borja/Magdalena/Pueblo Libre,El registro público incluye un sitio web oficial; se excluye para evitar negocios con web moderna.,https://bacoyvaca.pe/,,https://www.openstreetmap.org/way/436257380
Chifa Haiya,Peru,Lima,San Borja/Magdalena/Pueblo Libre,Country quota already filled for campaign mix.,,,https://www.openstreetmap.org/way/436290273
Don Belisario,Peru,Lima,San Borja/Magdalena/Pueblo Libre,Country quota already filled for campaign mix.,,,https://www.openstreetmap.org/way/436304460
Familia Chicken House,Peru,Lima,San Borja/Magdalena/Pueblo Libre,Country quota already filled for campaign mix.,,,https://www.openstreetmap.org/way/436448706
ICPNA - San Miguel,Peru,Lima,San Borja/Magdalena/Pueblo Libre,El registro público incluye un sitio web oficial; se excluye para evitar negocios con web moderna.,https://www.icpna.edu.pe/,,https://www.openstreetmap.org/way/436454980
Clínica San Gabriel,Peru,Lima,San Borja/Magdalena/Pueblo Libre,El registro público incluye un sitio web oficial; se excluye para evitar negocios con web moderna.,http://www.clinicasangabriel.com.pe/,,https://www.openstreetmap.org/way/436457015
La Pagoda,Peru,Lima,San Borja/Magdalena/Pueblo Libre,Country quota already filled for campaign mix.,,,https://www.openstreetmap.org/way/436465809
Mis Costillas,Peru,Lima,San Borja/Magdalena/Pueblo Libre,El registro público incluye un sitio web oficial; se excluye para evitar negocios con web moderna.,http://www.miscostillitas.com/,,https://www.openstreetmap.org/way/436572143
El Sillar,Peru,Lima,San Borja/Magdalena/Pueblo Libre,El registro público incluye un sitio web oficial; se excluye para evitar negocios con web moderna.,http://www.restauranteelsillar.com/,,https://www.openstreetmap.org/way/436593037
Los Yutes,Peru,Lima,San Borja/Magdalena/Pueblo Libre,Country quota already filled for campaign mix.,,,https://www.openstreetmap.org/way/436609392
Chifa Hou Wha,Peru,Lima,San Borja/Magdalena/Pueblo Libre,El registro público incluye un sitio web oficial; se excluye para evitar negocios con web moderna.,https://chifahouwha.com.pe/,,https://www.openstreetmap.org/way/436738984
Las Delicias,Peru,Lima,San Borja/Magdalena/Pueblo Libre,El registro público incluye un sitio web oficial; se excluye para evitar negocios con web moderna.,http://www.juguerialasdelicias.com/,,https://www.openstreetmap.org/way/436743176
Mi Causa,Peru,Lima,San Borja/Magdalena/Pueblo Libre,Country quota already filled for campaign mix.,,,https://www.openstreetmap.org/way/436743177
Wasabi,Peru,Lima,San Borja/Magdalena/Pueblo Libre,El registro público incluye un sitio web oficial; se excluye para evitar negocios con web moderna.,https://www.wasabi.pe/,,https://www.openstreetmap.org/way/436746389
Centro Medico Municipal Santa Cruz,Peru,Lima,San Borja/Magdalena/Pueblo Libre,Country quota already filled for campaign mix.,,,https://www.openstreetmap.org/way/436746393
Centro Médico Las Palmeras,Peru,Lima,San Borja/Magdalena/Pueblo Libre,Country quota already filled for campaign mix.,,,https://www.openstreetmap.org/way/436781698
Corralito,Peru,Lima,San Borja/Magdalena/Pueblo Libre,Country quota already filled for campaign mix.,,,https://www.openstreetmap.org/way/436787781
La Casa de España,Peru,Lima,San Borja/Magdalena/Pueblo Libre,El registro público incluye un sitio web oficial; se excluye para evitar negocios con web moderna.,http://www.lacasadeespana.com,,https://www.openstreetmap.org/way/436788647
La Bodega de la Trattoria,Peru,Lima,San Borja/Magdalena/Pueblo Libre,El registro público incluye un sitio web oficial; se excluye para evitar negocios con web moderna.,https://labodegadelatrattoria.com/,,https://www.openstreetmap.org/way/436797581
Elit,Peru,Lima,San Borja/Magdalena/Pueblo Libre,El registro público incluye un sitio web oficial; se excluye para evitar negocios con web moderna.,http://www.elitodontologico.com,,https://www.openstreetmap.org/way/436905811
Chifa Dragon,Peru,Lima,San Borja/Magdalena/Pueblo Libre,Country quota already filled for campaign mix.,,,https://www.openstreetmap.org/way/436924639
La Concha Nostra,Peru,Lima,San Borja/Magdalena/Pueblo Libre,Country quota already filled for campaign mix.,,,https://www.openstreetmap.org/way/436924642
Asakusa Sushi Bar,Peru,Lima,San Borja/Magdalena/Pueblo Libre,Country quota already filled for campaign mix.,,,https://www.openstreetmap.org/way/437375626
Clínica SANNA San Borja,Peru,Lima,San Borja/Magdalena/Pueblo Libre,El registro público incluye un sitio web oficial; se excluye para evitar negocios con web moderna.,https://www.sanna.pe/clinicas/san-borja-lima/informacion-general/,,https://www.openstreetmap.org/way/437671128
Clínica Internacional,Peru,Lima,San Borja/Magdalena/Pueblo Libre,El registro público incluye un sitio web oficial; se excluye para evitar negocios con web moderna.,https://www.clinicainternacional.com.pe/sede/san-borja/,,https://www.openstreetmap.org/way/437671129
Kilimanjaro,Peru,Lima,San Borja/Magdalena/Pueblo Libre,El registro público incluye un sitio web oficial; se excluye para evitar negocios con web moderna.,https://kilimanjarorestaurant.com/,,https://www.openstreetmap.org/way/438428107
La Basílica 640,Peru,Lima,San Borja/Magdalena/Pueblo Libre,El registro público incluye un sitio web oficial; se excluye para evitar negocios con web moderna.,https://labasilica640.pe/,,https://www.openstreetmap.org/way/438428855
Futuro Visión,Peru,Lima,San Borja/Magdalena/Pueblo Libre,El registro público incluye un sitio web oficial; se excluye para evitar negocios con web moderna.,https://www.futurovision.com/,,https://www.openstreetmap.org/way/438468188
Pescados Capitales,Peru,Lima,San Borja/Magdalena/Pueblo Libre,El registro público incluye un sitio web oficial; se excluye para evitar negocios con web moderna.,https://www.pescadoscapitales.com/,,https://www.openstreetmap.org/way/438877774
Panchita,Peru,Lima,San Borja/Magdalena/Pueblo Libre,El registro público incluye un sitio web oficial; se excluye para evitar negocios con web moderna.,https://www.panchita.pe/,,https://www.openstreetmap.org/way/438884699
La Bodega de la Trattoria,Peru,Lima,San Borja/Magdalena/Pueblo Libre,El registro público incluye un sitio web oficial; se excluye para evitar negocios con web moderna.,https://labodegadelatrattoria.com/,,https://www.openstreetmap.org/way/438888991
东江餐馆自助餐,Peru,Lima,San Borja/Magdalena/Pueblo Libre,Country quota already filled for campaign mix.,,,https://www.openstreetmap.org/way/439054701
Las Tinajas,Peru,Lima,San Borja/Magdalena/Pueblo Libre,El registro público incluye un sitio web oficial; se excluye para evitar negocios con web moderna.,https://lastinajas.pe/,,https://www.openstreetmap.org/way/439235127
El Lomito,Peru,Lima,San Borja/Magdalena/Pueblo Libre,Country quota already filled for campaign mix.,,,https://www.openstreetmap.org/way/439755721
Clinica Santa Lucía,Peru,Lima,San Borja/Magdalena/Pueblo Libre,El registro público incluye un sitio web oficial; se excluye para evitar negocios con web moderna.,https://www.clinicasantalucia.com.pe/,,https://www.openstreetmap.org/way/465984932
Pizzeria La Romana,Peru,Lima,San Borja/Magdalena/Pueblo Libre,El registro público incluye un sitio web oficial; se excluye para evitar negocios con web moderna.,http://www.laromana.com.pe/laromana.htm,,https://www.openstreetmap.org/way/485613865
Clínica San Juan de Dios,Peru,Lima,San Borja/Magdalena/Pueblo Libre,El registro público incluye un sitio web oficial; se excluye para evitar negocios con web moderna.,http://clinicasanjuandedioslima.pe/,,https://www.openstreetmap.org/way/503587132
Clínica Continental,Peru,Lima,San Borja/Magdalena/Pueblo Libre,El registro público incluye un sitio web oficial; se excluye para evitar negocios con web moderna.,https://clinicacontinental.com,,https://www.openstreetmap.org/way/586436230
El Kapallaq,Peru,Lima,San Borja/Magdalena/Pueblo Libre,El registro público incluye un sitio web oficial; se excluye para evitar negocios con web moderna.,https://www.elkapallaq.pe/,,https://www.openstreetmap.org/way/617647925
Puputi Restobart,Peru,Lima,San Borja/Magdalena/Pueblo Libre,Country quota already filled for campaign mix.,,,https://www.openstreetmap.org/way/645030115
Centro de Atención Primaria III Surquillo,Peru,Lima,San Borja/Magdalena/Pueblo Libre,Country quota already filled for campaign mix.,,,https://www.openstreetmap.org/way/706744342
La Choza Náutica,Peru,Lima,San Borja/Magdalena/Pueblo Libre,Country quota already filled for campaign mix.,,,https://www.openstreetmap.org/way/721155563
La Choza Náutica,Peru,Lima,San Borja/Magdalena/Pueblo Libre,Country quota already filled for campaign mix.,,,https://www.openstreetmap.org/way/721155568
Centro de Salud Mirones,Peru,Lima,San Borja/Magdalena/Pueblo Libre,Country quota already filled for campaign mix.,,,https://www.openstreetmap.org/way/835384750
Centro de Salud San Sebastián,Peru,Lima,San Borja/Magdalena/Pueblo Libre,Country quota already filled for campaign mix.,,,https://www.openstreetmap.org/way/836187325
Restaurante Nodaji,Peru,Lima,San Borja/Magdalena/Pueblo Libre,El registro público incluye un sitio web oficial; se excluye para evitar negocios con web moderna.,https://www.perunodaji.com/,,https://www.openstreetmap.org/way/967694943
Dental 505 S.A.C.,Peru,Lima,San Borja/Magdalena/Pueblo Libre,Country quota already filled for campaign mix.,,,https://www.openstreetmap.org/way/968534394
Corralito,Peru,Lima,San Borja/Magdalena/Pueblo Libre,Country quota already filled for campaign mix.,,,https://www.openstreetmap.org/way/1316556554
Clínica Anglo Americana,Peru,Lima,San Borja/Magdalena/Pueblo Libre,El registro público incluye un sitio web oficial; se excluye para evitar negocios con web moderna.,https://clinicaangloamericana.pe/,,https://www.openstreetmap.org/way/1333389497
Chifa Win Wai,Peru,Lima,San Borja/Magdalena/Pueblo Libre,Country quota already filled for campaign mix.,,,https://www.openstreetmap.org/way/1464862911
