priority,score,business_name,niche,country,city,zone,rating,reviews_count,website_status,website_url,google_maps_url,source_url,phone,normalized_phone,phone_status,instagram,email,contact_person,problem_detected,verification_notes,homepage_url,first_message,last_checked
A,15,CADEVI,Clínica estética,Mexico,Ciudad de México,Lomas/Bosques/Polanco/Nápoles/San Ángel/Pedregal,,,No website found,,https://www.google.com/maps/search/?api=1&query=CADEVI%20Ciudad%20de%20M%C3%A9xico%20Mexico,https://www.openstreetmap.org/node/9736055330,+52 55 4069 2133,525540692133,valid_format_only,,,No público,El registro público de OpenStreetMap no incluye sitio web oficial.,El registro público de OpenStreetMap no incluye sitio web oficial. Fuente: OpenStreetMap. Rating/reseñas no disponibles en esta fuente.,https://nexo-local-studio-public.vercel.app,"Hola, buen día.

Somos Nexo Local Studio. Hacemos páginas web profesionales para negocios que quieren mostrar servicios, ubicación y contacto de forma clara desde el celular.

También podemos integrar un asistente con IA que responde preguntas frecuentes y guía al cliente hacia WhatsApp.

Pueden ver nuestra página aquí:
https://nexo-local-studio-public.vercel.app

Tenemos precios de lanzamiento desde $2,500 MXN. Si les interesa, podemos enviarles una propuesta breve.

Si prefieren no recibir más mensajes, respondan “baja”.",2026-07-17
A,15,Maternidad Santisima Trinidad,Clínica estética,Mexico,Ciudad de México,Lomas/Bosques/Polanco/Nápoles/San Ángel/Pedregal,,,No website found,,https://www.google.com/maps/search/?api=1&query=Maternidad%20Santisima%20Trinidad%20Ciudad%20de%20M%C3%A9xico%20Mexico,https://www.openstreetmap.org/node/12519382118,+52 55 5301 8930,525553018930,valid_format_only,,,No público,El registro público de OpenStreetMap no incluye sitio web oficial.,El registro público de OpenStreetMap no incluye sitio web oficial. Fuente: OpenStreetMap. Rating/reseñas no disponibles en esta fuente.,https://nexo-local-studio-public.vercel.app,"Hola, buen día.

Somos Nexo Local Studio. Hacemos páginas web profesionales para negocios que quieren mostrar servicios, ubicación y contacto de forma clara desde el celular.

También podemos integrar un asistente con IA que responde preguntas frecuentes y guía al cliente hacia WhatsApp.

Pueden ver nuestra página aquí:
https://nexo-local-studio-public.vercel.app

Tenemos precios de lanzamiento desde $2,500 MXN. Si les interesa, podemos enviarles una propuesta breve.

Si prefieren no recibir más mensajes, respondan “baja”.",2026-07-17
A,15,Clinica San Martin De Porres,Clínica estética,Mexico,Ciudad de México,Lomas/Bosques/Polanco/Nápoles/San Ángel/Pedregal,,,No website found,,https://www.google.com/maps/search/?api=1&query=Clinica%20San%20Martin%20De%20Porres%20Ciudad%20de%20M%C3%A9xico%20Mexico,https://www.openstreetmap.org/node/12523337894,+52 55 3269 7565,525532697565,valid_format_only,,,No público,El registro público de OpenStreetMap no incluye sitio web oficial.,El registro público de OpenStreetMap no incluye sitio web oficial. Fuente: OpenStreetMap. Rating/reseñas no disponibles en esta fuente.,https://nexo-local-studio-public.vercel.app,"Hola, buen día.

Somos Nexo Local Studio. Hacemos páginas web profesionales para negocios que quieren mostrar servicios, ubicación y contacto de forma clara desde el celular.

También podemos integrar un asistente con IA que responde preguntas frecuentes y guía al cliente hacia WhatsApp.

Pueden ver nuestra página aquí:
https://nexo-local-studio-public.vercel.app

Tenemos precios de lanzamiento desde $2,500 MXN. Si les interesa, podemos enviarles una propuesta breve.

Si prefieren no recibir más mensajes, respondan “baja”.",2026-07-17
A,15,Consultorio dental estética,Dental,Mexico,Ciudad de México,Lomas/Bosques/Polanco/Nápoles/San Ángel/Pedregal,,,No website found,,https://www.google.com/maps/search/?api=1&query=Consultorio%20dental%20est%C3%A9tica%20Ciudad%20de%20M%C3%A9xico%20Mexico,https://www.openstreetmap.org/node/12525411271,+52 55 2641 6589,525526416589,valid_format_only,,,No público,El registro público de OpenStreetMap no incluye sitio web oficial.,El registro público de OpenStreetMap no incluye sitio web oficial. Fuente: OpenStreetMap. Rating/reseñas no disponibles en esta fuente.,https://nexo-local-studio-public.vercel.app,"Hola, buen día.

Somos Nexo Local Studio. Hacemos páginas web profesionales para negocios que quieren mostrar servicios, ubicación y contacto de forma clara desde el celular.

También podemos integrar un asistente con IA que responde preguntas frecuentes y guía al cliente hacia WhatsApp.

Pueden ver nuestra página aquí:
https://nexo-local-studio-public.vercel.app

Tenemos precios de lanzamiento desde $2,500 MXN. Si les interesa, podemos enviarles una propuesta breve.

Si prefieren no recibir más mensajes, respondan “baja”.",2026-07-17
A,15,Consultorio Dental Armenta,Dental,Mexico,Ciudad de México,Lomas/Bosques/Polanco/Nápoles/San Ángel/Pedregal,,,No website found,,https://www.google.com/maps/search/?api=1&query=Consultorio%20Dental%20Armenta%20Ciudad%20de%20M%C3%A9xico%20Mexico,https://www.openstreetmap.org/node/12526741736,+52 55 2657 8032,525526578032,valid_format_only,,,No público,El registro público de OpenStreetMap no incluye sitio web oficial.,El registro público de OpenStreetMap no incluye sitio web oficial. Fuente: OpenStreetMap. Rating/reseñas no disponibles en esta fuente.,https://nexo-local-studio-public.vercel.app,"Hola, buen día.

Somos Nexo Local Studio. Hacemos páginas web profesionales para negocios que quieren mostrar servicios, ubicación y contacto de forma clara desde el celular.

También podemos integrar un asistente con IA que responde preguntas frecuentes y guía al cliente hacia WhatsApp.

Pueden ver nuestra página aquí:
https://nexo-local-studio-public.vercel.app

Tenemos precios de lanzamiento desde $2,500 MXN. Si les interesa, podemos enviarles una propuesta breve.

Si prefieren no recibir más mensajes, respondan “baja”.",2026-07-17
A,15,Campos,Dental,Mexico,Ciudad de México,Lomas/Bosques/Polanco/Nápoles/San Ángel/Pedregal,,,No website found,,https://www.google.com/maps/search/?api=1&query=Campos%20Ciudad%20de%20M%C3%A9xico%20Mexico,https://www.openstreetmap.org/node/12528356157,+52 55 5530 7843,525555307843,valid_format_only,,,No público,El registro público de OpenStreetMap no incluye sitio web oficial.,El registro público de OpenStreetMap no incluye sitio web oficial. Fuente: OpenStreetMap. Rating/reseñas no disponibles en esta fuente.,https://nexo-local-studio-public.vercel.app,"Hola, buen día.

Somos Nexo Local Studio. Hacemos páginas web profesionales para negocios que quieren mostrar servicios, ubicación y contacto de forma clara desde el celular.

También podemos integrar un asistente con IA que responde preguntas frecuentes y guía al cliente hacia WhatsApp.

Pueden ver nuestra página aquí:
https://nexo-local-studio-public.vercel.app

Tenemos precios de lanzamiento desde $2,500 MXN. Si les interesa, podemos enviarles una propuesta breve.

Si prefieren no recibir más mensajes, respondan “baja”.",2026-07-17
A,15,Consultorio Medico El Divino Redentor,Clínica estética,Mexico,Ciudad de México,Lomas/Bosques/Polanco/Nápoles/San Ángel/Pedregal,,,No website found,,https://www.google.com/maps/search/?api=1&query=Consultorio%20Medico%20El%20Divino%20Redentor%20Ciudad%20de%20M%C3%A9xico%20Mexico,https://www.openstreetmap.org/node/12536918221,+52 55 5300 3102,525553003102,valid_format_only,,,No público,El registro público de OpenStreetMap no incluye sitio web oficial.,El registro público de OpenStreetMap no incluye sitio web oficial. Fuente: OpenStreetMap. Rating/reseñas no disponibles en esta fuente.,https://nexo-local-studio-public.vercel.app,"Hola, buen día.

Somos Nexo Local Studio. Hacemos páginas web profesionales para negocios que quieren mostrar servicios, ubicación y contacto de forma clara desde el celular.

También podemos integrar un asistente con IA que responde preguntas frecuentes y guía al cliente hacia WhatsApp.

Pueden ver nuestra página aquí:
https://nexo-local-studio-public.vercel.app

Tenemos precios de lanzamiento desde $2,500 MXN. Si les interesa, podemos enviarles una propuesta breve.

Si prefieren no recibir más mensajes, respondan “baja”.",2026-07-17
A,15,Clinica Milenium,Clínica estética,Mexico,Ciudad de México,Lomas/Bosques/Polanco/Nápoles/San Ángel/Pedregal,,,No website found,,https://www.google.com/maps/search/?api=1&query=Clinica%20Milenium%20Ciudad%20de%20M%C3%A9xico%20Mexico,https://www.openstreetmap.org/node/12540698469,+52 55 5304 2495,525553042495,valid_format_only,,,No público,El registro público de OpenStreetMap no incluye sitio web oficial.,El registro público de OpenStreetMap no incluye sitio web oficial. Fuente: OpenStreetMap. Rating/reseñas no disponibles en esta fuente.,https://nexo-local-studio-public.vercel.app,"Hola, buen día.

Somos Nexo Local Studio. Hacemos páginas web profesionales para negocios que quieren mostrar servicios, ubicación y contacto de forma clara desde el celular.

También podemos integrar un asistente con IA que responde preguntas frecuentes y guía al cliente hacia WhatsApp.

Pueden ver nuestra página aquí:
https://nexo-local-studio-public.vercel.app

Tenemos precios de lanzamiento desde $2,500 MXN. Si les interesa, podemos enviarles una propuesta breve.

Si prefieren no recibir más mensajes, respondan “baja”.",2026-07-17
A,15,Consultorio dental Nami,Dental,Mexico,Ciudad de México,Lomas/Bosques/Polanco/Nápoles/San Ángel/Pedregal,,,No website found,,https://www.google.com/maps/search/?api=1&query=Consultorio%20dental%20Nami%20Ciudad%20de%20M%C3%A9xico%20Mexico,https://www.openstreetmap.org/node/12544857678,+52 55 3552 1501,525535521501,valid_format_only,,,No público,El registro público de OpenStreetMap no incluye sitio web oficial.,El registro público de OpenStreetMap no incluye sitio web oficial. Fuente: OpenStreetMap. Rating/reseñas no disponibles en esta fuente.,https://nexo-local-studio-public.vercel.app,"Hola, buen día.

Somos Nexo Local Studio. Hacemos páginas web profesionales para negocios que quieren mostrar servicios, ubicación y contacto de forma clara desde el celular.

También podemos integrar un asistente con IA que responde preguntas frecuentes y guía al cliente hacia WhatsApp.

Pueden ver nuestra página aquí:
https://nexo-local-studio-public.vercel.app

Tenemos precios de lanzamiento desde $2,500 MXN. Si les interesa, podemos enviarles una propuesta breve.

Si prefieren no recibir más mensajes, respondan “baja”.",2026-07-17
A,15,Clinica de unidad médica integral,Clínica estética,Mexico,Ciudad de México,Lomas/Bosques/Polanco/Nápoles/San Ángel/Pedregal,,,No website found,,https://www.google.com/maps/search/?api=1&query=Clinica%20de%20unidad%20m%C3%A9dica%20integral%20Ciudad%20de%20M%C3%A9xico%20Mexico,https://www.openstreetmap.org/node/12545705220,+52 55 5304 1280,525553041280,valid_format_only,,,No público,El registro público de OpenStreetMap no incluye sitio web oficial.,El registro público de OpenStreetMap no incluye sitio web oficial. Fuente: OpenStreetMap. Rating/reseñas no disponibles en esta fuente.,https://nexo-local-studio-public.vercel.app,"Hola, buen día.

Somos Nexo Local Studio. Hacemos páginas web profesionales para negocios que quieren mostrar servicios, ubicación y contacto de forma clara desde el celular.

También podemos integrar un asistente con IA que responde preguntas frecuentes y guía al cliente hacia WhatsApp.

Pueden ver nuestra página aquí:
https://nexo-local-studio-public.vercel.app

Tenemos precios de lanzamiento desde $2,500 MXN. Si les interesa, podemos enviarles una propuesta breve.

Si prefieren no recibir más mensajes, respondan “baja”.",2026-07-17
A,15,Consultorio Medico Homeopatico,Clínica estética,Mexico,Ciudad de México,Lomas/Bosques/Polanco/Nápoles/San Ángel/Pedregal,,,No website found,,https://www.google.com/maps/search/?api=1&query=Consultorio%20Medico%20Homeopatico%20Ciudad%20de%20M%C3%A9xico%20Mexico,https://www.openstreetmap.org/node/12554561510,+52 55 3202 6600,525532026600,valid_format_only,,,No público,El registro público de OpenStreetMap no incluye sitio web oficial.,El registro público de OpenStreetMap no incluye sitio web oficial. Fuente: OpenStreetMap. Rating/reseñas no disponibles en esta fuente.,https://nexo-local-studio-public.vercel.app,"Hola, buen día.

Somos Nexo Local Studio. Hacemos páginas web profesionales para negocios que quieren mostrar servicios, ubicación y contacto de forma clara desde el celular.

También podemos integrar un asistente con IA que responde preguntas frecuentes y guía al cliente hacia WhatsApp.

Pueden ver nuestra página aquí:
https://nexo-local-studio-public.vercel.app

Tenemos precios de lanzamiento desde $2,500 MXN. Si les interesa, podemos enviarles una propuesta breve.

Si prefieren no recibir más mensajes, respondan “baja”.",2026-07-17
A,15,Botiquín Médico Parroquia De Nuestra Señora De Guadalupe,Clínica estética,Mexico,Ciudad de México,Lomas/Bosques/Polanco/Nápoles/San Ángel/Pedregal,,,No website found,,https://www.google.com/maps/search/?api=1&query=Botiqu%C3%ADn%20M%C3%A9dico%20Parroquia%20De%20Nuestra%20Se%C3%B1ora%20De%20Guadalupe%20Ciudad%20de%20M%C3%A9xico%20Mexico,https://www.openstreetmap.org/node/12554693974,+52 55 5295 0199,525552950199,valid_format_only,,,No público,El registro público de OpenStreetMap no incluye sitio web oficial.,El registro público de OpenStreetMap no incluye sitio web oficial. Fuente: OpenStreetMap. Rating/reseñas no disponibles en esta fuente.,https://nexo-local-studio-public.vercel.app,"Hola, buen día.

Somos Nexo Local Studio. Hacemos páginas web profesionales para negocios que quieren mostrar servicios, ubicación y contacto de forma clara desde el celular.

También podemos integrar un asistente con IA que responde preguntas frecuentes y guía al cliente hacia WhatsApp.

Pueden ver nuestra página aquí:
https://nexo-local-studio-public.vercel.app

Tenemos precios de lanzamiento desde $2,500 MXN. Si les interesa, podemos enviarles una propuesta breve.

Si prefieren no recibir más mensajes, respondan “baja”.",2026-07-17
A,15,Consultorio Dental Salud Dental,Dental,Mexico,Ciudad de México,Lomas/Bosques/Polanco/Nápoles/San Ángel/Pedregal,,,No website found,,https://www.google.com/maps/search/?api=1&query=Consultorio%20Dental%20Salud%20Dental%20Ciudad%20de%20M%C3%A9xico%20Mexico,https://www.openstreetmap.org/node/12572852950,+52 55 7113 7640,525571137640,valid_format_only,,,No público,El registro público de OpenStreetMap no incluye sitio web oficial.,El registro público de OpenStreetMap no incluye sitio web oficial. Fuente: OpenStreetMap. Rating/reseñas no disponibles en esta fuente.,https://nexo-local-studio-public.vercel.app,"Hola, buen día.

Somos Nexo Local Studio. Hacemos páginas web profesionales para negocios que quieren mostrar servicios, ubicación y contacto de forma clara desde el celular.

También podemos integrar un asistente con IA que responde preguntas frecuentes y guía al cliente hacia WhatsApp.

Pueden ver nuestra página aquí:
https://nexo-local-studio-public.vercel.app

Tenemos precios de lanzamiento desde $2,500 MXN. Si les interesa, podemos enviarles una propuesta breve.

Si prefieren no recibir más mensajes, respondan “baja”.",2026-07-17
A,15,Consultorio Dental La Loma,Dental,Mexico,Ciudad de México,Lomas/Bosques/Polanco/Nápoles/San Ángel/Pedregal,,,No website found,,https://www.google.com/maps/search/?api=1&query=Consultorio%20Dental%20La%20Loma%20Ciudad%20de%20M%C3%A9xico%20Mexico,https://www.openstreetmap.org/node/12574232407,+52 55 2300 5216,525523005216,valid_format_only,,,No público,El registro público de OpenStreetMap no incluye sitio web oficial.,El registro público de OpenStreetMap no incluye sitio web oficial. Fuente: OpenStreetMap. Rating/reseñas no disponibles en esta fuente.,https://nexo-local-studio-public.vercel.app,"Hola, buen día.

Somos Nexo Local Studio. Hacemos páginas web profesionales para negocios que quieren mostrar servicios, ubicación y contacto de forma clara desde el celular.

También podemos integrar un asistente con IA que responde preguntas frecuentes y guía al cliente hacia WhatsApp.

Pueden ver nuestra página aquí:
https://nexo-local-studio-public.vercel.app

Tenemos precios de lanzamiento desde $2,500 MXN. Si les interesa, podemos enviarles una propuesta breve.

Si prefieren no recibir más mensajes, respondan “baja”.",2026-07-17
A,15,Consultorio Medico Country,Clínica estética,Mexico,Ciudad de México,Lomas/Bosques/Polanco/Nápoles/San Ángel/Pedregal,,,No website found,,https://www.google.com/maps/search/?api=1&query=Consultorio%20Medico%20Country%20Ciudad%20de%20M%C3%A9xico%20Mexico,https://www.openstreetmap.org/node/12574511580,+52 55 5454 7182,525554547182,valid_format_only,,,No público,El registro público de OpenStreetMap no incluye sitio web oficial.,El registro público de OpenStreetMap no incluye sitio web oficial. Fuente: OpenStreetMap. Rating/reseñas no disponibles en esta fuente.,https://nexo-local-studio-public.vercel.app,"Hola, buen día.

Somos Nexo Local Studio. Hacemos páginas web profesionales para negocios que quieren mostrar servicios, ubicación y contacto de forma clara desde el celular.

También podemos integrar un asistente con IA que responde preguntas frecuentes y guía al cliente hacia WhatsApp.

Pueden ver nuestra página aquí:
https://nexo-local-studio-public.vercel.app

Tenemos precios de lanzamiento desde $2,500 MXN. Si les interesa, podemos enviarles una propuesta breve.

Si prefieren no recibir más mensajes, respondan “baja”.",2026-07-17
A,15,Consultorio Dental Juarez,Dental,Mexico,Ciudad de México,Lomas/Bosques/Polanco/Nápoles/San Ángel/Pedregal,,,No website found,,https://www.google.com/maps/search/?api=1&query=Consultorio%20Dental%20Juarez%20Ciudad%20de%20M%C3%A9xico%20Mexico,https://www.openstreetmap.org/node/12590393163,+52 55 5312 0846,525553120846,valid_format_only,,,No público,El registro público de OpenStreetMap no incluye sitio web oficial.,El registro público de OpenStreetMap no incluye sitio web oficial. Fuente: OpenStreetMap. Rating/reseñas no disponibles en esta fuente.,https://nexo-local-studio-public.vercel.app,"Hola, buen día.

Somos Nexo Local Studio. Hacemos páginas web profesionales para negocios que quieren mostrar servicios, ubicación y contacto de forma clara desde el celular.

También podemos integrar un asistente con IA que responde preguntas frecuentes y guía al cliente hacia WhatsApp.

Pueden ver nuestra página aquí:
https://nexo-local-studio-public.vercel.app

Tenemos precios de lanzamiento desde $2,500 MXN. Si les interesa, podemos enviarles una propuesta breve.

Si prefieren no recibir más mensajes, respondan “baja”.",2026-07-17
A,14,Óptica Aris Visión,Óptica/Oftalmología premium,Mexico,Ciudad de México,Lomas/Bosques/Polanco/Nápoles/San Ángel/Pedregal,,,No website found,,https://www.google.com/maps/search/?api=1&query=%C3%93ptica%20Aris%20Visi%C3%B3n%20Ciudad%20de%20M%C3%A9xico%20Mexico,https://www.openstreetmap.org/node/12590408597,+52 55 5304 4557,525553044557,valid_format_only,,,No público,El registro público de OpenStreetMap no incluye sitio web oficial.,El registro público de OpenStreetMap no incluye sitio web oficial. Fuente: OpenStreetMap. Rating/reseñas no disponibles en esta fuente.,https://nexo-local-studio-public.vercel.app,"Hola, buen día.

Somos Nexo Local Studio. Hacemos páginas web profesionales para negocios que quieren mostrar servicios, ubicación y contacto de forma clara desde el celular.

También podemos integrar un asistente con IA que responde preguntas frecuentes y guía al cliente hacia WhatsApp.

Pueden ver nuestra página aquí:
https://nexo-local-studio-public.vercel.app

Tenemos precios de lanzamiento desde $2,500 MXN. Si les interesa, podemos enviarles una propuesta breve.

Si prefieren no recibir más mensajes, respondan “baja”.",2026-07-17
B,12,Taquería El Pastorcito Suzo,Restaurante boutique,Mexico,Ciudad de México,Lomas/Bosques/Polanco/Nápoles/San Ángel/Pedregal,,,No website found,,https://www.google.com/maps/search/?api=1&query=Taquer%C3%ADa%20El%20Pastorcito%20Suzo%20Ciudad%20de%20M%C3%A9xico%20Mexico,https://www.openstreetmap.org/node/13956256646,+52 55 5516 6955,525555166955,valid_format_only,,,No público,El registro público de OpenStreetMap no incluye sitio web oficial.,El registro público de OpenStreetMap no incluye sitio web oficial. Fuente: OpenStreetMap. Rating/reseñas no disponibles en esta fuente.,https://nexo-local-studio-public.vercel.app,"Hola, buen día.

Somos Nexo Local Studio. Hacemos páginas web profesionales para negocios que quieren mostrar servicios, ubicación y contacto de forma clara desde el celular.

También podemos integrar un asistente con IA que responde preguntas frecuentes y guía al cliente hacia WhatsApp.

Pueden ver nuestra página aquí:
https://nexo-local-studio-public.vercel.app

Tenemos precios de lanzamiento desde $2,500 MXN. Si les interesa, podemos enviarles una propuesta breve.

Si prefieren no recibir más mensajes, respondan “baja”.",2026-07-17
B,12,El Habanerito,Restaurante boutique,Mexico,Ciudad de México,Lomas/Bosques/Polanco/Nápoles/San Ángel/Pedregal,,,No website found,,https://www.google.com/maps/search/?api=1&query=El%20Habanerito%20Ciudad%20de%20M%C3%A9xico%20Mexico,https://www.openstreetmap.org/node/13994166401,+52 55 7314 5653,525573145653,valid_format_only,,,No público,El registro público de OpenStreetMap no incluye sitio web oficial.,El registro público de OpenStreetMap no incluye sitio web oficial. Fuente: OpenStreetMap. Rating/reseñas no disponibles en esta fuente.,https://nexo-local-studio-public.vercel.app,"Hola, buen día.

Somos Nexo Local Studio. Hacemos páginas web profesionales para negocios que quieren mostrar servicios, ubicación y contacto de forma clara desde el celular.

También podemos integrar un asistente con IA que responde preguntas frecuentes y guía al cliente hacia WhatsApp.

Pueden ver nuestra página aquí:
https://nexo-local-studio-public.vercel.app

Tenemos precios de lanzamiento desde $2,500 MXN. Si les interesa, podemos enviarles una propuesta breve.

Si prefieren no recibir más mensajes, respondan “baja”.",2026-07-17
B,12,Optica Mili,Óptica/Oftalmología premium,Mexico,Huixquilucan,Interlomas/Zona Esmeralda,,,No website found,,https://www.google.com/maps/search/?api=1&query=Optica%20Mili%20Huixquilucan%20Mexico,https://www.openstreetmap.org/node/12508484179,+52 55 1845 0207,525518450207,valid_format_only,,,No público,El registro público de OpenStreetMap no incluye sitio web oficial.,El registro público de OpenStreetMap no incluye sitio web oficial. Fuente: OpenStreetMap. Rating/reseñas no disponibles en esta fuente.,https://nexo-local-studio-public.vercel.app,"Hola, buen día.

Somos Nexo Local Studio. Hacemos páginas web profesionales para negocios que quieren mostrar servicios, ubicación y contacto de forma clara desde el celular.

También podemos integrar un asistente con IA que responde preguntas frecuentes y guía al cliente hacia WhatsApp.

Pueden ver nuestra página aquí:
https://nexo-local-studio-public.vercel.app

Tenemos precios de lanzamiento desde $2,500 MXN. Si les interesa, podemos enviarles una propuesta breve.

Si prefieren no recibir más mensajes, respondan “baja”.",2026-07-17
B,12,Optica Creacion Visual,Óptica/Oftalmología premium,Mexico,Huixquilucan,Interlomas/Zona Esmeralda,,,No website found,,https://www.google.com/maps/search/?api=1&query=Optica%20Creacion%20Visual%20Huixquilucan%20Mexico,https://www.openstreetmap.org/node/12518872576,+52 55 5302 6968,525553026968,valid_format_only,,,No público,El registro público de OpenStreetMap no incluye sitio web oficial.,El registro público de OpenStreetMap no incluye sitio web oficial. Fuente: OpenStreetMap. Rating/reseñas no disponibles en esta fuente.,https://nexo-local-studio-public.vercel.app,"Hola, buen día.

Somos Nexo Local Studio. Hacemos páginas web profesionales para negocios que quieren mostrar servicios, ubicación y contacto de forma clara desde el celular.

También podemos integrar un asistente con IA que responde preguntas frecuentes y guía al cliente hacia WhatsApp.

Pueden ver nuestra página aquí:
https://nexo-local-studio-public.vercel.app

Tenemos precios de lanzamiento desde $2,500 MXN. Si les interesa, podemos enviarles una propuesta breve.

Si prefieren no recibir más mensajes, respondan “baja”.",2026-07-17
B,13,Dental Familiar Angeles,Dental,Mexico,Huixquilucan,Interlomas/Zona Esmeralda,,,No website found,,https://www.google.com/maps/search/?api=1&query=Dental%20Familiar%20Angeles%20Huixquilucan%20Mexico,https://www.openstreetmap.org/node/12542972968,+52 55 1476 7073,525514767073,valid_format_only,,,No público,El registro público de OpenStreetMap no incluye sitio web oficial.,El registro público de OpenStreetMap no incluye sitio web oficial. Fuente: OpenStreetMap. Rating/reseñas no disponibles en esta fuente.,https://nexo-local-studio-public.vercel.app,"Hola, buen día.

Somos Nexo Local Studio. Hacemos páginas web profesionales para negocios que quieren mostrar servicios, ubicación y contacto de forma clara desde el celular.

También podemos integrar un asistente con IA que responde preguntas frecuentes y guía al cliente hacia WhatsApp.

Pueden ver nuestra página aquí:
https://nexo-local-studio-public.vercel.app

Tenemos precios de lanzamiento desde $2,500 MXN. Si les interesa, podemos enviarles una propuesta breve.

Si prefieren no recibir más mensajes, respondan “baja”.",2026-07-17
B,13,Consultorio Dental Smle Dental,Dental,Mexico,Huixquilucan,Interlomas/Zona Esmeralda,,,No website found,,https://www.google.com/maps/search/?api=1&query=Consultorio%20Dental%20Smle%20Dental%20Huixquilucan%20Mexico,https://www.openstreetmap.org/node/12550183807,+52 55 3491 9881,525534919881,valid_format_only,,,No público,El registro público de OpenStreetMap no incluye sitio web oficial.,El registro público de OpenStreetMap no incluye sitio web oficial. Fuente: OpenStreetMap. Rating/reseñas no disponibles en esta fuente.,https://nexo-local-studio-public.vercel.app,"Hola, buen día.

Somos Nexo Local Studio. Hacemos páginas web profesionales para negocios que quieren mostrar servicios, ubicación y contacto de forma clara desde el celular.

También podemos integrar un asistente con IA que responde preguntas frecuentes y guía al cliente hacia WhatsApp.

Pueden ver nuestra página aquí:
https://nexo-local-studio-public.vercel.app

Tenemos precios de lanzamiento desde $2,500 MXN. Si les interesa, podemos enviarles una propuesta breve.

Si prefieren no recibir más mensajes, respondan “baja”.",2026-07-17
B,13,Clinica De Maternidad,Clínica estética,Mexico,Huixquilucan,Interlomas/Zona Esmeralda,,,No website found,,https://www.google.com/maps/search/?api=1&query=Clinica%20De%20Maternidad%20Huixquilucan%20Mexico,https://www.openstreetmap.org/node/12551383521,+52 55 3599 0018,525535990018,valid_format_only,,,No público,El registro público de OpenStreetMap no incluye sitio web oficial.,El registro público de OpenStreetMap no incluye sitio web oficial. Fuente: OpenStreetMap. Rating/reseñas no disponibles en esta fuente.,https://nexo-local-studio-public.vercel.app,"Hola, buen día.

Somos Nexo Local Studio. Hacemos páginas web profesionales para negocios que quieren mostrar servicios, ubicación y contacto de forma clara desde el celular.

También podemos integrar un asistente con IA que responde preguntas frecuentes y guía al cliente hacia WhatsApp.

Pueden ver nuestra página aquí:
https://nexo-local-studio-public.vercel.app

Tenemos precios de lanzamiento desde $2,500 MXN. Si les interesa, podemos enviarles una propuesta breve.

Si prefieren no recibir más mensajes, respondan “baja”.",2026-07-17
B,13,Centro Terapeutico,Clínica estética,Mexico,Huixquilucan,Interlomas/Zona Esmeralda,,,No website found,,https://www.google.com/maps/search/?api=1&query=Centro%20Terapeutico%20Huixquilucan%20Mexico,https://www.openstreetmap.org/node/12564711647,+52 55 4997 7867,525549977867,valid_format_only,,,No público,El registro público de OpenStreetMap no incluye sitio web oficial.,El registro público de OpenStreetMap no incluye sitio web oficial. Fuente: OpenStreetMap. Rating/reseñas no disponibles en esta fuente.,https://nexo-local-studio-public.vercel.app,"Hola, buen día.

Somos Nexo Local Studio. Hacemos páginas web profesionales para negocios que quieren mostrar servicios, ubicación y contacto de forma clara desde el celular.

También podemos integrar un asistente con IA que responde preguntas frecuentes y guía al cliente hacia WhatsApp.

Pueden ver nuestra página aquí:
https://nexo-local-studio-public.vercel.app

Tenemos precios de lanzamiento desde $2,500 MXN. Si les interesa, podemos enviarles una propuesta breve.

Si prefieren no recibir más mensajes, respondan “baja”.",2026-07-17
B,12,Veterinario,Veterinaria,Mexico,Huixquilucan,Interlomas/Zona Esmeralda,,,No website found,,https://www.google.com/maps/search/?api=1&query=Veterinario%20Huixquilucan%20Mexico,https://www.openstreetmap.org/node/12574310795,+52 55 5302 7225,525553027225,valid_format_only,,,No público,El registro público de OpenStreetMap no incluye sitio web oficial.,El registro público de OpenStreetMap no incluye sitio web oficial. Fuente: OpenStreetMap. Rating/reseñas no disponibles en esta fuente.,https://nexo-local-studio-public.vercel.app,"Hola, buen día.

Somos Nexo Local Studio. Hacemos páginas web profesionales para negocios que quieren mostrar servicios, ubicación y contacto de forma clara desde el celular.

También podemos integrar un asistente con IA que responde preguntas frecuentes y guía al cliente hacia WhatsApp.

Pueden ver nuestra página aquí:
https://nexo-local-studio-public.vercel.app

Tenemos precios de lanzamiento desde $2,500 MXN. Si les interesa, podemos enviarles una propuesta breve.

Si prefieren no recibir más mensajes, respondan “baja”.",2026-07-17
B,13,Consultorio Dif,Clínica estética,Mexico,Huixquilucan,Interlomas/Zona Esmeralda,,,No website found,,https://www.google.com/maps/search/?api=1&query=Consultorio%20Dif%20Huixquilucan%20Mexico,https://www.openstreetmap.org/node/12594408217,+52 55 2878 4133,525528784133,valid_format_only,,,No público,El registro público de OpenStreetMap no incluye sitio web oficial.,El registro público de OpenStreetMap no incluye sitio web oficial. Fuente: OpenStreetMap. Rating/reseñas no disponibles en esta fuente.,https://nexo-local-studio-public.vercel.app,"Hola, buen día.

Somos Nexo Local Studio. Hacemos páginas web profesionales para negocios que quieren mostrar servicios, ubicación y contacto de forma clara desde el celular.

También podemos integrar un asistente con IA que responde preguntas frecuentes y guía al cliente hacia WhatsApp.

Pueden ver nuestra página aquí:
https://nexo-local-studio-public.vercel.app

Tenemos precios de lanzamiento desde $2,500 MXN. Si les interesa, podemos enviarles una propuesta breve.

Si prefieren no recibir más mensajes, respondan “baja”.",2026-07-17
B,13,Centro Podológico Zavapieds,Clínica estética,Mexico,Huixquilucan,Interlomas/Zona Esmeralda,,,No website found,,https://www.google.com/maps/search/?api=1&query=Centro%20Podol%C3%B3gico%20Zavapieds%20Huixquilucan%20Mexico,https://www.openstreetmap.org/node/12596194214,+52 55 2618 2636,525526182636,valid_format_only,,,No público,El registro público de OpenStreetMap no incluye sitio web oficial.,El registro público de OpenStreetMap no incluye sitio web oficial. Fuente: OpenStreetMap. Rating/reseñas no disponibles en esta fuente.,https://nexo-local-studio-public.vercel.app,"Hola, buen día.

Somos Nexo Local Studio. Hacemos páginas web profesionales para negocios que quieren mostrar servicios, ubicación y contacto de forma clara desde el celular.

También podemos integrar un asistente con IA que responde preguntas frecuentes y guía al cliente hacia WhatsApp.

Pueden ver nuestra página aquí:
https://nexo-local-studio-public.vercel.app

Tenemos precios de lanzamiento desde $2,500 MXN. Si les interesa, podemos enviarles una propuesta breve.

Si prefieren no recibir más mensajes, respondan “baja”.",2026-07-17
B,12,Vegan Munch,Restaurante boutique,Mexico,San Pedro Garza García,San Pedro/Valle Oriente/Centrito,,,No website found,,https://www.google.com/maps/search/?api=1&query=Vegan%20Munch%20San%20Pedro%20Garza%20Garc%C3%ADa%20Mexico,https://www.openstreetmap.org/node/5258470816,+52 81 3715 7357,528137157357,valid_format_only,,,No público,El registro público de OpenStreetMap no incluye sitio web oficial.,El registro público de OpenStreetMap no incluye sitio web oficial. Fuente: OpenStreetMap. Rating/reseñas no disponibles en esta fuente.,https://nexo-local-studio-public.vercel.app,"Hola, buen día.

Somos Nexo Local Studio. Hacemos páginas web profesionales para negocios que quieren mostrar servicios, ubicación y contacto de forma clara desde el celular.

También podemos integrar un asistente con IA que responde preguntas frecuentes y guía al cliente hacia WhatsApp.

Pueden ver nuestra página aquí:
https://nexo-local-studio-public.vercel.app

Tenemos precios de lanzamiento desde $2,500 MXN. Si les interesa, podemos enviarles una propuesta breve.

Si prefieren no recibir más mensajes, respondan “baja”.",2026-07-17
B,12,Pizzarnik,Restaurante boutique,Mexico,San Pedro Garza García,San Pedro/Valle Oriente/Centrito,,,No website found,,https://www.google.com/maps/search/?api=1&query=Pizzarnik%20San%20Pedro%20Garza%20Garc%C3%ADa%20Mexico,https://www.openstreetmap.org/node/13966442201,+52 999 970 3390,529999703390,valid_format_only,,,No público,El registro público de OpenStreetMap no incluye sitio web oficial.,El registro público de OpenStreetMap no incluye sitio web oficial. Fuente: OpenStreetMap. Rating/reseñas no disponibles en esta fuente.,https://nexo-local-studio-public.vercel.app,"Hola, buen día.

Somos Nexo Local Studio. Hacemos páginas web profesionales para negocios que quieren mostrar servicios, ubicación y contacto de forma clara desde el celular.

También podemos integrar un asistente con IA que responde preguntas frecuentes y guía al cliente hacia WhatsApp.

Pueden ver nuestra página aquí:
https://nexo-local-studio-public.vercel.app

Tenemos precios de lanzamiento desde $2,500 MXN. Si les interesa, podemos enviarles una propuesta breve.

Si prefieren no recibir más mensajes, respondan “baja”.",2026-07-17
B,12,Northeast BBQ,Restaurante boutique,Mexico,San Pedro Garza García,San Pedro/Valle Oriente/Centrito,,,No website found,,https://www.google.com/maps/search/?api=1&query=Northeast%20BBQ%20San%20Pedro%20Garza%20Garc%C3%ADa%20Mexico,https://www.openstreetmap.org/node/13968918154,+52 81 3132 7619,528131327619,valid_format_only,,,No público,El registro público de OpenStreetMap no incluye sitio web oficial.,El registro público de OpenStreetMap no incluye sitio web oficial. Fuente: OpenStreetMap. Rating/reseñas no disponibles en esta fuente.,https://nexo-local-studio-public.vercel.app,"Hola, buen día.

Somos Nexo Local Studio. Hacemos páginas web profesionales para negocios que quieren mostrar servicios, ubicación y contacto de forma clara desde el celular.

También podemos integrar un asistente con IA que responde preguntas frecuentes y guía al cliente hacia WhatsApp.

Pueden ver nuestra página aquí:
https://nexo-local-studio-public.vercel.app

Tenemos precios de lanzamiento desde $2,500 MXN. Si les interesa, podemos enviarles una propuesta breve.

Si prefieren no recibir más mensajes, respondan “baja”.",2026-07-17
B,9,El Arbol,Restaurante boutique,Mexico,Mérida,Mérida Norte/Altabrisa/Montebello/Temozón,,,Only Instagram/Facebook,https://www.facebook.com/elarbol.restaurantevegetariano/,https://www.google.com/maps/search/?api=1&query=El%20Arbol%20M%C3%A9rida%20Mexico,https://www.openstreetmap.org/node/14007750321,+52 999 925 3849,529999253849,valid_format_only,,,No público,"El enlace público del registro apunta a red social/perfil, no a sitio web propio.","El enlace público del registro apunta a red social/perfil, no a sitio web propio. Fuente: OpenStreetMap. Rating/reseñas no disponibles en esta fuente.",https://nexo-local-studio-public.vercel.app,"Hola, buen día.

Somos Nexo Local Studio. Hacemos páginas web profesionales para negocios que quieren mostrar servicios, ubicación y contacto de forma clara desde el celular.

También podemos integrar un asistente con IA que responde preguntas frecuentes y guía al cliente hacia WhatsApp.

Pueden ver nuestra página aquí:
https://nexo-local-studio-public.vercel.app

Tenemos precios de lanzamiento desde $2,500 MXN. Si les interesa, podemos enviarles una propuesta breve.

Si prefieren no recibir más mensajes, respondan “baja”.",2026-07-17
B,9,Amoroso,Restaurante boutique,Mexico,Mérida,Mérida Norte/Altabrisa/Montebello/Temozón,,,Only Instagram/Facebook,https://www.instagram.com/amorosomx/,https://www.google.com/maps/search/?api=1&query=Amoroso%20M%C3%A9rida%20Mexico,https://www.openstreetmap.org/node/14021068690,+52 999 164 0608,529991640608,valid_format_only,https://www.instagram.com/amorosomx/,,No público,"El enlace público del registro apunta a red social/perfil, no a sitio web propio.","El enlace público del registro apunta a red social/perfil, no a sitio web propio. Fuente: OpenStreetMap. Rating/reseñas no disponibles en esta fuente.",https://nexo-local-studio-public.vercel.app,"Hola, buen día.

Somos Nexo Local Studio. Hacemos páginas web profesionales para negocios que quieren mostrar servicios, ubicación y contacto de forma clara desde el celular.

También podemos integrar un asistente con IA que responde preguntas frecuentes y guía al cliente hacia WhatsApp.

Pueden ver nuestra página aquí:
https://nexo-local-studio-public.vercel.app

Tenemos precios de lanzamiento desde $2,500 MXN. Si les interesa, podemos enviarles una propuesta breve.

Si prefieren no recibir más mensajes, respondan “baja”.",2026-07-17
B,10,Italiannis,Restaurante boutique,Mexico,Cancún,Zona Hotelera/Cumbres/Av. Bonampak,,,No website found,,https://www.google.com/maps/search/?api=1&query=Italiannis%20Canc%C3%BAn%20Mexico,https://www.openstreetmap.org/node/1033038092,+52 998 848 2678,529988482678,valid_format_only,,,No público,El registro público de OpenStreetMap no incluye sitio web oficial.,El registro público de OpenStreetMap no incluye sitio web oficial. Fuente: OpenStreetMap. Rating/reseñas no disponibles en esta fuente.,https://nexo-local-studio-public.vercel.app,"Hola, buen día.

Somos Nexo Local Studio. Hacemos páginas web profesionales para negocios que quieren mostrar servicios, ubicación y contacto de forma clara desde el celular.

También podemos integrar un asistente con IA que responde preguntas frecuentes y guía al cliente hacia WhatsApp.

Pueden ver nuestra página aquí:
https://nexo-local-studio-public.vercel.app

Tenemos precios de lanzamiento desde $2,500 MXN. Si les interesa, podemos enviarles una propuesta breve.

Si prefieren no recibir más mensajes, respondan “baja”.",2026-07-17
B,10,Mandinga,Restaurante boutique,Mexico,Cancún,Zona Hotelera/Cumbres/Av. Bonampak,,,No website found,,https://www.google.com/maps/search/?api=1&query=Mandinga%20Canc%C3%BAn%20Mexico,https://www.openstreetmap.org/node/3645121691,+529988801771,529988801771,valid_format_only,,,No público,El registro público de OpenStreetMap no incluye sitio web oficial.,El registro público de OpenStreetMap no incluye sitio web oficial. Fuente: OpenStreetMap. Rating/reseñas no disponibles en esta fuente.,https://nexo-local-studio-public.vercel.app,"Hola, buen día.

Somos Nexo Local Studio. Hacemos páginas web profesionales para negocios que quieren mostrar servicios, ubicación y contacto de forma clara desde el celular.

También podemos integrar un asistente con IA que responde preguntas frecuentes y guía al cliente hacia WhatsApp.

Pueden ver nuestra página aquí:
https://nexo-local-studio-public.vercel.app

Tenemos precios de lanzamiento desde $2,500 MXN. Si les interesa, podemos enviarles una propuesta breve.

Si prefieren no recibir más mensajes, respondan “baja”.",2026-07-17
B,10,Pescaditos,Restaurante boutique,Mexico,Cancún,Zona Hotelera/Cumbres/Av. Bonampak,,,No website found,,https://www.google.com/maps/search/?api=1&query=Pescaditos%20Canc%C3%BAn%20Mexico,https://www.openstreetmap.org/node/4255663389,+529983420261,529983420261,valid_format_only,,,No público,El registro público de OpenStreetMap no incluye sitio web oficial.,El registro público de OpenStreetMap no incluye sitio web oficial. Fuente: OpenStreetMap. Rating/reseñas no disponibles en esta fuente.,https://nexo-local-studio-public.vercel.app,"Hola, buen día.

Somos Nexo Local Studio. Hacemos páginas web profesionales para negocios que quieren mostrar servicios, ubicación y contacto de forma clara desde el celular.

También podemos integrar un asistente con IA que responde preguntas frecuentes y guía al cliente hacia WhatsApp.

Pueden ver nuestra página aquí:
https://nexo-local-studio-public.vercel.app

Tenemos precios de lanzamiento desde $2,500 MXN. Si les interesa, podemos enviarles una propuesta breve.

Si prefieren no recibir más mensajes, respondan “baja”.",2026-07-17
B,9,El Pescado Ciego,Restaurante boutique,Mexico,Cancún,Zona Hotelera/Cumbres/Av. Bonampak,,,Only Instagram/Facebook,https://www.facebook.com/pescadociego,https://www.google.com/maps/search/?api=1&query=El%20Pescado%20Ciego%20Canc%C3%BAn%20Mexico,https://www.openstreetmap.org/node/6175905687,+529988981670,529988981670,valid_format_only,,,No público,"El enlace público del registro apunta a red social/perfil, no a sitio web propio.","El enlace público del registro apunta a red social/perfil, no a sitio web propio. Fuente: OpenStreetMap. Rating/reseñas no disponibles en esta fuente.",https://nexo-local-studio-public.vercel.app,"Hola, buen día.

Somos Nexo Local Studio. Hacemos páginas web profesionales para negocios que quieren mostrar servicios, ubicación y contacto de forma clara desde el celular.

También podemos integrar un asistente con IA que responde preguntas frecuentes y guía al cliente hacia WhatsApp.

Pueden ver nuestra página aquí:
https://nexo-local-studio-public.vercel.app

Tenemos precios de lanzamiento desde $2,500 MXN. Si les interesa, podemos enviarles una propuesta breve.

Si prefieren no recibir más mensajes, respondan “baja”.",2026-07-17
B,10,Los Hochos Del Bro,Restaurante boutique,Mexico,Cancún,Zona Hotelera/Cumbres/Av. Bonampak,,,No website found,,https://www.google.com/maps/search/?api=1&query=Los%20Hochos%20Del%20Bro%20Canc%C3%BAn%20Mexico,https://www.openstreetmap.org/node/6247204086,+52 998 152 6215,529981526215,valid_format_only,,,No público,El registro público de OpenStreetMap no incluye sitio web oficial.,El registro público de OpenStreetMap no incluye sitio web oficial. Fuente: OpenStreetMap. Rating/reseñas no disponibles en esta fuente.,https://nexo-local-studio-public.vercel.app,"Hola, buen día.

Somos Nexo Local Studio. Hacemos páginas web profesionales para negocios que quieren mostrar servicios, ubicación y contacto de forma clara desde el celular.

También podemos integrar un asistente con IA que responde preguntas frecuentes y guía al cliente hacia WhatsApp.

Pueden ver nuestra página aquí:
https://nexo-local-studio-public.vercel.app

Tenemos precios de lanzamiento desde $2,500 MXN. Si les interesa, podemos enviarles una propuesta breve.

Si prefieren no recibir más mensajes, respondan “baja”.",2026-07-17
B,9,Taqueria Coapenitos,Restaurante boutique,Mexico,Cancún,Zona Hotelera/Cumbres/Av. Bonampak,,,Only Instagram/Facebook,https://beacons.ai/coapenitos?fbclid=PAZXh0bgNhZW0CMTEAAadjSrjo6Tul3zLog5UESQpjzCdN9ieCeU4HTgLCbOOpLIaEIQrV3vct07FztQ_aem_Qo0Nb21L60e1BkT2MqhxAg,https://www.google.com/maps/search/?api=1&query=Taqueria%20Coapenitos%20Canc%C3%BAn%20Mexico,https://www.openstreetmap.org/node/6374899385,+529988108699,529988108699,valid_format_only,,,No público,"El enlace público del registro apunta a red social/perfil, no a sitio web propio.","El enlace público del registro apunta a red social/perfil, no a sitio web propio. Fuente: OpenStreetMap. Rating/reseñas no disponibles en esta fuente.",https://nexo-local-studio-public.vercel.app,"Hola, buen día.

Somos Nexo Local Studio. Hacemos páginas web profesionales para negocios que quieren mostrar servicios, ubicación y contacto de forma clara desde el celular.

También podemos integrar un asistente con IA que responde preguntas frecuentes y guía al cliente hacia WhatsApp.

Pueden ver nuestra página aquí:
https://nexo-local-studio-public.vercel.app

Tenemos precios de lanzamiento desde $2,500 MXN. Si les interesa, podemos enviarles una propuesta breve.

Si prefieren no recibir más mensajes, respondan “baja”.",2026-07-17
B,10,Mammamia!,Restaurante boutique,Mexico,Cancún,Zona Hotelera/Cumbres/Av. Bonampak,,,No website found,,https://www.google.com/maps/search/?api=1&query=Mammamia%21%20Canc%C3%BAn%20Mexico,https://www.openstreetmap.org/node/9483567318,+52 998 179 8314,529981798314,valid_format_only,,,No público,El registro público de OpenStreetMap no incluye sitio web oficial.,El registro público de OpenStreetMap no incluye sitio web oficial. Fuente: OpenStreetMap. Rating/reseñas no disponibles en esta fuente.,https://nexo-local-studio-public.vercel.app,"Hola, buen día.

Somos Nexo Local Studio. Hacemos páginas web profesionales para negocios que quieren mostrar servicios, ubicación y contacto de forma clara desde el celular.

También podemos integrar un asistente con IA que responde preguntas frecuentes y guía al cliente hacia WhatsApp.

Pueden ver nuestra página aquí:
https://nexo-local-studio-public.vercel.app

Tenemos precios de lanzamiento desde $2,500 MXN. Si les interesa, podemos enviarles una propuesta breve.

Si prefieren no recibir más mensajes, respondan “baja”.",2026-07-17
B,10,Isla Contoy,Restaurante boutique,Mexico,Cancún,Zona Hotelera/Cumbres/Av. Bonampak,,,No website found,,https://www.google.com/maps/search/?api=1&query=Isla%20Contoy%20Canc%C3%BAn%20Mexico,https://www.openstreetmap.org/node/10635050497,+52 998 884 0172,529988840172,valid_format_only,,,No público,El registro público de OpenStreetMap no incluye sitio web oficial.,El registro público de OpenStreetMap no incluye sitio web oficial. Fuente: OpenStreetMap. Rating/reseñas no disponibles en esta fuente.,https://nexo-local-studio-public.vercel.app,"Hola, buen día.

Somos Nexo Local Studio. Hacemos páginas web profesionales para negocios que quieren mostrar servicios, ubicación y contacto de forma clara desde el celular.

También podemos integrar un asistente con IA que responde preguntas frecuentes y guía al cliente hacia WhatsApp.

Pueden ver nuestra página aquí:
https://nexo-local-studio-public.vercel.app

Tenemos precios de lanzamiento desde $2,500 MXN. Si les interesa, podemos enviarles una propuesta breve.

Si prefieren no recibir más mensajes, respondan “baja”.",2026-07-17
B,10,El Cejas,Restaurante boutique,Mexico,Cancún,Zona Hotelera/Cumbres/Av. Bonampak,,,No website found,,https://www.google.com/maps/search/?api=1&query=El%20Cejas%20Canc%C3%BAn%20Mexico,https://www.openstreetmap.org/node/10635058216,+52 998 884 0401,529988840401,valid_format_only,,,No público,El registro público de OpenStreetMap no incluye sitio web oficial.,El registro público de OpenStreetMap no incluye sitio web oficial. Fuente: OpenStreetMap. Rating/reseñas no disponibles en esta fuente.,https://nexo-local-studio-public.vercel.app,"Hola, buen día.

Somos Nexo Local Studio. Hacemos páginas web profesionales para negocios que quieren mostrar servicios, ubicación y contacto de forma clara desde el celular.

También podemos integrar un asistente con IA que responde preguntas frecuentes y guía al cliente hacia WhatsApp.

Pueden ver nuestra página aquí:
https://nexo-local-studio-public.vercel.app

Tenemos precios de lanzamiento desde $2,500 MXN. Si les interesa, podemos enviarles una propuesta breve.

Si prefieren no recibir más mensajes, respondan “baja”.",2026-07-17
B,10,Zun Ha Restaurante Bar by Tsunami Azul,Restaurante boutique,Mexico,Cancún,Zona Hotelera/Cumbres/Av. Bonampak,,,No website found,,https://www.google.com/maps/search/?api=1&query=Zun%20Ha%20Restaurante%20Bar%20by%20Tsunami%20Azul%20Canc%C3%BAn%20Mexico,https://www.openstreetmap.org/node/10681456405,+529985614105,529985614105,valid_format_only,,,No público,El registro público de OpenStreetMap no incluye sitio web oficial.,El registro público de OpenStreetMap no incluye sitio web oficial. Fuente: OpenStreetMap. Rating/reseñas no disponibles en esta fuente.,https://nexo-local-studio-public.vercel.app,"Hola, buen día.

Somos Nexo Local Studio. Hacemos páginas web profesionales para negocios que quieren mostrar servicios, ubicación y contacto de forma clara desde el celular.

También podemos integrar un asistente con IA que responde preguntas frecuentes y guía al cliente hacia WhatsApp.

Pueden ver nuestra página aquí:
https://nexo-local-studio-public.vercel.app

Tenemos precios de lanzamiento desde $2,500 MXN. Si les interesa, podemos enviarles una propuesta breve.

Si prefieren no recibir más mensajes, respondan “baja”.",2026-07-17
B,10,Konigs Bier Cancún,Restaurante boutique,Mexico,Cancún,Zona Hotelera/Cumbres/Av. Bonampak,,,No website found,,https://www.google.com/maps/search/?api=1&query=Konigs%20Bier%20Canc%C3%BAn%20Canc%C3%BAn%20Mexico,https://www.openstreetmap.org/node/13919126045,+52 998 753 6838,529987536838,valid_format_only,,,No público,El registro público de OpenStreetMap no incluye sitio web oficial.,El registro público de OpenStreetMap no incluye sitio web oficial. Fuente: OpenStreetMap. Rating/reseñas no disponibles en esta fuente.,https://nexo-local-studio-public.vercel.app,"Hola, buen día.

Somos Nexo Local Studio. Hacemos páginas web profesionales para negocios que quieren mostrar servicios, ubicación y contacto de forma clara desde el celular.

También podemos integrar un asistente con IA que responde preguntas frecuentes y guía al cliente hacia WhatsApp.

Pueden ver nuestra página aquí:
https://nexo-local-studio-public.vercel.app

Tenemos precios de lanzamiento desde $2,500 MXN. Si les interesa, podemos enviarles una propuesta breve.

Si prefieren no recibir más mensajes, respondan “baja”.",2026-07-17
B,13,Centro de Salud Urbano No. 9,Clínica estética,Mexico,Cancún,Zona Hotelera/Cumbres/Av. Bonampak,,,No website found,,https://www.google.com/maps/search/?api=1&query=Centro%20de%20Salud%20Urbano%20No.%209%20Canc%C3%BAn%20Mexico,https://www.openstreetmap.org/way/1313810248,+52 998 843 1021,529988431021,valid_format_only,,,No público,El registro público de OpenStreetMap no incluye sitio web oficial.,El registro público de OpenStreetMap no incluye sitio web oficial. Fuente: OpenStreetMap. Rating/reseñas no disponibles en esta fuente.,https://nexo-local-studio-public.vercel.app,"Hola, buen día.

Somos Nexo Local Studio. Hacemos páginas web profesionales para negocios que quieren mostrar servicios, ubicación y contacto de forma clara desde el celular.

También podemos integrar un asistente con IA que responde preguntas frecuentes y guía al cliente hacia WhatsApp.

Pueden ver nuestra página aquí:
https://nexo-local-studio-public.vercel.app

Tenemos precios de lanzamiento desde $2,500 MXN. Si les interesa, podemos enviarles una propuesta breve.

Si prefieren no recibir más mensajes, respondan “baja”.",2026-07-17
B,13,Consultorio Dental Bravo,Dental,Mexico,Metepec,Metepec/Toluca premium,,,No website found,,https://www.google.com/maps/search/?api=1&query=Consultorio%20Dental%20Bravo%20Metepec%20Mexico,https://www.openstreetmap.org/node/4632975523,+52 722 214 7244,527222147244,valid_format_only,,,No público,El registro público de OpenStreetMap no incluye sitio web oficial.,El registro público de OpenStreetMap no incluye sitio web oficial. Fuente: OpenStreetMap. Rating/reseñas no disponibles en esta fuente.,https://nexo-local-studio-public.vercel.app,"Hola, buen día.

Somos Nexo Local Studio. Hacemos páginas web profesionales para negocios que quieren mostrar servicios, ubicación y contacto de forma clara desde el celular.

También podemos integrar un asistente con IA que responde preguntas frecuentes y guía al cliente hacia WhatsApp.

Pueden ver nuestra página aquí:
https://nexo-local-studio-public.vercel.app

Tenemos precios de lanzamiento desde $2,500 MXN. Si les interesa, podemos enviarles una propuesta breve.

Si prefieren no recibir más mensajes, respondan “baja”.",2026-07-17
B,10,La Papa,Restaurante boutique,Mexico,Metepec,Metepec/Toluca premium,,,No website found,,https://www.google.com/maps/search/?api=1&query=La%20Papa%20Metepec%20Mexico,https://www.openstreetmap.org/node/4740066751,+52 722 213 4209,527222134209,valid_format_only,,,No público,El registro público de OpenStreetMap no incluye sitio web oficial.,El registro público de OpenStreetMap no incluye sitio web oficial. Fuente: OpenStreetMap. Rating/reseñas no disponibles en esta fuente.,https://nexo-local-studio-public.vercel.app,"Hola, buen día.

Somos Nexo Local Studio. Hacemos páginas web profesionales para negocios que quieren mostrar servicios, ubicación y contacto de forma clara desde el celular.

También podemos integrar un asistente con IA que responde preguntas frecuentes y guía al cliente hacia WhatsApp.

Pueden ver nuestra página aquí:
https://nexo-local-studio-public.vercel.app

Tenemos precios de lanzamiento desde $2,500 MXN. Si les interesa, podemos enviarles una propuesta breve.

Si prefieren no recibir más mensajes, respondan “baja”.",2026-07-17
B,10,Pizzería Vázquez,Restaurante boutique,Mexico,Metepec,Metepec/Toluca premium,,,No website found,,https://www.google.com/maps/search/?api=1&query=Pizzer%C3%ADa%20V%C3%A1zquez%20Metepec%20Mexico,https://www.openstreetmap.org/node/4749209471,+52 722 526 8914,527225268914,valid_format_only,,,No público,El registro público de OpenStreetMap no incluye sitio web oficial.,El registro público de OpenStreetMap no incluye sitio web oficial. Fuente: OpenStreetMap. Rating/reseñas no disponibles en esta fuente.,https://nexo-local-studio-public.vercel.app,"Hola, buen día.

Somos Nexo Local Studio. Hacemos páginas web profesionales para negocios que quieren mostrar servicios, ubicación y contacto de forma clara desde el celular.

También podemos integrar un asistente con IA que responde preguntas frecuentes y guía al cliente hacia WhatsApp.

Pueden ver nuestra página aquí:
https://nexo-local-studio-public.vercel.app

Tenemos precios de lanzamiento desde $2,500 MXN. Si les interesa, podemos enviarles una propuesta breve.

Si prefieren no recibir más mensajes, respondan “baja”.",2026-07-17
B,13,Estética Alexandro,Clínica estética,Mexico,Metepec,Metepec/Toluca premium,,,No website found,,https://www.google.com/maps/search/?api=1&query=Est%C3%A9tica%20Alexandro%20Metepec%20Mexico,https://www.openstreetmap.org/node/4869954692,+52 722 237 5991,527222375991,valid_format_only,,,No público,El registro público de OpenStreetMap no incluye sitio web oficial.,El registro público de OpenStreetMap no incluye sitio web oficial. Fuente: OpenStreetMap. Rating/reseñas no disponibles en esta fuente.,https://nexo-local-studio-public.vercel.app,"Hola, buen día.

Somos Nexo Local Studio. Hacemos páginas web profesionales para negocios que quieren mostrar servicios, ubicación y contacto de forma clara desde el celular.

También podemos integrar un asistente con IA que responde preguntas frecuentes y guía al cliente hacia WhatsApp.

Pueden ver nuestra página aquí:
https://nexo-local-studio-public.vercel.app

Tenemos precios de lanzamiento desde $2,500 MXN. Si les interesa, podemos enviarles una propuesta breve.

Si prefieren no recibir más mensajes, respondan “baja”.",2026-07-17
B,10,Amaranta,Restaurante boutique,Mexico,Metepec,Metepec/Toluca premium,,,No website found,,https://www.google.com/maps/search/?api=1&query=Amaranta%20Metepec%20Mexico,https://www.openstreetmap.org/node/5329431823,+52 722 280 8265,527222808265,valid_format_only,,,No público,El registro público de OpenStreetMap no incluye sitio web oficial.,El registro público de OpenStreetMap no incluye sitio web oficial. Fuente: OpenStreetMap. Rating/reseñas no disponibles en esta fuente.,https://nexo-local-studio-public.vercel.app,"Hola, buen día.

Somos Nexo Local Studio. Hacemos páginas web profesionales para negocios que quieren mostrar servicios, ubicación y contacto de forma clara desde el celular.

También podemos integrar un asistente con IA que responde preguntas frecuentes y guía al cliente hacia WhatsApp.

Pueden ver nuestra página aquí:
https://nexo-local-studio-public.vercel.app

Tenemos precios de lanzamiento desde $2,500 MXN. Si les interesa, podemos enviarles una propuesta breve.

Si prefieren no recibir más mensajes, respondan “baja”.",2026-07-17
B,13,Dental Center,Dental,Mexico,Metepec,Metepec/Toluca premium,,,No website found,,https://www.google.com/maps/search/?api=1&query=Dental%20Center%20Metepec%20Mexico,https://www.openstreetmap.org/node/7843759432,+52 722 154 3815,527221543815,valid_format_only,,,No público,El registro público de OpenStreetMap no incluye sitio web oficial.,El registro público de OpenStreetMap no incluye sitio web oficial. Fuente: OpenStreetMap. Rating/reseñas no disponibles en esta fuente.,https://nexo-local-studio-public.vercel.app,"Hola, buen día.

Somos Nexo Local Studio. Hacemos páginas web profesionales para negocios que quieren mostrar servicios, ubicación y contacto de forma clara desde el celular.

También podemos integrar un asistente con IA que responde preguntas frecuentes y guía al cliente hacia WhatsApp.

Pueden ver nuestra página aquí:
https://nexo-local-studio-public.vercel.app

Tenemos precios de lanzamiento desde $2,500 MXN. Si les interesa, podemos enviarles una propuesta breve.

Si prefieren no recibir más mensajes, respondan “baja”.",2026-07-17
B,13,Consultorio dental del Angel,Dental,Mexico,Metepec,Metepec/Toluca premium,,,No website found,,https://www.google.com/maps/search/?api=1&query=Consultorio%20dental%20del%20Angel%20Metepec%20Mexico,https://www.openstreetmap.org/node/7853667002,+52 722 180 0772,527221800772,valid_format_only,,,No público,El registro público de OpenStreetMap no incluye sitio web oficial.,El registro público de OpenStreetMap no incluye sitio web oficial. Fuente: OpenStreetMap. Rating/reseñas no disponibles en esta fuente.,https://nexo-local-studio-public.vercel.app,"Hola, buen día.

Somos Nexo Local Studio. Hacemos páginas web profesionales para negocios que quieren mostrar servicios, ubicación y contacto de forma clara desde el celular.

También podemos integrar un asistente con IA que responde preguntas frecuentes y guía al cliente hacia WhatsApp.

Pueden ver nuestra página aquí:
https://nexo-local-studio-public.vercel.app

Tenemos precios de lanzamiento desde $2,500 MXN. Si les interesa, podemos enviarles una propuesta breve.

Si prefieren no recibir más mensajes, respondan “baja”.",2026-07-17
B,13,Consultorio Y Farmacia Homeopática,Clínica estética,Mexico,Metepec,Metepec/Toluca premium,,,No website found,,https://www.google.com/maps/search/?api=1&query=Consultorio%20Y%20Farmacia%20Homeop%C3%A1tica%20Metepec%20Mexico,https://www.openstreetmap.org/node/12505328664,+52 722 480 8638,527224808638,valid_format_only,,,No público,El registro público de OpenStreetMap no incluye sitio web oficial.,El registro público de OpenStreetMap no incluye sitio web oficial. Fuente: OpenStreetMap. Rating/reseñas no disponibles en esta fuente.,https://nexo-local-studio-public.vercel.app,"Hola, buen día.

Somos Nexo Local Studio. Hacemos páginas web profesionales para negocios que quieren mostrar servicios, ubicación y contacto de forma clara desde el celular.

También podemos integrar un asistente con IA que responde preguntas frecuentes y guía al cliente hacia WhatsApp.

Pueden ver nuestra página aquí:
https://nexo-local-studio-public.vercel.app

Tenemos precios de lanzamiento desde $2,500 MXN. Si les interesa, podemos enviarles una propuesta breve.

Si prefieren no recibir más mensajes, respondan “baja”.",2026-07-17
B,13,Sante Du Corps,Clínica estética,Mexico,Metepec,Metepec/Toluca premium,,,No website found,,https://www.google.com/maps/search/?api=1&query=Sante%20Du%20Corps%20Metepec%20Mexico,https://www.openstreetmap.org/node/12508578468,+52 55 9170 5912,525591705912,valid_format_only,,,No público,El registro público de OpenStreetMap no incluye sitio web oficial.,El registro público de OpenStreetMap no incluye sitio web oficial. Fuente: OpenStreetMap. Rating/reseñas no disponibles en esta fuente.,https://nexo-local-studio-public.vercel.app,"Hola, buen día.

Somos Nexo Local Studio. Hacemos páginas web profesionales para negocios que quieren mostrar servicios, ubicación y contacto de forma clara desde el celular.

También podemos integrar un asistente con IA que responde preguntas frecuentes y guía al cliente hacia WhatsApp.

Pueden ver nuestra página aquí:
https://nexo-local-studio-public.vercel.app

Tenemos precios de lanzamiento desde $2,500 MXN. Si les interesa, podemos enviarles una propuesta breve.

Si prefieren no recibir más mensajes, respondan “baja”.",2026-07-17
B,13,Ms&ms Dental Clinic,Dental,Mexico,Metepec,Metepec/Toluca premium,,,No website found,,https://www.google.com/maps/search/?api=1&query=Ms%26ms%20Dental%20Clinic%20Metepec%20Mexico,https://www.openstreetmap.org/node/12511419000,+52 722 213 1140,527222131140,valid_format_only,,,No público,El registro público de OpenStreetMap no incluye sitio web oficial.,El registro público de OpenStreetMap no incluye sitio web oficial. Fuente: OpenStreetMap. Rating/reseñas no disponibles en esta fuente.,https://nexo-local-studio-public.vercel.app,"Hola, buen día.

Somos Nexo Local Studio. Hacemos páginas web profesionales para negocios que quieren mostrar servicios, ubicación y contacto de forma clara desde el celular.

También podemos integrar un asistente con IA que responde preguntas frecuentes y guía al cliente hacia WhatsApp.

Pueden ver nuestra página aquí:
https://nexo-local-studio-public.vercel.app

Tenemos precios de lanzamiento desde $2,500 MXN. Si les interesa, podemos enviarles una propuesta breve.

Si prefieren no recibir más mensajes, respondan “baja”.",2026-07-17
B,13,Ube Dental,Dental,Mexico,Metepec,Metepec/Toluca premium,,,No website found,,https://www.google.com/maps/search/?api=1&query=Ube%20Dental%20Metepec%20Mexico,https://www.openstreetmap.org/node/12511430990,+52 722 238 7307,527222387307,valid_format_only,,,No público,El registro público de OpenStreetMap no incluye sitio web oficial.,El registro público de OpenStreetMap no incluye sitio web oficial. Fuente: OpenStreetMap. Rating/reseñas no disponibles en esta fuente.,https://nexo-local-studio-public.vercel.app,"Hola, buen día.

Somos Nexo Local Studio. Hacemos páginas web profesionales para negocios que quieren mostrar servicios, ubicación y contacto de forma clara desde el celular.

También podemos integrar un asistente con IA que responde preguntas frecuentes y guía al cliente hacia WhatsApp.

Pueden ver nuestra página aquí:
https://nexo-local-studio-public.vercel.app

Tenemos precios de lanzamiento desde $2,500 MXN. Si les interesa, podemos enviarles una propuesta breve.

Si prefieren no recibir más mensajes, respondan “baja”.",2026-07-17
B,13,Clean,Dental,Mexico,Metepec,Metepec/Toluca premium,,,No website found,,https://www.google.com/maps/search/?api=1&query=Clean%20Metepec%20Mexico,https://www.openstreetmap.org/node/12512462239,+52 722 158 1136,527221581136,valid_format_only,,,No público,El registro público de OpenStreetMap no incluye sitio web oficial.,El registro público de OpenStreetMap no incluye sitio web oficial. Fuente: OpenStreetMap. Rating/reseñas no disponibles en esta fuente.,https://nexo-local-studio-public.vercel.app,"Hola, buen día.

Somos Nexo Local Studio. Hacemos páginas web profesionales para negocios que quieren mostrar servicios, ubicación y contacto de forma clara desde el celular.

También podemos integrar un asistente con IA que responde preguntas frecuentes y guía al cliente hacia WhatsApp.

Pueden ver nuestra página aquí:
https://nexo-local-studio-public.vercel.app

Tenemos precios de lanzamiento desde $2,500 MXN. Si les interesa, podemos enviarles una propuesta breve.

Si prefieren no recibir más mensajes, respondan “baja”.",2026-07-17
B,12,Grupo Medica Support,Óptica/Oftalmología premium,Mexico,Metepec,Metepec/Toluca premium,,,No website found,,https://www.google.com/maps/search/?api=1&query=Grupo%20Medica%20Support%20Metepec%20Mexico,https://www.openstreetmap.org/node/12516868148,+52 722 301 7892,527223017892,valid_format_only,,,No público,El registro público de OpenStreetMap no incluye sitio web oficial.,El registro público de OpenStreetMap no incluye sitio web oficial. Fuente: OpenStreetMap. Rating/reseñas no disponibles en esta fuente.,https://nexo-local-studio-public.vercel.app,"Hola, buen día.

Somos Nexo Local Studio. Hacemos páginas web profesionales para negocios que quieren mostrar servicios, ubicación y contacto de forma clara desde el celular.

También podemos integrar un asistente con IA que responde preguntas frecuentes y guía al cliente hacia WhatsApp.

Pueden ver nuestra página aquí:
https://nexo-local-studio-public.vercel.app

Tenemos precios de lanzamiento desde $2,500 MXN. Si les interesa, podemos enviarles una propuesta breve.

Si prefieren no recibir más mensajes, respondan “baja”.",2026-07-17
B,13,Clinica Medica San Juan,Clínica estética,Mexico,Metepec,Metepec/Toluca premium,,,No website found,,https://www.google.com/maps/search/?api=1&query=Clinica%20Medica%20San%20Juan%20Metepec%20Mexico,https://www.openstreetmap.org/node/12517039327,+52 722 212 8436,527222128436,valid_format_only,,,No público,El registro público de OpenStreetMap no incluye sitio web oficial.,El registro público de OpenStreetMap no incluye sitio web oficial. Fuente: OpenStreetMap. Rating/reseñas no disponibles en esta fuente.,https://nexo-local-studio-public.vercel.app,"Hola, buen día.

Somos Nexo Local Studio. Hacemos páginas web profesionales para negocios que quieren mostrar servicios, ubicación y contacto de forma clara desde el celular.

También podemos integrar un asistente con IA que responde preguntas frecuentes y guía al cliente hacia WhatsApp.

Pueden ver nuestra página aquí:
https://nexo-local-studio-public.vercel.app

Tenemos precios de lanzamiento desde $2,500 MXN. Si les interesa, podemos enviarles una propuesta breve.

Si prefieren no recibir más mensajes, respondan “baja”.",2026-07-17
B,13,Clinica De Rehabilitacion Fisica Sakti,Clínica estética,Mexico,Metepec,Metepec/Toluca premium,,,No website found,,https://www.google.com/maps/search/?api=1&query=Clinica%20De%20Rehabilitacion%20Fisica%20Sakti%20Metepec%20Mexico,https://www.openstreetmap.org/node/12517258980,+52 722 634 8316,527226348316,valid_format_only,,,No público,El registro público de OpenStreetMap no incluye sitio web oficial.,El registro público de OpenStreetMap no incluye sitio web oficial. Fuente: OpenStreetMap. Rating/reseñas no disponibles en esta fuente.,https://nexo-local-studio-public.vercel.app,"Hola, buen día.

Somos Nexo Local Studio. Hacemos páginas web profesionales para negocios que quieren mostrar servicios, ubicación y contacto de forma clara desde el celular.

También podemos integrar un asistente con IA que responde preguntas frecuentes y guía al cliente hacia WhatsApp.

Pueden ver nuestra página aquí:
https://nexo-local-studio-public.vercel.app

Tenemos precios de lanzamiento desde $2,500 MXN. Si les interesa, podemos enviarles una propuesta breve.

Si prefieren no recibir más mensajes, respondan “baja”.",2026-07-17
B,13,El Divan De Freud,Clínica estética,Mexico,Metepec,Metepec/Toluca premium,,,No website found,,https://www.google.com/maps/search/?api=1&query=El%20Divan%20De%20Freud%20Metepec%20Mexico,https://www.openstreetmap.org/node/12519435257,+52 722 155 6811,527221556811,valid_format_only,,,No público,El registro público de OpenStreetMap no incluye sitio web oficial.,El registro público de OpenStreetMap no incluye sitio web oficial. Fuente: OpenStreetMap. Rating/reseñas no disponibles en esta fuente.,https://nexo-local-studio-public.vercel.app,"Hola, buen día.

Somos Nexo Local Studio. Hacemos páginas web profesionales para negocios que quieren mostrar servicios, ubicación y contacto de forma clara desde el celular.

También podemos integrar un asistente con IA que responde preguntas frecuentes y guía al cliente hacia WhatsApp.

Pueden ver nuestra página aquí:
https://nexo-local-studio-public.vercel.app

Tenemos precios de lanzamiento desde $2,500 MXN. Si les interesa, podemos enviarles una propuesta breve.

Si prefieren no recibir más mensajes, respondan “baja”.",2026-07-17
B,13,Dotor Dental,Dental,Mexico,Metepec,Metepec/Toluca premium,,,No website found,,https://www.google.com/maps/search/?api=1&query=Dotor%20Dental%20Metepec%20Mexico,https://www.openstreetmap.org/node/12519618820,+52 722 272 2013,527222722013,valid_format_only,,,No público,El registro público de OpenStreetMap no incluye sitio web oficial.,El registro público de OpenStreetMap no incluye sitio web oficial. Fuente: OpenStreetMap. Rating/reseñas no disponibles en esta fuente.,https://nexo-local-studio-public.vercel.app,"Hola, buen día.

Somos Nexo Local Studio. Hacemos páginas web profesionales para negocios que quieren mostrar servicios, ubicación y contacto de forma clara desde el celular.

También podemos integrar un asistente con IA que responde preguntas frecuentes y guía al cliente hacia WhatsApp.

Pueden ver nuestra página aquí:
https://nexo-local-studio-public.vercel.app

Tenemos precios de lanzamiento desde $2,500 MXN. Si les interesa, podemos enviarles una propuesta breve.

Si prefieren no recibir más mensajes, respondan “baja”.",2026-07-17
B,13,Consultorio Dental Esquivel,Dental,Mexico,Metepec,Metepec/Toluca premium,,,No website found,,https://www.google.com/maps/search/?api=1&query=Consultorio%20Dental%20Esquivel%20Metepec%20Mexico,https://www.openstreetmap.org/node/12519644622,+52 722 350 7464,527223507464,valid_format_only,,,No público,El registro público de OpenStreetMap no incluye sitio web oficial.,El registro público de OpenStreetMap no incluye sitio web oficial. Fuente: OpenStreetMap. Rating/reseñas no disponibles en esta fuente.,https://nexo-local-studio-public.vercel.app,"Hola, buen día.

Somos Nexo Local Studio. Hacemos páginas web profesionales para negocios que quieren mostrar servicios, ubicación y contacto de forma clara desde el celular.

También podemos integrar un asistente con IA que responde preguntas frecuentes y guía al cliente hacia WhatsApp.

Pueden ver nuestra página aquí:
https://nexo-local-studio-public.vercel.app

Tenemos precios de lanzamiento desde $2,500 MXN. Si les interesa, podemos enviarles una propuesta breve.

Si prefieren no recibir más mensajes, respondan “baja”.",2026-07-17
B,13,Consultorio dental Prudent,Dental,Mexico,Metepec,Metepec/Toluca premium,,,No website found,,https://www.google.com/maps/search/?api=1&query=Consultorio%20dental%20Prudent%20Metepec%20Mexico,https://www.openstreetmap.org/node/12519652752,+52 722 252 1359,527222521359,valid_format_only,,,No público,El registro público de OpenStreetMap no incluye sitio web oficial.,El registro público de OpenStreetMap no incluye sitio web oficial. Fuente: OpenStreetMap. Rating/reseñas no disponibles en esta fuente.,https://nexo-local-studio-public.vercel.app,"Hola, buen día.

Somos Nexo Local Studio. Hacemos páginas web profesionales para negocios que quieren mostrar servicios, ubicación y contacto de forma clara desde el celular.

También podemos integrar un asistente con IA que responde preguntas frecuentes y guía al cliente hacia WhatsApp.

Pueden ver nuestra página aquí:
https://nexo-local-studio-public.vercel.app

Tenemos precios de lanzamiento desde $2,500 MXN. Si les interesa, podemos enviarles una propuesta breve.

Si prefieren no recibir más mensajes, respondan “baja”.",2026-07-17
B,13,Dental Vilher,Dental,Mexico,Metepec,Metepec/Toluca premium,,,No website found,,https://www.google.com/maps/search/?api=1&query=Dental%20Vilher%20Metepec%20Mexico,https://www.openstreetmap.org/node/12519679709,+52 722 647 9760,527226479760,valid_format_only,,,No público,El registro público de OpenStreetMap no incluye sitio web oficial.,El registro público de OpenStreetMap no incluye sitio web oficial. Fuente: OpenStreetMap. Rating/reseñas no disponibles en esta fuente.,https://nexo-local-studio-public.vercel.app,"Hola, buen día.

Somos Nexo Local Studio. Hacemos páginas web profesionales para negocios que quieren mostrar servicios, ubicación y contacto de forma clara desde el celular.

También podemos integrar un asistente con IA que responde preguntas frecuentes y guía al cliente hacia WhatsApp.

Pueden ver nuestra página aquí:
https://nexo-local-studio-public.vercel.app

Tenemos precios de lanzamiento desde $2,500 MXN. Si les interesa, podemos enviarles una propuesta breve.

Si prefieren no recibir más mensajes, respondan “baja”.",2026-07-17
B,13,Consultorio Cirugia General,Clínica estética,Mexico,Metepec,Metepec/Toluca premium,,,No website found,,https://www.google.com/maps/search/?api=1&query=Consultorio%20Cirugia%20General%20Metepec%20Mexico,https://www.openstreetmap.org/node/12519681891,+52 722 212 5649,527222125649,valid_format_only,,,No público,El registro público de OpenStreetMap no incluye sitio web oficial.,El registro público de OpenStreetMap no incluye sitio web oficial. Fuente: OpenStreetMap. Rating/reseñas no disponibles en esta fuente.,https://nexo-local-studio-public.vercel.app,"Hola, buen día.

Somos Nexo Local Studio. Hacemos páginas web profesionales para negocios que quieren mostrar servicios, ubicación y contacto de forma clara desde el celular.

También podemos integrar un asistente con IA que responde preguntas frecuentes y guía al cliente hacia WhatsApp.

Pueden ver nuestra página aquí:
https://nexo-local-studio-public.vercel.app

Tenemos precios de lanzamiento desde $2,500 MXN. Si les interesa, podemos enviarles una propuesta breve.

Si prefieren no recibir más mensajes, respondan “baja”.",2026-07-17
B,13,Orientacion Psicologica,Clínica estética,Mexico,Metepec,Metepec/Toluca premium,,,No website found,,https://www.google.com/maps/search/?api=1&query=Orientacion%20Psicologica%20Metepec%20Mexico,https://www.openstreetmap.org/node/12519712846,+52 722 381 0349,527223810349,valid_format_only,,,No público,El registro público de OpenStreetMap no incluye sitio web oficial.,El registro público de OpenStreetMap no incluye sitio web oficial. Fuente: OpenStreetMap. Rating/reseñas no disponibles en esta fuente.,https://nexo-local-studio-public.vercel.app,"Hola, buen día.

Somos Nexo Local Studio. Hacemos páginas web profesionales para negocios que quieren mostrar servicios, ubicación y contacto de forma clara desde el celular.

También podemos integrar un asistente con IA que responde preguntas frecuentes y guía al cliente hacia WhatsApp.

Pueden ver nuestra página aquí:
https://nexo-local-studio-public.vercel.app

Tenemos precios de lanzamiento desde $2,500 MXN. Si les interesa, podemos enviarles una propuesta breve.

Si prefieren no recibir más mensajes, respondan “baja”.",2026-07-17
B,13,Centro joshem,Clínica estética,Mexico,Metepec,Metepec/Toluca premium,,,No website found,,https://www.google.com/maps/search/?api=1&query=Centro%20joshem%20Metepec%20Mexico,https://www.openstreetmap.org/node/12521089620,+52 722 457 5094,527224575094,valid_format_only,,,No público,El registro público de OpenStreetMap no incluye sitio web oficial.,El registro público de OpenStreetMap no incluye sitio web oficial. Fuente: OpenStreetMap. Rating/reseñas no disponibles en esta fuente.,https://nexo-local-studio-public.vercel.app,"Hola, buen día.

Somos Nexo Local Studio. Hacemos páginas web profesionales para negocios que quieren mostrar servicios, ubicación y contacto de forma clara desde el celular.

También podemos integrar un asistente con IA que responde preguntas frecuentes y guía al cliente hacia WhatsApp.

Pueden ver nuestra página aquí:
https://nexo-local-studio-public.vercel.app

Tenemos precios de lanzamiento desde $2,500 MXN. Si les interesa, podemos enviarles una propuesta breve.

Si prefieren no recibir más mensajes, respondan “baja”.",2026-07-17
B,13,Consultorio Homeopatico,Clínica estética,Mexico,Metepec,Metepec/Toluca premium,,,No website found,,https://www.google.com/maps/search/?api=1&query=Consultorio%20Homeopatico%20Metepec%20Mexico,https://www.openstreetmap.org/node/12521171644,+52 722 432 7883,527224327883,valid_format_only,,,No público,El registro público de OpenStreetMap no incluye sitio web oficial.,El registro público de OpenStreetMap no incluye sitio web oficial. Fuente: OpenStreetMap. Rating/reseñas no disponibles en esta fuente.,https://nexo-local-studio-public.vercel.app,"Hola, buen día.

Somos Nexo Local Studio. Hacemos páginas web profesionales para negocios que quieren mostrar servicios, ubicación y contacto de forma clara desde el celular.

También podemos integrar un asistente con IA que responde preguntas frecuentes y guía al cliente hacia WhatsApp.

Pueden ver nuestra página aquí:
https://nexo-local-studio-public.vercel.app

Tenemos precios de lanzamiento desde $2,500 MXN. Si les interesa, podemos enviarles una propuesta breve.

Si prefieren no recibir más mensajes, respondan “baja”.",2026-07-17
B,13,Consultorio de Nutriologa,Clínica estética,Mexico,Metepec,Metepec/Toluca premium,,,No website found,,https://www.google.com/maps/search/?api=1&query=Consultorio%20de%20Nutriologa%20Metepec%20Mexico,https://www.openstreetmap.org/node/12521211067,+52 722 504 2139,527225042139,valid_format_only,,,No público,El registro público de OpenStreetMap no incluye sitio web oficial.,El registro público de OpenStreetMap no incluye sitio web oficial. Fuente: OpenStreetMap. Rating/reseñas no disponibles en esta fuente.,https://nexo-local-studio-public.vercel.app,"Hola, buen día.

Somos Nexo Local Studio. Hacemos páginas web profesionales para negocios que quieren mostrar servicios, ubicación y contacto de forma clara desde el celular.

También podemos integrar un asistente con IA que responde preguntas frecuentes y guía al cliente hacia WhatsApp.

Pueden ver nuestra página aquí:
https://nexo-local-studio-public.vercel.app

Tenemos precios de lanzamiento desde $2,500 MXN. Si les interesa, podemos enviarles una propuesta breve.

Si prefieren no recibir más mensajes, respondan “baja”.",2026-07-17
B,13,Consultorios Medicos Alvear,Clínica estética,Mexico,Metepec,Metepec/Toluca premium,,,No website found,,https://www.google.com/maps/search/?api=1&query=Consultorios%20Medicos%20Alvear%20Metepec%20Mexico,https://www.openstreetmap.org/node/12521222062,+52 722 215 2797,527222152797,valid_format_only,,,No público,El registro público de OpenStreetMap no incluye sitio web oficial.,El registro público de OpenStreetMap no incluye sitio web oficial. Fuente: OpenStreetMap. Rating/reseñas no disponibles en esta fuente.,https://nexo-local-studio-public.vercel.app,"Hola, buen día.

Somos Nexo Local Studio. Hacemos páginas web profesionales para negocios que quieren mostrar servicios, ubicación y contacto de forma clara desde el celular.

También podemos integrar un asistente con IA que responde preguntas frecuentes y guía al cliente hacia WhatsApp.

Pueden ver nuestra página aquí:
https://nexo-local-studio-public.vercel.app

Tenemos precios de lanzamiento desde $2,500 MXN. Si les interesa, podemos enviarles una propuesta breve.

Si prefieren no recibir más mensajes, respondan “baja”.",2026-07-17
B,13,Consultorio Y Laboratorio Dental,Dental,Mexico,Metepec,Metepec/Toluca premium,,,No website found,,https://www.google.com/maps/search/?api=1&query=Consultorio%20Y%20Laboratorio%20Dental%20Metepec%20Mexico,https://www.openstreetmap.org/node/12521281777,+52 722 311 1151,527223111151,valid_format_only,,,No público,El registro público de OpenStreetMap no incluye sitio web oficial.,El registro público de OpenStreetMap no incluye sitio web oficial. Fuente: OpenStreetMap. Rating/reseñas no disponibles en esta fuente.,https://nexo-local-studio-public.vercel.app,"Hola, buen día.

Somos Nexo Local Studio. Hacemos páginas web profesionales para negocios que quieren mostrar servicios, ubicación y contacto de forma clara desde el celular.

También podemos integrar un asistente con IA que responde preguntas frecuentes y guía al cliente hacia WhatsApp.

Pueden ver nuestra página aquí:
https://nexo-local-studio-public.vercel.app

Tenemos precios de lanzamiento desde $2,500 MXN. Si les interesa, podemos enviarles una propuesta breve.

Si prefieren no recibir más mensajes, respondan “baja”.",2026-07-17
B,10,Inglés Individual,Academia privada,Mexico,Metepec,Metepec/Toluca premium,,,No website found,,https://www.google.com/maps/search/?api=1&query=Ingl%C3%A9s%20Individual%20Metepec%20Mexico,https://www.openstreetmap.org/node/12521558421,+52 722 318 4809,527223184809,valid_format_only,,,No público,El registro público de OpenStreetMap no incluye sitio web oficial.,El registro público de OpenStreetMap no incluye sitio web oficial. Fuente: OpenStreetMap. Rating/reseñas no disponibles en esta fuente.,https://nexo-local-studio-public.vercel.app,"Hola, buen día.

Somos Nexo Local Studio. Hacemos páginas web profesionales para negocios que quieren mostrar servicios, ubicación y contacto de forma clara desde el celular.

También podemos integrar un asistente con IA que responde preguntas frecuentes y guía al cliente hacia WhatsApp.

Pueden ver nuestra página aquí:
https://nexo-local-studio-public.vercel.app

Tenemos precios de lanzamiento desde $2,500 MXN. Si les interesa, podemos enviarles una propuesta breve.

Si prefieren no recibir más mensajes, respondan “baja”.",2026-07-17
B,13,Quiropedistas,Clínica estética,Mexico,Metepec,Metepec/Toluca premium,,,No website found,,https://www.google.com/maps/search/?api=1&query=Quiropedistas%20Metepec%20Mexico,https://www.openstreetmap.org/node/12521665784,+52 722 213 8088,527222138088,valid_format_only,,,No público,El registro público de OpenStreetMap no incluye sitio web oficial.,El registro público de OpenStreetMap no incluye sitio web oficial. Fuente: OpenStreetMap. Rating/reseñas no disponibles en esta fuente.,https://nexo-local-studio-public.vercel.app,"Hola, buen día.

Somos Nexo Local Studio. Hacemos páginas web profesionales para negocios que quieren mostrar servicios, ubicación y contacto de forma clara desde el celular.

También podemos integrar un asistente con IA que responde preguntas frecuentes y guía al cliente hacia WhatsApp.

Pueden ver nuestra página aquí:
https://nexo-local-studio-public.vercel.app

Tenemos precios de lanzamiento desde $2,500 MXN. Si les interesa, podemos enviarles una propuesta breve.

Si prefieren no recibir más mensajes, respondan “baja”.",2026-07-17
B,13,Clinica Dental San Francisco,Dental,Mexico,Metepec,Metepec/Toluca premium,,,No website found,,https://www.google.com/maps/search/?api=1&query=Clinica%20Dental%20San%20Francisco%20Metepec%20Mexico,https://www.openstreetmap.org/node/12521670760,+52 722 275 1830,527222751830,valid_format_only,,,No público,El registro público de OpenStreetMap no incluye sitio web oficial.,El registro público de OpenStreetMap no incluye sitio web oficial. Fuente: OpenStreetMap. Rating/reseñas no disponibles en esta fuente.,https://nexo-local-studio-public.vercel.app,"Hola, buen día.

Somos Nexo Local Studio. Hacemos páginas web profesionales para negocios que quieren mostrar servicios, ubicación y contacto de forma clara desde el celular.

También podemos integrar un asistente con IA que responde preguntas frecuentes y guía al cliente hacia WhatsApp.

Pueden ver nuestra página aquí:
https://nexo-local-studio-public.vercel.app

Tenemos precios de lanzamiento desde $2,500 MXN. Si les interesa, podemos enviarles una propuesta breve.

Si prefieren no recibir más mensajes, respondan “baja”.",2026-07-17
B,13,Atencion Psicoterapeutica Toluca,Clínica estética,Mexico,Metepec,Metepec/Toluca premium,,,No website found,,https://www.google.com/maps/search/?api=1&query=Atencion%20Psicoterapeutica%20Toluca%20Metepec%20Mexico,https://www.openstreetmap.org/node/12521687433,+52 722 597 7062,527225977062,valid_format_only,,,No público,El registro público de OpenStreetMap no incluye sitio web oficial.,El registro público de OpenStreetMap no incluye sitio web oficial. Fuente: OpenStreetMap. Rating/reseñas no disponibles en esta fuente.,https://nexo-local-studio-public.vercel.app,"Hola, buen día.

Somos Nexo Local Studio. Hacemos páginas web profesionales para negocios que quieren mostrar servicios, ubicación y contacto de forma clara desde el celular.

También podemos integrar un asistente con IA que responde preguntas frecuentes y guía al cliente hacia WhatsApp.

Pueden ver nuestra página aquí:
https://nexo-local-studio-public.vercel.app

Tenemos precios de lanzamiento desde $2,500 MXN. Si les interesa, podemos enviarles una propuesta breve.

Si prefieren no recibir más mensajes, respondan “baja”.",2026-07-17
B,10,Innovation English School,Academia privada,Mexico,Metepec,Metepec/Toluca premium,,,No website found,,https://www.google.com/maps/search/?api=1&query=Innovation%20English%20School%20Metepec%20Mexico,https://www.openstreetmap.org/node/12522161016,+52 722 156 9341,527221569341,valid_format_only,,,No público,El registro público de OpenStreetMap no incluye sitio web oficial.,El registro público de OpenStreetMap no incluye sitio web oficial. Fuente: OpenStreetMap. Rating/reseñas no disponibles en esta fuente.,https://nexo-local-studio-public.vercel.app,"Hola, buen día.

Somos Nexo Local Studio. Hacemos páginas web profesionales para negocios que quieren mostrar servicios, ubicación y contacto de forma clara desde el celular.

También podemos integrar un asistente con IA que responde preguntas frecuentes y guía al cliente hacia WhatsApp.

Pueden ver nuestra página aquí:
https://nexo-local-studio-public.vercel.app

Tenemos precios de lanzamiento desde $2,500 MXN. Si les interesa, podemos enviarles una propuesta breve.

Si prefieren no recibir más mensajes, respondan “baja”.",2026-07-17
B,13,Fisioterapia,Clínica estética,Mexico,Metepec,Metepec/Toluca premium,,,No website found,,https://www.google.com/maps/search/?api=1&query=Fisioterapia%20Metepec%20Mexico,https://www.openstreetmap.org/node/12522197228,+52 722 350 1073,527223501073,valid_format_only,,,No público,El registro público de OpenStreetMap no incluye sitio web oficial.,El registro público de OpenStreetMap no incluye sitio web oficial. Fuente: OpenStreetMap. Rating/reseñas no disponibles en esta fuente.,https://nexo-local-studio-public.vercel.app,"Hola, buen día.

Somos Nexo Local Studio. Hacemos páginas web profesionales para negocios que quieren mostrar servicios, ubicación y contacto de forma clara desde el celular.

También podemos integrar un asistente con IA que responde preguntas frecuentes y guía al cliente hacia WhatsApp.

Pueden ver nuestra página aquí:
https://nexo-local-studio-public.vercel.app

Tenemos precios de lanzamiento desde $2,500 MXN. Si les interesa, podemos enviarles una propuesta breve.

Si prefieren no recibir más mensajes, respondan “baja”.",2026-07-17
B,13,Clinica Quiropedista Sandra,Clínica estética,Mexico,Metepec,Metepec/Toluca premium,,,No website found,,https://www.google.com/maps/search/?api=1&query=Clinica%20Quiropedista%20Sandra%20Metepec%20Mexico,https://www.openstreetmap.org/node/12522199756,+52 722 280 4858,527222804858,valid_format_only,,,No público,El registro público de OpenStreetMap no incluye sitio web oficial.,El registro público de OpenStreetMap no incluye sitio web oficial. Fuente: OpenStreetMap. Rating/reseñas no disponibles en esta fuente.,https://nexo-local-studio-public.vercel.app,"Hola, buen día.

Somos Nexo Local Studio. Hacemos páginas web profesionales para negocios que quieren mostrar servicios, ubicación y contacto de forma clara desde el celular.

También podemos integrar un asistente con IA que responde preguntas frecuentes y guía al cliente hacia WhatsApp.

Pueden ver nuestra página aquí:
https://nexo-local-studio-public.vercel.app

Tenemos precios de lanzamiento desde $2,500 MXN. Si les interesa, podemos enviarles una propuesta breve.

Si prefieren no recibir más mensajes, respondan “baja”.",2026-07-17
B,13,Big Smile,Dental,Mexico,Metepec,Metepec/Toluca premium,,,No website found,,https://www.google.com/maps/search/?api=1&query=Big%20Smile%20Metepec%20Mexico,https://www.openstreetmap.org/node/12522204457,+52 722 654 2026,527226542026,valid_format_only,,,No público,El registro público de OpenStreetMap no incluye sitio web oficial.,El registro público de OpenStreetMap no incluye sitio web oficial. Fuente: OpenStreetMap. Rating/reseñas no disponibles en esta fuente.,https://nexo-local-studio-public.vercel.app,"Hola, buen día.

Somos Nexo Local Studio. Hacemos páginas web profesionales para negocios que quieren mostrar servicios, ubicación y contacto de forma clara desde el celular.

También podemos integrar un asistente con IA que responde preguntas frecuentes y guía al cliente hacia WhatsApp.

Pueden ver nuestra página aquí:
https://nexo-local-studio-public.vercel.app

Tenemos precios de lanzamiento desde $2,500 MXN. Si les interesa, podemos enviarles una propuesta breve.

Si prefieren no recibir más mensajes, respondan “baja”.",2026-07-17
B,13,Consultorio De Salud Bucal Atencion Integral Niños Y Adultos,Dental,Mexico,Metepec,Metepec/Toluca premium,,,No website found,,https://www.google.com/maps/search/?api=1&query=Consultorio%20De%20Salud%20Bucal%20Atencion%20Integral%20Ni%C3%B1os%20Y%20Adultos%20Metepec%20Mexico,https://www.openstreetmap.org/node/12522208203,+52 722 160 8330,527221608330,valid_format_only,,,No público,El registro público de OpenStreetMap no incluye sitio web oficial.,El registro público de OpenStreetMap no incluye sitio web oficial. Fuente: OpenStreetMap. Rating/reseñas no disponibles en esta fuente.,https://nexo-local-studio-public.vercel.app,"Hola, buen día.

Somos Nexo Local Studio. Hacemos páginas web profesionales para negocios que quieren mostrar servicios, ubicación y contacto de forma clara desde el celular.

También podemos integrar un asistente con IA que responde preguntas frecuentes y guía al cliente hacia WhatsApp.

Pueden ver nuestra página aquí:
https://nexo-local-studio-public.vercel.app

Tenemos precios de lanzamiento desde $2,500 MXN. Si les interesa, podemos enviarles una propuesta breve.

Si prefieren no recibir más mensajes, respondan “baja”.",2026-07-17
B,13,Clinica Dental Dentastic,Dental,Mexico,Metepec,Metepec/Toluca premium,,,No website found,,https://www.google.com/maps/search/?api=1&query=Clinica%20Dental%20Dentastic%20Metepec%20Mexico,https://www.openstreetmap.org/node/12522231990,+52 722 408 0031,527224080031,valid_format_only,,,No público,El registro público de OpenStreetMap no incluye sitio web oficial.,El registro público de OpenStreetMap no incluye sitio web oficial. Fuente: OpenStreetMap. Rating/reseñas no disponibles en esta fuente.,https://nexo-local-studio-public.vercel.app,"Hola, buen día.

Somos Nexo Local Studio. Hacemos páginas web profesionales para negocios que quieren mostrar servicios, ubicación y contacto de forma clara desde el celular.

También podemos integrar un asistente con IA que responde preguntas frecuentes y guía al cliente hacia WhatsApp.

Pueden ver nuestra página aquí:
https://nexo-local-studio-public.vercel.app

Tenemos precios de lanzamiento desde $2,500 MXN. Si les interesa, podemos enviarles una propuesta breve.

Si prefieren no recibir más mensajes, respondan “baja”.",2026-07-17
B,13,Consultorio Dental Angle,Dental,Mexico,Metepec,Metepec/Toluca premium,,,No website found,,https://www.google.com/maps/search/?api=1&query=Consultorio%20Dental%20Angle%20Metepec%20Mexico,https://www.openstreetmap.org/node/12522232596,+52 722 270 3307,527222703307,valid_format_only,,,No público,El registro público de OpenStreetMap no incluye sitio web oficial.,El registro público de OpenStreetMap no incluye sitio web oficial. Fuente: OpenStreetMap. Rating/reseñas no disponibles en esta fuente.,https://nexo-local-studio-public.vercel.app,"Hola, buen día.

Somos Nexo Local Studio. Hacemos páginas web profesionales para negocios que quieren mostrar servicios, ubicación y contacto de forma clara desde el celular.

También podemos integrar un asistente con IA que responde preguntas frecuentes y guía al cliente hacia WhatsApp.

Pueden ver nuestra página aquí:
https://nexo-local-studio-public.vercel.app

Tenemos precios de lanzamiento desde $2,500 MXN. Si les interesa, podemos enviarles una propuesta breve.

Si prefieren no recibir más mensajes, respondan “baja”.",2026-07-17
B,13,Karen,Dental,Mexico,Metepec,Metepec/Toluca premium,,,No website found,,https://www.google.com/maps/search/?api=1&query=Karen%20Metepec%20Mexico,https://www.openstreetmap.org/node/12523184642,+52 722 467 6373,527224676373,valid_format_only,,,No público,El registro público de OpenStreetMap no incluye sitio web oficial.,El registro público de OpenStreetMap no incluye sitio web oficial. Fuente: OpenStreetMap. Rating/reseñas no disponibles en esta fuente.,https://nexo-local-studio-public.vercel.app,"Hola, buen día.

Somos Nexo Local Studio. Hacemos páginas web profesionales para negocios que quieren mostrar servicios, ubicación y contacto de forma clara desde el celular.

También podemos integrar un asistente con IA que responde preguntas frecuentes y guía al cliente hacia WhatsApp.

Pueden ver nuestra página aquí:
https://nexo-local-studio-public.vercel.app

Tenemos precios de lanzamiento desde $2,500 MXN. Si les interesa, podemos enviarles una propuesta breve.

Si prefieren no recibir más mensajes, respondan “baja”.",2026-07-17
B,13,Imagen Dental Metepec,Dental,Mexico,Metepec,Metepec/Toluca premium,,,No website found,,https://www.google.com/maps/search/?api=1&query=Imagen%20Dental%20Metepec%20Metepec%20Mexico,https://www.openstreetmap.org/node/12523207637,+52 722 418 0504,527224180504,valid_format_only,,,No público,El registro público de OpenStreetMap no incluye sitio web oficial.,El registro público de OpenStreetMap no incluye sitio web oficial. Fuente: OpenStreetMap. Rating/reseñas no disponibles en esta fuente.,https://nexo-local-studio-public.vercel.app,"Hola, buen día.

Somos Nexo Local Studio. Hacemos páginas web profesionales para negocios que quieren mostrar servicios, ubicación y contacto de forma clara desde el celular.

También podemos integrar un asistente con IA que responde preguntas frecuentes y guía al cliente hacia WhatsApp.

Pueden ver nuestra página aquí:
https://nexo-local-studio-public.vercel.app

Tenemos precios de lanzamiento desde $2,500 MXN. Si les interesa, podemos enviarles una propuesta breve.

Si prefieren no recibir más mensajes, respondan “baja”.",2026-07-17
B,13,Consultorio De Ginecologia,Clínica estética,Mexico,Metepec,Metepec/Toluca premium,,,No website found,,https://www.google.com/maps/search/?api=1&query=Consultorio%20De%20Ginecologia%20Metepec%20Mexico,https://www.openstreetmap.org/node/12524345410,+52 722 212 0037,527222120037,valid_format_only,,,No público,El registro público de OpenStreetMap no incluye sitio web oficial.,El registro público de OpenStreetMap no incluye sitio web oficial. Fuente: OpenStreetMap. Rating/reseñas no disponibles en esta fuente.,https://nexo-local-studio-public.vercel.app,"Hola, buen día.

Somos Nexo Local Studio. Hacemos páginas web profesionales para negocios que quieren mostrar servicios, ubicación y contacto de forma clara desde el celular.

También podemos integrar un asistente con IA que responde preguntas frecuentes y guía al cliente hacia WhatsApp.

Pueden ver nuestra página aquí:
https://nexo-local-studio-public.vercel.app

Tenemos precios de lanzamiento desde $2,500 MXN. Si les interesa, podemos enviarles una propuesta breve.

Si prefieren no recibir más mensajes, respondan “baja”.",2026-07-17
B,13,Souri Clinica Dental,Dental,Mexico,Metepec,Metepec/Toluca premium,,,No website found,,https://www.google.com/maps/search/?api=1&query=Souri%20Clinica%20Dental%20Metepec%20Mexico,https://www.openstreetmap.org/node/12527080696,+52 722 615 2423,527226152423,valid_format_only,,,No público,El registro público de OpenStreetMap no incluye sitio web oficial.,El registro público de OpenStreetMap no incluye sitio web oficial. Fuente: OpenStreetMap. Rating/reseñas no disponibles en esta fuente.,https://nexo-local-studio-public.vercel.app,"Hola, buen día.

Somos Nexo Local Studio. Hacemos páginas web profesionales para negocios que quieren mostrar servicios, ubicación y contacto de forma clara desde el celular.

También podemos integrar un asistente con IA que responde preguntas frecuentes y guía al cliente hacia WhatsApp.

Pueden ver nuestra página aquí:
https://nexo-local-studio-public.vercel.app

Tenemos precios de lanzamiento desde $2,500 MXN. Si les interesa, podemos enviarles una propuesta breve.

Si prefieren no recibir más mensajes, respondan “baja”.",2026-07-17
B,13,Clinica Peter Dent,Dental,Mexico,Metepec,Metepec/Toluca premium,,,No website found,,https://www.google.com/maps/search/?api=1&query=Clinica%20Peter%20Dent%20Metepec%20Mexico,https://www.openstreetmap.org/node/12527287015,+52 722 219 5531,527222195531,valid_format_only,,,No público,El registro público de OpenStreetMap no incluye sitio web oficial.,El registro público de OpenStreetMap no incluye sitio web oficial. Fuente: OpenStreetMap. Rating/reseñas no disponibles en esta fuente.,https://nexo-local-studio-public.vercel.app,"Hola, buen día.

Somos Nexo Local Studio. Hacemos páginas web profesionales para negocios que quieren mostrar servicios, ubicación y contacto de forma clara desde el celular.

También podemos integrar un asistente con IA que responde preguntas frecuentes y guía al cliente hacia WhatsApp.

Pueden ver nuestra página aquí:
https://nexo-local-studio-public.vercel.app

Tenemos precios de lanzamiento desde $2,500 MXN. Si les interesa, podemos enviarles una propuesta breve.

Si prefieren no recibir más mensajes, respondan “baja”.",2026-07-17
B,13,Consultorio Medico Dr Jorge A Karam C,Clínica estética,Mexico,Metepec,Metepec/Toluca premium,,,No website found,,https://www.google.com/maps/search/?api=1&query=Consultorio%20Medico%20Dr%20Jorge%20A%20Karam%20C%20Metepec%20Mexico,https://www.openstreetmap.org/node/12527828610,+52 722 400 6089,527224006089,valid_format_only,,,No público,El registro público de OpenStreetMap no incluye sitio web oficial.,El registro público de OpenStreetMap no incluye sitio web oficial. Fuente: OpenStreetMap. Rating/reseñas no disponibles en esta fuente.,https://nexo-local-studio-public.vercel.app,"Hola, buen día.

Somos Nexo Local Studio. Hacemos páginas web profesionales para negocios que quieren mostrar servicios, ubicación y contacto de forma clara desde el celular.

También podemos integrar un asistente con IA que responde preguntas frecuentes y guía al cliente hacia WhatsApp.

Pueden ver nuestra página aquí:
https://nexo-local-studio-public.vercel.app

Tenemos precios de lanzamiento desde $2,500 MXN. Si les interesa, podemos enviarles una propuesta breve.

Si prefieren no recibir más mensajes, respondan “baja”.",2026-07-17
B,13,Consultorio Podologico,Clínica estética,Mexico,Metepec,Metepec/Toluca premium,,,No website found,,https://www.google.com/maps/search/?api=1&query=Consultorio%20Podologico%20Metepec%20Mexico,https://www.openstreetmap.org/node/12527870744,+52 722 215 8704,527222158704,valid_format_only,,,No público,El registro público de OpenStreetMap no incluye sitio web oficial.,El registro público de OpenStreetMap no incluye sitio web oficial. Fuente: OpenStreetMap. Rating/reseñas no disponibles en esta fuente.,https://nexo-local-studio-public.vercel.app,"Hola, buen día.

Somos Nexo Local Studio. Hacemos páginas web profesionales para negocios que quieren mostrar servicios, ubicación y contacto de forma clara desde el celular.

También podemos integrar un asistente con IA que responde preguntas frecuentes y guía al cliente hacia WhatsApp.

Pueden ver nuestra página aquí:
https://nexo-local-studio-public.vercel.app

Tenemos precios de lanzamiento desde $2,500 MXN. Si les interesa, podemos enviarles una propuesta breve.

Si prefieren no recibir más mensajes, respondan “baja”.",2026-07-17
B,13,Podologia Clinica Dedos-sanos,Clínica estética,Mexico,Metepec,Metepec/Toluca premium,,,No website found,,https://www.google.com/maps/search/?api=1&query=Podologia%20Clinica%20Dedos-sanos%20Metepec%20Mexico,https://www.openstreetmap.org/node/12527870831,+52 722 889 2804,527228892804,valid_format_only,,,No público,El registro público de OpenStreetMap no incluye sitio web oficial.,El registro público de OpenStreetMap no incluye sitio web oficial. Fuente: OpenStreetMap. Rating/reseñas no disponibles en esta fuente.,https://nexo-local-studio-public.vercel.app,"Hola, buen día.

Somos Nexo Local Studio. Hacemos páginas web profesionales para negocios que quieren mostrar servicios, ubicación y contacto de forma clara desde el celular.

También podemos integrar un asistente con IA que responde preguntas frecuentes y guía al cliente hacia WhatsApp.

Pueden ver nuestra página aquí:
https://nexo-local-studio-public.vercel.app

Tenemos precios de lanzamiento desde $2,500 MXN. Si les interesa, podemos enviarles una propuesta breve.

Si prefieren no recibir más mensajes, respondan “baja”.",2026-07-17
B,13,Smile Dental Clinica Odontologica,Dental,Mexico,Metepec,Metepec/Toluca premium,,,No website found,,https://www.google.com/maps/search/?api=1&query=Smile%20Dental%20Clinica%20Odontologica%20Metepec%20Mexico,https://www.openstreetmap.org/node/12527937577,+52 722 240 9944,527222409944,valid_format_only,,,No público,El registro público de OpenStreetMap no incluye sitio web oficial.,El registro público de OpenStreetMap no incluye sitio web oficial. Fuente: OpenStreetMap. Rating/reseñas no disponibles en esta fuente.,https://nexo-local-studio-public.vercel.app,"Hola, buen día.

Somos Nexo Local Studio. Hacemos páginas web profesionales para negocios que quieren mostrar servicios, ubicación y contacto de forma clara desde el celular.

También podemos integrar un asistente con IA que responde preguntas frecuentes y guía al cliente hacia WhatsApp.

Pueden ver nuestra página aquí:
https://nexo-local-studio-public.vercel.app

Tenemos precios de lanzamiento desde $2,500 MXN. Si les interesa, podemos enviarles una propuesta breve.

Si prefieren no recibir más mensajes, respondan “baja”.",2026-07-17
B,13,Komunica Klinic,Clínica estética,Mexico,Metepec,Metepec/Toluca premium,,,No website found,,https://www.google.com/maps/search/?api=1&query=Komunica%20Klinic%20Metepec%20Mexico,https://www.openstreetmap.org/node/12528199224,+52 722 209 0138,527222090138,valid_format_only,,,No público,El registro público de OpenStreetMap no incluye sitio web oficial.,El registro público de OpenStreetMap no incluye sitio web oficial. Fuente: OpenStreetMap. Rating/reseñas no disponibles en esta fuente.,https://nexo-local-studio-public.vercel.app,"Hola, buen día.

Somos Nexo Local Studio. Hacemos páginas web profesionales para negocios que quieren mostrar servicios, ubicación y contacto de forma clara desde el celular.

También podemos integrar un asistente con IA que responde preguntas frecuentes y guía al cliente hacia WhatsApp.

Pueden ver nuestra página aquí:
https://nexo-local-studio-public.vercel.app

Tenemos precios de lanzamiento desde $2,500 MXN. Si les interesa, podemos enviarles una propuesta breve.

Si prefieren no recibir más mensajes, respondan “baja”.",2026-07-17
B,13,Family Dentist,Dental,Mexico,Metepec,Metepec/Toluca premium,,,No website found,,https://www.google.com/maps/search/?api=1&query=Family%20Dentist%20Metepec%20Mexico,https://www.openstreetmap.org/node/12528228446,+52 722 284 6452,527222846452,valid_format_only,,,No público,El registro público de OpenStreetMap no incluye sitio web oficial.,El registro público de OpenStreetMap no incluye sitio web oficial. Fuente: OpenStreetMap. Rating/reseñas no disponibles en esta fuente.,https://nexo-local-studio-public.vercel.app,"Hola, buen día.

Somos Nexo Local Studio. Hacemos páginas web profesionales para negocios que quieren mostrar servicios, ubicación y contacto de forma clara desde el celular.

También podemos integrar un asistente con IA que responde preguntas frecuentes y guía al cliente hacia WhatsApp.

Pueden ver nuestra página aquí:
https://nexo-local-studio-public.vercel.app

Tenemos precios de lanzamiento desde $2,500 MXN. Si les interesa, podemos enviarles una propuesta breve.

Si prefieren no recibir más mensajes, respondan “baja”.",2026-07-17
B,13,Especialistas En Salud Mental Koena,Clínica estética,Mexico,Metepec,Metepec/Toluca premium,,,No website found,,https://www.google.com/maps/search/?api=1&query=Especialistas%20En%20Salud%20Mental%20Koena%20Metepec%20Mexico,https://www.openstreetmap.org/node/12528301358,+52 722 426 5286,527224265286,valid_format_only,,,No público,El registro público de OpenStreetMap no incluye sitio web oficial.,El registro público de OpenStreetMap no incluye sitio web oficial. Fuente: OpenStreetMap. Rating/reseñas no disponibles en esta fuente.,https://nexo-local-studio-public.vercel.app,"Hola, buen día.

Somos Nexo Local Studio. Hacemos páginas web profesionales para negocios que quieren mostrar servicios, ubicación y contacto de forma clara desde el celular.

También podemos integrar un asistente con IA que responde preguntas frecuentes y guía al cliente hacia WhatsApp.

Pueden ver nuestra página aquí:
https://nexo-local-studio-public.vercel.app

Tenemos precios de lanzamiento desde $2,500 MXN. Si les interesa, podemos enviarles una propuesta breve.

Si prefieren no recibir más mensajes, respondan “baja”.",2026-07-17
B,13,Clínica dental Providente,Dental,Mexico,Metepec,Metepec/Toluca premium,,,No website found,,https://www.google.com/maps/search/?api=1&query=Cl%C3%ADnica%20dental%20Providente%20Metepec%20Mexico,https://www.openstreetmap.org/node/12530506574,+52 722 179 3335,527221793335,valid_format_only,,,No público,El registro público de OpenStreetMap no incluye sitio web oficial.,El registro público de OpenStreetMap no incluye sitio web oficial. Fuente: OpenStreetMap. Rating/reseñas no disponibles en esta fuente.,https://nexo-local-studio-public.vercel.app,"Hola, buen día.

Somos Nexo Local Studio. Hacemos páginas web profesionales para negocios que quieren mostrar servicios, ubicación y contacto de forma clara desde el celular.

También podemos integrar un asistente con IA que responde preguntas frecuentes y guía al cliente hacia WhatsApp.

Pueden ver nuestra página aquí:
https://nexo-local-studio-public.vercel.app

Tenemos precios de lanzamiento desde $2,500 MXN. Si les interesa, podemos enviarles una propuesta breve.

Si prefieren no recibir más mensajes, respondan “baja”.",2026-07-17
B,13,Consultorio De Odontologia Integral,Dental,Mexico,Metepec,Metepec/Toluca premium,,,No website found,,https://www.google.com/maps/search/?api=1&query=Consultorio%20De%20Odontologia%20Integral%20Metepec%20Mexico,https://www.openstreetmap.org/node/12530571748,+52 722 204 8999,527222048999,valid_format_only,,,No público,El registro público de OpenStreetMap no incluye sitio web oficial.,El registro público de OpenStreetMap no incluye sitio web oficial. Fuente: OpenStreetMap. Rating/reseñas no disponibles en esta fuente.,https://nexo-local-studio-public.vercel.app,"Hola, buen día.

Somos Nexo Local Studio. Hacemos páginas web profesionales para negocios que quieren mostrar servicios, ubicación y contacto de forma clara desde el celular.

También podemos integrar un asistente con IA que responde preguntas frecuentes y guía al cliente hacia WhatsApp.

Pueden ver nuestra página aquí:
https://nexo-local-studio-public.vercel.app

Tenemos precios de lanzamiento desde $2,500 MXN. Si les interesa, podemos enviarles una propuesta breve.

Si prefieren no recibir más mensajes, respondan “baja”.",2026-07-17
B,13,Consultorio De Rehabilitacion,Clínica estética,Mexico,Metepec,Metepec/Toluca premium,,,No website found,,https://www.google.com/maps/search/?api=1&query=Consultorio%20De%20Rehabilitacion%20Metepec%20Mexico,https://www.openstreetmap.org/node/12533409987,+52 722 461 2892,527224612892,valid_format_only,,,No público,El registro público de OpenStreetMap no incluye sitio web oficial.,El registro público de OpenStreetMap no incluye sitio web oficial. Fuente: OpenStreetMap. Rating/reseñas no disponibles en esta fuente.,https://nexo-local-studio-public.vercel.app,"Hola, buen día.

Somos Nexo Local Studio. Hacemos páginas web profesionales para negocios que quieren mostrar servicios, ubicación y contacto de forma clara desde el celular.

También podemos integrar un asistente con IA que responde preguntas frecuentes y guía al cliente hacia WhatsApp.

Pueden ver nuestra página aquí:
https://nexo-local-studio-public.vercel.app

Tenemos precios de lanzamiento desde $2,500 MXN. Si les interesa, podemos enviarles una propuesta breve.

Si prefieren no recibir más mensajes, respondan “baja”.",2026-07-17
B,13,Creando Sonrisas,Dental,Mexico,Metepec,Metepec/Toluca premium,,,No website found,,https://www.google.com/maps/search/?api=1&query=Creando%20Sonrisas%20Metepec%20Mexico,https://www.openstreetmap.org/node/12534617064,+52 722 392 1828,527223921828,valid_format_only,,,No público,El registro público de OpenStreetMap no incluye sitio web oficial.,El registro público de OpenStreetMap no incluye sitio web oficial. Fuente: OpenStreetMap. Rating/reseñas no disponibles en esta fuente.,https://nexo-local-studio-public.vercel.app,"Hola, buen día.

Somos Nexo Local Studio. Hacemos páginas web profesionales para negocios que quieren mostrar servicios, ubicación y contacto de forma clara desde el celular.

También podemos integrar un asistente con IA que responde preguntas frecuentes y guía al cliente hacia WhatsApp.

Pueden ver nuestra página aquí:
https://nexo-local-studio-public.vercel.app

Tenemos precios de lanzamiento desde $2,500 MXN. Si les interesa, podemos enviarles una propuesta breve.

Si prefieren no recibir más mensajes, respondan “baja”.",2026-07-17
B,13,Masaje Profesional Y Terapéutico Hands & Feets,Clínica estética,Mexico,Metepec,Metepec/Toluca premium,,,No website found,,https://www.google.com/maps/search/?api=1&query=Masaje%20Profesional%20Y%20Terap%C3%A9utico%20Hands%20%26%20Feets%20Metepec%20Mexico,https://www.openstreetmap.org/node/12534620254,+52 722 224 7139,527222247139,valid_format_only,,,No público,El registro público de OpenStreetMap no incluye sitio web oficial.,El registro público de OpenStreetMap no incluye sitio web oficial. Fuente: OpenStreetMap. Rating/reseñas no disponibles en esta fuente.,https://nexo-local-studio-public.vercel.app,"Hola, buen día.

Somos Nexo Local Studio. Hacemos páginas web profesionales para negocios que quieren mostrar servicios, ubicación y contacto de forma clara desde el celular.

También podemos integrar un asistente con IA que responde preguntas frecuentes y guía al cliente hacia WhatsApp.

Pueden ver nuestra página aquí:
https://nexo-local-studio-public.vercel.app

Tenemos precios de lanzamiento desde $2,500 MXN. Si les interesa, podemos enviarles una propuesta breve.

Si prefieren no recibir más mensajes, respondan “baja”.",2026-07-17
B,13,Clinica Dental Sagrado Corazon,Dental,Mexico,Metepec,Metepec/Toluca premium,,,No website found,,https://www.google.com/maps/search/?api=1&query=Clinica%20Dental%20Sagrado%20Corazon%20Metepec%20Mexico,https://www.openstreetmap.org/node/12535298514,+52 722 280 6641,527222806641,valid_format_only,,,No público,El registro público de OpenStreetMap no incluye sitio web oficial.,El registro público de OpenStreetMap no incluye sitio web oficial. Fuente: OpenStreetMap. Rating/reseñas no disponibles en esta fuente.,https://nexo-local-studio-public.vercel.app,"Hola, buen día.

Somos Nexo Local Studio. Hacemos páginas web profesionales para negocios que quieren mostrar servicios, ubicación y contacto de forma clara desde el celular.

También podemos integrar un asistente con IA que responde preguntas frecuentes y guía al cliente hacia WhatsApp.

Pueden ver nuestra página aquí:
https://nexo-local-studio-public.vercel.app

Tenemos precios de lanzamiento desde $2,500 MXN. Si les interesa, podemos enviarles una propuesta breve.

Si prefieren no recibir más mensajes, respondan “baja”.",2026-07-17
B,13,Odontologia Especializada,Dental,Mexico,Metepec,Metepec/Toluca premium,,,No website found,,https://www.google.com/maps/search/?api=1&query=Odontologia%20Especializada%20Metepec%20Mexico,https://www.openstreetmap.org/node/12535323271,+52 722 394 1672,527223941672,valid_format_only,,,No público,El registro público de OpenStreetMap no incluye sitio web oficial.,El registro público de OpenStreetMap no incluye sitio web oficial. Fuente: OpenStreetMap. Rating/reseñas no disponibles en esta fuente.,https://nexo-local-studio-public.vercel.app,"Hola, buen día.

Somos Nexo Local Studio. Hacemos páginas web profesionales para negocios que quieren mostrar servicios, ubicación y contacto de forma clara desde el celular.

También podemos integrar un asistente con IA que responde preguntas frecuentes y guía al cliente hacia WhatsApp.

Pueden ver nuestra página aquí:
https://nexo-local-studio-public.vercel.app

Tenemos precios de lanzamiento desde $2,500 MXN. Si les interesa, podemos enviarles una propuesta breve.

Si prefieren no recibir más mensajes, respondan “baja”.",2026-07-17
B,13,Consultorio Dental Doctor Jorge Coronado Baltazar,Dental,Mexico,Metepec,Metepec/Toluca premium,,,No website found,,https://www.google.com/maps/search/?api=1&query=Consultorio%20Dental%20Doctor%20Jorge%20Coronado%20Baltazar%20Metepec%20Mexico,https://www.openstreetmap.org/node/12535354846,+52 722 253 4879,527222534879,valid_format_only,,,No público,El registro público de OpenStreetMap no incluye sitio web oficial.,El registro público de OpenStreetMap no incluye sitio web oficial. Fuente: OpenStreetMap. Rating/reseñas no disponibles en esta fuente.,https://nexo-local-studio-public.vercel.app,"Hola, buen día.

Somos Nexo Local Studio. Hacemos páginas web profesionales para negocios que quieren mostrar servicios, ubicación y contacto de forma clara desde el celular.

También podemos integrar un asistente con IA que responde preguntas frecuentes y guía al cliente hacia WhatsApp.

Pueden ver nuestra página aquí:
https://nexo-local-studio-public.vercel.app

Tenemos precios de lanzamiento desde $2,500 MXN. Si les interesa, podemos enviarles una propuesta breve.

Si prefieren no recibir más mensajes, respondan “baja”.",2026-07-17
B,13,Medica Del Valle,Clínica estética,Mexico,Metepec,Metepec/Toluca premium,,,No website found,,https://www.google.com/maps/search/?api=1&query=Medica%20Del%20Valle%20Metepec%20Mexico,https://www.openstreetmap.org/node/12535446897,+52 722 217 2004,527222172004,valid_format_only,,,No público,El registro público de OpenStreetMap no incluye sitio web oficial.,El registro público de OpenStreetMap no incluye sitio web oficial. Fuente: OpenStreetMap. Rating/reseñas no disponibles en esta fuente.,https://nexo-local-studio-public.vercel.app,"Hola, buen día.

Somos Nexo Local Studio. Hacemos páginas web profesionales para negocios que quieren mostrar servicios, ubicación y contacto de forma clara desde el celular.

También podemos integrar un asistente con IA que responde preguntas frecuentes y guía al cliente hacia WhatsApp.

Pueden ver nuestra página aquí:
https://nexo-local-studio-public.vercel.app

Tenemos precios de lanzamiento desde $2,500 MXN. Si les interesa, podemos enviarles una propuesta breve.

Si prefieren no recibir más mensajes, respondan “baja”.",2026-07-17
B,13,Hernandez Odontologia,Dental,Mexico,Metepec,Metepec/Toluca premium,,,No website found,,https://www.google.com/maps/search/?api=1&query=Hernandez%20Odontologia%20Metepec%20Mexico,https://www.openstreetmap.org/node/12535455969,+52 722 214 7625,527222147625,valid_format_only,,,No público,El registro público de OpenStreetMap no incluye sitio web oficial.,El registro público de OpenStreetMap no incluye sitio web oficial. Fuente: OpenStreetMap. Rating/reseñas no disponibles en esta fuente.,https://nexo-local-studio-public.vercel.app,"Hola, buen día.

Somos Nexo Local Studio. Hacemos páginas web profesionales para negocios que quieren mostrar servicios, ubicación y contacto de forma clara desde el celular.

También podemos integrar un asistente con IA que responde preguntas frecuentes y guía al cliente hacia WhatsApp.

Pueden ver nuestra página aquí:
https://nexo-local-studio-public.vercel.app

Tenemos precios de lanzamiento desde $2,500 MXN. Si les interesa, podemos enviarles una propuesta breve.

Si prefieren no recibir más mensajes, respondan “baja”.",2026-07-17
B,13,Centro De Fisioterapia Avanzada,Clínica estética,Mexico,Metepec,Metepec/Toluca premium,,,No website found,,https://www.google.com/maps/search/?api=1&query=Centro%20De%20Fisioterapia%20Avanzada%20Metepec%20Mexico,https://www.openstreetmap.org/node/12536548957,+52 722 350 8346,527223508346,valid_format_only,,,No público,El registro público de OpenStreetMap no incluye sitio web oficial.,El registro público de OpenStreetMap no incluye sitio web oficial. Fuente: OpenStreetMap. Rating/reseñas no disponibles en esta fuente.,https://nexo-local-studio-public.vercel.app,"Hola, buen día.

Somos Nexo Local Studio. Hacemos páginas web profesionales para negocios que quieren mostrar servicios, ubicación y contacto de forma clara desde el celular.

También podemos integrar un asistente con IA que responde preguntas frecuentes y guía al cliente hacia WhatsApp.

Pueden ver nuestra página aquí:
https://nexo-local-studio-public.vercel.app

Tenemos precios de lanzamiento desde $2,500 MXN. Si les interesa, podemos enviarles una propuesta breve.

Si prefieren no recibir más mensajes, respondan “baja”.",2026-07-17
B,13,Especialistas En Salud Mental,Clínica estética,Mexico,Metepec,Metepec/Toluca premium,,,No website found,,https://www.google.com/maps/search/?api=1&query=Especialistas%20En%20Salud%20Mental%20Metepec%20Mexico,https://www.openstreetmap.org/node/12536868627,+52 722 439 7709,527224397709,valid_format_only,,,No público,El registro público de OpenStreetMap no incluye sitio web oficial.,El registro público de OpenStreetMap no incluye sitio web oficial. Fuente: OpenStreetMap. Rating/reseñas no disponibles en esta fuente.,https://nexo-local-studio-public.vercel.app,"Hola, buen día.

Somos Nexo Local Studio. Hacemos páginas web profesionales para negocios que quieren mostrar servicios, ubicación y contacto de forma clara desde el celular.

También podemos integrar un asistente con IA que responde preguntas frecuentes y guía al cliente hacia WhatsApp.

Pueden ver nuestra página aquí:
https://nexo-local-studio-public.vercel.app

Tenemos precios de lanzamiento desde $2,500 MXN. Si les interesa, podemos enviarles una propuesta breve.

Si prefieren no recibir más mensajes, respondan “baja”.",2026-07-17
B,13,Consultorio Sante De Acup Untura Humada,Clínica estética,Mexico,Metepec,Metepec/Toluca premium,,,No website found,,https://www.google.com/maps/search/?api=1&query=Consultorio%20Sante%20De%20Acup%20Untura%20Humada%20Metepec%20Mexico,https://www.openstreetmap.org/node/12537637889,+52 722 597 7395,527225977395,valid_format_only,,,No público,El registro público de OpenStreetMap no incluye sitio web oficial.,El registro público de OpenStreetMap no incluye sitio web oficial. Fuente: OpenStreetMap. Rating/reseñas no disponibles en esta fuente.,https://nexo-local-studio-public.vercel.app,"Hola, buen día.

Somos Nexo Local Studio. Hacemos páginas web profesionales para negocios que quieren mostrar servicios, ubicación y contacto de forma clara desde el celular.

También podemos integrar un asistente con IA que responde preguntas frecuentes y guía al cliente hacia WhatsApp.

Pueden ver nuestra página aquí:
https://nexo-local-studio-public.vercel.app

Tenemos precios de lanzamiento desde $2,500 MXN. Si les interesa, podemos enviarles una propuesta breve.

Si prefieren no recibir más mensajes, respondan “baja”.",2026-07-17
B,13,Consultirio dental,Dental,Mexico,Metepec,Metepec/Toluca premium,,,No website found,,https://www.google.com/maps/search/?api=1&query=Consultirio%20dental%20Metepec%20Mexico,https://www.openstreetmap.org/node/12537641675,+52 722 410 6439,527224106439,valid_format_only,,,No público,El registro público de OpenStreetMap no incluye sitio web oficial.,El registro público de OpenStreetMap no incluye sitio web oficial. Fuente: OpenStreetMap. Rating/reseñas no disponibles en esta fuente.,https://nexo-local-studio-public.vercel.app,"Hola, buen día.

Somos Nexo Local Studio. Hacemos páginas web profesionales para negocios que quieren mostrar servicios, ubicación y contacto de forma clara desde el celular.

También podemos integrar un asistente con IA que responde preguntas frecuentes y guía al cliente hacia WhatsApp.

Pueden ver nuestra página aquí:
https://nexo-local-studio-public.vercel.app

Tenemos precios de lanzamiento desde $2,500 MXN. Si les interesa, podemos enviarles una propuesta breve.

Si prefieren no recibir más mensajes, respondan “baja”.",2026-07-17
B,10,Escuela De Ingles On Way,Academia privada,Mexico,Metepec,Metepec/Toluca premium,,,No website found,,https://www.google.com/maps/search/?api=1&query=Escuela%20De%20Ingles%20On%20Way%20Metepec%20Mexico,https://www.openstreetmap.org/node/12537660740,+52 55 2564 6352,525525646352,valid_format_only,,,No público,El registro público de OpenStreetMap no incluye sitio web oficial.,El registro público de OpenStreetMap no incluye sitio web oficial. Fuente: OpenStreetMap. Rating/reseñas no disponibles en esta fuente.,https://nexo-local-studio-public.vercel.app,"Hola, buen día.

Somos Nexo Local Studio. Hacemos páginas web profesionales para negocios que quieren mostrar servicios, ubicación y contacto de forma clara desde el celular.

También podemos integrar un asistente con IA que responde preguntas frecuentes y guía al cliente hacia WhatsApp.

Pueden ver nuestra página aquí:
https://nexo-local-studio-public.vercel.app

Tenemos precios de lanzamiento desde $2,500 MXN. Si les interesa, podemos enviarles una propuesta breve.

Si prefieren no recibir más mensajes, respondan “baja”.",2026-07-17
B,12,Optica Mision,Óptica/Oftalmología premium,Mexico,Metepec,Metepec/Toluca premium,,,No website found,,https://www.google.com/maps/search/?api=1&query=Optica%20Mision%20Metepec%20Mexico,https://www.openstreetmap.org/node/12539600520,+52 722 211 9378,527222119378,valid_format_only,,,No público,El registro público de OpenStreetMap no incluye sitio web oficial.,El registro público de OpenStreetMap no incluye sitio web oficial. Fuente: OpenStreetMap. Rating/reseñas no disponibles en esta fuente.,https://nexo-local-studio-public.vercel.app,"Hola, buen día.

Somos Nexo Local Studio. Hacemos páginas web profesionales para negocios que quieren mostrar servicios, ubicación y contacto de forma clara desde el celular.

También podemos integrar un asistente con IA que responde preguntas frecuentes y guía al cliente hacia WhatsApp.

Pueden ver nuestra página aquí:
https://nexo-local-studio-public.vercel.app

Tenemos precios de lanzamiento desde $2,500 MXN. Si les interesa, podemos enviarles una propuesta breve.

Si prefieren no recibir más mensajes, respondan “baja”.",2026-07-17
B,13,Centro De Especialidades,Clínica estética,Mexico,Metepec,Metepec/Toluca premium,,,No website found,,https://www.google.com/maps/search/?api=1&query=Centro%20De%20Especialidades%20Metepec%20Mexico,https://www.openstreetmap.org/node/12539756360,+52 722 211 9549,527222119549,valid_format_only,,,No público,El registro público de OpenStreetMap no incluye sitio web oficial.,El registro público de OpenStreetMap no incluye sitio web oficial. Fuente: OpenStreetMap. Rating/reseñas no disponibles en esta fuente.,https://nexo-local-studio-public.vercel.app,"Hola, buen día.

Somos Nexo Local Studio. Hacemos páginas web profesionales para negocios que quieren mostrar servicios, ubicación y contacto de forma clara desde el celular.

También podemos integrar un asistente con IA que responde preguntas frecuentes y guía al cliente hacia WhatsApp.

Pueden ver nuestra página aquí:
https://nexo-local-studio-public.vercel.app

Tenemos precios de lanzamiento desde $2,500 MXN. Si les interesa, podemos enviarles una propuesta breve.

Si prefieren no recibir más mensajes, respondan “baja”.",2026-07-17
B,13,Clinica Dental Nishikawa,Dental,Mexico,Metepec,Metepec/Toluca premium,,,No website found,,https://www.google.com/maps/search/?api=1&query=Clinica%20Dental%20Nishikawa%20Metepec%20Mexico,https://www.openstreetmap.org/node/12539779350,+52 722 270 2614,527222702614,valid_format_only,,,No público,El registro público de OpenStreetMap no incluye sitio web oficial.,El registro público de OpenStreetMap no incluye sitio web oficial. Fuente: OpenStreetMap. Rating/reseñas no disponibles en esta fuente.,https://nexo-local-studio-public.vercel.app,"Hola, buen día.

Somos Nexo Local Studio. Hacemos páginas web profesionales para negocios que quieren mostrar servicios, ubicación y contacto de forma clara desde el celular.

También podemos integrar un asistente con IA que responde preguntas frecuentes y guía al cliente hacia WhatsApp.

Pueden ver nuestra página aquí:
https://nexo-local-studio-public.vercel.app

Tenemos precios de lanzamiento desde $2,500 MXN. Si les interesa, podemos enviarles una propuesta breve.

Si prefieren no recibir más mensajes, respondan “baja”.",2026-07-17
B,13,Consultorio Dental Montes De Oca,Dental,Mexico,Metepec,Metepec/Toluca premium,,,No website found,,https://www.google.com/maps/search/?api=1&query=Consultorio%20Dental%20Montes%20De%20Oca%20Metepec%20Mexico,https://www.openstreetmap.org/node/12540106656,+52 722 659 4081,527226594081,valid_format_only,,,No público,El registro público de OpenStreetMap no incluye sitio web oficial.,El registro público de OpenStreetMap no incluye sitio web oficial. Fuente: OpenStreetMap. Rating/reseñas no disponibles en esta fuente.,https://nexo-local-studio-public.vercel.app,"Hola, buen día.

Somos Nexo Local Studio. Hacemos páginas web profesionales para negocios que quieren mostrar servicios, ubicación y contacto de forma clara desde el celular.

También podemos integrar un asistente con IA que responde preguntas frecuentes y guía al cliente hacia WhatsApp.

Pueden ver nuestra página aquí:
https://nexo-local-studio-public.vercel.app

Tenemos precios de lanzamiento desde $2,500 MXN. Si les interesa, podemos enviarles una propuesta breve.

Si prefieren no recibir más mensajes, respondan “baja”.",2026-07-17
B,13,Consultorio Dental Diente De Leon,Dental,Mexico,Metepec,Metepec/Toluca premium,,,No website found,,https://www.google.com/maps/search/?api=1&query=Consultorio%20Dental%20Diente%20De%20Leon%20Metepec%20Mexico,https://www.openstreetmap.org/node/12540353034,+52 722 148 3728,527221483728,valid_format_only,,,No público,El registro público de OpenStreetMap no incluye sitio web oficial.,El registro público de OpenStreetMap no incluye sitio web oficial. Fuente: OpenStreetMap. Rating/reseñas no disponibles en esta fuente.,https://nexo-local-studio-public.vercel.app,"Hola, buen día.

Somos Nexo Local Studio. Hacemos páginas web profesionales para negocios que quieren mostrar servicios, ubicación y contacto de forma clara desde el celular.

También podemos integrar un asistente con IA que responde preguntas frecuentes y guía al cliente hacia WhatsApp.

Pueden ver nuestra página aquí:
https://nexo-local-studio-public.vercel.app

Tenemos precios de lanzamiento desde $2,500 MXN. Si les interesa, podemos enviarles una propuesta breve.

Si prefieren no recibir más mensajes, respondan “baja”.",2026-07-17
B,13,Consultorio Medico Dermatologico,Clínica estética,Mexico,Metepec,Metepec/Toluca premium,,,No website found,,https://www.google.com/maps/search/?api=1&query=Consultorio%20Medico%20Dermatologico%20Metepec%20Mexico,https://www.openstreetmap.org/node/12540593927,+52 55 4094 8930,525540948930,valid_format_only,,,No público,El registro público de OpenStreetMap no incluye sitio web oficial.,El registro público de OpenStreetMap no incluye sitio web oficial. Fuente: OpenStreetMap. Rating/reseñas no disponibles en esta fuente.,https://nexo-local-studio-public.vercel.app,"Hola, buen día.

Somos Nexo Local Studio. Hacemos páginas web profesionales para negocios que quieren mostrar servicios, ubicación y contacto de forma clara desde el celular.

También podemos integrar un asistente con IA que responde preguntas frecuentes y guía al cliente hacia WhatsApp.

Pueden ver nuestra página aquí:
https://nexo-local-studio-public.vercel.app

Tenemos precios de lanzamiento desde $2,500 MXN. Si les interesa, podemos enviarles una propuesta breve.

Si prefieren no recibir más mensajes, respondan “baja”.",2026-07-17
B,13,Laboratorio Dental Mimi,Dental,Mexico,Metepec,Metepec/Toluca premium,,,No website found,,https://www.google.com/maps/search/?api=1&query=Laboratorio%20Dental%20Mimi%20Metepec%20Mexico,https://www.openstreetmap.org/node/12540640875,+52 722 633 6386,527226336386,valid_format_only,,,No público,El registro público de OpenStreetMap no incluye sitio web oficial.,El registro público de OpenStreetMap no incluye sitio web oficial. Fuente: OpenStreetMap. Rating/reseñas no disponibles en esta fuente.,https://nexo-local-studio-public.vercel.app,"Hola, buen día.

Somos Nexo Local Studio. Hacemos páginas web profesionales para negocios que quieren mostrar servicios, ubicación y contacto de forma clara desde el celular.

También podemos integrar un asistente con IA que responde preguntas frecuentes y guía al cliente hacia WhatsApp.

Pueden ver nuestra página aquí:
https://nexo-local-studio-public.vercel.app

Tenemos precios de lanzamiento desde $2,500 MXN. Si les interesa, podemos enviarles una propuesta breve.

Si prefieren no recibir más mensajes, respondan “baja”.",2026-07-17
B,13,Clinica Dental Dentissimo,Dental,Mexico,Metepec,Metepec/Toluca premium,,,No website found,,https://www.google.com/maps/search/?api=1&query=Clinica%20Dental%20Dentissimo%20Metepec%20Mexico,https://www.openstreetmap.org/node/12540672439,+52 722 388 4745,527223884745,valid_format_only,,,No público,El registro público de OpenStreetMap no incluye sitio web oficial.,El registro público de OpenStreetMap no incluye sitio web oficial. Fuente: OpenStreetMap. Rating/reseñas no disponibles en esta fuente.,https://nexo-local-studio-public.vercel.app,"Hola, buen día.

Somos Nexo Local Studio. Hacemos páginas web profesionales para negocios que quieren mostrar servicios, ubicación y contacto de forma clara desde el celular.

También podemos integrar un asistente con IA que responde preguntas frecuentes y guía al cliente hacia WhatsApp.

Pueden ver nuestra página aquí:
https://nexo-local-studio-public.vercel.app

Tenemos precios de lanzamiento desde $2,500 MXN. Si les interesa, podemos enviarles una propuesta breve.

Si prefieren no recibir más mensajes, respondan “baja”.",2026-07-17
B,13,Odontologia estética,Dental,Mexico,Metepec,Metepec/Toluca premium,,,No website found,,https://www.google.com/maps/search/?api=1&query=Odontologia%20est%C3%A9tica%20Metepec%20Mexico,https://www.openstreetmap.org/node/12540680292,+52 722 212 1311,527222121311,valid_format_only,,,No público,El registro público de OpenStreetMap no incluye sitio web oficial.,El registro público de OpenStreetMap no incluye sitio web oficial. Fuente: OpenStreetMap. Rating/reseñas no disponibles en esta fuente.,https://nexo-local-studio-public.vercel.app,"Hola, buen día.

Somos Nexo Local Studio. Hacemos páginas web profesionales para negocios que quieren mostrar servicios, ubicación y contacto de forma clara desde el celular.

También podemos integrar un asistente con IA que responde preguntas frecuentes y guía al cliente hacia WhatsApp.

Pueden ver nuestra página aquí:
https://nexo-local-studio-public.vercel.app

Tenemos precios de lanzamiento desde $2,500 MXN. Si les interesa, podemos enviarles una propuesta breve.

Si prefieren no recibir más mensajes, respondan “baja”.",2026-07-17
B,13,Consultorio De Odontopediatria,Dental,Mexico,Metepec,Metepec/Toluca premium,,,No website found,,https://www.google.com/maps/search/?api=1&query=Consultorio%20De%20Odontopediatria%20Metepec%20Mexico,https://www.openstreetmap.org/node/12540987038,+52 722 280 3072,527222803072,valid_format_only,,,No público,El registro público de OpenStreetMap no incluye sitio web oficial.,El registro público de OpenStreetMap no incluye sitio web oficial. Fuente: OpenStreetMap. Rating/reseñas no disponibles en esta fuente.,https://nexo-local-studio-public.vercel.app,"Hola, buen día.

Somos Nexo Local Studio. Hacemos páginas web profesionales para negocios que quieren mostrar servicios, ubicación y contacto de forma clara desde el celular.

También podemos integrar un asistente con IA que responde preguntas frecuentes y guía al cliente hacia WhatsApp.

Pueden ver nuestra página aquí:
https://nexo-local-studio-public.vercel.app

Tenemos precios de lanzamiento desde $2,500 MXN. Si les interesa, podemos enviarles una propuesta breve.

Si prefieren no recibir más mensajes, respondan “baja”.",2026-07-17
B,13,Sport Medica,Clínica estética,Mexico,Metepec,Metepec/Toluca premium,,,No website found,,https://www.google.com/maps/search/?api=1&query=Sport%20Medica%20Metepec%20Mexico,https://www.openstreetmap.org/node/12542170741,+52 722 274 0290,527222740290,valid_format_only,,,No público,El registro público de OpenStreetMap no incluye sitio web oficial.,El registro público de OpenStreetMap no incluye sitio web oficial. Fuente: OpenStreetMap. Rating/reseñas no disponibles en esta fuente.,https://nexo-local-studio-public.vercel.app,"Hola, buen día.

Somos Nexo Local Studio. Hacemos páginas web profesionales para negocios que quieren mostrar servicios, ubicación y contacto de forma clara desde el celular.

También podemos integrar un asistente con IA que responde preguntas frecuentes y guía al cliente hacia WhatsApp.

Pueden ver nuestra página aquí:
https://nexo-local-studio-public.vercel.app

Tenemos precios de lanzamiento desde $2,500 MXN. Si les interesa, podemos enviarles una propuesta breve.

Si prefieren no recibir más mensajes, respondan “baja”.",2026-07-17
B,12,Optik Sol,Óptica/Oftalmología premium,Mexico,Metepec,Metepec/Toluca premium,,,No website found,,https://www.google.com/maps/search/?api=1&query=Optik%20Sol%20Metepec%20Mexico,https://www.openstreetmap.org/node/12542684546,+52 722 294 4377,527222944377,valid_format_only,,,No público,El registro público de OpenStreetMap no incluye sitio web oficial.,El registro público de OpenStreetMap no incluye sitio web oficial. Fuente: OpenStreetMap. Rating/reseñas no disponibles en esta fuente.,https://nexo-local-studio-public.vercel.app,"Hola, buen día.

Somos Nexo Local Studio. Hacemos páginas web profesionales para negocios que quieren mostrar servicios, ubicación y contacto de forma clara desde el celular.

También podemos integrar un asistente con IA que responde preguntas frecuentes y guía al cliente hacia WhatsApp.

Pueden ver nuestra página aquí:
https://nexo-local-studio-public.vercel.app

Tenemos precios de lanzamiento desde $2,500 MXN. Si les interesa, podemos enviarles una propuesta breve.

Si prefieren no recibir más mensajes, respondan “baja”.",2026-07-17
B,13,Consultorio Psicologico Lic. Michelle Garcia Lopez,Clínica estética,Mexico,Metepec,Metepec/Toluca premium,,,No website found,,https://www.google.com/maps/search/?api=1&query=Consultorio%20Psicologico%20Lic.%20Michelle%20Garcia%20Lopez%20Metepec%20Mexico,https://www.openstreetmap.org/node/12542716490,+52 55 4145 6077,525541456077,valid_format_only,,,No público,El registro público de OpenStreetMap no incluye sitio web oficial.,El registro público de OpenStreetMap no incluye sitio web oficial. Fuente: OpenStreetMap. Rating/reseñas no disponibles en esta fuente.,https://nexo-local-studio-public.vercel.app,"Hola, buen día.

Somos Nexo Local Studio. Hacemos páginas web profesionales para negocios que quieren mostrar servicios, ubicación y contacto de forma clara desde el celular.

También podemos integrar un asistente con IA que responde preguntas frecuentes y guía al cliente hacia WhatsApp.

Pueden ver nuestra página aquí:
https://nexo-local-studio-public.vercel.app

Tenemos precios de lanzamiento desde $2,500 MXN. Si les interesa, podemos enviarles una propuesta breve.

Si prefieren no recibir más mensajes, respondan “baja”.",2026-07-17
B,13,Consultorio Psicoanalisis & Vida,Clínica estética,Mexico,Metepec,Metepec/Toluca premium,,,No website found,,https://www.google.com/maps/search/?api=1&query=Consultorio%20Psicoanalisis%20%26%20Vida%20Metepec%20Mexico,https://www.openstreetmap.org/node/12542769979,+52 722 303 5236,527223035236,valid_format_only,,,No público,El registro público de OpenStreetMap no incluye sitio web oficial.,El registro público de OpenStreetMap no incluye sitio web oficial. Fuente: OpenStreetMap. Rating/reseñas no disponibles en esta fuente.,https://nexo-local-studio-public.vercel.app,"Hola, buen día.

Somos Nexo Local Studio. Hacemos páginas web profesionales para negocios que quieren mostrar servicios, ubicación y contacto de forma clara desde el celular.

También podemos integrar un asistente con IA que responde preguntas frecuentes y guía al cliente hacia WhatsApp.

Pueden ver nuestra página aquí:
https://nexo-local-studio-public.vercel.app

Tenemos precios de lanzamiento desde $2,500 MXN. Si les interesa, podemos enviarles una propuesta breve.

Si prefieren no recibir más mensajes, respondan “baja”.",2026-07-17
B,13,Consultorio Fisioterapeutico,Clínica estética,Mexico,Metepec,Metepec/Toluca premium,,,No website found,,https://www.google.com/maps/search/?api=1&query=Consultorio%20Fisioterapeutico%20Metepec%20Mexico,https://www.openstreetmap.org/node/12542948859,+52 722 521 4930,527225214930,valid_format_only,,,No público,El registro público de OpenStreetMap no incluye sitio web oficial.,El registro público de OpenStreetMap no incluye sitio web oficial. Fuente: OpenStreetMap. Rating/reseñas no disponibles en esta fuente.,https://nexo-local-studio-public.vercel.app,"Hola, buen día.

Somos Nexo Local Studio. Hacemos páginas web profesionales para negocios que quieren mostrar servicios, ubicación y contacto de forma clara desde el celular.

También podemos integrar un asistente con IA que responde preguntas frecuentes y guía al cliente hacia WhatsApp.

Pueden ver nuestra página aquí:
https://nexo-local-studio-public.vercel.app

Tenemos precios de lanzamiento desde $2,500 MXN. Si les interesa, podemos enviarles una propuesta breve.

Si prefieren no recibir más mensajes, respondan “baja”.",2026-07-17
B,13,Grupo Médico Cipress,Clínica estética,Mexico,Metepec,Metepec/Toluca premium,,,No website found,,https://www.google.com/maps/search/?api=1&query=Grupo%20M%C3%A9dico%20Cipress%20Metepec%20Mexico,https://www.openstreetmap.org/node/12542985369,+52 722 212 4359,527222124359,valid_format_only,,,No público,El registro público de OpenStreetMap no incluye sitio web oficial.,El registro público de OpenStreetMap no incluye sitio web oficial. Fuente: OpenStreetMap. Rating/reseñas no disponibles en esta fuente.,https://nexo-local-studio-public.vercel.app,"Hola, buen día.

Somos Nexo Local Studio. Hacemos páginas web profesionales para negocios que quieren mostrar servicios, ubicación y contacto de forma clara desde el celular.

También podemos integrar un asistente con IA que responde preguntas frecuentes y guía al cliente hacia WhatsApp.

Pueden ver nuestra página aquí:
https://nexo-local-studio-public.vercel.app

Tenemos precios de lanzamiento desde $2,500 MXN. Si les interesa, podemos enviarles una propuesta breve.

Si prefieren no recibir más mensajes, respondan “baja”.",2026-07-17
B,13,Perfect Smile Dental,Dental,Mexico,Metepec,Metepec/Toluca premium,,,No website found,,https://www.google.com/maps/search/?api=1&query=Perfect%20Smile%20Dental%20Metepec%20Mexico,https://www.openstreetmap.org/node/12542997832,+52 722 461 3447,527224613447,valid_format_only,,,No público,El registro público de OpenStreetMap no incluye sitio web oficial.,El registro público de OpenStreetMap no incluye sitio web oficial. Fuente: OpenStreetMap. Rating/reseñas no disponibles en esta fuente.,https://nexo-local-studio-public.vercel.app,"Hola, buen día.

Somos Nexo Local Studio. Hacemos páginas web profesionales para negocios que quieren mostrar servicios, ubicación y contacto de forma clara desde el celular.

También podemos integrar un asistente con IA que responde preguntas frecuentes y guía al cliente hacia WhatsApp.

Pueden ver nuestra página aquí:
https://nexo-local-studio-public.vercel.app

Tenemos precios de lanzamiento desde $2,500 MXN. Si les interesa, podemos enviarles una propuesta breve.

Si prefieren no recibir más mensajes, respondan “baja”.",2026-07-17
B,13,Consultorio De Traumatologia,Clínica estética,Mexico,Metepec,Metepec/Toluca premium,,,No website found,,https://www.google.com/maps/search/?api=1&query=Consultorio%20De%20Traumatologia%20Metepec%20Mexico,https://www.openstreetmap.org/node/12543001999,+52 722 208 4237,527222084237,valid_format_only,,,No público,El registro público de OpenStreetMap no incluye sitio web oficial.,El registro público de OpenStreetMap no incluye sitio web oficial. Fuente: OpenStreetMap. Rating/reseñas no disponibles en esta fuente.,https://nexo-local-studio-public.vercel.app,"Hola, buen día.

Somos Nexo Local Studio. Hacemos páginas web profesionales para negocios que quieren mostrar servicios, ubicación y contacto de forma clara desde el celular.

También podemos integrar un asistente con IA que responde preguntas frecuentes y guía al cliente hacia WhatsApp.

Pueden ver nuestra página aquí:
https://nexo-local-studio-public.vercel.app

Tenemos precios de lanzamiento desde $2,500 MXN. Si les interesa, podemos enviarles una propuesta breve.

Si prefieren no recibir más mensajes, respondan “baja”.",2026-07-17
B,13,Dental Zone,Dental,Mexico,Metepec,Metepec/Toluca premium,,,No website found,,https://www.google.com/maps/search/?api=1&query=Dental%20Zone%20Metepec%20Mexico,https://www.openstreetmap.org/node/12543003582,+52 722 396 6599,527223966599,valid_format_only,,,No público,El registro público de OpenStreetMap no incluye sitio web oficial.,El registro público de OpenStreetMap no incluye sitio web oficial. Fuente: OpenStreetMap. Rating/reseñas no disponibles en esta fuente.,https://nexo-local-studio-public.vercel.app,"Hola, buen día.

Somos Nexo Local Studio. Hacemos páginas web profesionales para negocios que quieren mostrar servicios, ubicación y contacto de forma clara desde el celular.

También podemos integrar un asistente con IA que responde preguntas frecuentes y guía al cliente hacia WhatsApp.

Pueden ver nuestra página aquí:
https://nexo-local-studio-public.vercel.app

Tenemos precios de lanzamiento desde $2,500 MXN. Si les interesa, podemos enviarles una propuesta breve.

Si prefieren no recibir más mensajes, respondan “baja”.",2026-07-17
B,13,Em Dental,Dental,Mexico,Metepec,Metepec/Toluca premium,,,No website found,,https://www.google.com/maps/search/?api=1&query=Em%20Dental%20Metepec%20Mexico,https://www.openstreetmap.org/node/12543011021,+52 722 425 0797,527224250797,valid_format_only,,,No público,El registro público de OpenStreetMap no incluye sitio web oficial.,El registro público de OpenStreetMap no incluye sitio web oficial. Fuente: OpenStreetMap. Rating/reseñas no disponibles en esta fuente.,https://nexo-local-studio-public.vercel.app,"Hola, buen día.

Somos Nexo Local Studio. Hacemos páginas web profesionales para negocios que quieren mostrar servicios, ubicación y contacto de forma clara desde el celular.

También podemos integrar un asistente con IA que responde preguntas frecuentes y guía al cliente hacia WhatsApp.

Pueden ver nuestra página aquí:
https://nexo-local-studio-public.vercel.app

Tenemos precios de lanzamiento desde $2,500 MXN. Si les interesa, podemos enviarles una propuesta breve.

Si prefieren no recibir más mensajes, respondan “baja”.",2026-07-17
A,14,Centro Odontológico Medici,Dental,Colombia,Medellín,El Poblado/Provenza/Laureles/Envigado,,,No website found,,https://www.google.com/maps/search/?api=1&query=Centro%20Odontol%C3%B3gico%20Medici%20Medell%C3%ADn%20Colombia,https://www.openstreetmap.org/node/565485165,+57 3026397083,573026397083,valid_format_only,,,No público,El registro público de OpenStreetMap no incluye sitio web oficial.,El registro público de OpenStreetMap no incluye sitio web oficial. Fuente: OpenStreetMap. Rating/reseñas no disponibles en esta fuente.,https://nexo-local-studio-public.vercel.app,"Hola, buen día.

Somos Nexo Local Studio. Hacemos páginas web profesionales para negocios que quieren mostrar servicios, ubicación y contacto de forma clara desde el celular.

También podemos integrar un asistente con IA que responde preguntas frecuentes y guía al cliente hacia WhatsApp.

Pueden ver nuestra página aquí:
https://nexo-local-studio-public.vercel.app

Tenemos precios de lanzamiento desde $2,500 MXN. Si les interesa, podemos enviarles una propuesta breve.

Si prefieren no recibir más mensajes, respondan “baja”.",2026-07-17
B,11,Mondongo's,Restaurante boutique,Colombia,Medellín,El Poblado/Provenza/Laureles/Envigado,,,No website found,,https://www.google.com/maps/search/?api=1&query=Mondongo%27s%20Medell%C3%ADn%20Colombia,https://www.openstreetmap.org/node/1494630480,+57 4 3122345,575743122345,valid_format_only,,,No público,El registro público de OpenStreetMap no incluye sitio web oficial.,El registro público de OpenStreetMap no incluye sitio web oficial. Fuente: OpenStreetMap. Rating/reseñas no disponibles en esta fuente.,https://nexo-local-studio-public.vercel.app,"Hola, buen día.

Somos Nexo Local Studio. Hacemos páginas web profesionales para negocios que quieren mostrar servicios, ubicación y contacto de forma clara desde el celular.

También podemos integrar un asistente con IA que responde preguntas frecuentes y guía al cliente hacia WhatsApp.

Pueden ver nuestra página aquí:
https://nexo-local-studio-public.vercel.app

Tenemos precios de lanzamiento desde $2,500 MXN. Si les interesa, podemos enviarles una propuesta breve.

Si prefieren no recibir más mensajes, respondan “baja”.",2026-07-17
B,11,Pipe Sazón,Restaurante boutique,Colombia,Medellín,El Poblado/Provenza/Laureles/Envigado,,,No website found,,https://www.google.com/maps/search/?api=1&query=Pipe%20Saz%C3%B3n%20Medell%C3%ADn%20Colombia,https://www.openstreetmap.org/node/3811557722,+57 (604) 2529060,576042529060,valid_format_only,,,No público,El registro público de OpenStreetMap no incluye sitio web oficial.,El registro público de OpenStreetMap no incluye sitio web oficial. Fuente: OpenStreetMap. Rating/reseñas no disponibles en esta fuente.,https://nexo-local-studio-public.vercel.app,"Hola, buen día.

Somos Nexo Local Studio. Hacemos páginas web profesionales para negocios que quieren mostrar servicios, ubicación y contacto de forma clara desde el celular.

También podemos integrar un asistente con IA que responde preguntas frecuentes y guía al cliente hacia WhatsApp.

Pueden ver nuestra página aquí:
https://nexo-local-studio-public.vercel.app

Tenemos precios de lanzamiento desde $2,500 MXN. Si les interesa, podemos enviarles una propuesta breve.

Si prefieren no recibir más mensajes, respondan “baja”.",2026-07-17
B,10,Cubanitos Sadwich´s,Restaurante boutique,Colombia,Medellín,El Poblado/Provenza/Laureles/Envigado,,,Only Instagram/Facebook,https://es-la.facebook.com/CubanitosSandwichs/,https://www.google.com/maps/search/?api=1&query=Cubanitos%20Sadwich%C2%B4s%20Medell%C3%ADn%20Colombia,https://www.openstreetmap.org/node/3811557723,+57 4 2535852,575742535852,valid_format_only,,,No público,"El enlace público del registro apunta a red social/perfil, no a sitio web propio.","El enlace público del registro apunta a red social/perfil, no a sitio web propio. Fuente: OpenStreetMap. Rating/reseñas no disponibles en esta fuente.",https://nexo-local-studio-public.vercel.app,"Hola, buen día.

Somos Nexo Local Studio. Hacemos páginas web profesionales para negocios que quieren mostrar servicios, ubicación y contacto de forma clara desde el celular.

También podemos integrar un asistente con IA que responde preguntas frecuentes y guía al cliente hacia WhatsApp.

Pueden ver nuestra página aquí:
https://nexo-local-studio-public.vercel.app

Tenemos precios de lanzamiento desde $2,500 MXN. Si les interesa, podemos enviarles una propuesta breve.

Si prefieren no recibir más mensajes, respondan “baja”.",2026-07-17
B,11,Bigote's,Restaurante boutique,Colombia,Medellín,El Poblado/Provenza/Laureles/Envigado,,,No website found,,https://www.google.com/maps/search/?api=1&query=Bigote%27s%20Medell%C3%ADn%20Colombia,https://www.openstreetmap.org/node/4173742301,+5742301916,575742301916,valid_format_only,,,No público,El registro público de OpenStreetMap no incluye sitio web oficial.,El registro público de OpenStreetMap no incluye sitio web oficial. Fuente: OpenStreetMap. Rating/reseñas no disponibles en esta fuente.,https://nexo-local-studio-public.vercel.app,"Hola, buen día.

Somos Nexo Local Studio. Hacemos páginas web profesionales para negocios que quieren mostrar servicios, ubicación y contacto de forma clara desde el celular.

También podemos integrar un asistente con IA que responde preguntas frecuentes y guía al cliente hacia WhatsApp.

Pueden ver nuestra página aquí:
https://nexo-local-studio-public.vercel.app

Tenemos precios de lanzamiento desde $2,500 MXN. Si les interesa, podemos enviarles una propuesta breve.

Si prefieren no recibir más mensajes, respondan “baja”.",2026-07-17
B,11,BonCamarón,Restaurante boutique,Colombia,Medellín,El Poblado/Provenza/Laureles/Envigado,,,No website found,,https://www.google.com/maps/search/?api=1&query=BonCamar%C3%B3n%20Medell%C3%ADn%20Colombia,https://www.openstreetmap.org/node/4177596089,+57 3005944617,573005944617,valid_format_only,,,No público,El registro público de OpenStreetMap no incluye sitio web oficial.,El registro público de OpenStreetMap no incluye sitio web oficial. Fuente: OpenStreetMap. Rating/reseñas no disponibles en esta fuente.,https://nexo-local-studio-public.vercel.app,"Hola, buen día.

Somos Nexo Local Studio. Hacemos páginas web profesionales para negocios que quieren mostrar servicios, ubicación y contacto de forma clara desde el celular.

También podemos integrar un asistente con IA que responde preguntas frecuentes y guía al cliente hacia WhatsApp.

Pueden ver nuestra página aquí:
https://nexo-local-studio-public.vercel.app

Tenemos precios de lanzamiento desde $2,500 MXN. Si les interesa, podemos enviarles una propuesta breve.

Si prefieren no recibir más mensajes, respondan “baja”.",2026-07-17
B,11,Chicken Chops,Restaurante boutique,Colombia,Medellín,El Poblado/Provenza/Laureles/Envigado,,,No website found,,https://www.google.com/maps/search/?api=1&query=Chicken%20Chops%20Medell%C3%ADn%20Colombia,https://www.openstreetmap.org/node/4285397589,+57 604 4442467,576044442467,valid_format_only,,,No público,El registro público de OpenStreetMap no incluye sitio web oficial.,El registro público de OpenStreetMap no incluye sitio web oficial. Fuente: OpenStreetMap. Rating/reseñas no disponibles en esta fuente.,https://nexo-local-studio-public.vercel.app,"Hola, buen día.

Somos Nexo Local Studio. Hacemos páginas web profesionales para negocios que quieren mostrar servicios, ubicación y contacto de forma clara desde el celular.

También podemos integrar un asistente con IA que responde preguntas frecuentes y guía al cliente hacia WhatsApp.

Pueden ver nuestra página aquí:
https://nexo-local-studio-public.vercel.app

Tenemos precios de lanzamiento desde $2,500 MXN. Si les interesa, podemos enviarles una propuesta breve.

Si prefieren no recibir más mensajes, respondan “baja”.",2026-07-17
B,11,Perú Fuzion Parrilla Bar,Restaurante boutique,Colombia,Medellín,El Poblado/Provenza/Laureles/Envigado,,,No website found,,https://www.google.com/maps/search/?api=1&query=Per%C3%BA%20Fuzion%20Parrilla%20Bar%20Medell%C3%ADn%20Colombia,https://www.openstreetmap.org/node/4558975891,+57 4 5832265,575745832265,valid_format_only,,,No público,El registro público de OpenStreetMap no incluye sitio web oficial.,El registro público de OpenStreetMap no incluye sitio web oficial. Fuente: OpenStreetMap. Rating/reseñas no disponibles en esta fuente.,https://nexo-local-studio-public.vercel.app,"Hola, buen día.

Somos Nexo Local Studio. Hacemos páginas web profesionales para negocios que quieren mostrar servicios, ubicación y contacto de forma clara desde el celular.

También podemos integrar un asistente con IA que responde preguntas frecuentes y guía al cliente hacia WhatsApp.

Pueden ver nuestra página aquí:
https://nexo-local-studio-public.vercel.app

Tenemos precios de lanzamiento desde $2,500 MXN. Si les interesa, podemos enviarles una propuesta breve.

Si prefieren no recibir más mensajes, respondan “baja”.",2026-07-17
B,11,Restaurante country club,Restaurante boutique,Colombia,Medellín,El Poblado/Provenza/Laureles/Envigado,,,No website found,,https://www.google.com/maps/search/?api=1&query=Restaurante%20country%20club%20Medell%C3%ADn%20Colombia,https://www.openstreetmap.org/node/4578400591,+57 4 3197300,575743197300,valid_format_only,,,No público,El registro público de OpenStreetMap no incluye sitio web oficial.,El registro público de OpenStreetMap no incluye sitio web oficial. Fuente: OpenStreetMap. Rating/reseñas no disponibles en esta fuente.,https://nexo-local-studio-public.vercel.app,"Hola, buen día.

Somos Nexo Local Studio. Hacemos páginas web profesionales para negocios que quieren mostrar servicios, ubicación y contacto de forma clara desde el celular.

También podemos integrar un asistente con IA que responde preguntas frecuentes y guía al cliente hacia WhatsApp.

Pueden ver nuestra página aquí:
https://nexo-local-studio-public.vercel.app

Tenemos precios de lanzamiento desde $2,500 MXN. Si les interesa, podemos enviarles una propuesta breve.

Si prefieren no recibir más mensajes, respondan “baja”.",2026-07-17
B,11,MATI,Restaurante boutique,Colombia,Medellín,El Poblado/Provenza/Laureles/Envigado,,,No website found,,https://www.google.com/maps/search/?api=1&query=MATI%20Medell%C3%ADn%20Colombia,https://www.openstreetmap.org/node/4726365391,+57 4 3520683,575743520683,valid_format_only,,,No público,El registro público de OpenStreetMap no incluye sitio web oficial.,El registro público de OpenStreetMap no incluye sitio web oficial. Fuente: OpenStreetMap. Rating/reseñas no disponibles en esta fuente.,https://nexo-local-studio-public.vercel.app,"Hola, buen día.

Somos Nexo Local Studio. Hacemos páginas web profesionales para negocios que quieren mostrar servicios, ubicación y contacto de forma clara desde el celular.

También podemos integrar un asistente con IA que responde preguntas frecuentes y guía al cliente hacia WhatsApp.

Pueden ver nuestra página aquí:
https://nexo-local-studio-public.vercel.app

Tenemos precios de lanzamiento desde $2,500 MXN. Si les interesa, podemos enviarles una propuesta breve.

Si prefieren no recibir más mensajes, respondan “baja”.",2026-07-17
B,11,Centeno Vegetariano Restaurante,Restaurante boutique,Colombia,Medellín,El Poblado/Provenza/Laureles/Envigado,,,No website found,,https://www.google.com/maps/search/?api=1&query=Centeno%20Vegetariano%20Restaurante%20Medell%C3%ADn%20Colombia,https://www.openstreetmap.org/node/4726432289,+57 314 7172981,573147172981,valid_format_only,,,No público,El registro público de OpenStreetMap no incluye sitio web oficial.,El registro público de OpenStreetMap no incluye sitio web oficial. Fuente: OpenStreetMap. Rating/reseñas no disponibles en esta fuente.,https://nexo-local-studio-public.vercel.app,"Hola, buen día.

Somos Nexo Local Studio. Hacemos páginas web profesionales para negocios que quieren mostrar servicios, ubicación y contacto de forma clara desde el celular.

También podemos integrar un asistente con IA que responde preguntas frecuentes y guía al cliente hacia WhatsApp.

Pueden ver nuestra página aquí:
https://nexo-local-studio-public.vercel.app

Tenemos precios de lanzamiento desde $2,500 MXN. Si les interesa, podemos enviarles una propuesta breve.

Si prefieren no recibir más mensajes, respondan “baja”.",2026-07-17
B,13,AMA Veterinaria,Veterinaria,Colombia,Medellín,El Poblado/Provenza/Laureles/Envigado,,,No website found,,https://www.google.com/maps/search/?api=1&query=AMA%20Veterinaria%20Medell%C3%ADn%20Colombia,https://www.openstreetmap.org/node/4788809847,+57 4 2117740,575742117740,valid_format_only,,,No público,El registro público de OpenStreetMap no incluye sitio web oficial.,El registro público de OpenStreetMap no incluye sitio web oficial. Fuente: OpenStreetMap. Rating/reseñas no disponibles en esta fuente.,https://nexo-local-studio-public.vercel.app,"Hola, buen día.

Somos Nexo Local Studio. Hacemos páginas web profesionales para negocios que quieren mostrar servicios, ubicación y contacto de forma clara desde el celular.

También podemos integrar un asistente con IA que responde preguntas frecuentes y guía al cliente hacia WhatsApp.

Pueden ver nuestra página aquí:
https://nexo-local-studio-public.vercel.app

Tenemos precios de lanzamiento desde $2,500 MXN. Si les interesa, podemos enviarles una propuesta breve.

Si prefieren no recibir más mensajes, respondan “baja”.",2026-07-17
B,11,Otro Cuento,Restaurante boutique,Colombia,Medellín,El Poblado/Provenza/Laureles/Envigado,,,No website found,,https://www.google.com/maps/search/?api=1&query=Otro%20Cuento%20Medell%C3%ADn%20Colombia,https://www.openstreetmap.org/node/4829207021,+57 320 5727617,573205727617,valid_format_only,,,No público,El registro público de OpenStreetMap no incluye sitio web oficial.,El registro público de OpenStreetMap no incluye sitio web oficial. Fuente: OpenStreetMap. Rating/reseñas no disponibles en esta fuente.,https://nexo-local-studio-public.vercel.app,"Hola, buen día.

Somos Nexo Local Studio. Hacemos páginas web profesionales para negocios que quieren mostrar servicios, ubicación y contacto de forma clara desde el celular.

También podemos integrar un asistente con IA que responde preguntas frecuentes y guía al cliente hacia WhatsApp.

Pueden ver nuestra página aquí:
https://nexo-local-studio-public.vercel.app

Tenemos precios de lanzamiento desde $2,500 MXN. Si les interesa, podemos enviarles una propuesta breve.

Si prefieren no recibir más mensajes, respondan “baja”.",2026-07-17
B,11,Pikare Restaurant,Restaurante boutique,Colombia,Medellín,El Poblado/Provenza/Laureles/Envigado,,,No website found,,https://www.google.com/maps/search/?api=1&query=Pikare%20Restaurant%20Medell%C3%ADn%20Colombia,https://www.openstreetmap.org/node/4951843741,+57 3219865080,573219865080,valid_format_only,,,No público,El registro público de OpenStreetMap no incluye sitio web oficial.,El registro público de OpenStreetMap no incluye sitio web oficial. Fuente: OpenStreetMap. Rating/reseñas no disponibles en esta fuente.,https://nexo-local-studio-public.vercel.app,"Hola, buen día.

Somos Nexo Local Studio. Hacemos páginas web profesionales para negocios que quieren mostrar servicios, ubicación y contacto de forma clara desde el celular.

También podemos integrar un asistente con IA que responde preguntas frecuentes y guía al cliente hacia WhatsApp.

Pueden ver nuestra página aquí:
https://nexo-local-studio-public.vercel.app

Tenemos precios de lanzamiento desde $2,500 MXN. Si les interesa, podemos enviarles una propuesta breve.

Si prefieren no recibir más mensajes, respondan “baja”.",2026-07-17
B,11,Pollos Mario La América,Restaurante boutique,Colombia,Medellín,El Poblado/Provenza/Laureles/Envigado,,,No website found,,https://www.google.com/maps/search/?api=1&query=Pollos%20Mario%20La%20Am%C3%A9rica%20Medell%C3%ADn%20Colombia,https://www.openstreetmap.org/node/4951845530,+57 604 3228080,576043228080,valid_format_only,,,No público,El registro público de OpenStreetMap no incluye sitio web oficial.,El registro público de OpenStreetMap no incluye sitio web oficial. Fuente: OpenStreetMap. Rating/reseñas no disponibles en esta fuente.,https://nexo-local-studio-public.vercel.app,"Hola, buen día.

Somos Nexo Local Studio. Hacemos páginas web profesionales para negocios que quieren mostrar servicios, ubicación y contacto de forma clara desde el celular.

También podemos integrar un asistente con IA que responde preguntas frecuentes y guía al cliente hacia WhatsApp.

Pueden ver nuestra página aquí:
https://nexo-local-studio-public.vercel.app

Tenemos precios de lanzamiento desde $2,500 MXN. Si les interesa, podemos enviarles una propuesta breve.

Si prefieren no recibir más mensajes, respondan “baja”.",2026-07-17
B,11,asados el rincón llanero,Restaurante boutique,Colombia,Medellín,El Poblado/Provenza/Laureles/Envigado,,,No website found,,https://www.google.com/maps/search/?api=1&query=asados%20el%20rinc%C3%B3n%20llanero%20Medell%C3%ADn%20Colombia,https://www.openstreetmap.org/node/4998686521,+57 4 2129316,575742129316,valid_format_only,,,No público,El registro público de OpenStreetMap no incluye sitio web oficial.,El registro público de OpenStreetMap no incluye sitio web oficial. Fuente: OpenStreetMap. Rating/reseñas no disponibles en esta fuente.,https://nexo-local-studio-public.vercel.app,"Hola, buen día.

Somos Nexo Local Studio. Hacemos páginas web profesionales para negocios que quieren mostrar servicios, ubicación y contacto de forma clara desde el celular.

También podemos integrar un asistente con IA que responde preguntas frecuentes y guía al cliente hacia WhatsApp.

Pueden ver nuestra página aquí:
https://nexo-local-studio-public.vercel.app

Tenemos precios de lanzamiento desde $2,500 MXN. Si les interesa, podemos enviarles una propuesta breve.

Si prefieren no recibir más mensajes, respondan “baja”.",2026-07-17
B,11,Sushi Love,Restaurante boutique,Colombia,Medellín,El Poblado/Provenza/Laureles/Envigado,,,No website found,,https://www.google.com/maps/search/?api=1&query=Sushi%20Love%20Medell%C3%ADn%20Colombia,https://www.openstreetmap.org/node/5205353439,+57 4 5771130,575745771130,valid_format_only,,,No público,El registro público de OpenStreetMap no incluye sitio web oficial.,El registro público de OpenStreetMap no incluye sitio web oficial. Fuente: OpenStreetMap. Rating/reseñas no disponibles en esta fuente.,https://nexo-local-studio-public.vercel.app,"Hola, buen día.

Somos Nexo Local Studio. Hacemos páginas web profesionales para negocios que quieren mostrar servicios, ubicación y contacto de forma clara desde el celular.

También podemos integrar un asistente con IA que responde preguntas frecuentes y guía al cliente hacia WhatsApp.

Pueden ver nuestra página aquí:
https://nexo-local-studio-public.vercel.app

Tenemos precios de lanzamiento desde $2,500 MXN. Si les interesa, podemos enviarles una propuesta breve.

Si prefieren no recibir más mensajes, respondan “baja”.",2026-07-17
B,11,Melón & Pimentón,Restaurante boutique,Colombia,Medellín,El Poblado/Provenza/Laureles/Envigado,,,No website found,,https://www.google.com/maps/search/?api=1&query=Mel%C3%B3n%20%26%20Piment%C3%B3n%20Medell%C3%ADn%20Colombia,https://www.openstreetmap.org/node/5227054422,+57 4 3422501,575743422501,valid_format_only,,,No público,El registro público de OpenStreetMap no incluye sitio web oficial.,El registro público de OpenStreetMap no incluye sitio web oficial. Fuente: OpenStreetMap. Rating/reseñas no disponibles en esta fuente.,https://nexo-local-studio-public.vercel.app,"Hola, buen día.

Somos Nexo Local Studio. Hacemos páginas web profesionales para negocios que quieren mostrar servicios, ubicación y contacto de forma clara desde el celular.

También podemos integrar un asistente con IA que responde preguntas frecuentes y guía al cliente hacia WhatsApp.

Pueden ver nuestra página aquí:
https://nexo-local-studio-public.vercel.app

Tenemos precios de lanzamiento desde $2,500 MXN. Si les interesa, podemos enviarles una propuesta breve.

Si prefieren no recibir más mensajes, respondan “baja”.",2026-07-17
B,11,Kilele,Restaurante boutique,Colombia,Medellín,El Poblado/Provenza/Laureles/Envigado,,,No website found,,https://www.google.com/maps/search/?api=1&query=Kilele%20Medell%C3%ADn%20Colombia,https://www.openstreetmap.org/node/5325918621,+57 3122385686,573122385686,valid_format_only,,,No público,El registro público de OpenStreetMap no incluye sitio web oficial.,El registro público de OpenStreetMap no incluye sitio web oficial. Fuente: OpenStreetMap. Rating/reseñas no disponibles en esta fuente.,https://nexo-local-studio-public.vercel.app,"Hola, buen día.

Somos Nexo Local Studio. Hacemos páginas web profesionales para negocios que quieren mostrar servicios, ubicación y contacto de forma clara desde el celular.

También podemos integrar un asistente con IA que responde preguntas frecuentes y guía al cliente hacia WhatsApp.

Pueden ver nuestra página aquí:
https://nexo-local-studio-public.vercel.app

Tenemos precios de lanzamiento desde $2,500 MXN. Si les interesa, podemos enviarles una propuesta breve.

Si prefieren no recibir más mensajes, respondan “baja”.",2026-07-17
B,11,El Café,Restaurante boutique,Colombia,Medellín,El Poblado/Provenza/Laureles/Envigado,,,No website found,,https://www.google.com/maps/search/?api=1&query=El%20Caf%C3%A9%20Medell%C3%ADn%20Colombia,https://www.openstreetmap.org/node/5330312966,+57 4 2305843,575742305843,valid_format_only,,,No público,El registro público de OpenStreetMap no incluye sitio web oficial.,El registro público de OpenStreetMap no incluye sitio web oficial. Fuente: OpenStreetMap. Rating/reseñas no disponibles en esta fuente.,https://nexo-local-studio-public.vercel.app,"Hola, buen día.

Somos Nexo Local Studio. Hacemos páginas web profesionales para negocios que quieren mostrar servicios, ubicación y contacto de forma clara desde el celular.

También podemos integrar un asistente con IA que responde preguntas frecuentes y guía al cliente hacia WhatsApp.

Pueden ver nuestra página aquí:
https://nexo-local-studio-public.vercel.app

Tenemos precios de lanzamiento desde $2,500 MXN. Si les interesa, podemos enviarles una propuesta breve.

Si prefieren no recibir más mensajes, respondan “baja”.",2026-07-17
B,11,Praná - Cocina Natural,Restaurante boutique,Colombia,Medellín,El Poblado/Provenza/Laureles/Envigado,,,No website found,,https://www.google.com/maps/search/?api=1&query=Pran%C3%A1%20-%20Cocina%20Natural%20Medell%C3%ADn%20Colombia,https://www.openstreetmap.org/node/5425677421,+57 4 3312759,575743312759,valid_format_only,,,No público,El registro público de OpenStreetMap no incluye sitio web oficial.,El registro público de OpenStreetMap no incluye sitio web oficial. Fuente: OpenStreetMap. Rating/reseñas no disponibles en esta fuente.,https://nexo-local-studio-public.vercel.app,"Hola, buen día.

Somos Nexo Local Studio. Hacemos páginas web profesionales para negocios que quieren mostrar servicios, ubicación y contacto de forma clara desde el celular.

También podemos integrar un asistente con IA que responde preguntas frecuentes y guía al cliente hacia WhatsApp.

Pueden ver nuestra página aquí:
https://nexo-local-studio-public.vercel.app

Tenemos precios de lanzamiento desde $2,500 MXN. Si les interesa, podemos enviarles una propuesta breve.

Si prefieren no recibir más mensajes, respondan “baja”.",2026-07-17
A,14,Illumident,Dental,Colombia,Medellín,El Poblado/Provenza/Laureles/Envigado,,,No website found,,https://www.google.com/maps/search/?api=1&query=Illumident%20Medell%C3%ADn%20Colombia,https://www.openstreetmap.org/node/5541512692,+57 3182900517,573182900517,valid_format_only,,,No público,El registro público de OpenStreetMap no incluye sitio web oficial.,El registro público de OpenStreetMap no incluye sitio web oficial. Fuente: OpenStreetMap. Rating/reseñas no disponibles en esta fuente.,https://nexo-local-studio-public.vercel.app,"Hola, buen día.

Somos Nexo Local Studio. Hacemos páginas web profesionales para negocios que quieren mostrar servicios, ubicación y contacto de forma clara desde el celular.

También podemos integrar un asistente con IA que responde preguntas frecuentes y guía al cliente hacia WhatsApp.

Pueden ver nuestra página aquí:
https://nexo-local-studio-public.vercel.app

Tenemos precios de lanzamiento desde $2,500 MXN. Si les interesa, podemos enviarles una propuesta breve.

Si prefieren no recibir más mensajes, respondan “baja”.",2026-07-17
B,11,Restaurant Bolivar,Restaurante boutique,Colombia,Medellín,El Poblado/Provenza/Laureles/Envigado,,,No website found,,https://www.google.com/maps/search/?api=1&query=Restaurant%20Bolivar%20Medell%C3%ADn%20Colombia,https://www.openstreetmap.org/node/5544063122,+57 4 5116819,575745116819,valid_format_only,,,No público,El registro público de OpenStreetMap no incluye sitio web oficial.,El registro público de OpenStreetMap no incluye sitio web oficial. Fuente: OpenStreetMap. Rating/reseñas no disponibles en esta fuente.,https://nexo-local-studio-public.vercel.app,"Hola, buen día.

Somos Nexo Local Studio. Hacemos páginas web profesionales para negocios que quieren mostrar servicios, ubicación y contacto de forma clara desde el celular.

También podemos integrar un asistente con IA que responde preguntas frecuentes y guía al cliente hacia WhatsApp.

Pueden ver nuestra página aquí:
https://nexo-local-studio-public.vercel.app

Tenemos precios de lanzamiento desde $2,500 MXN. Si les interesa, podemos enviarles una propuesta breve.

Si prefieren no recibir más mensajes, respondan “baja”.",2026-07-17
B,11,Peace and Food,Restaurante boutique,Colombia,Medellín,El Poblado/Provenza/Laureles/Envigado,,,No website found,,https://www.google.com/maps/search/?api=1&query=Peace%20and%20Food%20Medell%C3%ADn%20Colombia,https://www.openstreetmap.org/node/5637538021,+57 3168374298,573168374298,valid_format_only,,,No público,El registro público de OpenStreetMap no incluye sitio web oficial.,El registro público de OpenStreetMap no incluye sitio web oficial. Fuente: OpenStreetMap. Rating/reseñas no disponibles en esta fuente.,https://nexo-local-studio-public.vercel.app,"Hola, buen día.

Somos Nexo Local Studio. Hacemos páginas web profesionales para negocios que quieren mostrar servicios, ubicación y contacto de forma clara desde el celular.

También podemos integrar un asistente con IA que responde preguntas frecuentes y guía al cliente hacia WhatsApp.

Pueden ver nuestra página aquí:
https://nexo-local-studio-public.vercel.app

Tenemos precios de lanzamiento desde $2,500 MXN. Si les interesa, podemos enviarles una propuesta breve.

Si prefieren no recibir más mensajes, respondan “baja”.",2026-07-17
B,11,Toreto'ss Burger,Restaurante boutique,Colombia,Medellín,El Poblado/Provenza/Laureles/Envigado,,,No website found,,https://www.google.com/maps/search/?api=1&query=Toreto%27ss%20Burger%20Medell%C3%ADn%20Colombia,https://www.openstreetmap.org/node/6256362785,+57 4 4968280,575744968280,valid_format_only,,,No público,El registro público de OpenStreetMap no incluye sitio web oficial.,El registro público de OpenStreetMap no incluye sitio web oficial. Fuente: OpenStreetMap. Rating/reseñas no disponibles en esta fuente.,https://nexo-local-studio-public.vercel.app,"Hola, buen día.

Somos Nexo Local Studio. Hacemos páginas web profesionales para negocios que quieren mostrar servicios, ubicación y contacto de forma clara desde el celular.

También podemos integrar un asistente con IA que responde preguntas frecuentes y guía al cliente hacia WhatsApp.

Pueden ver nuestra página aquí:
https://nexo-local-studio-public.vercel.app

Tenemos precios de lanzamiento desde $2,500 MXN. Si les interesa, podemos enviarles una propuesta breve.

Si prefieren no recibir más mensajes, respondan “baja”.",2026-07-17
B,11,Don Carlos Restaurant,Restaurante boutique,Colombia,Medellín,El Poblado/Provenza/Laureles/Envigado,,,No website found,,https://www.google.com/maps/search/?api=1&query=Don%20Carlos%20Restaurant%20Medell%C3%ADn%20Colombia,https://www.openstreetmap.org/node/6348565085,+573052559965,573052559965,valid_format_only,,,No público,El registro público de OpenStreetMap no incluye sitio web oficial.,El registro público de OpenStreetMap no incluye sitio web oficial. Fuente: OpenStreetMap. Rating/reseñas no disponibles en esta fuente.,https://nexo-local-studio-public.vercel.app,"Hola, buen día.

Somos Nexo Local Studio. Hacemos páginas web profesionales para negocios que quieren mostrar servicios, ubicación y contacto de forma clara desde el celular.

También podemos integrar un asistente con IA que responde preguntas frecuentes y guía al cliente hacia WhatsApp.

Pueden ver nuestra página aquí:
https://nexo-local-studio-public.vercel.app

Tenemos precios de lanzamiento desde $2,500 MXN. Si les interesa, podemos enviarles una propuesta breve.

Si prefieren no recibir más mensajes, respondan “baja”.",2026-07-17
B,11,Maru Rico!,Restaurante boutique,Colombia,Medellín,El Poblado/Provenza/Laureles/Envigado,,,No website found,,https://www.google.com/maps/search/?api=1&query=Maru%20Rico%21%20Medell%C3%ADn%20Colombia,https://www.openstreetmap.org/node/6386451253,+57 4 3545565,575743545565,valid_format_only,,,No público,El registro público de OpenStreetMap no incluye sitio web oficial.,El registro público de OpenStreetMap no incluye sitio web oficial. Fuente: OpenStreetMap. Rating/reseñas no disponibles en esta fuente.,https://nexo-local-studio-public.vercel.app,"Hola, buen día.

Somos Nexo Local Studio. Hacemos páginas web profesionales para negocios que quieren mostrar servicios, ubicación y contacto de forma clara desde el celular.

También podemos integrar un asistente con IA que responde preguntas frecuentes y guía al cliente hacia WhatsApp.

Pueden ver nuestra página aquí:
https://nexo-local-studio-public.vercel.app

Tenemos precios de lanzamiento desde $2,500 MXN. Si les interesa, podemos enviarles una propuesta breve.

Si prefieren no recibir más mensajes, respondan “baja”.",2026-07-17
B,11,Copoazú,Restaurante boutique,Colombia,Medellín,El Poblado/Provenza/Laureles/Envigado,,,No website found,,https://www.google.com/maps/search/?api=1&query=Copoaz%C3%BA%20Medell%C3%ADn%20Colombia,https://www.openstreetmap.org/node/6589757187,+57 3507549642,573507549642,valid_format_only,,,No público,El registro público de OpenStreetMap no incluye sitio web oficial.,El registro público de OpenStreetMap no incluye sitio web oficial. Fuente: OpenStreetMap. Rating/reseñas no disponibles en esta fuente.,https://nexo-local-studio-public.vercel.app,"Hola, buen día.

Somos Nexo Local Studio. Hacemos páginas web profesionales para negocios que quieren mostrar servicios, ubicación y contacto de forma clara desde el celular.

También podemos integrar un asistente con IA que responde preguntas frecuentes y guía al cliente hacia WhatsApp.

Pueden ver nuestra página aquí:
https://nexo-local-studio-public.vercel.app

Tenemos precios de lanzamiento desde $2,500 MXN. Si les interesa, podemos enviarles una propuesta breve.

Si prefieren no recibir más mensajes, respondan “baja”.",2026-07-17
B,11,Las Costillas De Pedro,Restaurante boutique,Colombia,Medellín,El Poblado/Provenza/Laureles/Envigado,,,No website found,,https://www.google.com/maps/search/?api=1&query=Las%20Costillas%20De%20Pedro%20Medell%C3%ADn%20Colombia,https://www.openstreetmap.org/node/6744098486,+57 4 3115877,575743115877,valid_format_only,,,No público,El registro público de OpenStreetMap no incluye sitio web oficial.,El registro público de OpenStreetMap no incluye sitio web oficial. Fuente: OpenStreetMap. Rating/reseñas no disponibles en esta fuente.,https://nexo-local-studio-public.vercel.app,"Hola, buen día.

Somos Nexo Local Studio. Hacemos páginas web profesionales para negocios que quieren mostrar servicios, ubicación y contacto de forma clara desde el celular.

También podemos integrar un asistente con IA que responde preguntas frecuentes y guía al cliente hacia WhatsApp.

Pueden ver nuestra página aquí:
https://nexo-local-studio-public.vercel.app

Tenemos precios de lanzamiento desde $2,500 MXN. Si les interesa, podemos enviarles una propuesta breve.

Si prefieren no recibir más mensajes, respondan “baja”.",2026-07-17
B,11,Pizzería Gatti,Restaurante boutique,Colombia,Medellín,El Poblado/Provenza/Laureles/Envigado,,,No website found,,https://www.google.com/maps/search/?api=1&query=Pizzer%C3%ADa%20Gatti%20Medell%C3%ADn%20Colombia,https://www.openstreetmap.org/node/7018556286,+5745813050,575745813050,valid_format_only,,,No público,El registro público de OpenStreetMap no incluye sitio web oficial.,El registro público de OpenStreetMap no incluye sitio web oficial. Fuente: OpenStreetMap. Rating/reseñas no disponibles en esta fuente.,https://nexo-local-studio-public.vercel.app,"Hola, buen día.

Somos Nexo Local Studio. Hacemos páginas web profesionales para negocios que quieren mostrar servicios, ubicación y contacto de forma clara desde el celular.

También podemos integrar un asistente con IA que responde preguntas frecuentes y guía al cliente hacia WhatsApp.

Pueden ver nuestra página aquí:
https://nexo-local-studio-public.vercel.app

Tenemos precios de lanzamiento desde $2,500 MXN. Si les interesa, podemos enviarles una propuesta breve.

Si prefieren no recibir más mensajes, respondan “baja”.",2026-07-17
B,11,Pizzería Antica,Restaurante boutique,Colombia,Medellín,El Poblado/Provenza/Laureles/Envigado,,,No website found,,https://www.google.com/maps/search/?api=1&query=Pizzer%C3%ADa%20Antica%20Medell%C3%ADn%20Colombia,https://www.openstreetmap.org/node/7018563985,+5742762671,575742762671,valid_format_only,,,No público,El registro público de OpenStreetMap no incluye sitio web oficial.,El registro público de OpenStreetMap no incluye sitio web oficial. Fuente: OpenStreetMap. Rating/reseñas no disponibles en esta fuente.,https://nexo-local-studio-public.vercel.app,"Hola, buen día.

Somos Nexo Local Studio. Hacemos páginas web profesionales para negocios que quieren mostrar servicios, ubicación y contacto de forma clara desde el celular.

También podemos integrar un asistente con IA que responde preguntas frecuentes y guía al cliente hacia WhatsApp.

Pueden ver nuestra página aquí:
https://nexo-local-studio-public.vercel.app

Tenemos precios de lanzamiento desde $2,500 MXN. Si les interesa, podemos enviarles una propuesta breve.

Si prefieren no recibir más mensajes, respondan “baja”.",2026-07-17
B,11,Restaurante Malevo,Restaurante boutique,Colombia,Medellín,El Poblado/Provenza/Laureles/Envigado,,,No website found,,https://www.google.com/maps/search/?api=1&query=Restaurante%20Malevo%20Medell%C3%ADn%20Colombia,https://www.openstreetmap.org/node/7084026986,+5745802150,575745802150,valid_format_only,,,No público,El registro público de OpenStreetMap no incluye sitio web oficial.,El registro público de OpenStreetMap no incluye sitio web oficial. Fuente: OpenStreetMap. Rating/reseñas no disponibles en esta fuente.,https://nexo-local-studio-public.vercel.app,"Hola, buen día.

Somos Nexo Local Studio. Hacemos páginas web profesionales para negocios que quieren mostrar servicios, ubicación y contacto de forma clara desde el celular.

También podemos integrar un asistente con IA que responde preguntas frecuentes y guía al cliente hacia WhatsApp.

Pueden ver nuestra página aquí:
https://nexo-local-studio-public.vercel.app

Tenemos precios de lanzamiento desde $2,500 MXN. Si les interesa, podemos enviarles una propuesta breve.

Si prefieren no recibir más mensajes, respondan “baja”.",2026-07-17
B,11,Carpión,Restaurante boutique,Colombia,Medellín,El Poblado/Provenza/Laureles/Envigado,,,No website found,,https://www.google.com/maps/search/?api=1&query=Carpi%C3%B3n%20Medell%C3%ADn%20Colombia,https://www.openstreetmap.org/node/7159669385,+57 3014303924,573014303924,valid_format_only,,,No público,El registro público de OpenStreetMap no incluye sitio web oficial.,El registro público de OpenStreetMap no incluye sitio web oficial. Fuente: OpenStreetMap. Rating/reseñas no disponibles en esta fuente.,https://nexo-local-studio-public.vercel.app,"Hola, buen día.

Somos Nexo Local Studio. Hacemos páginas web profesionales para negocios que quieren mostrar servicios, ubicación y contacto de forma clara desde el celular.

También podemos integrar un asistente con IA que responde preguntas frecuentes y guía al cliente hacia WhatsApp.

Pueden ver nuestra página aquí:
https://nexo-local-studio-public.vercel.app

Tenemos precios de lanzamiento desde $2,500 MXN. Si les interesa, podemos enviarles una propuesta breve.

Si prefieren no recibir más mensajes, respondan “baja”.",2026-07-17
B,11,Ladrillo y Verde,Restaurante boutique,Colombia,Medellín,El Poblado/Provenza/Laureles/Envigado,,,No website found,,https://www.google.com/maps/search/?api=1&query=Ladrillo%20y%20Verde%20Medell%C3%ADn%20Colombia,https://www.openstreetmap.org/node/7204279946,+57 4 5671723,575745671723,valid_format_only,,,No público,El registro público de OpenStreetMap no incluye sitio web oficial.,El registro público de OpenStreetMap no incluye sitio web oficial. Fuente: OpenStreetMap. Rating/reseñas no disponibles en esta fuente.,https://nexo-local-studio-public.vercel.app,"Hola, buen día.

Somos Nexo Local Studio. Hacemos páginas web profesionales para negocios que quieren mostrar servicios, ubicación y contacto de forma clara desde el celular.

También podemos integrar un asistente con IA que responde preguntas frecuentes y guía al cliente hacia WhatsApp.

Pueden ver nuestra página aquí:
https://nexo-local-studio-public.vercel.app

Tenemos precios de lanzamiento desde $2,500 MXN. Si les interesa, podemos enviarles una propuesta breve.

Si prefieren no recibir más mensajes, respondan “baja”.",2026-07-17
B,11,Pollos Mario,Restaurante boutique,Colombia,Medellín,El Poblado/Provenza/Laureles/Envigado,,,No website found,,https://www.google.com/maps/search/?api=1&query=Pollos%20Mario%20Medell%C3%ADn%20Colombia,https://www.openstreetmap.org/node/7234364277,+57 4 4444404;+57 4 3065257,575744444404,valid_format_only,,,No público,El registro público de OpenStreetMap no incluye sitio web oficial.,El registro público de OpenStreetMap no incluye sitio web oficial. Fuente: OpenStreetMap. Rating/reseñas no disponibles en esta fuente.,https://nexo-local-studio-public.vercel.app,"Hola, buen día.

Somos Nexo Local Studio. Hacemos páginas web profesionales para negocios que quieren mostrar servicios, ubicación y contacto de forma clara desde el celular.

También podemos integrar un asistente con IA que responde preguntas frecuentes y guía al cliente hacia WhatsApp.

Pueden ver nuestra página aquí:
https://nexo-local-studio-public.vercel.app

Tenemos precios de lanzamiento desde $2,500 MXN. Si les interesa, podemos enviarles una propuesta breve.

Si prefieren no recibir más mensajes, respondan “baja”.",2026-07-17
B,11,Dagram Restaurante,Restaurante boutique,Colombia,Medellín,El Poblado/Provenza/Laureles/Envigado,,,No website found,,https://www.google.com/maps/search/?api=1&query=Dagram%20Restaurante%20Medell%C3%ADn%20Colombia,https://www.openstreetmap.org/node/7234364278,+57 4 2889294,575742889294,valid_format_only,,,No público,El registro público de OpenStreetMap no incluye sitio web oficial.,El registro público de OpenStreetMap no incluye sitio web oficial. Fuente: OpenStreetMap. Rating/reseñas no disponibles en esta fuente.,https://nexo-local-studio-public.vercel.app,"Hola, buen día.

Somos Nexo Local Studio. Hacemos páginas web profesionales para negocios que quieren mostrar servicios, ubicación y contacto de forma clara desde el celular.

También podemos integrar un asistente con IA que responde preguntas frecuentes y guía al cliente hacia WhatsApp.

Pueden ver nuestra página aquí:
https://nexo-local-studio-public.vercel.app

Tenemos precios de lanzamiento desde $2,500 MXN. Si les interesa, podemos enviarles una propuesta breve.

Si prefieren no recibir más mensajes, respondan “baja”.",2026-07-17
A,14,U are Love,Clínica estética,Colombia,Medellín,El Poblado/Provenza/Laureles/Envigado,,,No website found,,https://www.google.com/maps/search/?api=1&query=U%20are%20Love%20Medell%C3%ADn%20Colombia,https://www.openstreetmap.org/node/7234364350,+57 3022485767,573022485767,valid_format_only,,,No público,El registro público de OpenStreetMap no incluye sitio web oficial.,El registro público de OpenStreetMap no incluye sitio web oficial. Fuente: OpenStreetMap. Rating/reseñas no disponibles en esta fuente.,https://nexo-local-studio-public.vercel.app,"Hola, buen día.

Somos Nexo Local Studio. Hacemos páginas web profesionales para negocios que quieren mostrar servicios, ubicación y contacto de forma clara desde el celular.

También podemos integrar un asistente con IA que responde preguntas frecuentes y guía al cliente hacia WhatsApp.

Pueden ver nuestra página aquí:
https://nexo-local-studio-public.vercel.app

Tenemos precios de lanzamiento desde $2,500 MXN. Si les interesa, podemos enviarles una propuesta breve.

Si prefieren no recibir más mensajes, respondan “baja”.",2026-07-17
B,11,Piaceri,Restaurante boutique,Colombia,Medellín,El Poblado/Provenza/Laureles/Envigado,,,No website found,,https://www.google.com/maps/search/?api=1&query=Piaceri%20Medell%C3%ADn%20Colombia,https://www.openstreetmap.org/node/7253901435,+57 3014988520,573014988520,valid_format_only,,,No público,El registro público de OpenStreetMap no incluye sitio web oficial.,El registro público de OpenStreetMap no incluye sitio web oficial. Fuente: OpenStreetMap. Rating/reseñas no disponibles en esta fuente.,https://nexo-local-studio-public.vercel.app,"Hola, buen día.

Somos Nexo Local Studio. Hacemos páginas web profesionales para negocios que quieren mostrar servicios, ubicación y contacto de forma clara desde el celular.

También podemos integrar un asistente con IA que responde preguntas frecuentes y guía al cliente hacia WhatsApp.

Pueden ver nuestra página aquí:
https://nexo-local-studio-public.vercel.app

Tenemos precios de lanzamiento desde $2,500 MXN. Si les interesa, podemos enviarles una propuesta breve.

Si prefieren no recibir más mensajes, respondan “baja”.",2026-07-17
B,11,Brosty,Restaurante boutique,Colombia,Medellín,El Poblado/Provenza/Laureles/Envigado,,,No website found,,https://www.google.com/maps/search/?api=1&query=Brosty%20Medell%C3%ADn%20Colombia,https://www.openstreetmap.org/node/7254330135,+57 4 3065053;+57 4 2880534,575743065053,valid_format_only,,,No público,El registro público de OpenStreetMap no incluye sitio web oficial.,El registro público de OpenStreetMap no incluye sitio web oficial. Fuente: OpenStreetMap. Rating/reseñas no disponibles en esta fuente.,https://nexo-local-studio-public.vercel.app,"Hola, buen día.

Somos Nexo Local Studio. Hacemos páginas web profesionales para negocios que quieren mostrar servicios, ubicación y contacto de forma clara desde el celular.

También podemos integrar un asistente con IA que responde preguntas frecuentes y guía al cliente hacia WhatsApp.

Pueden ver nuestra página aquí:
https://nexo-local-studio-public.vercel.app

Tenemos precios de lanzamiento desde $2,500 MXN. Si les interesa, podemos enviarles una propuesta breve.

Si prefieren no recibir más mensajes, respondan “baja”.",2026-07-17
B,11,Mawy Pollos,Restaurante boutique,Colombia,Medellín,El Poblado/Provenza/Laureles/Envigado,,,No website found,,https://www.google.com/maps/search/?api=1&query=Mawy%20Pollos%20Medell%C3%ADn%20Colombia,https://www.openstreetmap.org/node/7254330148,+57 4 2883725,575742883725,valid_format_only,,,No público,El registro público de OpenStreetMap no incluye sitio web oficial.,El registro público de OpenStreetMap no incluye sitio web oficial. Fuente: OpenStreetMap. Rating/reseñas no disponibles en esta fuente.,https://nexo-local-studio-public.vercel.app,"Hola, buen día.

Somos Nexo Local Studio. Hacemos páginas web profesionales para negocios que quieren mostrar servicios, ubicación y contacto de forma clara desde el celular.

También podemos integrar un asistente con IA que responde preguntas frecuentes y guía al cliente hacia WhatsApp.

Pueden ver nuestra página aquí:
https://nexo-local-studio-public.vercel.app

Tenemos precios de lanzamiento desde $2,500 MXN. Si les interesa, podemos enviarles una propuesta breve.

Si prefieren no recibir más mensajes, respondan “baja”.",2026-07-17
A,14,Aluna Centro de Belleza,Clínica estética,Colombia,Medellín,El Poblado/Provenza/Laureles/Envigado,,,No website found,,https://www.google.com/maps/search/?api=1&query=Aluna%20Centro%20de%20Belleza%20Medell%C3%ADn%20Colombia,https://www.openstreetmap.org/node/7289113255,+57 4 5968437;+57 3508062096,575745968437,valid_format_only,,,No público,El registro público de OpenStreetMap no incluye sitio web oficial.,El registro público de OpenStreetMap no incluye sitio web oficial. Fuente: OpenStreetMap. Rating/reseñas no disponibles en esta fuente.,https://nexo-local-studio-public.vercel.app,"Hola, buen día.

Somos Nexo Local Studio. Hacemos páginas web profesionales para negocios que quieren mostrar servicios, ubicación y contacto de forma clara desde el celular.

También podemos integrar un asistente con IA que responde preguntas frecuentes y guía al cliente hacia WhatsApp.

Pueden ver nuestra página aquí:
https://nexo-local-studio-public.vercel.app

Tenemos precios de lanzamiento desde $2,500 MXN. Si les interesa, podemos enviarles una propuesta breve.

Si prefieren no recibir más mensajes, respondan “baja”.",2026-07-17
B,11,PizzaExpress,Restaurante boutique,Colombia,Medellín,El Poblado/Provenza/Laureles/Envigado,,,No website found,,https://www.google.com/maps/search/?api=1&query=PizzaExpress%20Medell%C3%ADn%20Colombia,https://www.openstreetmap.org/node/7383475935,+57 4 4488463,575744488463,valid_format_only,,,No público,El registro público de OpenStreetMap no incluye sitio web oficial.,El registro público de OpenStreetMap no incluye sitio web oficial. Fuente: OpenStreetMap. Rating/reseñas no disponibles en esta fuente.,https://nexo-local-studio-public.vercel.app,"Hola, buen día.

Somos Nexo Local Studio. Hacemos páginas web profesionales para negocios que quieren mostrar servicios, ubicación y contacto de forma clara desde el celular.

También podemos integrar un asistente con IA que responde preguntas frecuentes y guía al cliente hacia WhatsApp.

Pueden ver nuestra página aquí:
https://nexo-local-studio-public.vercel.app

Tenemos precios de lanzamiento desde $2,500 MXN. Si les interesa, podemos enviarles una propuesta breve.

Si prefieren no recibir más mensajes, respondan “baja”.",2026-07-17
A,14,Metrosalud Enciso,Clínica estética,Colombia,Medellín,El Poblado/Provenza/Laureles/Envigado,,,No website found,,https://www.google.com/maps/search/?api=1&query=Metrosalud%20Enciso%20Medell%C3%ADn%20Colombia,https://www.openstreetmap.org/node/7855091949,+57 4 2842434,575742842434,valid_format_only,,,No público,El registro público de OpenStreetMap no incluye sitio web oficial.,El registro público de OpenStreetMap no incluye sitio web oficial. Fuente: OpenStreetMap. Rating/reseñas no disponibles en esta fuente.,https://nexo-local-studio-public.vercel.app,"Hola, buen día.

Somos Nexo Local Studio. Hacemos páginas web profesionales para negocios que quieren mostrar servicios, ubicación y contacto de forma clara desde el celular.

También podemos integrar un asistente con IA que responde preguntas frecuentes y guía al cliente hacia WhatsApp.

Pueden ver nuestra página aquí:
https://nexo-local-studio-public.vercel.app

Tenemos precios de lanzamiento desde $2,500 MXN. Si les interesa, podemos enviarles una propuesta breve.

Si prefieren no recibir más mensajes, respondan “baja”.",2026-07-17
A,14,Centro de Salud Villatina,Clínica estética,Colombia,Medellín,El Poblado/Provenza/Laureles/Envigado,,,No website found,,https://www.google.com/maps/search/?api=1&query=Centro%20de%20Salud%20Villatina%20Medell%C3%ADn%20Colombia,https://www.openstreetmap.org/node/7855091954,+57 4 2691461;+57 4 2272674,575742691461,valid_format_only,,,No público,El registro público de OpenStreetMap no incluye sitio web oficial.,El registro público de OpenStreetMap no incluye sitio web oficial. Fuente: OpenStreetMap. Rating/reseñas no disponibles en esta fuente.,https://nexo-local-studio-public.vercel.app,"Hola, buen día.

Somos Nexo Local Studio. Hacemos páginas web profesionales para negocios que quieren mostrar servicios, ubicación y contacto de forma clara desde el celular.

También podemos integrar un asistente con IA que responde preguntas frecuentes y guía al cliente hacia WhatsApp.

Pueden ver nuestra página aquí:
https://nexo-local-studio-public.vercel.app

Tenemos precios de lanzamiento desde $2,500 MXN. Si les interesa, podemos enviarles una propuesta breve.

Si prefieren no recibir más mensajes, respondan “baja”.",2026-07-17
A,14,Torre Medica de Prado,Clínica estética,Colombia,Medellín,El Poblado/Provenza/Laureles/Envigado,,,No website found,,https://www.google.com/maps/search/?api=1&query=Torre%20Medica%20de%20Prado%20Medell%C3%ADn%20Colombia,https://www.openstreetmap.org/node/7855091955,+57 4 2118484,575742118484,valid_format_only,,,No público,El registro público de OpenStreetMap no incluye sitio web oficial.,El registro público de OpenStreetMap no incluye sitio web oficial. Fuente: OpenStreetMap. Rating/reseñas no disponibles en esta fuente.,https://nexo-local-studio-public.vercel.app,"Hola, buen día.

Somos Nexo Local Studio. Hacemos páginas web profesionales para negocios que quieren mostrar servicios, ubicación y contacto de forma clara desde el celular.

También podemos integrar un asistente con IA que responde preguntas frecuentes y guía al cliente hacia WhatsApp.

Pueden ver nuestra página aquí:
https://nexo-local-studio-public.vercel.app

Tenemos precios de lanzamiento desde $2,500 MXN. Si les interesa, podemos enviarles una propuesta breve.

Si prefieren no recibir más mensajes, respondan “baja”.",2026-07-17
A,14,Fracturas y Rayos X de Antioquia,Clínica estética,Colombia,Medellín,El Poblado/Provenza/Laureles/Envigado,,,No website found,,https://www.google.com/maps/search/?api=1&query=Fracturas%20y%20Rayos%20X%20de%20Antioquia%20Medell%C3%ADn%20Colombia,https://www.openstreetmap.org/node/7855091956,+57 4 2306844;+57 4 2304586;+57 4 8618232,575742306844,valid_format_only,,,No público,El registro público de OpenStreetMap no incluye sitio web oficial.,El registro público de OpenStreetMap no incluye sitio web oficial. Fuente: OpenStreetMap. Rating/reseñas no disponibles en esta fuente.,https://nexo-local-studio-public.vercel.app,"Hola, buen día.

Somos Nexo Local Studio. Hacemos páginas web profesionales para negocios que quieren mostrar servicios, ubicación y contacto de forma clara desde el celular.

También podemos integrar un asistente con IA que responde preguntas frecuentes y guía al cliente hacia WhatsApp.

Pueden ver nuestra página aquí:
https://nexo-local-studio-public.vercel.app

Tenemos precios de lanzamiento desde $2,500 MXN. Si les interesa, podemos enviarles una propuesta breve.

Si prefieren no recibir más mensajes, respondan “baja”.",2026-07-17
A,14,Centro de Salud Moravia,Clínica estética,Colombia,Medellín,El Poblado/Provenza/Laureles/Envigado,,,No website found,,https://www.google.com/maps/search/?api=1&query=Centro%20de%20Salud%20Moravia%20Medell%C3%ADn%20Colombia,https://www.openstreetmap.org/node/7855091960,+57 4 2126612,575742126612,valid_format_only,,,No público,El registro público de OpenStreetMap no incluye sitio web oficial.,El registro público de OpenStreetMap no incluye sitio web oficial. Fuente: OpenStreetMap. Rating/reseñas no disponibles en esta fuente.,https://nexo-local-studio-public.vercel.app,"Hola, buen día.

Somos Nexo Local Studio. Hacemos páginas web profesionales para negocios que quieren mostrar servicios, ubicación y contacto de forma clara desde el celular.

También podemos integrar un asistente con IA que responde preguntas frecuentes y guía al cliente hacia WhatsApp.

Pueden ver nuestra página aquí:
https://nexo-local-studio-public.vercel.app

Tenemos precios de lanzamiento desde $2,500 MXN. Si les interesa, podemos enviarles una propuesta breve.

Si prefieren no recibir más mensajes, respondan “baja”.",2026-07-17
A,14,Centro Medico y Odont. Oralser,Clínica estética,Colombia,Medellín,El Poblado/Provenza/Laureles/Envigado,,,No website found,,https://www.google.com/maps/search/?api=1&query=Centro%20Medico%20y%20Odont.%20Oralser%20Medell%C3%ADn%20Colombia,https://www.openstreetmap.org/node/7855091962,+57 4 2845138,575742845138,valid_format_only,,,No público,El registro público de OpenStreetMap no incluye sitio web oficial.,El registro público de OpenStreetMap no incluye sitio web oficial. Fuente: OpenStreetMap. Rating/reseñas no disponibles en esta fuente.,https://nexo-local-studio-public.vercel.app,"Hola, buen día.

Somos Nexo Local Studio. Hacemos páginas web profesionales para negocios que quieren mostrar servicios, ubicación y contacto de forma clara desde el celular.

También podemos integrar un asistente con IA que responde preguntas frecuentes y guía al cliente hacia WhatsApp.

Pueden ver nuestra página aquí:
https://nexo-local-studio-public.vercel.app

Tenemos precios de lanzamiento desde $2,500 MXN. Si les interesa, podemos enviarles una propuesta breve.

Si prefieren no recibir más mensajes, respondan “baja”.",2026-07-17
B,11,El Alemán Pues,Restaurante boutique,Colombia,Medellín,El Poblado/Provenza/Laureles/Envigado,,,No website found,,https://www.google.com/maps/search/?api=1&query=El%20Alem%C3%A1n%20Pues%20Medell%C3%ADn%20Colombia,https://www.openstreetmap.org/node/8007992585,+57 3506608484,573506608484,valid_format_only,,,No público,El registro público de OpenStreetMap no incluye sitio web oficial.,El registro público de OpenStreetMap no incluye sitio web oficial. Fuente: OpenStreetMap. Rating/reseñas no disponibles en esta fuente.,https://nexo-local-studio-public.vercel.app,"Hola, buen día.

Somos Nexo Local Studio. Hacemos páginas web profesionales para negocios que quieren mostrar servicios, ubicación y contacto de forma clara desde el celular.

También podemos integrar un asistente con IA que responde preguntas frecuentes y guía al cliente hacia WhatsApp.

Pueden ver nuestra página aquí:
https://nexo-local-studio-public.vercel.app

Tenemos precios de lanzamiento desde $2,500 MXN. Si les interesa, podemos enviarles una propuesta breve.

Si prefieren no recibir más mensajes, respondan “baja”.",2026-07-17
B,11,El Vegano Andante,Restaurante boutique,Colombia,Medellín,El Poblado/Provenza/Laureles/Envigado,,,No website found,,https://www.google.com/maps/search/?api=1&query=El%20Vegano%20Andante%20Medell%C3%ADn%20Colombia,https://www.openstreetmap.org/node/8364442163,+57 3108936203,573108936203,valid_format_only,,,No público,El registro público de OpenStreetMap no incluye sitio web oficial.,El registro público de OpenStreetMap no incluye sitio web oficial. Fuente: OpenStreetMap. Rating/reseñas no disponibles en esta fuente.,https://nexo-local-studio-public.vercel.app,"Hola, buen día.

Somos Nexo Local Studio. Hacemos páginas web profesionales para negocios que quieren mostrar servicios, ubicación y contacto de forma clara desde el celular.

También podemos integrar un asistente con IA que responde preguntas frecuentes y guía al cliente hacia WhatsApp.

Pueden ver nuestra página aquí:
https://nexo-local-studio-public.vercel.app

Tenemos precios de lanzamiento desde $2,500 MXN. Si les interesa, podemos enviarles una propuesta breve.

Si prefieren no recibir más mensajes, respondan “baja”.",2026-07-17
B,11,Restaurante El LLanerito,Restaurante boutique,Colombia,Medellín,El Poblado/Provenza/Laureles/Envigado,,,No website found,,https://www.google.com/maps/search/?api=1&query=Restaurante%20El%20LLanerito%20Medell%C3%ADn%20Colombia,https://www.openstreetmap.org/node/9211419018,+57 3108922625,573108922625,valid_format_only,,,No público,El registro público de OpenStreetMap no incluye sitio web oficial.,El registro público de OpenStreetMap no incluye sitio web oficial. Fuente: OpenStreetMap. Rating/reseñas no disponibles en esta fuente.,https://nexo-local-studio-public.vercel.app,"Hola, buen día.

Somos Nexo Local Studio. Hacemos páginas web profesionales para negocios que quieren mostrar servicios, ubicación y contacto de forma clara desde el celular.

También podemos integrar un asistente con IA que responde preguntas frecuentes y guía al cliente hacia WhatsApp.

Pueden ver nuestra página aquí:
https://nexo-local-studio-public.vercel.app

Tenemos precios de lanzamiento desde $2,500 MXN. Si les interesa, podemos enviarles una propuesta breve.

Si prefieren no recibir más mensajes, respondan “baja”.",2026-07-17
B,11,OCCA,Restaurante boutique,Colombia,Medellín,El Poblado/Provenza/Laureles/Envigado,,,No website found,,https://www.google.com/maps/search/?api=1&query=OCCA%20Medell%C3%ADn%20Colombia,https://www.openstreetmap.org/node/9222539110,+57 300 733 1353,573007331353,valid_format_only,,,No público,El registro público de OpenStreetMap no incluye sitio web oficial.,El registro público de OpenStreetMap no incluye sitio web oficial. Fuente: OpenStreetMap. Rating/reseñas no disponibles en esta fuente.,https://nexo-local-studio-public.vercel.app,"Hola, buen día.

Somos Nexo Local Studio. Hacemos páginas web profesionales para negocios que quieren mostrar servicios, ubicación y contacto de forma clara desde el celular.

También podemos integrar un asistente con IA que responde preguntas frecuentes y guía al cliente hacia WhatsApp.

Pueden ver nuestra página aquí:
https://nexo-local-studio-public.vercel.app

Tenemos precios de lanzamiento desde $2,500 MXN. Si les interesa, podemos enviarles una propuesta breve.

Si prefieren no recibir más mensajes, respondan “baja”.",2026-07-17
B,11,La Champagnería,Restaurante boutique,Colombia,Medellín,El Poblado/Provenza/Laureles/Envigado,,,No website found,,https://www.google.com/maps/search/?api=1&query=La%20Champagner%C3%ADa%20Medell%C3%ADn%20Colombia,https://www.openstreetmap.org/node/9222539112,+57 311 3643420,573113643420,valid_format_only,,,No público,El registro público de OpenStreetMap no incluye sitio web oficial.,El registro público de OpenStreetMap no incluye sitio web oficial. Fuente: OpenStreetMap. Rating/reseñas no disponibles en esta fuente.,https://nexo-local-studio-public.vercel.app,"Hola, buen día.

Somos Nexo Local Studio. Hacemos páginas web profesionales para negocios que quieren mostrar servicios, ubicación y contacto de forma clara desde el celular.

También podemos integrar un asistente con IA que responde preguntas frecuentes y guía al cliente hacia WhatsApp.

Pueden ver nuestra página aquí:
https://nexo-local-studio-public.vercel.app

Tenemos precios de lanzamiento desde $2,500 MXN. Si les interesa, podemos enviarles una propuesta breve.

Si prefieren no recibir más mensajes, respondan “baja”.",2026-07-17
B,13,Can & Cats Centro Veterinario,Veterinaria,Colombia,Medellín,El Poblado/Provenza/Laureles/Envigado,,,No website found,,https://www.google.com/maps/search/?api=1&query=Can%20%26%20Cats%20Centro%20Veterinario%20Medell%C3%ADn%20Colombia,https://www.openstreetmap.org/node/9583400218,+57 604 4440754,576044440754,valid_format_only,,,No público,El registro público de OpenStreetMap no incluye sitio web oficial.,El registro público de OpenStreetMap no incluye sitio web oficial. Fuente: OpenStreetMap. Rating/reseñas no disponibles en esta fuente.,https://nexo-local-studio-public.vercel.app,"Hola, buen día.

Somos Nexo Local Studio. Hacemos páginas web profesionales para negocios que quieren mostrar servicios, ubicación y contacto de forma clara desde el celular.

También podemos integrar un asistente con IA que responde preguntas frecuentes y guía al cliente hacia WhatsApp.

Pueden ver nuestra página aquí:
https://nexo-local-studio-public.vercel.app

Tenemos precios de lanzamiento desde $2,500 MXN. Si les interesa, podemos enviarles una propuesta breve.

Si prefieren no recibir más mensajes, respondan “baja”.",2026-07-17
A,14,Salón de Belleza María Elena,Clínica estética,Colombia,Medellín,El Poblado/Provenza/Laureles/Envigado,,,No website found,,https://www.google.com/maps/search/?api=1&query=Sal%C3%B3n%20de%20Belleza%20Mar%C3%ADa%20Elena%20Medell%C3%ADn%20Colombia,https://www.openstreetmap.org/node/9583400317,+57 604 2506368,576042506368,valid_format_only,,,No público,El registro público de OpenStreetMap no incluye sitio web oficial.,El registro público de OpenStreetMap no incluye sitio web oficial. Fuente: OpenStreetMap. Rating/reseñas no disponibles en esta fuente.,https://nexo-local-studio-public.vercel.app,"Hola, buen día.

Somos Nexo Local Studio. Hacemos páginas web profesionales para negocios que quieren mostrar servicios, ubicación y contacto de forma clara desde el celular.

También podemos integrar un asistente con IA que responde preguntas frecuentes y guía al cliente hacia WhatsApp.

Pueden ver nuestra página aquí:
https://nexo-local-studio-public.vercel.app

Tenemos precios de lanzamiento desde $2,500 MXN. Si les interesa, podemos enviarles una propuesta breve.

Si prefieren no recibir más mensajes, respondan “baja”.",2026-07-17
B,11,Pizzas Roquefort,Restaurante boutique,Colombia,Medellín,El Poblado/Provenza/Laureles/Envigado,,,No website found,,https://www.google.com/maps/search/?api=1&query=Pizzas%20Roquefort%20Medell%C3%ADn%20Colombia,https://www.openstreetmap.org/node/9583401117,+57 604 3229083,576043229083,valid_format_only,,,No público,El registro público de OpenStreetMap no incluye sitio web oficial.,El registro público de OpenStreetMap no incluye sitio web oficial. Fuente: OpenStreetMap. Rating/reseñas no disponibles en esta fuente.,https://nexo-local-studio-public.vercel.app,"Hola, buen día.

Somos Nexo Local Studio. Hacemos páginas web profesionales para negocios que quieren mostrar servicios, ubicación y contacto de forma clara desde el celular.

También podemos integrar un asistente con IA que responde preguntas frecuentes y guía al cliente hacia WhatsApp.

Pueden ver nuestra página aquí:
https://nexo-local-studio-public.vercel.app

Tenemos precios de lanzamiento desde $2,500 MXN. Si les interesa, podemos enviarles una propuesta breve.

Si prefieren no recibir más mensajes, respondan “baja”.",2026-07-17
B,11,Rosteka Parrilla-Bar,Restaurante boutique,Colombia,Medellín,El Poblado/Provenza/Laureles/Envigado,,,No website found,,https://www.google.com/maps/search/?api=1&query=Rosteka%20Parrilla-Bar%20Medell%C3%ADn%20Colombia,https://www.openstreetmap.org/node/9590114217,+57 3043966488,573043966488,valid_format_only,,,No público,El registro público de OpenStreetMap no incluye sitio web oficial.,El registro público de OpenStreetMap no incluye sitio web oficial. Fuente: OpenStreetMap. Rating/reseñas no disponibles en esta fuente.,https://nexo-local-studio-public.vercel.app,"Hola, buen día.

Somos Nexo Local Studio. Hacemos páginas web profesionales para negocios que quieren mostrar servicios, ubicación y contacto de forma clara desde el celular.

También podemos integrar un asistente con IA que responde preguntas frecuentes y guía al cliente hacia WhatsApp.

Pueden ver nuestra página aquí:
https://nexo-local-studio-public.vercel.app

Tenemos precios de lanzamiento desde $2,500 MXN. Si les interesa, podemos enviarles una propuesta breve.

Si prefieren no recibir más mensajes, respondan “baja”.",2026-07-17
B,13,PremiumVet,Veterinaria,Colombia,Medellín,El Poblado/Provenza/Laureles/Envigado,,,No website found,,https://www.google.com/maps/search/?api=1&query=PremiumVet%20Medell%C3%ADn%20Colombia,https://www.openstreetmap.org/node/9590151617,+57 3004050065,573004050065,valid_format_only,,,No público,El registro público de OpenStreetMap no incluye sitio web oficial.,El registro público de OpenStreetMap no incluye sitio web oficial. Fuente: OpenStreetMap. Rating/reseñas no disponibles en esta fuente.,https://nexo-local-studio-public.vercel.app,"Hola, buen día.

Somos Nexo Local Studio. Hacemos páginas web profesionales para negocios que quieren mostrar servicios, ubicación y contacto de forma clara desde el celular.

También podemos integrar un asistente con IA que responde preguntas frecuentes y guía al cliente hacia WhatsApp.

Pueden ver nuestra página aquí:
https://nexo-local-studio-public.vercel.app

Tenemos precios de lanzamiento desde $2,500 MXN. Si les interesa, podemos enviarles una propuesta breve.

Si prefieren no recibir más mensajes, respondan “baja”.",2026-07-17
B,11,Mondongos La Antioqueñita,Restaurante boutique,Colombia,Medellín,El Poblado/Provenza/Laureles/Envigado,,,No website found,,https://www.google.com/maps/search/?api=1&query=Mondongos%20La%20Antioque%C3%B1ita%20Medell%C3%ADn%20Colombia,https://www.openstreetmap.org/node/9752946217,+57 604 5084123,576045084123,valid_format_only,,,No público,El registro público de OpenStreetMap no incluye sitio web oficial.,El registro público de OpenStreetMap no incluye sitio web oficial. Fuente: OpenStreetMap. Rating/reseñas no disponibles en esta fuente.,https://nexo-local-studio-public.vercel.app,"Hola, buen día.

Somos Nexo Local Studio. Hacemos páginas web profesionales para negocios que quieren mostrar servicios, ubicación y contacto de forma clara desde el celular.

También podemos integrar un asistente con IA que responde preguntas frecuentes y guía al cliente hacia WhatsApp.

Pueden ver nuestra página aquí:
https://nexo-local-studio-public.vercel.app

Tenemos precios de lanzamiento desde $2,500 MXN. Si les interesa, podemos enviarles una propuesta breve.

Si prefieren no recibir más mensajes, respondan “baja”.",2026-07-17
B,11,Vegarden,Restaurante boutique,Colombia,Medellín,El Poblado/Provenza/Laureles/Envigado,,,No website found,,https://www.google.com/maps/search/?api=1&query=Vegarden%20Medell%C3%ADn%20Colombia,https://www.openstreetmap.org/node/9764842917,+57 3225452322,573225452322,valid_format_only,,,No público,El registro público de OpenStreetMap no incluye sitio web oficial.,El registro público de OpenStreetMap no incluye sitio web oficial. Fuente: OpenStreetMap. Rating/reseñas no disponibles en esta fuente.,https://nexo-local-studio-public.vercel.app,"Hola, buen día.

Somos Nexo Local Studio. Hacemos páginas web profesionales para negocios que quieren mostrar servicios, ubicación y contacto de forma clara desde el celular.

También podemos integrar un asistente con IA que responde preguntas frecuentes y guía al cliente hacia WhatsApp.

Pueden ver nuestra página aquí:
https://nexo-local-studio-public.vercel.app

Tenemos precios de lanzamiento desde $2,500 MXN. Si les interesa, podemos enviarles una propuesta breve.

Si prefieren no recibir más mensajes, respondan “baja”.",2026-07-17
B,11,Puro Carbón Parrilla,Restaurante boutique,Colombia,Medellín,El Poblado/Provenza/Laureles/Envigado,,,No website found,,https://www.google.com/maps/search/?api=1&query=Puro%20Carb%C3%B3n%20Parrilla%20Medell%C3%ADn%20Colombia,https://www.openstreetmap.org/node/9786022718,+57 3016035346,573016035346,valid_format_only,,,No público,El registro público de OpenStreetMap no incluye sitio web oficial.,El registro público de OpenStreetMap no incluye sitio web oficial. Fuente: OpenStreetMap. Rating/reseñas no disponibles en esta fuente.,https://nexo-local-studio-public.vercel.app,"Hola, buen día.

Somos Nexo Local Studio. Hacemos páginas web profesionales para negocios que quieren mostrar servicios, ubicación y contacto de forma clara desde el celular.

También podemos integrar un asistente con IA que responde preguntas frecuentes y guía al cliente hacia WhatsApp.

Pueden ver nuestra página aquí:
https://nexo-local-studio-public.vercel.app

Tenemos precios de lanzamiento desde $2,500 MXN. Si les interesa, podemos enviarles una propuesta breve.

Si prefieren no recibir más mensajes, respondan “baja”.",2026-07-17
B,13,Centro Veterinario E.V.A.,Veterinaria,Colombia,Medellín,El Poblado/Provenza/Laureles/Envigado,,,No website found,,https://www.google.com/maps/search/?api=1&query=Centro%20Veterinario%20E.V.A.%20Medell%C3%ADn%20Colombia,https://www.openstreetmap.org/node/9820634019,+57 3104319656,573104319656,valid_format_only,,,No público,El registro público de OpenStreetMap no incluye sitio web oficial.,El registro público de OpenStreetMap no incluye sitio web oficial. Fuente: OpenStreetMap. Rating/reseñas no disponibles en esta fuente.,https://nexo-local-studio-public.vercel.app,"Hola, buen día.

Somos Nexo Local Studio. Hacemos páginas web profesionales para negocios que quieren mostrar servicios, ubicación y contacto de forma clara desde el celular.

También podemos integrar un asistente con IA que responde preguntas frecuentes y guía al cliente hacia WhatsApp.

Pueden ver nuestra página aquí:
https://nexo-local-studio-public.vercel.app

Tenemos precios de lanzamiento desde $2,500 MXN. Si les interesa, podemos enviarles una propuesta breve.

Si prefieren no recibir más mensajes, respondan “baja”.",2026-07-17
B,11,Restaurante Bau,Restaurante boutique,Colombia,Medellín,El Poblado/Provenza/Laureles/Envigado,,,No website found,,https://www.google.com/maps/search/?api=1&query=Restaurante%20Bau%20Medell%C3%ADn%20Colombia,https://www.openstreetmap.org/node/9866401117,+57 604 4118341,576044118341,valid_format_only,,,No público,El registro público de OpenStreetMap no incluye sitio web oficial.,El registro público de OpenStreetMap no incluye sitio web oficial. Fuente: OpenStreetMap. Rating/reseñas no disponibles en esta fuente.,https://nexo-local-studio-public.vercel.app,"Hola, buen día.

Somos Nexo Local Studio. Hacemos páginas web profesionales para negocios que quieren mostrar servicios, ubicación y contacto de forma clara desde el celular.

También podemos integrar un asistente con IA que responde preguntas frecuentes y guía al cliente hacia WhatsApp.

Pueden ver nuestra página aquí:
https://nexo-local-studio-public.vercel.app

Tenemos precios de lanzamiento desde $2,500 MXN. Si les interesa, podemos enviarles una propuesta breve.

Si prefieren no recibir más mensajes, respondan “baja”.",2026-07-17
B,11,Pa' Todos,Restaurante boutique,Colombia,Medellín,El Poblado/Provenza/Laureles/Envigado,,,No website found,,https://www.google.com/maps/search/?api=1&query=Pa%27%20Todos%20Medell%C3%ADn%20Colombia,https://www.openstreetmap.org/node/10167191276,+57 305 3139697,573053139697,valid_format_only,,,No público,El registro público de OpenStreetMap no incluye sitio web oficial.,El registro público de OpenStreetMap no incluye sitio web oficial. Fuente: OpenStreetMap. Rating/reseñas no disponibles en esta fuente.,https://nexo-local-studio-public.vercel.app,"Hola, buen día.

Somos Nexo Local Studio. Hacemos páginas web profesionales para negocios que quieren mostrar servicios, ubicación y contacto de forma clara desde el celular.

También podemos integrar un asistente con IA que responde preguntas frecuentes y guía al cliente hacia WhatsApp.

Pueden ver nuestra página aquí:
https://nexo-local-studio-public.vercel.app

Tenemos precios de lanzamiento desde $2,500 MXN. Si les interesa, podemos enviarles una propuesta breve.

Si prefieren no recibir más mensajes, respondan “baja”.",2026-07-17
A,14,Centro de Belleza Aleida Duque,Clínica estética,Colombia,Medellín,El Poblado/Provenza/Laureles/Envigado,,,No website found,,https://www.google.com/maps/search/?api=1&query=Centro%20de%20Belleza%20Aleida%20Duque%20Medell%C3%ADn%20Colombia,https://www.openstreetmap.org/node/10236017862,+57 321 7608311,573217608311,valid_format_only,,,No público,El registro público de OpenStreetMap no incluye sitio web oficial.,El registro público de OpenStreetMap no incluye sitio web oficial. Fuente: OpenStreetMap. Rating/reseñas no disponibles en esta fuente.,https://nexo-local-studio-public.vercel.app,"Hola, buen día.

Somos Nexo Local Studio. Hacemos páginas web profesionales para negocios que quieren mostrar servicios, ubicación y contacto de forma clara desde el celular.

También podemos integrar un asistente con IA que responde preguntas frecuentes y guía al cliente hacia WhatsApp.

Pueden ver nuestra página aquí:
https://nexo-local-studio-public.vercel.app

Tenemos precios de lanzamiento desde $2,500 MXN. Si les interesa, podemos enviarles una propuesta breve.

Si prefieren no recibir más mensajes, respondan “baja”.",2026-07-17
B,11,Naan Laureles,Restaurante boutique,Colombia,Medellín,El Poblado/Provenza/Laureles/Envigado,,,No website found,,https://www.google.com/maps/search/?api=1&query=Naan%20Laureles%20Medell%C3%ADn%20Colombia,https://www.openstreetmap.org/node/10244340209,+57 604 3228781,576043228781,valid_format_only,,,No público,El registro público de OpenStreetMap no incluye sitio web oficial.,El registro público de OpenStreetMap no incluye sitio web oficial. Fuente: OpenStreetMap. Rating/reseñas no disponibles en esta fuente.,https://nexo-local-studio-public.vercel.app,"Hola, buen día.

Somos Nexo Local Studio. Hacemos páginas web profesionales para negocios que quieren mostrar servicios, ubicación y contacto de forma clara desde el celular.

También podemos integrar un asistente con IA que responde preguntas frecuentes y guía al cliente hacia WhatsApp.

Pueden ver nuestra página aquí:
https://nexo-local-studio-public.vercel.app

Tenemos precios de lanzamiento desde $2,500 MXN. Si les interesa, podemos enviarles una propuesta breve.

Si prefieren no recibir más mensajes, respondan “baja”.",2026-07-17
B,11,Lenteja Express Centro,Restaurante boutique,Colombia,Medellín,El Poblado/Provenza/Laureles/Envigado,,,No website found,,https://www.google.com/maps/search/?api=1&query=Lenteja%20Express%20Centro%20Medell%C3%ADn%20Colombia,https://www.openstreetmap.org/node/10268881009,3043417070,573043417070,valid_format_only,,,No público,El registro público de OpenStreetMap no incluye sitio web oficial.,El registro público de OpenStreetMap no incluye sitio web oficial. Fuente: OpenStreetMap. Rating/reseñas no disponibles en esta fuente.,https://nexo-local-studio-public.vercel.app,"Hola, buen día.

Somos Nexo Local Studio. Hacemos páginas web profesionales para negocios que quieren mostrar servicios, ubicación y contacto de forma clara desde el celular.

También podemos integrar un asistente con IA que responde preguntas frecuentes y guía al cliente hacia WhatsApp.

Pueden ver nuestra página aquí:
https://nexo-local-studio-public.vercel.app

Tenemos precios de lanzamiento desde $2,500 MXN. Si les interesa, podemos enviarles una propuesta breve.

Si prefieren no recibir más mensajes, respondan “baja”.",2026-07-17
B,11,Delicias del Mar,Restaurante boutique,Colombia,Medellín,El Poblado/Provenza/Laureles/Envigado,,,No website found,,https://www.google.com/maps/search/?api=1&query=Delicias%20del%20Mar%20Medell%C3%ADn%20Colombia,https://www.openstreetmap.org/node/10695760483,+57 310 8245434,573108245434,valid_format_only,,,No público,El registro público de OpenStreetMap no incluye sitio web oficial.,El registro público de OpenStreetMap no incluye sitio web oficial. Fuente: OpenStreetMap. Rating/reseñas no disponibles en esta fuente.,https://nexo-local-studio-public.vercel.app,"Hola, buen día.

Somos Nexo Local Studio. Hacemos páginas web profesionales para negocios que quieren mostrar servicios, ubicación y contacto de forma clara desde el celular.

También podemos integrar un asistente con IA que responde preguntas frecuentes y guía al cliente hacia WhatsApp.

Pueden ver nuestra página aquí:
https://nexo-local-studio-public.vercel.app

Tenemos precios de lanzamiento desde $2,500 MXN. Si les interesa, podemos enviarles una propuesta breve.

Si prefieren no recibir más mensajes, respondan “baja”.",2026-07-17
B,11,Alma Natura,Restaurante boutique,Colombia,Medellín,El Poblado/Provenza/Laureles/Envigado,,,No website found,,https://www.google.com/maps/search/?api=1&query=Alma%20Natura%20Medell%C3%ADn%20Colombia,https://www.openstreetmap.org/node/11398851173,3004658119,573004658119,valid_format_only,,,No público,El registro público de OpenStreetMap no incluye sitio web oficial.,El registro público de OpenStreetMap no incluye sitio web oficial. Fuente: OpenStreetMap. Rating/reseñas no disponibles en esta fuente.,https://nexo-local-studio-public.vercel.app,"Hola, buen día.

Somos Nexo Local Studio. Hacemos páginas web profesionales para negocios que quieren mostrar servicios, ubicación y contacto de forma clara desde el celular.

También podemos integrar un asistente con IA que responde preguntas frecuentes y guía al cliente hacia WhatsApp.

Pueden ver nuestra página aquí:
https://nexo-local-studio-public.vercel.app

Tenemos precios de lanzamiento desde $2,500 MXN. Si les interesa, podemos enviarles una propuesta breve.

Si prefieren no recibir más mensajes, respondan “baja”.",2026-07-17
B,11,"Pataché, Patacones y Ceviches",Restaurante boutique,Colombia,Medellín,El Poblado/Provenza/Laureles/Envigado,,,No website found,,https://www.google.com/maps/search/?api=1&query=Patach%C3%A9%2C%20Patacones%20y%20Ceviches%20Medell%C3%ADn%20Colombia,https://www.openstreetmap.org/node/11561593690,+57 304 2381816,573042381816,valid_format_only,,,No público,El registro público de OpenStreetMap no incluye sitio web oficial.,El registro público de OpenStreetMap no incluye sitio web oficial. Fuente: OpenStreetMap. Rating/reseñas no disponibles en esta fuente.,https://nexo-local-studio-public.vercel.app,"Hola, buen día.

Somos Nexo Local Studio. Hacemos páginas web profesionales para negocios que quieren mostrar servicios, ubicación y contacto de forma clara desde el celular.

También podemos integrar un asistente con IA que responde preguntas frecuentes y guía al cliente hacia WhatsApp.

Pueden ver nuestra página aquí:
https://nexo-local-studio-public.vercel.app

Tenemos precios de lanzamiento desde $2,500 MXN. Si les interesa, podemos enviarles una propuesta breve.

Si prefieren no recibir más mensajes, respondan “baja”.",2026-07-17
B,12,Mavery,Restaurante boutique,Peru,Lima,Miraflores/San Isidro/Surco/La Molina/Barranco,,,No website found,,https://www.google.com/maps/search/?api=1&query=Mavery%20Lima%20Peru,https://www.openstreetmap.org/node/1431212641,+511 4413134,5114413134,valid_format_only,,,No público,El registro público de OpenStreetMap no incluye sitio web oficial.,El registro público de OpenStreetMap no incluye sitio web oficial. Fuente: OpenStreetMap. Rating/reseñas no disponibles en esta fuente.,https://nexo-local-studio-public.vercel.app,"Hola, buen día.

Somos Nexo Local Studio. Hacemos páginas web profesionales para negocios que quieren mostrar servicios, ubicación y contacto de forma clara desde el celular.

También podemos integrar un asistente con IA que responde preguntas frecuentes y guía al cliente hacia WhatsApp.

Pueden ver nuestra página aquí:
https://nexo-local-studio-public.vercel.app

Tenemos precios de lanzamiento desde $2,500 MXN. Si les interesa, podemos enviarles una propuesta breve.

Si prefieren no recibir más mensajes, respondan “baja”.",2026-07-17
B,12,Chifa Jin,Restaurante boutique,Peru,Lima,Miraflores/San Isidro/Surco/La Molina/Barranco,,,No website found,,https://www.google.com/maps/search/?api=1&query=Chifa%20Jin%20Lima%20Peru,https://www.openstreetmap.org/node/1545385601,+511 2417630,5112417630,valid_format_only,,,No público,El registro público de OpenStreetMap no incluye sitio web oficial.,El registro público de OpenStreetMap no incluye sitio web oficial. Fuente: OpenStreetMap. Rating/reseñas no disponibles en esta fuente.,https://nexo-local-studio-public.vercel.app,"Hola, buen día.

Somos Nexo Local Studio. Hacemos páginas web profesionales para negocios que quieren mostrar servicios, ubicación y contacto de forma clara desde el celular.

También podemos integrar un asistente con IA que responde preguntas frecuentes y guía al cliente hacia WhatsApp.

Pueden ver nuestra página aquí:
https://nexo-local-studio-public.vercel.app

Tenemos precios de lanzamiento desde $2,500 MXN. Si les interesa, podemos enviarles una propuesta breve.

Si prefieren no recibir más mensajes, respondan “baja”.",2026-07-17
B,12,El Patio de Mendiburu,Restaurante boutique,Peru,Lima,Miraflores/San Isidro/Surco/La Molina/Barranco,,,No website found,,https://www.google.com/maps/search/?api=1&query=El%20Patio%20de%20Mendiburu%20Lima%20Peru,https://www.openstreetmap.org/node/1546270221,+511 2216990,5112216990,valid_format_only,,,No público,El registro público de OpenStreetMap no incluye sitio web oficial.,El registro público de OpenStreetMap no incluye sitio web oficial. Fuente: OpenStreetMap. Rating/reseñas no disponibles en esta fuente.,https://nexo-local-studio-public.vercel.app,"Hola, buen día.

Somos Nexo Local Studio. Hacemos páginas web profesionales para negocios que quieren mostrar servicios, ubicación y contacto de forma clara desde el celular.

También podemos integrar un asistente con IA que responde preguntas frecuentes y guía al cliente hacia WhatsApp.

Pueden ver nuestra página aquí:
https://nexo-local-studio-public.vercel.app

Tenemos precios de lanzamiento desde $2,500 MXN. Si les interesa, podemos enviarles una propuesta breve.

Si prefieren no recibir más mensajes, respondan “baja”.",2026-07-17
A,15,Policlinico Solidario San Juan de Miraflores,Clínica estética,Peru,Lima,Miraflores/San Isidro/Surco/La Molina/Barranco,,,No website found,,https://www.google.com/maps/search/?api=1&query=Policlinico%20Solidario%20San%20Juan%20de%20Miraflores%20Lima%20Peru,https://www.openstreetmap.org/node/1904508029,+511 4665676,5114665676,valid_format_only,,,No público,El registro público de OpenStreetMap no incluye sitio web oficial.,El registro público de OpenStreetMap no incluye sitio web oficial. Fuente: OpenStreetMap. Rating/reseñas no disponibles en esta fuente.,https://nexo-local-studio-public.vercel.app,"Hola, buen día.

Somos Nexo Local Studio. Hacemos páginas web profesionales para negocios que quieren mostrar servicios, ubicación y contacto de forma clara desde el celular.

También podemos integrar un asistente con IA que responde preguntas frecuentes y guía al cliente hacia WhatsApp.

Pueden ver nuestra página aquí:
https://nexo-local-studio-public.vercel.app

Tenemos precios de lanzamiento desde $2,500 MXN. Si les interesa, podemos enviarles una propuesta breve.

Si prefieren no recibir más mensajes, respondan “baja”.",2026-07-17
B,12,Los Piuranos,Restaurante boutique,Peru,Lima,Miraflores/San Isidro/Surco/La Molina/Barranco,,,No website found,,https://www.google.com/maps/search/?api=1&query=Los%20Piuranos%20Lima%20Peru,https://www.openstreetmap.org/node/1922787042,+51 1 4214705,5114214705,valid_format_only,,,No público,El registro público de OpenStreetMap no incluye sitio web oficial.,El registro público de OpenStreetMap no incluye sitio web oficial. Fuente: OpenStreetMap. Rating/reseñas no disponibles en esta fuente.,https://nexo-local-studio-public.vercel.app,"Hola, buen día.

Somos Nexo Local Studio. Hacemos páginas web profesionales para negocios que quieren mostrar servicios, ubicación y contacto de forma clara desde el celular.

También podemos integrar un asistente con IA que responde preguntas frecuentes y guía al cliente hacia WhatsApp.

Pueden ver nuestra página aquí:
https://nexo-local-studio-public.vercel.app

Tenemos precios de lanzamiento desde $2,500 MXN. Si les interesa, podemos enviarles una propuesta breve.

Si prefieren no recibir más mensajes, respondan “baja”.",2026-07-17
B,12,Centro de Estudios Idiomas del Mundo,Academia privada,Peru,Lima,Miraflores/San Isidro/Surco/La Molina/Barranco,,,No website found,,https://www.google.com/maps/search/?api=1&query=Centro%20de%20Estudios%20Idiomas%20del%20Mundo%20Lima%20Peru,https://www.openstreetmap.org/node/2090582864,+511 4220738,5114220738,valid_format_only,,,No público,El registro público de OpenStreetMap no incluye sitio web oficial.,El registro público de OpenStreetMap no incluye sitio web oficial. Fuente: OpenStreetMap. Rating/reseñas no disponibles en esta fuente.,https://nexo-local-studio-public.vercel.app,"Hola, buen día.

Somos Nexo Local Studio. Hacemos páginas web profesionales para negocios que quieren mostrar servicios, ubicación y contacto de forma clara desde el celular.

También podemos integrar un asistente con IA que responde preguntas frecuentes y guía al cliente hacia WhatsApp.

Pueden ver nuestra página aquí:
https://nexo-local-studio-public.vercel.app

Tenemos precios de lanzamiento desde $2,500 MXN. Si les interesa, podemos enviarles una propuesta breve.

Si prefieren no recibir más mensajes, respondan “baja”.",2026-07-17
B,12,Arlotia,Restaurante boutique,Peru,Lima,Miraflores/San Isidro/Surco/La Molina/Barranco,,,No website found,,https://www.google.com/maps/search/?api=1&query=Arlotia%20Lima%20Peru,https://www.openstreetmap.org/node/2261936442,+51 1 2562269,5112562269,valid_format_only,,,No público,El registro público de OpenStreetMap no incluye sitio web oficial.,El registro público de OpenStreetMap no incluye sitio web oficial. Fuente: OpenStreetMap. Rating/reseñas no disponibles en esta fuente.,https://nexo-local-studio-public.vercel.app,"Hola, buen día.

Somos Nexo Local Studio. Hacemos páginas web profesionales para negocios que quieren mostrar servicios, ubicación y contacto de forma clara desde el celular.

También podemos integrar un asistente con IA que responde preguntas frecuentes y guía al cliente hacia WhatsApp.

Pueden ver nuestra página aquí:
https://nexo-local-studio-public.vercel.app

Tenemos precios de lanzamiento desde $2,500 MXN. Si les interesa, podemos enviarles una propuesta breve.

Si prefieren no recibir más mensajes, respondan “baja”.",2026-07-17
B,12,Defino Mar,Restaurante boutique,Peru,Lima,Miraflores/San Isidro/Surco/La Molina/Barranco,,,No website found,,https://www.google.com/maps/search/?api=1&query=Defino%20Mar%20Lima%20Peru,https://www.openstreetmap.org/node/2279898348,+511 4453470,5114453470,valid_format_only,,,No público,El registro público de OpenStreetMap no incluye sitio web oficial.,El registro público de OpenStreetMap no incluye sitio web oficial. Fuente: OpenStreetMap. Rating/reseñas no disponibles en esta fuente.,https://nexo-local-studio-public.vercel.app,"Hola, buen día.

Somos Nexo Local Studio. Hacemos páginas web profesionales para negocios que quieren mostrar servicios, ubicación y contacto de forma clara desde el celular.

También podemos integrar un asistente con IA que responde preguntas frecuentes y guía al cliente hacia WhatsApp.

Pueden ver nuestra página aquí:
https://nexo-local-studio-public.vercel.app

Tenemos precios de lanzamiento desde $2,500 MXN. Si les interesa, podemos enviarles una propuesta breve.

Si prefieren no recibir más mensajes, respondan “baja”.",2026-07-17
B,12,Punta Sal,Restaurante boutique,Peru,Lima,Miraflores/San Isidro/Surco/La Molina/Barranco,,,No website found,,https://www.google.com/maps/search/?api=1&query=Punta%20Sal%20Lima%20Peru,https://www.openstreetmap.org/node/2279952714,+511 4417431,5114417431,valid_format_only,,,No público,El registro público de OpenStreetMap no incluye sitio web oficial.,El registro público de OpenStreetMap no incluye sitio web oficial. Fuente: OpenStreetMap. Rating/reseñas no disponibles en esta fuente.,https://nexo-local-studio-public.vercel.app,"Hola, buen día.

Somos Nexo Local Studio. Hacemos páginas web profesionales para negocios que quieren mostrar servicios, ubicación y contacto de forma clara desde el celular.

También podemos integrar un asistente con IA que responde preguntas frecuentes y guía al cliente hacia WhatsApp.

Pueden ver nuestra página aquí:
https://nexo-local-studio-public.vercel.app

Tenemos precios de lanzamiento desde $2,500 MXN. Si les interesa, podemos enviarles una propuesta breve.

Si prefieren no recibir más mensajes, respondan “baja”.",2026-07-17
B,12,Cevicheria La Bahia Secreta,Restaurante boutique,Peru,Lima,Miraflores/San Isidro/Surco/La Molina/Barranco,,,No website found,,https://www.google.com/maps/search/?api=1&query=Cevicheria%20La%20Bahia%20Secreta%20Lima%20Peru,https://www.openstreetmap.org/node/2283390552,+5114359075,5114359075,valid_format_only,,,No público,El registro público de OpenStreetMap no incluye sitio web oficial.,El registro público de OpenStreetMap no incluye sitio web oficial. Fuente: OpenStreetMap. Rating/reseñas no disponibles en esta fuente.,https://nexo-local-studio-public.vercel.app,"Hola, buen día.

Somos Nexo Local Studio. Hacemos páginas web profesionales para negocios que quieren mostrar servicios, ubicación y contacto de forma clara desde el celular.

También podemos integrar un asistente con IA que responde preguntas frecuentes y guía al cliente hacia WhatsApp.

Pueden ver nuestra página aquí:
https://nexo-local-studio-public.vercel.app

Tenemos precios de lanzamiento desde $2,500 MXN. Si les interesa, podemos enviarles una propuesta breve.

Si prefieren no recibir más mensajes, respondan “baja”.",2026-07-17
B,12,Como Agua para Chocolate,Restaurante boutique,Peru,Lima,Miraflores/San Isidro/Surco/La Molina/Barranco,,,No website found,,https://www.google.com/maps/search/?api=1&query=Como%20Agua%20para%20Chocolate%20Lima%20Peru,https://www.openstreetmap.org/node/2512307098,+511 2220297,5112220297,valid_format_only,,,No público,El registro público de OpenStreetMap no incluye sitio web oficial.,El registro público de OpenStreetMap no incluye sitio web oficial. Fuente: OpenStreetMap. Rating/reseñas no disponibles en esta fuente.,https://nexo-local-studio-public.vercel.app,"Hola, buen día.

Somos Nexo Local Studio. Hacemos páginas web profesionales para negocios que quieren mostrar servicios, ubicación y contacto de forma clara desde el celular.

También podemos integrar un asistente con IA que responde preguntas frecuentes y guía al cliente hacia WhatsApp.

Pueden ver nuestra página aquí:
https://nexo-local-studio-public.vercel.app

Tenemos precios de lanzamiento desde $2,500 MXN. Si les interesa, podemos enviarles una propuesta breve.

Si prefieren no recibir más mensajes, respondan “baja”.",2026-07-17
B,12,Long Horn Grill and Drinks,Restaurante boutique,Peru,Lima,Miraflores/San Isidro/Surco/La Molina/Barranco,,,No website found,,https://www.google.com/maps/search/?api=1&query=Long%20Horn%20Grill%20and%20Drinks%20Lima%20Peru,https://www.openstreetmap.org/node/2745568804,+51 1 435 7794,5114357794,valid_format_only,,,No público,El registro público de OpenStreetMap no incluye sitio web oficial.,El registro público de OpenStreetMap no incluye sitio web oficial. Fuente: OpenStreetMap. Rating/reseñas no disponibles en esta fuente.,https://nexo-local-studio-public.vercel.app,"Hola, buen día.

Somos Nexo Local Studio. Hacemos páginas web profesionales para negocios que quieren mostrar servicios, ubicación y contacto de forma clara desde el celular.

También podemos integrar un asistente con IA que responde preguntas frecuentes y guía al cliente hacia WhatsApp.

Pueden ver nuestra página aquí:
https://nexo-local-studio-public.vercel.app

Tenemos precios de lanzamiento desde $2,500 MXN. Si les interesa, podemos enviarles una propuesta breve.

Si prefieren no recibir más mensajes, respondan “baja”.",2026-07-17
B,12,Il Postino,Restaurante boutique,Peru,Lima,Miraflores/San Isidro/Surco/La Molina/Barranco,,,No website found,,https://www.google.com/maps/search/?api=1&query=Il%20Postino%20Lima%20Peru,https://www.openstreetmap.org/node/2760052954,+511 4458856,5114458856,valid_format_only,,,No público,El registro público de OpenStreetMap no incluye sitio web oficial.,El registro público de OpenStreetMap no incluye sitio web oficial. Fuente: OpenStreetMap. Rating/reseñas no disponibles en esta fuente.,https://nexo-local-studio-public.vercel.app,"Hola, buen día.

Somos Nexo Local Studio. Hacemos páginas web profesionales para negocios que quieren mostrar servicios, ubicación y contacto de forma clara desde el celular.

También podemos integrar un asistente con IA que responde preguntas frecuentes y guía al cliente hacia WhatsApp.

Pueden ver nuestra página aquí:
https://nexo-local-studio-public.vercel.app

Tenemos precios de lanzamiento desde $2,500 MXN. Si les interesa, podemos enviarles una propuesta breve.

Si prefieren no recibir más mensajes, respondan “baja”.",2026-07-17
B,12,Jerónimo,Restaurante boutique,Peru,Lima,Miraflores/San Isidro/Surco/La Molina/Barranco,,,No website found,,https://www.google.com/maps/search/?api=1&query=Jer%C3%B3nimo%20Lima%20Peru,https://www.openstreetmap.org/node/2854537001,+511 4947336,5114947336,valid_format_only,,,No público,El registro público de OpenStreetMap no incluye sitio web oficial.,El registro público de OpenStreetMap no incluye sitio web oficial. Fuente: OpenStreetMap. Rating/reseñas no disponibles en esta fuente.,https://nexo-local-studio-public.vercel.app,"Hola, buen día.

Somos Nexo Local Studio. Hacemos páginas web profesionales para negocios que quieren mostrar servicios, ubicación y contacto de forma clara desde el celular.

También podemos integrar un asistente con IA que responde preguntas frecuentes y guía al cliente hacia WhatsApp.

Pueden ver nuestra página aquí:
https://nexo-local-studio-public.vercel.app

Tenemos precios de lanzamiento desde $2,500 MXN. Si les interesa, podemos enviarles una propuesta breve.

Si prefieren no recibir más mensajes, respondan “baja”.",2026-07-17
A,15,EsSalud Policlínico San Luis,Clínica estética,Peru,Lima,Miraflores/San Isidro/Surco/La Molina/Barranco,,,No website found,,https://www.google.com/maps/search/?api=1&query=EsSalud%20Policl%C3%ADnico%20San%20Luis%20Lima%20Peru,https://www.openstreetmap.org/node/3063482681,+511 3262599,5113262599,valid_format_only,,,No público,El registro público de OpenStreetMap no incluye sitio web oficial.,El registro público de OpenStreetMap no incluye sitio web oficial. Fuente: OpenStreetMap. Rating/reseñas no disponibles en esta fuente.,https://nexo-local-studio-public.vercel.app,"Hola, buen día.

Somos Nexo Local Studio. Hacemos páginas web profesionales para negocios que quieren mostrar servicios, ubicación y contacto de forma clara desde el celular.

También podemos integrar un asistente con IA que responde preguntas frecuentes y guía al cliente hacia WhatsApp.

Pueden ver nuestra página aquí:
https://nexo-local-studio-public.vercel.app

Tenemos precios de lanzamiento desde $2,500 MXN. Si les interesa, podemos enviarles una propuesta breve.

Si prefieren no recibir más mensajes, respondan “baja”.",2026-07-17
B,12,Ache,Restaurante boutique,Peru,Lima,Miraflores/San Isidro/Surco/La Molina/Barranco,,,No website found,,https://www.google.com/maps/search/?api=1&query=Ache%20Lima%20Peru,https://www.openstreetmap.org/node/3066368177,+51 1 2219315,5112219315,valid_format_only,,,No público,El registro público de OpenStreetMap no incluye sitio web oficial.,El registro público de OpenStreetMap no incluye sitio web oficial. Fuente: OpenStreetMap. Rating/reseñas no disponibles en esta fuente.,https://nexo-local-studio-public.vercel.app,"Hola, buen día.

Somos Nexo Local Studio. Hacemos páginas web profesionales para negocios que quieren mostrar servicios, ubicación y contacto de forma clara desde el celular.

También podemos integrar un asistente con IA que responde preguntas frecuentes y guía al cliente hacia WhatsApp.

Pueden ver nuestra página aquí:
https://nexo-local-studio-public.vercel.app

Tenemos precios de lanzamiento desde $2,500 MXN. Si les interesa, podemos enviarles una propuesta breve.

Si prefieren no recibir más mensajes, respondan “baja”.",2026-07-17
A,14,MundoCan,Veterinaria,Peru,Lima,Miraflores/San Isidro/Surco/La Molina/Barranco,,,No website found,,https://www.google.com/maps/search/?api=1&query=MundoCan%20Lima%20Peru,https://www.openstreetmap.org/node/3293614190,+51 1 6610446,5116610446,valid_format_only,,,No público,El registro público de OpenStreetMap no incluye sitio web oficial.,El registro público de OpenStreetMap no incluye sitio web oficial. Fuente: OpenStreetMap. Rating/reseñas no disponibles en esta fuente.,https://nexo-local-studio-public.vercel.app,"Hola, buen día.

Somos Nexo Local Studio. Hacemos páginas web profesionales para negocios que quieren mostrar servicios, ubicación y contacto de forma clara desde el celular.

También podemos integrar un asistente con IA que responde preguntas frecuentes y guía al cliente hacia WhatsApp.

Pueden ver nuestra página aquí:
https://nexo-local-studio-public.vercel.app

Tenemos precios de lanzamiento desde $2,500 MXN. Si les interesa, podemos enviarles una propuesta breve.

Si prefieren no recibir más mensajes, respondan “baja”.",2026-07-17
A,15,Dental Zegarra,Dental,Peru,Lima,Miraflores/San Isidro/Surco/La Molina/Barranco,,,No website found,,https://www.google.com/maps/search/?api=1&query=Dental%20Zegarra%20Lima%20Peru,https://www.openstreetmap.org/node/3293618076,+51 1 4366986,5114366986,valid_format_only,,,No público,El registro público de OpenStreetMap no incluye sitio web oficial.,El registro público de OpenStreetMap no incluye sitio web oficial. Fuente: OpenStreetMap. Rating/reseñas no disponibles en esta fuente.,https://nexo-local-studio-public.vercel.app,"Hola, buen día.

Somos Nexo Local Studio. Hacemos páginas web profesionales para negocios que quieren mostrar servicios, ubicación y contacto de forma clara desde el celular.

También podemos integrar un asistente con IA que responde preguntas frecuentes y guía al cliente hacia WhatsApp.

Pueden ver nuestra página aquí:
https://nexo-local-studio-public.vercel.app

Tenemos precios de lanzamiento desde $2,500 MXN. Si les interesa, podemos enviarles una propuesta breve.

Si prefieren no recibir más mensajes, respondan “baja”.",2026-07-17
B,12,Pizzería Massima,Restaurante boutique,Peru,Lima,Miraflores/San Isidro/Surco/La Molina/Barranco,,,No website found,,https://www.google.com/maps/search/?api=1&query=Pizzer%C3%ADa%20Massima%20Lima%20Peru,https://www.openstreetmap.org/node/3293749567,+51 1 4376184,5114376184,valid_format_only,,,No público,El registro público de OpenStreetMap no incluye sitio web oficial.,El registro público de OpenStreetMap no incluye sitio web oficial. Fuente: OpenStreetMap. Rating/reseñas no disponibles en esta fuente.,https://nexo-local-studio-public.vercel.app,"Hola, buen día.

Somos Nexo Local Studio. Hacemos páginas web profesionales para negocios que quieren mostrar servicios, ubicación y contacto de forma clara desde el celular.

También podemos integrar un asistente con IA que responde preguntas frecuentes y guía al cliente hacia WhatsApp.

Pueden ver nuestra página aquí:
https://nexo-local-studio-public.vercel.app

Tenemos precios de lanzamiento desde $2,500 MXN. Si les interesa, podemos enviarles una propuesta breve.

Si prefieren no recibir más mensajes, respondan “baja”.",2026-07-17
A,15,Kabelo,Clínica estética,Peru,Lima,Miraflores/San Isidro/Surco/La Molina/Barranco,,,No website found,,https://www.google.com/maps/search/?api=1&query=Kabelo%20Lima%20Peru,https://www.openstreetmap.org/node/3293750407,+51 1 4361807,5114361807,valid_format_only,,,No público,El registro público de OpenStreetMap no incluye sitio web oficial.,El registro público de OpenStreetMap no incluye sitio web oficial. Fuente: OpenStreetMap. Rating/reseñas no disponibles en esta fuente.,https://nexo-local-studio-public.vercel.app,"Hola, buen día.

Somos Nexo Local Studio. Hacemos páginas web profesionales para negocios que quieren mostrar servicios, ubicación y contacto de forma clara desde el celular.

También podemos integrar un asistente con IA que responde preguntas frecuentes y guía al cliente hacia WhatsApp.

Pueden ver nuestra página aquí:
https://nexo-local-studio-public.vercel.app

Tenemos precios de lanzamiento desde $2,500 MXN. Si les interesa, podemos enviarles una propuesta breve.

Si prefieren no recibir más mensajes, respondan “baja”.",2026-07-17
A,14,viPets,Veterinaria,Peru,Lima,Miraflores/San Isidro/Surco/La Molina/Barranco,,,No website found,,https://www.google.com/maps/search/?api=1&query=viPets%20Lima%20Peru,https://www.openstreetmap.org/node/3293803526,+51 1 4346058,5114346058,valid_format_only,,,No público,El registro público de OpenStreetMap no incluye sitio web oficial.,El registro público de OpenStreetMap no incluye sitio web oficial. Fuente: OpenStreetMap. Rating/reseñas no disponibles en esta fuente.,https://nexo-local-studio-public.vercel.app,"Hola, buen día.

Somos Nexo Local Studio. Hacemos páginas web profesionales para negocios que quieren mostrar servicios, ubicación y contacto de forma clara desde el celular.

También podemos integrar un asistente con IA que responde preguntas frecuentes y guía al cliente hacia WhatsApp.

Pueden ver nuestra página aquí:
https://nexo-local-studio-public.vercel.app

Tenemos precios de lanzamiento desde $2,500 MXN. Si les interesa, podemos enviarles una propuesta breve.

Si prefieren no recibir más mensajes, respondan “baja”.",2026-07-17
A,15,Ellas Spa,Clínica estética,Peru,Lima,Miraflores/San Isidro/Surco/La Molina/Barranco,,,No website found,,https://www.google.com/maps/search/?api=1&query=Ellas%20Spa%20Lima%20Peru,https://www.openstreetmap.org/node/3293814177,+51 1 3588119,5113588119,valid_format_only,,,No público,El registro público de OpenStreetMap no incluye sitio web oficial.,El registro público de OpenStreetMap no incluye sitio web oficial. Fuente: OpenStreetMap. Rating/reseñas no disponibles en esta fuente.,https://nexo-local-studio-public.vercel.app,"Hola, buen día.

Somos Nexo Local Studio. Hacemos páginas web profesionales para negocios que quieren mostrar servicios, ubicación y contacto de forma clara desde el celular.

También podemos integrar un asistente con IA que responde preguntas frecuentes y guía al cliente hacia WhatsApp.

Pueden ver nuestra página aquí:
https://nexo-local-studio-public.vercel.app

Tenemos precios de lanzamiento desde $2,500 MXN. Si les interesa, podemos enviarles una propuesta breve.

Si prefieren no recibir más mensajes, respondan “baja”.",2026-07-17
A,15,Clinica Dental ODONTOBELL'E,Dental,Peru,Lima,Miraflores/San Isidro/Surco/La Molina/Barranco,,,No website found,,https://www.google.com/maps/search/?api=1&query=Clinica%20Dental%20ODONTOBELL%27E%20Lima%20Peru,https://www.openstreetmap.org/node/3293868638,+51 1 4372982,5114372982,valid_format_only,,,No público,El registro público de OpenStreetMap no incluye sitio web oficial.,El registro público de OpenStreetMap no incluye sitio web oficial. Fuente: OpenStreetMap. Rating/reseñas no disponibles en esta fuente.,https://nexo-local-studio-public.vercel.app,"Hola, buen día.

Somos Nexo Local Studio. Hacemos páginas web profesionales para negocios que quieren mostrar servicios, ubicación y contacto de forma clara desde el celular.

También podemos integrar un asistente con IA que responde preguntas frecuentes y guía al cliente hacia WhatsApp.

Pueden ver nuestra página aquí:
https://nexo-local-studio-public.vercel.app

Tenemos precios de lanzamiento desde $2,500 MXN. Si les interesa, podemos enviarles una propuesta breve.

Si prefieren no recibir más mensajes, respondan “baja”.",2026-07-17
B,12,Tolentino Café,Restaurante boutique,Peru,Lima,Miraflores/San Isidro/Surco/La Molina/Barranco,,,No website found,,https://www.google.com/maps/search/?api=1&query=Tolentino%20Caf%C3%A9%20Lima%20Peru,https://www.openstreetmap.org/node/3812131297,+5113494444,5113494444,valid_format_only,,,No público,El registro público de OpenStreetMap no incluye sitio web oficial.,El registro público de OpenStreetMap no incluye sitio web oficial. Fuente: OpenStreetMap. Rating/reseñas no disponibles en esta fuente.,https://nexo-local-studio-public.vercel.app,"Hola, buen día.

Somos Nexo Local Studio. Hacemos páginas web profesionales para negocios que quieren mostrar servicios, ubicación y contacto de forma clara desde el celular.

También podemos integrar un asistente con IA que responde preguntas frecuentes y guía al cliente hacia WhatsApp.

Pueden ver nuestra página aquí:
https://nexo-local-studio-public.vercel.app

Tenemos precios de lanzamiento desde $2,500 MXN. Si les interesa, podemos enviarles una propuesta breve.

Si prefieren no recibir más mensajes, respondan “baja”.",2026-07-17
B,12,Salón de la Felicidad,Restaurante boutique,Peru,Lima,Miraflores/San Isidro/Surco/La Molina/Barranco,,,No website found,,https://www.google.com/maps/search/?api=1&query=Sal%C3%B3n%20de%20la%20Felicidad%20Lima%20Peru,https://www.openstreetmap.org/node/4034986709,+51 1 4262190,5114262190,valid_format_only,,,No público,El registro público de OpenStreetMap no incluye sitio web oficial.,El registro público de OpenStreetMap no incluye sitio web oficial. Fuente: OpenStreetMap. Rating/reseñas no disponibles en esta fuente.,https://nexo-local-studio-public.vercel.app,"Hola, buen día.

Somos Nexo Local Studio. Hacemos páginas web profesionales para negocios que quieren mostrar servicios, ubicación y contacto de forma clara desde el celular.

También podemos integrar un asistente con IA que responde preguntas frecuentes y guía al cliente hacia WhatsApp.

Pueden ver nuestra página aquí:
https://nexo-local-studio-public.vercel.app

Tenemos precios de lanzamiento desde $2,500 MXN. Si les interesa, podemos enviarles una propuesta breve.

Si prefieren no recibir más mensajes, respondan “baja”.",2026-07-17
A,15,Centro de Salud San Isidro,Clínica estética,Peru,Lima,Miraflores/San Isidro/Surco/La Molina/Barranco,,,No website found,,https://www.google.com/maps/search/?api=1&query=Centro%20de%20Salud%20San%20Isidro%20Lima%20Peru,https://www.openstreetmap.org/node/4077392666,+511 2643125,5112643125,valid_format_only,,,No público,El registro público de OpenStreetMap no incluye sitio web oficial.,El registro público de OpenStreetMap no incluye sitio web oficial. Fuente: OpenStreetMap. Rating/reseñas no disponibles en esta fuente.,https://nexo-local-studio-public.vercel.app,"Hola, buen día.

Somos Nexo Local Studio. Hacemos páginas web profesionales para negocios que quieren mostrar servicios, ubicación y contacto de forma clara desde el celular.

También podemos integrar un asistente con IA que responde preguntas frecuentes y guía al cliente hacia WhatsApp.

Pueden ver nuestra página aquí:
https://nexo-local-studio-public.vercel.app

Tenemos precios de lanzamiento desde $2,500 MXN. Si les interesa, podemos enviarles una propuesta breve.

Si prefieren no recibir más mensajes, respondan “baja”.",2026-07-17
B,12,Kuo Wha,Restaurante boutique,Peru,Lima,Miraflores/San Isidro/Surco/La Molina/Barranco,,,No website found,,https://www.google.com/maps/search/?api=1&query=Kuo%20Wha%20Lima%20Peru,https://www.openstreetmap.org/node/4081647461,+511 4459482,5114459482,valid_format_only,,,No público,El registro público de OpenStreetMap no incluye sitio web oficial.,El registro público de OpenStreetMap no incluye sitio web oficial. Fuente: OpenStreetMap. Rating/reseñas no disponibles en esta fuente.,https://nexo-local-studio-public.vercel.app,"Hola, buen día.

Somos Nexo Local Studio. Hacemos páginas web profesionales para negocios que quieren mostrar servicios, ubicación y contacto de forma clara desde el celular.

También podemos integrar un asistente con IA que responde preguntas frecuentes y guía al cliente hacia WhatsApp.

Pueden ver nuestra página aquí:
https://nexo-local-studio-public.vercel.app

Tenemos precios de lanzamiento desde $2,500 MXN. Si les interesa, podemos enviarles una propuesta breve.

Si prefieren no recibir más mensajes, respondan “baja”.",2026-07-17
B,12,El Rey del Sabor,Restaurante boutique,Peru,Lima,Miraflores/San Isidro/Surco/La Molina/Barranco,,,No website found,,https://www.google.com/maps/search/?api=1&query=El%20Rey%20del%20Sabor%20Lima%20Peru,https://www.openstreetmap.org/node/4102771592,+51 1 2574242,5112574242,valid_format_only,,,No público,El registro público de OpenStreetMap no incluye sitio web oficial.,El registro público de OpenStreetMap no incluye sitio web oficial. Fuente: OpenStreetMap. Rating/reseñas no disponibles en esta fuente.,https://nexo-local-studio-public.vercel.app,"Hola, buen día.

Somos Nexo Local Studio. Hacemos páginas web profesionales para negocios que quieren mostrar servicios, ubicación y contacto de forma clara desde el celular.

También podemos integrar un asistente con IA que responde preguntas frecuentes y guía al cliente hacia WhatsApp.

Pueden ver nuestra página aquí:
https://nexo-local-studio-public.vercel.app

Tenemos precios de lanzamiento desde $2,500 MXN. Si les interesa, podemos enviarles una propuesta breve.

Si prefieren no recibir más mensajes, respondan “baja”.",2026-07-17
A,15,Facé Salón & Spá,Clínica estética,Peru,Lima,Miraflores/San Isidro/Surco/La Molina/Barranco,,,No website found,,https://www.google.com/maps/search/?api=1&query=Fac%C3%A9%20Sal%C3%B3n%20%26%20Sp%C3%A1%20Lima%20Peru,https://www.openstreetmap.org/node/4140965589,+51 988010710,51988010710,valid_format_only,,,No público,El registro público de OpenStreetMap no incluye sitio web oficial.,El registro público de OpenStreetMap no incluye sitio web oficial. Fuente: OpenStreetMap. Rating/reseñas no disponibles en esta fuente.,https://nexo-local-studio-public.vercel.app,"Hola, buen día.

Somos Nexo Local Studio. Hacemos páginas web profesionales para negocios que quieren mostrar servicios, ubicación y contacto de forma clara desde el celular.

También podemos integrar un asistente con IA que responde preguntas frecuentes y guía al cliente hacia WhatsApp.

Pueden ver nuestra página aquí:
https://nexo-local-studio-public.vercel.app

Tenemos precios de lanzamiento desde $2,500 MXN. Si les interesa, podemos enviarles una propuesta breve.

Si prefieren no recibir más mensajes, respondan “baja”.",2026-07-17
B,12,Punto Azul,Restaurante boutique,Peru,Lima,Miraflores/San Isidro/Surco/La Molina/Barranco,,,No website found,,https://www.google.com/maps/search/?api=1&query=Punto%20Azul%20Lima%20Peru,https://www.openstreetmap.org/node/4160245960,+51 1 224 8755,5112248755,valid_format_only,,,No público,El registro público de OpenStreetMap no incluye sitio web oficial.,El registro público de OpenStreetMap no incluye sitio web oficial. Fuente: OpenStreetMap. Rating/reseñas no disponibles en esta fuente.,https://nexo-local-studio-public.vercel.app,"Hola, buen día.

Somos Nexo Local Studio. Hacemos páginas web profesionales para negocios que quieren mostrar servicios, ubicación y contacto de forma clara desde el celular.

También podemos integrar un asistente con IA que responde preguntas frecuentes y guía al cliente hacia WhatsApp.

Pueden ver nuestra página aquí:
https://nexo-local-studio-public.vercel.app

Tenemos precios de lanzamiento desde $2,500 MXN. Si les interesa, podemos enviarles una propuesta breve.

Si prefieren no recibir más mensajes, respondan “baja”.",2026-07-17
B,12,Chancho al Palo de Juanito,Restaurante boutique,Peru,Lima,Miraflores/San Isidro/Surco/La Molina/Barranco,,,No website found,,https://www.google.com/maps/search/?api=1&query=Chancho%20al%20Palo%20de%20Juanito%20Lima%20Peru,https://www.openstreetmap.org/node/4172024690,+51 991206816,51991206816,valid_format_only,,,No público,El registro público de OpenStreetMap no incluye sitio web oficial.,El registro público de OpenStreetMap no incluye sitio web oficial. Fuente: OpenStreetMap. Rating/reseñas no disponibles en esta fuente.,https://nexo-local-studio-public.vercel.app,"Hola, buen día.

Somos Nexo Local Studio. Hacemos páginas web profesionales para negocios que quieren mostrar servicios, ubicación y contacto de forma clara desde el celular.

También podemos integrar un asistente con IA que responde preguntas frecuentes y guía al cliente hacia WhatsApp.

Pueden ver nuestra página aquí:
https://nexo-local-studio-public.vercel.app

Tenemos precios de lanzamiento desde $2,500 MXN. Si les interesa, podemos enviarles una propuesta breve.

Si prefieren no recibir más mensajes, respondan “baja”.",2026-07-17
A,14,Opticas SANTA LUCIA,Óptica/Oftalmología premium,Peru,Lima,Miraflores/San Isidro/Surco/La Molina/Barranco,,,No website found,,https://www.google.com/maps/search/?api=1&query=Opticas%20SANTA%20LUCIA%20Lima%20Peru,https://www.openstreetmap.org/node/4174844478,+51 1 3464207,5113464207,valid_format_only,,,No público,El registro público de OpenStreetMap no incluye sitio web oficial.,El registro público de OpenStreetMap no incluye sitio web oficial. Fuente: OpenStreetMap. Rating/reseñas no disponibles en esta fuente.,https://nexo-local-studio-public.vercel.app,"Hola, buen día.

Somos Nexo Local Studio. Hacemos páginas web profesionales para negocios que quieren mostrar servicios, ubicación y contacto de forma clara desde el celular.

También podemos integrar un asistente con IA que responde preguntas frecuentes y guía al cliente hacia WhatsApp.

Pueden ver nuestra página aquí:
https://nexo-local-studio-public.vercel.app

Tenemos precios de lanzamiento desde $2,500 MXN. Si les interesa, podemos enviarles una propuesta breve.

Si prefieren no recibir más mensajes, respondan “baja”.",2026-07-17
B,12,Los Vitrales,Restaurante boutique,Peru,Lima,Miraflores/San Isidro/Surco/La Molina/Barranco,,,No website found,,https://www.google.com/maps/search/?api=1&query=Los%20Vitrales%20Lima%20Peru,https://www.openstreetmap.org/node/4207922066,+51 1 4262954,5114262954,valid_format_only,,,No público,El registro público de OpenStreetMap no incluye sitio web oficial.,El registro público de OpenStreetMap no incluye sitio web oficial. Fuente: OpenStreetMap. Rating/reseñas no disponibles en esta fuente.,https://nexo-local-studio-public.vercel.app,"Hola, buen día.

Somos Nexo Local Studio. Hacemos páginas web profesionales para negocios que quieren mostrar servicios, ubicación y contacto de forma clara desde el celular.

También podemos integrar un asistente con IA que responde preguntas frecuentes y guía al cliente hacia WhatsApp.

Pueden ver nuestra página aquí:
https://nexo-local-studio-public.vercel.app

Tenemos precios de lanzamiento desde $2,500 MXN. Si les interesa, podemos enviarles una propuesta breve.

Si prefieren no recibir más mensajes, respondan “baja”.",2026-07-17
B,12,Lima Canela,Restaurante boutique,Peru,Lima,Miraflores/San Isidro/Surco/La Molina/Barranco,,,No website found,,https://www.google.com/maps/search/?api=1&query=Lima%20Canela%20Lima%20Peru,https://www.openstreetmap.org/node/4253770990,+51 444 0731,51514440731,valid_format_only,,,No público,El registro público de OpenStreetMap no incluye sitio web oficial.,El registro público de OpenStreetMap no incluye sitio web oficial. Fuente: OpenStreetMap. Rating/reseñas no disponibles en esta fuente.,https://nexo-local-studio-public.vercel.app,"Hola, buen día.

Somos Nexo Local Studio. Hacemos páginas web profesionales para negocios que quieren mostrar servicios, ubicación y contacto de forma clara desde el celular.

También podemos integrar un asistente con IA que responde preguntas frecuentes y guía al cliente hacia WhatsApp.

Pueden ver nuestra página aquí:
https://nexo-local-studio-public.vercel.app

Tenemos precios de lanzamiento desde $2,500 MXN. Si les interesa, podemos enviarles una propuesta breve.

Si prefieren no recibir más mensajes, respondan “baja”.",2026-07-17
B,12,Macarena,Restaurante boutique,Peru,Lima,Miraflores/San Isidro/Surco/La Molina/Barranco,,,No website found,,https://www.google.com/maps/search/?api=1&query=Macarena%20Lima%20Peru,https://www.openstreetmap.org/node/4261061890,+511 4964079,5114964079,valid_format_only,,,No público,El registro público de OpenStreetMap no incluye sitio web oficial.,El registro público de OpenStreetMap no incluye sitio web oficial. Fuente: OpenStreetMap. Rating/reseñas no disponibles en esta fuente.,https://nexo-local-studio-public.vercel.app,"Hola, buen día.

Somos Nexo Local Studio. Hacemos páginas web profesionales para negocios que quieren mostrar servicios, ubicación y contacto de forma clara desde el celular.

También podemos integrar un asistente con IA que responde preguntas frecuentes y guía al cliente hacia WhatsApp.

Pueden ver nuestra página aquí:
https://nexo-local-studio-public.vercel.app

Tenemos precios de lanzamiento desde $2,500 MXN. Si les interesa, podemos enviarles una propuesta breve.

Si prefieren no recibir más mensajes, respondan “baja”.",2026-07-17
B,12,Casagrande Daviá,Restaurante boutique,Peru,Lima,Miraflores/San Isidro/Surco/La Molina/Barranco,,,No website found,,https://www.google.com/maps/search/?api=1&query=Casagrande%20Davi%C3%A1%20Lima%20Peru,https://www.openstreetmap.org/node/4265005529,+511 4442612,5114442612,valid_format_only,,,No público,El registro público de OpenStreetMap no incluye sitio web oficial.,El registro público de OpenStreetMap no incluye sitio web oficial. Fuente: OpenStreetMap. Rating/reseñas no disponibles en esta fuente.,https://nexo-local-studio-public.vercel.app,"Hola, buen día.

Somos Nexo Local Studio. Hacemos páginas web profesionales para negocios que quieren mostrar servicios, ubicación y contacto de forma clara desde el celular.

También podemos integrar un asistente con IA que responde preguntas frecuentes y guía al cliente hacia WhatsApp.

Pueden ver nuestra página aquí:
https://nexo-local-studio-public.vercel.app

Tenemos precios de lanzamiento desde $2,500 MXN. Si les interesa, podemos enviarles una propuesta breve.

Si prefieren no recibir más mensajes, respondan “baja”.",2026-07-17
B,12,Refilo Sanguchería,Restaurante boutique,Peru,Lima,Miraflores/San Isidro/Surco/La Molina/Barranco,,,No website found,,https://www.google.com/maps/search/?api=1&query=Refilo%20Sangucher%C3%ADa%20Lima%20Peru,https://www.openstreetmap.org/node/4286257889,+51 1 273 4499,5112734499,valid_format_only,,,No público,El registro público de OpenStreetMap no incluye sitio web oficial.,El registro público de OpenStreetMap no incluye sitio web oficial. Fuente: OpenStreetMap. Rating/reseñas no disponibles en esta fuente.,https://nexo-local-studio-public.vercel.app,"Hola, buen día.

Somos Nexo Local Studio. Hacemos páginas web profesionales para negocios que quieren mostrar servicios, ubicación y contacto de forma clara desde el celular.

También podemos integrar un asistente con IA que responde preguntas frecuentes y guía al cliente hacia WhatsApp.

Pueden ver nuestra página aquí:
https://nexo-local-studio-public.vercel.app

Tenemos precios de lanzamiento desde $2,500 MXN. Si les interesa, podemos enviarles una propuesta breve.

Si prefieren no recibir más mensajes, respondan “baja”.",2026-07-17
B,12,Onaka Suita Sushi,Restaurante boutique,Peru,Lima,Miraflores/San Isidro/Surco/La Molina/Barranco,,,No website found,,https://www.google.com/maps/search/?api=1&query=Onaka%20Suita%20Sushi%20Lima%20Peru,https://www.openstreetmap.org/node/4311851895,+51 986083992,51986083992,valid_format_only,,,No público,El registro público de OpenStreetMap no incluye sitio web oficial.,El registro público de OpenStreetMap no incluye sitio web oficial. Fuente: OpenStreetMap. Rating/reseñas no disponibles en esta fuente.,https://nexo-local-studio-public.vercel.app,"Hola, buen día.

Somos Nexo Local Studio. Hacemos páginas web profesionales para negocios que quieren mostrar servicios, ubicación y contacto de forma clara desde el celular.

También podemos integrar un asistente con IA que responde preguntas frecuentes y guía al cliente hacia WhatsApp.

Pueden ver nuestra página aquí:
https://nexo-local-studio-public.vercel.app

Tenemos precios de lanzamiento desde $2,500 MXN. Si les interesa, podemos enviarles una propuesta breve.

Si prefieren no recibir más mensajes, respondan “baja”.",2026-07-17
B,12,Trattoria dei Prati,Restaurante boutique,Peru,Lima,Miraflores/San Isidro/Surco/La Molina/Barranco,,,No website found,,https://www.google.com/maps/search/?api=1&query=Trattoria%20dei%20Prati%20Lima%20Peru,https://www.openstreetmap.org/node/4311916891,+511 2423382,5112423382,valid_format_only,,,No público,El registro público de OpenStreetMap no incluye sitio web oficial.,El registro público de OpenStreetMap no incluye sitio web oficial. Fuente: OpenStreetMap. Rating/reseñas no disponibles en esta fuente.,https://nexo-local-studio-public.vercel.app,"Hola, buen día.

Somos Nexo Local Studio. Hacemos páginas web profesionales para negocios que quieren mostrar servicios, ubicación y contacto de forma clara desde el celular.

También podemos integrar un asistente con IA que responde preguntas frecuentes y guía al cliente hacia WhatsApp.

Pueden ver nuestra página aquí:
https://nexo-local-studio-public.vercel.app

Tenemos precios de lanzamiento desde $2,500 MXN. Si les interesa, podemos enviarles una propuesta breve.

Si prefieren no recibir más mensajes, respondan “baja”.",2026-07-17
B,12,Ohashi Maki,Restaurante boutique,Peru,Lima,Miraflores/San Isidro/Surco/La Molina/Barranco,,,No website found,,https://www.google.com/maps/search/?api=1&query=Ohashi%20Maki%20Lima%20Peru,https://www.openstreetmap.org/node/4311926193,+51 1 5923284,5115923284,valid_format_only,,,No público,El registro público de OpenStreetMap no incluye sitio web oficial.,El registro público de OpenStreetMap no incluye sitio web oficial. Fuente: OpenStreetMap. Rating/reseñas no disponibles en esta fuente.,https://nexo-local-studio-public.vercel.app,"Hola, buen día.

Somos Nexo Local Studio. Hacemos páginas web profesionales para negocios que quieren mostrar servicios, ubicación y contacto de forma clara desde el celular.

También podemos integrar un asistente con IA que responde preguntas frecuentes y guía al cliente hacia WhatsApp.

Pueden ver nuestra página aquí:
https://nexo-local-studio-public.vercel.app

Tenemos precios de lanzamiento desde $2,500 MXN. Si les interesa, podemos enviarles una propuesta breve.

Si prefieren no recibir más mensajes, respondan “baja”.",2026-07-17
B,12,Salsa's,Restaurante boutique,Peru,Lima,Miraflores/San Isidro/Surco/La Molina/Barranco,,,No website found,,https://www.google.com/maps/search/?api=1&query=Salsa%27s%20Lima%20Peru,https://www.openstreetmap.org/node/4336218119,+511 6104151,5116104151,valid_format_only,,,No público,El registro público de OpenStreetMap no incluye sitio web oficial.,El registro público de OpenStreetMap no incluye sitio web oficial. Fuente: OpenStreetMap. Rating/reseñas no disponibles en esta fuente.,https://nexo-local-studio-public.vercel.app,"Hola, buen día.

Somos Nexo Local Studio. Hacemos páginas web profesionales para negocios que quieren mostrar servicios, ubicación y contacto de forma clara desde el celular.

También podemos integrar un asistente con IA que responde preguntas frecuentes y guía al cliente hacia WhatsApp.

Pueden ver nuestra página aquí:
https://nexo-local-studio-public.vercel.app

Tenemos precios de lanzamiento desde $2,500 MXN. Si les interesa, podemos enviarles una propuesta breve.

Si prefieren no recibir más mensajes, respondan “baja”.",2026-07-17
B,12,Las Palmeras - La Cúpula,Restaurante boutique,Peru,Lima,Miraflores/San Isidro/Surco/La Molina/Barranco,,,No website found,,https://www.google.com/maps/search/?api=1&query=Las%20Palmeras%20-%20La%20C%C3%BApula%20Lima%20Peru,https://www.openstreetmap.org/node/4338842898,+5113155055,5113155055,valid_format_only,,,No público,El registro público de OpenStreetMap no incluye sitio web oficial.,El registro público de OpenStreetMap no incluye sitio web oficial. Fuente: OpenStreetMap. Rating/reseñas no disponibles en esta fuente.,https://nexo-local-studio-public.vercel.app,"Hola, buen día.

Somos Nexo Local Studio. Hacemos páginas web profesionales para negocios que quieren mostrar servicios, ubicación y contacto de forma clara desde el celular.

También podemos integrar un asistente con IA que responde preguntas frecuentes y guía al cliente hacia WhatsApp.

Pueden ver nuestra página aquí:
https://nexo-local-studio-public.vercel.app

Tenemos precios de lanzamiento desde $2,500 MXN. Si les interesa, podemos enviarles una propuesta breve.

Si prefieren no recibir más mensajes, respondan “baja”.",2026-07-17
A,15,Centro Odontológico Dly Dent,Dental,Peru,Lima,Miraflores/San Isidro/Surco/La Molina/Barranco,,,No website found,,https://www.google.com/maps/search/?api=1&query=Centro%20Odontol%C3%B3gico%20Dly%20Dent%20Lima%20Peru,https://www.openstreetmap.org/node/4341765619,+51 1 240 0553,5112400553,valid_format_only,,,No público,El registro público de OpenStreetMap no incluye sitio web oficial.,El registro público de OpenStreetMap no incluye sitio web oficial. Fuente: OpenStreetMap. Rating/reseñas no disponibles en esta fuente.,https://nexo-local-studio-public.vercel.app,"Hola, buen día.

Somos Nexo Local Studio. Hacemos páginas web profesionales para negocios que quieren mostrar servicios, ubicación y contacto de forma clara desde el celular.

También podemos integrar un asistente con IA que responde preguntas frecuentes y guía al cliente hacia WhatsApp.

Pueden ver nuestra página aquí:
https://nexo-local-studio-public.vercel.app

Tenemos precios de lanzamiento desde $2,500 MXN. Si les interesa, podemos enviarles una propuesta breve.

Si prefieren no recibir más mensajes, respondan “baja”.",2026-07-17
B,12,Pollería El Abuelo,Restaurante boutique,Peru,Lima,Miraflores/San Isidro/Surco/La Molina/Barranco,,,No website found,,https://www.google.com/maps/search/?api=1&query=Poller%C3%ADa%20El%20Abuelo%20Lima%20Peru,https://www.openstreetmap.org/node/4343324889,+51 1 3438143,5113438143,valid_format_only,,,No público,El registro público de OpenStreetMap no incluye sitio web oficial.,El registro público de OpenStreetMap no incluye sitio web oficial. Fuente: OpenStreetMap. Rating/reseñas no disponibles en esta fuente.,https://nexo-local-studio-public.vercel.app,"Hola, buen día.

Somos Nexo Local Studio. Hacemos páginas web profesionales para negocios que quieren mostrar servicios, ubicación y contacto de forma clara desde el celular.

También podemos integrar un asistente con IA que responde preguntas frecuentes y guía al cliente hacia WhatsApp.

Pueden ver nuestra página aquí:
https://nexo-local-studio-public.vercel.app

Tenemos precios de lanzamiento desde $2,500 MXN. Si les interesa, podemos enviarles una propuesta breve.

Si prefieren no recibir más mensajes, respondan “baja”.",2026-07-17
B,12,San Marcelo,Restaurante boutique,Peru,Lima,Miraflores/San Isidro/Surco/La Molina/Barranco,,,No website found,,https://www.google.com/maps/search/?api=1&query=San%20Marcelo%20Lima%20Peru,https://www.openstreetmap.org/node/4343704618,+511 3966355,5113966355,valid_format_only,,,No público,El registro público de OpenStreetMap no incluye sitio web oficial.,El registro público de OpenStreetMap no incluye sitio web oficial. Fuente: OpenStreetMap. Rating/reseñas no disponibles en esta fuente.,https://nexo-local-studio-public.vercel.app,"Hola, buen día.

Somos Nexo Local Studio. Hacemos páginas web profesionales para negocios que quieren mostrar servicios, ubicación y contacto de forma clara desde el celular.

También podemos integrar un asistente con IA que responde preguntas frecuentes y guía al cliente hacia WhatsApp.

Pueden ver nuestra página aquí:
https://nexo-local-studio-public.vercel.app

Tenemos precios de lanzamiento desde $2,500 MXN. Si les interesa, podemos enviarles una propuesta breve.

Si prefieren no recibir más mensajes, respondan “baja”.",2026-07-17
B,12,Sakura Express,Restaurante boutique,Chile,Santiago,Las Condes/Vitacura/Providencia/Ñuñoa,,,No website found,,https://www.google.com/maps/search/?api=1&query=Sakura%20Express%20Santiago%20Chile,https://www.openstreetmap.org/node/412332887,+5622170856,5622170856,valid_format_only,,,No público,El registro público de OpenStreetMap no incluye sitio web oficial.,El registro público de OpenStreetMap no incluye sitio web oficial. Fuente: OpenStreetMap. Rating/reseñas no disponibles en esta fuente.,https://nexo-local-studio-public.vercel.app,"Hola, buen día.

Somos Nexo Local Studio. Hacemos páginas web profesionales para negocios que quieren mostrar servicios, ubicación y contacto de forma clara desde el celular.

También podemos integrar un asistente con IA que responde preguntas frecuentes y guía al cliente hacia WhatsApp.

Pueden ver nuestra página aquí:
https://nexo-local-studio-public.vercel.app

Tenemos precios de lanzamiento desde $2,500 MXN. Si les interesa, podemos enviarles una propuesta breve.

Si prefieren no recibir más mensajes, respondan “baja”.",2026-07-17
B,12,Liguria,Restaurante boutique,Chile,Santiago,Las Condes/Vitacura/Providencia/Ñuñoa,,,No website found,,https://www.google.com/maps/search/?api=1&query=Liguria%20Santiago%20Chile,https://www.openstreetmap.org/node/474712677,+56 2 22311393,56222311393,valid_format_only,,,No público,El registro público de OpenStreetMap no incluye sitio web oficial.,El registro público de OpenStreetMap no incluye sitio web oficial. Fuente: OpenStreetMap. Rating/reseñas no disponibles en esta fuente.,https://nexo-local-studio-public.vercel.app,"Hola, buen día.

Somos Nexo Local Studio. Hacemos páginas web profesionales para negocios que quieren mostrar servicios, ubicación y contacto de forma clara desde el celular.

También podemos integrar un asistente con IA que responde preguntas frecuentes y guía al cliente hacia WhatsApp.

Pueden ver nuestra página aquí:
https://nexo-local-studio-public.vercel.app

Tenemos precios de lanzamiento desde $2,500 MXN. Si les interesa, podemos enviarles una propuesta breve.

Si prefieren no recibir más mensajes, respondan “baja”.",2026-07-17
B,12,Miguel Torres,Restaurante boutique,Chile,Santiago,Las Condes/Vitacura/Providencia/Ñuñoa,,,No website found,,https://www.google.com/maps/search/?api=1&query=Miguel%20Torres%20Santiago%20Chile,https://www.openstreetmap.org/node/491450562,+56222429711,56222429711,valid_format_only,,,No público,El registro público de OpenStreetMap no incluye sitio web oficial.,El registro público de OpenStreetMap no incluye sitio web oficial. Fuente: OpenStreetMap. Rating/reseñas no disponibles en esta fuente.,https://nexo-local-studio-public.vercel.app,"Hola, buen día.

Somos Nexo Local Studio. Hacemos páginas web profesionales para negocios que quieren mostrar servicios, ubicación y contacto de forma clara desde el celular.

También podemos integrar un asistente con IA que responde preguntas frecuentes y guía al cliente hacia WhatsApp.

Pueden ver nuestra página aquí:
https://nexo-local-studio-public.vercel.app

Tenemos precios de lanzamiento desde $2,500 MXN. Si les interesa, podemos enviarles una propuesta breve.

Si prefieren no recibir más mensajes, respondan “baja”.",2026-07-17
B,12,Mizu,Restaurante boutique,Chile,Santiago,Las Condes/Vitacura/Providencia/Ñuñoa,,,No website found,,https://www.google.com/maps/search/?api=1&query=Mizu%20Santiago%20Chile,https://www.openstreetmap.org/node/573689514,+5699340908,5699340908,valid_format_only,,,No público,El registro público de OpenStreetMap no incluye sitio web oficial.,El registro público de OpenStreetMap no incluye sitio web oficial. Fuente: OpenStreetMap. Rating/reseñas no disponibles en esta fuente.,https://nexo-local-studio-public.vercel.app,"Hola, buen día.

Somos Nexo Local Studio. Hacemos páginas web profesionales para negocios que quieren mostrar servicios, ubicación y contacto de forma clara desde el celular.

También podemos integrar un asistente con IA que responde preguntas frecuentes y guía al cliente hacia WhatsApp.

Pueden ver nuestra página aquí:
https://nexo-local-studio-public.vercel.app

Tenemos precios de lanzamiento desde $2,500 MXN. Si les interesa, podemos enviarles una propuesta breve.

Si prefieren no recibir más mensajes, respondan “baja”.",2026-07-17
B,12,Sakura,Restaurante boutique,Chile,Santiago,Las Condes/Vitacura/Providencia/Ñuñoa,,,No website found,,https://www.google.com/maps/search/?api=1&query=Sakura%20Santiago%20Chile,https://www.openstreetmap.org/node/600621180,+5622180130,5622180130,valid_format_only,,,No público,El registro público de OpenStreetMap no incluye sitio web oficial.,El registro público de OpenStreetMap no incluye sitio web oficial. Fuente: OpenStreetMap. Rating/reseñas no disponibles en esta fuente.,https://nexo-local-studio-public.vercel.app,"Hola, buen día.

Somos Nexo Local Studio. Hacemos páginas web profesionales para negocios que quieren mostrar servicios, ubicación y contacto de forma clara desde el celular.

También podemos integrar un asistente con IA que responde preguntas frecuentes y guía al cliente hacia WhatsApp.

Pueden ver nuestra página aquí:
https://nexo-local-studio-public.vercel.app

Tenemos precios de lanzamiento desde $2,500 MXN. Si les interesa, podemos enviarles una propuesta breve.

Si prefieren no recibir más mensajes, respondan “baja”.",2026-07-17
