business_name,niche,country,city,zone,phone,normalized_phone,phone_status,website_status,website_url,source_url
Toks,Restaurante boutique,Mexico,Ciudad de México,Lomas/Bosques/Polanco/Nápoles/San Ángel/Pedregal,+52 55 56591704,525556591704,valid_format_only,No website found,,https://www.openstreetmap.org/node/293208350
El Samurai,Restaurante boutique,Mexico,Ciudad de México,Lomas/Bosques/Polanco/Nápoles/San Ángel/Pedregal,+52 55 5523 1469,525555231469,valid_format_only,No website found,,https://www.openstreetmap.org/node/473196178
Suntory,Restaurante boutique,Mexico,Ciudad de México,Lomas/Bosques/Polanco/Nápoles/San Ángel/Pedregal,+52 55 55369432,525555369432,valid_format_only,No website found,,https://www.openstreetmap.org/node/473513012
Potzolcalli,Restaurante boutique,Mexico,Ciudad de México,Lomas/Bosques/Polanco/Nápoles/San Ángel/Pedregal,+52 55 56585007;+52 55 55541235,525556585007,valid_format_only,No website found,,https://www.openstreetmap.org/node/837150046
Konditori,Restaurante boutique,Mexico,Ciudad de México,Lomas/Bosques/Polanco/Nápoles/San Ángel/Pedregal,+52 55 85000852,525585000852,valid_format_only,No website found,,https://www.openstreetmap.org/node/837157171
El Fogoncito,Restaurante boutique,Mexico,Ciudad de México,Lomas/Bosques/Polanco/Nápoles/San Ángel/Pedregal,+52 55 56617603,525556617603,valid_format_only,No website found,,https://www.openstreetmap.org/node/837167440
Nagaoka,Restaurante boutique,Mexico,Ciudad de México,Lomas/Bosques/Polanco/Nápoles/San Ángel/Pedregal,+52 55 55439530,525555439530,valid_format_only,No website found,,https://www.openstreetmap.org/node/842889545
Vips,Restaurante boutique,Mexico,Ciudad de México,Lomas/Bosques/Polanco/Nápoles/San Ángel/Pedregal,+52 55 57403198,525557403198,valid_format_only,No website found,,https://www.openstreetmap.org/node/844359663
Haru Maki,Restaurante boutique,Mexico,Ciudad de México,Lomas/Bosques/Polanco/Nápoles/San Ángel/Pedregal,+52 55 55546454,525555546454,valid_format_only,No website found,,https://www.openstreetmap.org/node/845526633
Happy's Pizza,Restaurante boutique,Mexico,Ciudad de México,Lomas/Bosques/Polanco/Nápoles/San Ángel/Pedregal,+52 55 55545122,525555545122,valid_format_only,No website found,,https://www.openstreetmap.org/node/845526635
O'Xacobeo,Restaurante boutique,Mexico,Ciudad de México,Lomas/Bosques/Polanco/Nápoles/San Ángel/Pedregal,+52 55 5511 8356,525555118356,valid_format_only,Only Instagram/Facebook,https://www.facebook.com/oxacobeo.restaurante/,https://www.openstreetmap.org/node/850383273
Pizza Hut,Restaurante boutique,Mexico,Ciudad de México,Lomas/Bosques/Polanco/Nápoles/San Ángel/Pedregal,+52 55 52433443;+52 55 52433020,525552433443,valid_format_only,No website found,,https://www.openstreetmap.org/node/876600163
Wings,Restaurante boutique,Mexico,Ciudad de México,Lomas/Bosques/Polanco/Nápoles/San Ángel/Pedregal,+52 55 52430328,525552430328,valid_format_only,No website found,,https://www.openstreetmap.org/node/876600197
Frankfurt,Restaurante boutique,Mexico,Ciudad de México,Lomas/Bosques/Polanco/Nápoles/San Ángel/Pedregal,+52 55 5256 0767,525552560767,valid_format_only,No website found,,https://www.openstreetmap.org/node/906071250
Specia,Restaurante boutique,Mexico,Ciudad de México,Lomas/Bosques/Polanco/Nápoles/San Ángel/Pedregal,+52 55 5564 1367,525555641367,valid_format_only,No website found,,https://www.openstreetmap.org/node/906320976
Taquería El Huequito,Restaurante boutique,Mexico,Ciudad de México,Lomas/Bosques/Polanco/Nápoles/San Ángel/Pedregal,5598-9027,,invalid_phone,Modern/official website found,https://www.elhuequito.com.mx/,https://www.openstreetmap.org/node/994311271
Toks,Restaurante boutique,Mexico,Ciudad de México,Lomas/Bosques/Polanco/Nápoles/San Ángel/Pedregal,+52 55 56887653; +52 55 56887638,525556887653,valid_format_only,Modern/official website found,https://www.toks.com.mx/,https://www.openstreetmap.org/node/1127523692
La Tavola,Restaurante boutique,Mexico,Ciudad de México,Lomas/Bosques/Polanco/Nápoles/San Ángel/Pedregal,+52 55 55437360,525555437360,valid_format_only,No website found,,https://www.openstreetmap.org/node/1131791211
Casa de Pepe,Restaurante boutique,Mexico,Ciudad de México,Lomas/Bosques/Polanco/Nápoles/San Ángel/Pedregal,+52 55 55638564;+52 55 55984518,525555638564,valid_format_only,Modern/official website found,http://www.potzollcalli.com.mx/,https://www.openstreetmap.org/node/1131791222
Ruben's Hamburgers Insurgentes,Restaurante boutique,Mexico,Ciudad de México,Lomas/Bosques/Polanco/Nápoles/San Ángel/Pedregal,+52 55 56825341; +52 55 56825343,525556825341,valid_format_only,No website found,,https://www.openstreetmap.org/node/1131791270
Deigo,Restaurante boutique,Mexico,Ciudad de México,Lomas/Bosques/Polanco/Nápoles/San Ángel/Pedregal,+52 55 56056317,525556056317,valid_format_only,No website found,,https://www.openstreetmap.org/node/1152532795
El Rincón del Parque,Restaurante boutique,Mexico,Ciudad de México,Lomas/Bosques/Polanco/Nápoles/San Ángel/Pedregal,+52 55 56056831,525556056831,valid_format_only,No website found,,https://www.openstreetmap.org/node/1152532797
Pizzas Plaza Coyoacán,Restaurante boutique,Mexico,Ciudad de México,Lomas/Bosques/Polanco/Nápoles/San Ángel/Pedregal,+52 55 55547057,525555547057,valid_format_only,No website found,,https://www.openstreetmap.org/node/1156051098
El Tizoncito,Restaurante boutique,Mexico,Ciudad de México,Lomas/Bosques/Polanco/Nápoles/San Ángel/Pedregal,+52 55 55547712,525555547712,valid_format_only,No website found,,https://www.openstreetmap.org/node/1156051137
Unidad de Medicina Familiar 28 Del Valle,Clínica estética,Mexico,Ciudad de México,Lomas/Bosques/Polanco/Nápoles/San Ángel/Pedregal,+52 55 55596100;+52 55 55596011,525555596100,valid_format_only,No website found,,https://www.openstreetmap.org/node/1165746718
Garabatos Insurgentes,Restaurante boutique,Mexico,Ciudad de México,Lomas/Bosques/Polanco/Nápoles/San Ángel/Pedregal,+52 55 55439448; +52 55 55439457,525555439448,valid_format_only,No website found,,https://www.openstreetmap.org/node/1179438788
Gino's Guadalupe Inn,Restaurante boutique,Mexico,Ciudad de México,Lomas/Bosques/Polanco/Nápoles/San Ángel/Pedregal,+52 55 56610777,525556610777,valid_format_only,Modern/official website found,https://www.ginos.com.mx/,https://www.openstreetmap.org/node/1407738579
Unidad de Medicina Familiar 19 Coyoacán,Clínica estética,Mexico,Ciudad de México,Lomas/Bosques/Polanco/Nápoles/San Ángel/Pedregal,+52 55 55546455,525555546455,valid_format_only,No website found,,https://www.openstreetmap.org/node/1430612049
El Sheik,Restaurante boutique,Mexico,Ciudad de México,Lomas/Bosques/Polanco/Nápoles/San Ángel/Pedregal,+52 55 56593311,525556593311,valid_format_only,No website found,,https://www.openstreetmap.org/node/1494079863
Sushi-itto Coyoacán,Restaurante boutique,Mexico,Ciudad de México,Lomas/Bosques/Polanco/Nápoles/San Ángel/Pedregal,+52 55 55545735; +52 55 55545739,525555545735,valid_format_only,Modern/official website found,https://www.sushi-itto.com.mx/,https://www.openstreetmap.org/node/1494079875
Cluny,Restaurante boutique,Mexico,Ciudad de México,Lomas/Bosques/Polanco/Nápoles/San Ángel/Pedregal,+52 55 55507350; +52 55 55507359; +52 55 56163582,525555507350,valid_format_only,Modern/official website found,https://www.cluny.com.mx/,https://www.openstreetmap.org/node/1695367990
Cafebrería El Péndulo,Restaurante boutique,Mexico,Ciudad de México,Lomas/Bosques/Polanco/Nápoles/San Ángel/Pedregal,+52 55 5286 9493,525552869493,valid_format_only,Modern/official website found,https://www.pendulo.com,https://www.openstreetmap.org/node/2111449531
El Ocho,Restaurante boutique,Mexico,Ciudad de México,Lomas/Bosques/Polanco/Nápoles/San Ángel/Pedregal,+525648458237,525648458237,valid_format_only,Modern/official website found,https://elocho.mx/,https://www.openstreetmap.org/node/2111508344
Cafebrería El Péndulo,Restaurante boutique,Mexico,Ciudad de México,Lomas/Bosques/Polanco/Nápoles/San Ángel/Pedregal,+52 55 5574 7034,525555747034,valid_format_only,Modern/official website found,https://www.pendulo.com,https://www.openstreetmap.org/node/2133330368
Hospital de especialidades veterinarias San Jerónimo,Veterinaria,Mexico,Ciudad de México,Lomas/Bosques/Polanco/Nápoles/San Ángel/Pedregal,+52 55 56812078,525556812078,valid_format_only,Modern/official website found,http://www.vetsanjeronimo.com,https://www.openstreetmap.org/node/2343645938
Los Danzantes,Restaurante boutique,Mexico,Ciudad de México,Lomas/Bosques/Polanco/Nápoles/San Ángel/Pedregal,+52 55 5554 1213; +52 55 5554 2896,525555541213,valid_format_only,No website found,,https://www.openstreetmap.org/node/2563111223
al-Andalus,Restaurante boutique,Mexico,Ciudad de México,Lomas/Bosques/Polanco/Nápoles/San Ángel/Pedregal,+52 55 5522 2528,525555222528,valid_format_only,Modern/official website found,https://www.alandalus.com.mx,https://www.openstreetmap.org/node/2596191615
Óptica Optivision,Óptica/Oftalmología premium,Mexico,Ciudad de México,Lomas/Bosques/Polanco/Nápoles/San Ángel/Pedregal,55176833,,invalid_phone,No website found,,https://www.openstreetmap.org/node/2655241565
El Rincón Zapatista,Restaurante boutique,Mexico,Ciudad de México,Lomas/Bosques/Polanco/Nápoles/San Ángel/Pedregal,+52 55 5588 3641,525555883641,valid_format_only,No website found,,https://www.openstreetmap.org/node/2945133199
Asados Don Abel,Restaurante boutique,Mexico,Ciudad de México,Lomas/Bosques/Polanco/Nápoles/San Ángel/Pedregal,+525593485162,525593485162,valid_format_only,Modern/official website found,https://asadosdonabelcamarones.com,https://www.openstreetmap.org/node/2995130538
Centro Castellano,Restaurante boutique,Mexico,Ciudad de México,Lomas/Bosques/Polanco/Nápoles/San Ángel/Pedregal,55186080,,invalid_phone,Modern/official website found,https://grupocastellano.com.mx/,https://www.openstreetmap.org/node/2995254652
Kolobok,Restaurante boutique,Mexico,Ciudad de México,Lomas/Bosques/Polanco/Nápoles/San Ángel/Pedregal,+52 55 56044091,525556044091,valid_format_only,Modern/official website found,https://www.kolobok.com.mx/,https://www.openstreetmap.org/node/3429548470
La Cervecería de Barrio,Restaurante boutique,Mexico,Ciudad de México,Lomas/Bosques/Polanco/Nápoles/San Ángel/Pedregal,+52 55 5604 7323,525556047323,valid_format_only,Modern/official website found,https://www.lacerveceria.com.mx/,https://www.openstreetmap.org/node/3443350332
COBÁ FONDA YUCATECA,Restaurante boutique,Mexico,Ciudad de México,Lomas/Bosques/Polanco/Nápoles/San Ángel/Pedregal,+52 55 6395 9961,525563959961,valid_format_only,No website found,,https://www.openstreetmap.org/node/3443393077
El Afán,Restaurante boutique,Mexico,Ciudad de México,Lomas/Bosques/Polanco/Nápoles/San Ángel/Pedregal,+52 55 5575 6460,525555756460,valid_format_only,Modern/official website found,http://www.elafan.com.mx/,https://www.openstreetmap.org/node/3443549664
Marina Bistro,Restaurante boutique,Mexico,Ciudad de México,Lomas/Bosques/Polanco/Nápoles/San Ángel/Pedregal,+52 55 55754014,525555754014,valid_format_only,No website found,,https://www.openstreetmap.org/node/3443606075
Pitas Saleh,Restaurante boutique,Mexico,Ciudad de México,Lomas/Bosques/Polanco/Nápoles/San Ángel/Pedregal,+52 55 6363 7425,525563637425,valid_format_only,Modern/official website found,http://www.pitassaleh.com.mx/,https://www.openstreetmap.org/node/3443606076
Bistro Cheny,Restaurante boutique,Mexico,Ciudad de México,Lomas/Bosques/Polanco/Nápoles/San Ángel/Pedregal,+52 55 5523 9908,525555239908,valid_format_only,No website found,,https://www.openstreetmap.org/node/3443606077
El Viejo Camilo,Restaurante boutique,Mexico,Ciudad de México,Lomas/Bosques/Polanco/Nápoles/San Ángel/Pedregal,+52 55 5669 3124,525556693124,valid_format_only,Modern/official website found,http://elviejocamilo.com.mx/,https://www.openstreetmap.org/node/3443606078
Barnabeu Tapas,Restaurante boutique,Mexico,Ciudad de México,Lomas/Bosques/Polanco/Nápoles/San Ángel/Pedregal,+52 55 5536 9943,525555369943,valid_format_only,Modern/official website found,http://www.barnabeu.com/,https://www.openstreetmap.org/node/3443642056
El Sencillito,Restaurante boutique,Mexico,Ciudad de México,Lomas/Bosques/Polanco/Nápoles/San Ángel/Pedregal,+52 55 5523 8195,525555238195,valid_format_only,Modern/official website found,https://www.giorgios.com.mx/sencillito.php,https://www.openstreetmap.org/node/3443642057
Giorgio's Pizzas,Restaurante boutique,Mexico,Ciudad de México,Lomas/Bosques/Polanco/Nápoles/San Ángel/Pedregal,+52 55 5543 1162,525555431162,valid_format_only,Modern/official website found,https://www.giorgios.com.mx/giorgios.php,https://www.openstreetmap.org/node/3443642058
Chester's,Restaurante boutique,Mexico,Ciudad de México,Lomas/Bosques/Polanco/Nápoles/San Ángel/Pedregal,+52 55 5688 2400,525556882400,valid_format_only,No website found,,https://www.openstreetmap.org/node/3443642059
Ramen -ya,Restaurante boutique,Mexico,Ciudad de México,Lomas/Bosques/Polanco/Nápoles/San Ángel/Pedregal,+52 55 5559 1495,525555591495,valid_format_only,No website found,,https://www.openstreetmap.org/node/3443941003
Sushi Roll,Restaurante boutique,Mexico,Ciudad de México,Lomas/Bosques/Polanco/Nápoles/San Ángel/Pedregal,+52 55 5575 7780,525555757780,valid_format_only,Modern/official website found,https://www.sushiroll.mx/,https://www.openstreetmap.org/node/3443941004
Pinche Gringo BBQ,Restaurante boutique,Mexico,Ciudad de México,Lomas/Bosques/Polanco/Nápoles/San Ángel/Pedregal,+52 55 6389 1129,525563891129,valid_format_only,Modern/official website found,https://www.pgbbq.mx/,https://www.openstreetmap.org/node/3443941009
Trok's torta,Restaurante boutique,Mexico,Ciudad de México,Lomas/Bosques/Polanco/Nápoles/San Ángel/Pedregal,+52 55 5563 7897,525555637897,valid_format_only,No website found,,https://www.openstreetmap.org/node/3443948812
Un Rincon de Chile,Restaurante boutique,Mexico,Ciudad de México,Lomas/Bosques/Polanco/Nápoles/San Ángel/Pedregal,+52 55 5524 4039,525555244039,valid_format_only,No website found,,https://www.openstreetmap.org/node/3444102490
Humbertos,Restaurante boutique,Mexico,Ciudad de México,Lomas/Bosques/Polanco/Nápoles/San Ángel/Pedregal,+52 55 5559 8760,525555598760,valid_format_only,Modern/official website found,https://www.restaurantehumbertos.com/,https://www.openstreetmap.org/node/3444123713
Restaurante Shoya,Restaurante boutique,Mexico,Ciudad de México,Lomas/Bosques/Polanco/Nápoles/San Ángel/Pedregal,+52 55 5669 5211,525556695211,valid_format_only,Modern/official website found,http://mikasamex.web.fc2.com/hp_shoya.html,https://www.openstreetmap.org/node/3445321675
Restaurante Hanal K'U,Restaurante boutique,Mexico,Ciudad de México,Lomas/Bosques/Polanco/Nápoles/San Ángel/Pedregal,+52 55 5523 2383,525555232383,valid_format_only,Modern/official website found,https://www.hanalku.com/,https://www.openstreetmap.org/node/3445448193
Pane En Vía,Restaurante boutique,Mexico,Ciudad de México,Lomas/Bosques/Polanco/Nápoles/San Ángel/Pedregal,+52 55 5260 0120,525552600120,valid_format_only,Modern/official website found,https://www.paneenvia.com/,https://www.openstreetmap.org/node/3454207106
Don Capitán Del Valle,Restaurante boutique,Mexico,Ciudad de México,Lomas/Bosques/Polanco/Nápoles/San Ángel/Pedregal,+52 55 5524 5901,525555245901,valid_format_only,Modern/official website found,http://doncapitan.fishers.com.mx/,https://www.openstreetmap.org/node/3454250664
Mercado Roma,Restaurante boutique,Mexico,Ciudad de México,Lomas/Bosques/Polanco/Nápoles/San Ángel/Pedregal,+52 55 5564 1396,525555641396,valid_format_only,Modern/official website found,https://mr.mercadoroma.com,https://www.openstreetmap.org/node/3454364869
Sushi Roll,Restaurante boutique,Mexico,Ciudad de México,Lomas/Bosques/Polanco/Nápoles/San Ángel/Pedregal,+52 55 5604 7968,525556047968,valid_format_only,No website found,,https://www.openstreetmap.org/node/3459925467
El Tepehuani Conquistando,Restaurante boutique,Mexico,Ciudad de México,Lomas/Bosques/Polanco/Nápoles/San Ángel/Pedregal,+52 55 4754 0398,525547540398,valid_format_only,Only Instagram/Facebook,https://www.facebook.com/ElTepehuani,https://www.openstreetmap.org/node/3484583392
Bistrot M,Restaurante boutique,Mexico,Ciudad de México,Lomas/Bosques/Polanco/Nápoles/San Ángel/Pedregal,+52 55 5688 1082,525556881082,valid_format_only,Modern/official website found,http://www.bistrotm.com/,https://www.openstreetmap.org/node/3534523216
Tony Roma's,Restaurante boutique,Mexico,Ciudad de México,Lomas/Bosques/Polanco/Nápoles/San Ángel/Pedregal,+52 55 5250 2522,525552502522,valid_format_only,No website found,,https://www.openstreetmap.org/node/3750979962
Sanatorio Adventista,Clínica estética,Mexico,Ciudad de México,Lomas/Bosques/Polanco/Nápoles/San Ángel/Pedregal,+52 55 5516 9207,525555169207,valid_format_only,No website found,,https://www.openstreetmap.org/node/3834878352
Servicios Veterinarios Rodríguez,Veterinaria,Mexico,Ciudad de México,Lomas/Bosques/Polanco/Nápoles/San Ángel/Pedregal,+5215555839768,525555839768,valid_format_only,No website found,,https://www.openstreetmap.org/node/4022406544
Centro Veterinario Norte,Veterinaria,Mexico,Ciudad de México,Lomas/Bosques/Polanco/Nápoles/San Ángel/Pedregal,+5215555173665,525555173665,valid_format_only,No website found,,https://www.openstreetmap.org/node/4022423653
La Vid Argentina,Restaurante boutique,Mexico,Ciudad de México,Lomas/Bosques/Polanco/Nápoles/San Ángel/Pedregal,5448544,,invalid_phone,No website found,,https://www.openstreetmap.org/node/4036655920
Restaurante El Amaranto,Restaurante boutique,Mexico,Ciudad de México,Lomas/Bosques/Polanco/Nápoles/San Ángel/Pedregal,+52 55 5539 5074,525555395074,valid_format_only,No website found,,https://www.openstreetmap.org/node/4066846464
3 Sesenta Pizzería de Barrio,Restaurante boutique,Mexico,Ciudad de México,Lomas/Bosques/Polanco/Nápoles/San Ángel/Pedregal,8000-123-4567,,invalid_phone,Modern/official website found,http://3-sesenta.com.mx/,https://www.openstreetmap.org/node/4066846465
El Naranjito,Restaurante boutique,Mexico,Ciudad de México,Lomas/Bosques/Polanco/Nápoles/San Ángel/Pedregal,+52 55 5336 9630,525553369630,valid_format_only,No website found,,https://www.openstreetmap.org/node/4066889784
Sonora Grill - Félix Cuevas,Restaurante boutique,Mexico,Ciudad de México,Lomas/Bosques/Polanco/Nápoles/San Ángel/Pedregal,+52 55 5543 8299,525555438299,valid_format_only,Modern/official website found,https://sonoragrill.com.mx/,https://www.openstreetmap.org/node/4067931786
Paradiso Gourmet,Restaurante boutique,Mexico,Ciudad de México,Lomas/Bosques/Polanco/Nápoles/San Ángel/Pedregal,+52 55 5280 5902,525552805902,valid_format_only,No website found,,https://www.openstreetmap.org/node/4103036790
La Cocina,Restaurante boutique,Mexico,Ciudad de México,Lomas/Bosques/Polanco/Nápoles/San Ángel/Pedregal,+525556885573,525556885573,valid_format_only,Modern/official website found,http//:www.lacocinadesantacruz.com,https://www.openstreetmap.org/node/4111993689
Cardamomo,Restaurante boutique,Mexico,Ciudad de México,Lomas/Bosques/Polanco/Nápoles/San Ángel/Pedregal,+525565496774,525565496774,valid_format_only,Modern/official website found,https://www.cardamomo.mx/,https://www.openstreetmap.org/node/4124003219
Taqueria El Chaparrito,Restaurante boutique,Mexico,Ciudad de México,Lomas/Bosques/Polanco/Nápoles/San Ángel/Pedregal,56056026,,invalid_phone,No website found,,https://www.openstreetmap.org/node/4152567282
EL Compadre,Restaurante boutique,Mexico,Ciudad de México,Lomas/Bosques/Polanco/Nápoles/San Ángel/Pedregal,+52 55 5725 7840,525557257840,valid_format_only,No website found,,https://www.openstreetmap.org/node/4156712504
La Casa de Toño,Restaurante boutique,Mexico,Ciudad de México,Lomas/Bosques/Polanco/Nápoles/San Ángel/Pedregal,+52 55 5386 1125,525553861125,valid_format_only,No website found,,https://www.openstreetmap.org/node/4162397093
La vie en Rose,Restaurante boutique,Mexico,Ciudad de México,Lomas/Bosques/Polanco/Nápoles/San Ángel/Pedregal,+525574775307,525574775307,valid_format_only,Modern/official website found,https://qrco.de/menu_lver,https://www.openstreetmap.org/node/4164135490
El Mayor,Restaurante boutique,Mexico,Ciudad de México,Lomas/Bosques/Polanco/Nápoles/San Ángel/Pedregal,+52 55 57047580,525557047580,valid_format_only,Modern/official website found,https://www.elmayor.com.mx/,https://www.openstreetmap.org/node/4166517292
Toks,Restaurante boutique,Mexico,Ciudad de México,Lomas/Bosques/Polanco/Nápoles/San Ángel/Pedregal,5255419057,525255419057,valid_format_only,Modern/official website found,https://www.toks.com.mx/,https://www.openstreetmap.org/node/4273279993
La Hostería de Santo Domingo,Restaurante boutique,Mexico,Ciudad de México,Lomas/Bosques/Polanco/Nápoles/San Ángel/Pedregal,+52 55 5526 5276,525555265276,valid_format_only,No website found,,https://www.openstreetmap.org/node/4278412389
Fork of BBQ,Restaurante boutique,Mexico,Ciudad de México,Lomas/Bosques/Polanco/Nápoles/San Ángel/Pedregal,+52 55 5264 5125,525552645125,valid_format_only,No website found,,https://www.openstreetmap.org/node/4279109390
Restaurante Gotan,Restaurante boutique,Mexico,Ciudad de México,Lomas/Bosques/Polanco/Nápoles/San Ángel/Pedregal,55352136,,invalid_phone,Modern/official website found,http://gotam.com.mx,https://www.openstreetmap.org/node/4279593591
Tlacoyotitlan,Restaurante boutique,Mexico,Ciudad de México,Lomas/Bosques/Polanco/Nápoles/San Ángel/Pedregal,+52 55 4790 3313,525547903313,valid_format_only,No website found,,https://www.openstreetmap.org/node/4279609590
Taquería Los Ovnis,Restaurante boutique,Mexico,Ciudad de México,Lomas/Bosques/Polanco/Nápoles/San Ángel/Pedregal,+52 55 52606289,525552606289,valid_format_only,No website found,,https://www.openstreetmap.org/node/4296656782
El Rey del Pavo,Restaurante boutique,Mexico,Ciudad de México,Lomas/Bosques/Polanco/Nápoles/San Ángel/Pedregal,+52 55 5518 2810,525555182810,valid_format_only,Modern/official website found,http://elreydelpavo.com.mx/,https://www.openstreetmap.org/node/4332836491
Cambalache,Restaurante boutique,Mexico,Ciudad de México,Lomas/Bosques/Polanco/Nápoles/San Ángel/Pedregal,+52 55 52802080 / 6268 6094,,invalid_phone,Modern/official website found,https://www.cambalacherestaurantes.com/,https://www.openstreetmap.org/node/4337938401
Pappa John's,Restaurante boutique,Mexico,Ciudad de México,Lomas/Bosques/Polanco/Nápoles/San Ángel/Pedregal,52507272,,invalid_phone,No website found,,https://www.openstreetmap.org/node/4338318689
La Vaca Loca,Restaurante boutique,Mexico,Ciudad de México,Lomas/Bosques/Polanco/Nápoles/San Ángel/Pedregal,+525555798685,525555798685,valid_format_only,No website found,,https://www.openstreetmap.org/node/4379967689
Lalo!,Restaurante boutique,Mexico,Ciudad de México,Lomas/Bosques/Polanco/Nápoles/San Ángel/Pedregal,+52 55 5564 3388,525555643388,valid_format_only,Modern/official website found,http://eat-lalo.com,https://www.openstreetmap.org/node/4419292693
Nanaya,Restaurante boutique,Mexico,Ciudad de México,Lomas/Bosques/Polanco/Nápoles/San Ángel/Pedregal,01 55 5601 6989,,invalid_phone,Modern/official website found,https://www.sindelantal.mx/ciudad-de-mexico/nanaya-sushi-1784/,https://www.openstreetmap.org/node/4456412590
Frutos Prohibidos,Restaurante boutique,Mexico,Ciudad de México,Lomas/Bosques/Polanco/Nápoles/San Ángel/Pedregal,+52 55 56014340,525556014340,valid_format_only,Modern/official website found,https://www.frutosprohibidos.com/,https://www.openstreetmap.org/node/4456436489
La Corte,Restaurante boutique,Mexico,Ciudad de México,Lomas/Bosques/Polanco/Nápoles/San Ángel/Pedregal,55427358,,invalid_phone,No website found,,https://www.openstreetmap.org/node/4483088775
La Cocina de San Juan,Restaurante boutique,Mexico,Ciudad de México,Lomas/Bosques/Polanco/Nápoles/San Ángel/Pedregal,+525555125237,525555125237,valid_format_only,Modern/official website found,https://www.lacocinadesanjuan.com,https://www.openstreetmap.org/node/4519574281
Himawari,Restaurante boutique,Mexico,Ciudad de México,Lomas/Bosques/Polanco/Nápoles/San Ángel/Pedregal,+52 55 5264 4397,525552644397,valid_format_only,No website found,,https://www.openstreetmap.org/node/4542316790
Cafebrería El Péndulo,Restaurante boutique,Mexico,Ciudad de México,Lomas/Bosques/Polanco/Nápoles/San Ángel/Pedregal,+52 55 5280 4111,525552804111,valid_format_only,Modern/official website found,http://www.pendulo.com,https://www.openstreetmap.org/node/4577349463
Taqueria EI Progreso,Restaurante boutique,Mexico,Ciudad de México,Lomas/Bosques/Polanco/Nápoles/San Ángel/Pedregal,01 55 5592 8964,,invalid_phone,No website found,,https://www.openstreetmap.org/node/4583855289
El Cardenal,Restaurante boutique,Mexico,Ciudad de México,Lomas/Bosques/Polanco/Nápoles/San Ángel/Pedregal,+52 55 5521 3080,525555213080,valid_format_only,Modern/official website found,https://www.restauranteelcardenal.com/,https://www.openstreetmap.org/node/4594598745
La Talavera,Restaurante boutique,Mexico,Ciudad de México,Lomas/Bosques/Polanco/Nápoles/San Ángel/Pedregal,015556591939,,invalid_phone,No website found,,https://www.openstreetmap.org/node/4615436394
NA DE FO,Restaurante boutique,Mexico,Ciudad de México,Lomas/Bosques/Polanco/Nápoles/San Ángel/Pedregal,+52 55 5525 0351,525555250351,valid_format_only,No website found,,https://www.openstreetmap.org/node/4629119789
Contramar,Restaurante boutique,Mexico,Ciudad de México,Lomas/Bosques/Polanco/Nápoles/San Ángel/Pedregal,+525555149217,525555149217,valid_format_only,Modern/official website found,http://www.contramar.com.mx/,https://www.openstreetmap.org/node/4630628889
Ostionería La Playa,Restaurante boutique,Mexico,Ciudad de México,Lomas/Bosques/Polanco/Nápoles/San Ángel/Pedregal,55980475,,invalid_phone,No website found,,https://www.openstreetmap.org/node/4715470592
Yug Vegetariano,Restaurante boutique,Mexico,Ciudad de México,Lomas/Bosques/Polanco/Nápoles/San Ángel/Pedregal,+52 55 5525 5330,525555255330,valid_format_only,Modern/official website found,https://lovegetariano.com/,https://www.openstreetmap.org/node/4725149963
Sushiitto,Restaurante boutique,Mexico,Ciudad de México,Lomas/Bosques/Polanco/Nápoles/San Ángel/Pedregal,55591728,,invalid_phone,No website found,,https://www.openstreetmap.org/node/4740906623
El Pialadero de Guadalajara,Restaurante boutique,Mexico,Ciudad de México,Lomas/Bosques/Polanco/Nápoles/San Ángel/Pedregal,+52 55 5211 7708,525552117708,valid_format_only,Modern/official website found,https://www.elpialaderodeguadalajara.mx/,https://www.openstreetmap.org/node/4760810361
Pizzería Balboa,Restaurante boutique,Mexico,Ciudad de México,Lomas/Bosques/Polanco/Nápoles/San Ángel/Pedregal,+53 55 21556320,,invalid_phone,Modern/official website found,http://balboapizzeria.mx,https://www.openstreetmap.org/node/4797479057
Koku,Restaurante boutique,Mexico,Ciudad de México,Lomas/Bosques/Polanco/Nápoles/San Ángel/Pedregal,5207 3344,,invalid_phone,No website found,,https://www.openstreetmap.org/node/4797479058
Taquitos Frontera Grill,Restaurante boutique,Mexico,Ciudad de México,Lomas/Bosques/Polanco/Nápoles/San Ángel/Pedregal,+525546321261,525546321261,valid_format_only,No website found,,https://www.openstreetmap.org/node/4872996927
Patagonia Parrilla de Campo,Restaurante boutique,Mexico,Ciudad de México,Lomas/Bosques/Polanco/Nápoles/San Ángel/Pedregal,+52 55 5211 8032,525552118032,valid_format_only,Modern/official website found,http://www.parrillapatagonia.com,https://www.openstreetmap.org/node/4873101321
Belle D'Jour,Clínica estética,Mexico,Ciudad de México,Lomas/Bosques/Polanco/Nápoles/San Ángel/Pedregal,56895259,,invalid_phone,No website found,,https://www.openstreetmap.org/node/4911815821
Museo del jamón México,Restaurante boutique,Mexico,Ciudad de México,Lomas/Bosques/Polanco/Nápoles/San Ángel/Pedregal,+5255238359,525255238359,valid_format_only,Modern/official website found,http://www.cristina.catering,https://www.openstreetmap.org/node/4912353021
Fralugio distribuidor electrónica,Restaurante boutique,Mexico,Ciudad de México,Lomas/Bosques/Polanco/Nápoles/San Ángel/Pedregal,+52 55 2687 4082,525526874082,valid_format_only,Modern/official website found,https://fralugio.com/,https://www.openstreetmap.org/node/4937318024
Cafebrería El Péndulo,Restaurante boutique,Mexico,Ciudad de México,Lomas/Bosques/Polanco/Nápoles/San Ángel/Pedregal,+52 55 5208 2327,525552082327,valid_format_only,Modern/official website found,https://www.pendulo.com,https://www.openstreetmap.org/node/4993704576
Taqueria los Pericos,Restaurante boutique,Mexico,Ciudad de México,Lomas/Bosques/Polanco/Nápoles/San Ángel/Pedregal,+52 55 5687 2109,525556872109,valid_format_only,No website found,,https://www.openstreetmap.org/node/5017193182
Pizza del Perro Negro,Restaurante boutique,Mexico,Ciudad de México,Lomas/Bosques/Polanco/Nápoles/San Ángel/Pedregal,+5215553517401,525553517401,valid_format_only,Modern/official website found,https://muertealapizzafalsa.com/,https://www.openstreetmap.org/node/5019001328
Carapapa,Restaurante boutique,Mexico,Ciudad de México,Lomas/Bosques/Polanco/Nápoles/San Ángel/Pedregal,56585445,,invalid_phone,No website found,,https://www.openstreetmap.org/node/5020943523
Daikoku,Restaurante boutique,Mexico,Ciudad de México,Lomas/Bosques/Polanco/Nápoles/San Ángel/Pedregal,+525555849419,525555849419,valid_format_only,Modern/official website found,https://daikoku.mx/,https://www.openstreetmap.org/node/5087272621
Servicios Integrales Veterinarios,Veterinaria,Mexico,Ciudad de México,Lomas/Bosques/Polanco/Nápoles/San Ángel/Pedregal,+525562674370,525562674370,valid_format_only,No website found,,https://www.openstreetmap.org/node/5092482109
La Brasitas de la Guerrero,Restaurante boutique,Mexico,Ciudad de México,Lomas/Bosques/Polanco/Nápoles/San Ángel/Pedregal,+52 55 4319 0867,525543190867,valid_format_only,Only Instagram/Facebook,https://www.facebook.com/LasBrasitasDeLaGuerrero/,https://www.openstreetmap.org/node/5140438321
Hacienda de Cortés,Restaurante boutique,Mexico,Ciudad de México,Lomas/Bosques/Polanco/Nápoles/San Ángel/Pedregal,56593741,,invalid_phone,Modern/official website found,http://haciendadecortes.com.mx,https://www.openstreetmap.org/node/5155760422
Sonora Grill,Restaurante boutique,Mexico,Ciudad de México,Lomas/Bosques/Polanco/Nápoles/San Ángel/Pedregal,+52 55 7098 1218,525570981218,valid_format_only,Modern/official website found,https://sonoragrill.com.mx/,https://www.openstreetmap.org/node/5204129023
Burrito Loco,Restaurante boutique,Mexico,Ciudad de México,Lomas/Bosques/Polanco/Nápoles/San Ángel/Pedregal,56584990,,invalid_phone,No website found,,https://www.openstreetmap.org/node/5205439023
La Capital,Restaurante boutique,Mexico,Ciudad de México,Lomas/Bosques/Polanco/Nápoles/San Ángel/Pedregal,+525552565159,525552565159,valid_format_only,Modern/official website found,http://lacapitalrestaurante.com/restaurante,https://www.openstreetmap.org/node/5210525923
Otro Lugar de la Mancha,Restaurante boutique,Mexico,Ciudad de México,Lomas/Bosques/Polanco/Nápoles/San Ángel/Pedregal,+53 55 5280 4826,,invalid_phone,Modern/official website found,https://www.lamancha.com.mx/,https://www.openstreetmap.org/node/5229080809
Kerouac,Restaurante boutique,Mexico,Ciudad de México,Lomas/Bosques/Polanco/Nápoles/San Ángel/Pedregal,+52 55 8435 3640,525584353640,valid_format_only,No website found,,https://www.openstreetmap.org/node/5250660126
Fonda Argentina,Restaurante boutique,Mexico,Ciudad de México,Lomas/Bosques/Polanco/Nápoles/San Ángel/Pedregal,55391617,,invalid_phone,Modern/official website found,https://www.fondaargentina.com/,https://www.openstreetmap.org/node/5257537721
Vecchio Fascino,Restaurante boutique,Mexico,Ciudad de México,Lomas/Bosques/Polanco/Nápoles/San Ángel/Pedregal,01 55 5598 8120,,invalid_phone,No website found,,https://www.openstreetmap.org/node/5313787422
Merendero Biarritz,Restaurante boutique,Mexico,Ciudad de México,Lomas/Bosques/Polanco/Nápoles/San Ángel/Pedregal,+52 55 5588 7791,525555887791,valid_format_only,No website found,,https://www.openstreetmap.org/node/5329408723
Angelopolitano,Restaurante boutique,Mexico,Ciudad de México,Lomas/Bosques/Polanco/Nápoles/San Ángel/Pedregal,+52 55 6391 2121,525563912121,valid_format_only,No website found,,https://www.openstreetmap.org/node/5329408724
Guzina Oaxaca,Restaurante boutique,Mexico,Ciudad de México,Lomas/Bosques/Polanco/Nápoles/San Ángel/Pedregal,+52 55 5282 1820,525552821820,valid_format_only,No website found,,https://www.openstreetmap.org/node/5329431821
Los Sifones,Restaurante boutique,Mexico,Ciudad de México,Lomas/Bosques/Polanco/Nápoles/San Ángel/Pedregal,+5215555493890,525555493890,valid_format_only,No website found,,https://www.openstreetmap.org/node/5329431921
La Buena Barra,Restaurante boutique,Mexico,Ciudad de México,Lomas/Bosques/Polanco/Nápoles/San Ángel/Pedregal,+52 55 5280 6699,525552806699,valid_format_only,No website found,,https://www.openstreetmap.org/node/5329442026
Publico,Restaurante boutique,Mexico,Ciudad de México,Lomas/Bosques/Polanco/Nápoles/San Ángel/Pedregal,+52 55 4000 1288,525540001288,valid_format_only,No website found,,https://www.openstreetmap.org/node/5329510922
Quintonil,Restaurante boutique,Mexico,Ciudad de México,Lomas/Bosques/Polanco/Nápoles/San Ángel/Pedregal,044 5280 2680,,invalid_phone,No website found,,https://www.openstreetmap.org/node/5431225256
La Casa de Las Enchiladas (Lago Alberto),Restaurante boutique,Mexico,Ciudad de México,Lomas/Bosques/Polanco/Nápoles/San Ángel/Pedregal,+52 55 526 06693,525552606693,valid_format_only,Modern/official website found,https://www.lacasadelasenchiladas.com/,https://www.openstreetmap.org/node/5470111721
Brescia's,Restaurante boutique,Mexico,Ciudad de México,Lomas/Bosques/Polanco/Nápoles/San Ángel/Pedregal,55744138,,invalid_phone,No website found,,https://www.openstreetmap.org/node/5495044224
Los Picositos,Restaurante boutique,Mexico,Ciudad de México,Lomas/Bosques/Polanco/Nápoles/San Ángel/Pedregal,26145645,,invalid_phone,No website found,,https://www.openstreetmap.org/node/5503730521
Testal,Restaurante boutique,Mexico,Ciudad de México,Lomas/Bosques/Polanco/Nápoles/San Ángel/Pedregal,+525555101358,525555101358,valid_format_only,No website found,,https://www.openstreetmap.org/node/5515383223
Suntory del Valle,Restaurante boutique,Mexico,Ciudad de México,Lomas/Bosques/Polanco/Nápoles/San Ángel/Pedregal,+52 55 5536 9432,525555369432,valid_format_only,No website found,,https://www.openstreetmap.org/node/5590534621
La Cebolla Morada,Restaurante boutique,Mexico,Ciudad de México,Lomas/Bosques/Polanco/Nápoles/San Ángel/Pedregal,01 55 5908 9202,,invalid_phone,Modern/official website found,https://lacebollamorada.com/,https://www.openstreetmap.org/node/5596022485
La Rodante Pizzería,Restaurante boutique,Mexico,Ciudad de México,Lomas/Bosques/Polanco/Nápoles/San Ángel/Pedregal,01 55 4756 7414,,invalid_phone,No website found,,https://www.openstreetmap.org/node/5596048022
La Canasta,Restaurante boutique,Mexico,Ciudad de México,Lomas/Bosques/Polanco/Nápoles/San Ángel/Pedregal,55498469,,invalid_phone,No website found,,https://www.openstreetmap.org/node/5644573822
Spa & Nails Fashion,Clínica estética,Mexico,Ciudad de México,Lomas/Bosques/Polanco/Nápoles/San Ángel/Pedregal,70456890,,invalid_phone,No website found,,https://www.openstreetmap.org/node/5659139923
Marisquería La Glorieta,Restaurante boutique,Mexico,Ciudad de México,Lomas/Bosques/Polanco/Nápoles/San Ángel/Pedregal,70939316,,invalid_phone,Modern/official website found,www.marisquerialaglorieta.com.mx,https://www.openstreetmap.org/node/5667255337
Hospital Veterinario de Medicina Preventiva,Veterinaria,Mexico,Ciudad de México,Lomas/Bosques/Polanco/Nápoles/San Ángel/Pedregal,+525556052263,525556052263,valid_format_only,No website found,,https://www.openstreetmap.org/node/5667278593
Maratea Mx,Restaurante boutique,Mexico,Ciudad de México,Lomas/Bosques/Polanco/Nápoles/San Ángel/Pedregal,+52 55 72605256,525572605256,valid_format_only,No website found,,https://www.openstreetmap.org/node/5678539021
TAMALES COYOACÁN,Restaurante boutique,Mexico,Ciudad de México,Lomas/Bosques/Polanco/Nápoles/San Ángel/Pedregal,+52 55 5696 8857,525556968857,valid_format_only,No website found,,https://www.openstreetmap.org/node/5686316922
Urban Spices,Restaurante boutique,Mexico,Ciudad de México,Lomas/Bosques/Polanco/Nápoles/San Ángel/Pedregal,+52 55 7045 0535,525570450535,valid_format_only,Modern/official website found,www.urnaspices.com,https://www.openstreetmap.org/node/5797528225
Surasang,Restaurante boutique,Mexico,Ciudad de México,Lomas/Bosques/Polanco/Nápoles/San Ángel/Pedregal,5511-7929,,invalid_phone,No website found,,https://www.openstreetmap.org/node/5854801828
The Beauty & Relaxing SPA,Clínica estética,Mexico,Ciudad de México,Lomas/Bosques/Polanco/Nápoles/San Ángel/Pedregal,63088542,,invalid_phone,No website found,,https://www.openstreetmap.org/node/5864446785
SRE Medicina Alternativa,Clínica estética,Mexico,Ciudad de México,Lomas/Bosques/Polanco/Nápoles/San Ángel/Pedregal,01 55 55799896,,invalid_phone,No website found,,https://www.openstreetmap.org/node/5926817685
La Pitahaya,Restaurante boutique,Mexico,Ciudad de México,Lomas/Bosques/Polanco/Nápoles/San Ángel/Pedregal,+525571592918,525571592918,valid_format_only,Modern/official website found,https://lapitahayavegana.mx/,https://www.openstreetmap.org/node/5984252685
u.to.pia,Restaurante boutique,Mexico,Ciudad de México,Lomas/Bosques/Polanco/Nápoles/San Ángel/Pedregal,+525559962209,525559962209,valid_format_only,No website found,,https://www.openstreetmap.org/node/5994478387
Malportaco,Restaurante boutique,Mexico,Ciudad de México,Lomas/Bosques/Polanco/Nápoles/San Ángel/Pedregal,+52 55 87 53 05 74,525587530574,valid_format_only,No website found,,https://www.openstreetmap.org/node/6049284885
Clínica Dr. Casaubon,Veterinaria,Mexico,Ciudad de México,Lomas/Bosques/Polanco/Nápoles/San Ángel/Pedregal,55546933,,invalid_phone,No website found,,https://www.openstreetmap.org/node/6088450109
Taquería La Negra,Restaurante boutique,Mexico,Ciudad de México,Lomas/Bosques/Polanco/Nápoles/San Ángel/Pedregal,01 55 5511 8631,,invalid_phone,Only Instagram/Facebook,https://facebook.com/Taquer%C3%ADa-La-Negra-1151684548199176/,https://www.openstreetmap.org/node/6320866685
Kabuki,Restaurante boutique,Mexico,Ciudad de México,Lomas/Bosques/Polanco/Nápoles/San Ángel/Pedregal,+52 55 5929 8227,525559298227,valid_format_only,Modern/official website found,https://kabuki.mx/,https://www.openstreetmap.org/node/6320928285
Vecchio Forno,Restaurante boutique,Mexico,Ciudad de México,Lomas/Bosques/Polanco/Nápoles/San Ángel/Pedregal,55534940,,invalid_phone,Modern/official website found,https://vecchioforno.mx/,https://www.openstreetmap.org/node/6322131885
mi Gusto es,Restaurante boutique,Mexico,Ciudad de México,Lomas/Bosques/Polanco/Nápoles/San Ángel/Pedregal,+52 55 5254 5678,525552545678,valid_format_only,No website found,,https://www.openstreetmap.org/node/6440741285
Bahia de Vigo,Restaurante boutique,Mexico,Ciudad de México,Lomas/Bosques/Polanco/Nápoles/San Ángel/Pedregal,01 55 5709 9823,,invalid_phone,No website found,,https://www.openstreetmap.org/node/6495474385
Hospital Veterinario,Veterinaria,Mexico,Ciudad de México,Lomas/Bosques/Polanco/Nápoles/San Ángel/Pedregal,56619320,,invalid_phone,No website found,,https://www.openstreetmap.org/node/6566676387
Murakami,Restaurante boutique,Mexico,Ciudad de México,Lomas/Bosques/Polanco/Nápoles/San Ángel/Pedregal,+52 55 5203 1371,525552031371,valid_format_only,No website found,,https://www.openstreetmap.org/node/6642215521
La Galeterie,Restaurante boutique,Mexico,Ciudad de México,Lomas/Bosques/Polanco/Nápoles/San Ángel/Pedregal,+52 55 5541 4541,525555414541,valid_format_only,No website found,,https://www.openstreetmap.org/node/6747906684
Vege Taco,Restaurante boutique,Mexico,Ciudad de México,Lomas/Bosques/Polanco/Nápoles/San Ángel/Pedregal,+525567258826,525567258826,valid_format_only,No website found,,https://www.openstreetmap.org/node/6754440294
Salón Covadonga,Restaurante boutique,Mexico,Ciudad de México,Lomas/Bosques/Polanco/Nápoles/San Ángel/Pedregal,+52 55 5533 2922,525555332922,valid_format_only,No website found,,https://www.openstreetmap.org/node/6773314586
Terraza Cha Cha Chá,Restaurante boutique,Mexico,Ciudad de México,Lomas/Bosques/Polanco/Nápoles/San Ángel/Pedregal,+52 55 5705 2272,525557052272,valid_format_only,Modern/official website found,https://www.terrazachachacha.com/,https://www.openstreetmap.org/node/6786946385
niddo dresde,Restaurante boutique,Mexico,Ciudad de México,Lomas/Bosques/Polanco/Nápoles/San Ángel/Pedregal,+52 55 5525 0262,525555250262,valid_format_only,Modern/official website found,https://www.niddo.mx/,https://www.openstreetmap.org/node/6828537885
Rouge Bohème Bistro,Restaurante boutique,Mexico,Ciudad de México,Lomas/Bosques/Polanco/Nápoles/San Ángel/Pedregal,+525555119704,525555119704,valid_format_only,No website found,,https://www.openstreetmap.org/node/6865495885
Cada Regis,Restaurante boutique,Mexico,Ciudad de México,Lomas/Bosques/Polanco/Nápoles/San Ángel/Pedregal,+52 55 5254 8207,525552548207,valid_format_only,Modern/official website found,https://lasmercedes.mx/,https://www.openstreetmap.org/node/6867309785
Tetetlán,Restaurante boutique,Mexico,Ciudad de México,Lomas/Bosques/Polanco/Nápoles/San Ángel/Pedregal,+52 55 5668 5335,525556685335,valid_format_only,Modern/official website found,https://tetetlan.com/,https://www.openstreetmap.org/node/6937612187
Bonito,Restaurante boutique,Mexico,Ciudad de México,Lomas/Bosques/Polanco/Nápoles/San Ángel/Pedregal,+52 55 5286 6165,525552866165,valid_format_only,Modern/official website found,http://bonito.com.mx,https://www.openstreetmap.org/node/6937865785
Xilonen,Restaurante boutique,Mexico,Ciudad de México,Lomas/Bosques/Polanco/Nápoles/San Ángel/Pedregal,+5215525230483,525525230483,valid_format_only,Modern/official website found,https://www.xilonengourmet.com/,https://www.openstreetmap.org/node/7053406860
Wan Wan Sakaba,Restaurante boutique,Mexico,Ciudad de México,Lomas/Bosques/Polanco/Nápoles/San Ángel/Pedregal,+52 55 5514 4324,525555144324,valid_format_only,Modern/official website found,https://flow.page/wanwan,https://www.openstreetmap.org/node/7080840285
Los Gueros de Boturini,Restaurante boutique,Mexico,Ciudad de México,Lomas/Bosques/Polanco/Nápoles/San Ángel/Pedregal,52559202916,,invalid_phone,No website found,,https://www.openstreetmap.org/node/7098972085
TierrAdentro,Restaurante boutique,Mexico,Ciudad de México,Lomas/Bosques/Polanco/Nápoles/San Ángel/Pedregal,+52 55 8009 3258,525580093258,valid_format_only,No website found,,https://www.openstreetmap.org/node/7140457736
El tesoro de Sonora,Restaurante boutique,Mexico,Ciudad de México,Lomas/Bosques/Polanco/Nápoles/San Ángel/Pedregal,+5215555396614,525555396614,valid_format_only,Modern/official website found,http://tesorodesonora.com,https://www.openstreetmap.org/node/7235722865
Unas y mas,Clínica estética,Mexico,Ciudad de México,Lomas/Bosques/Polanco/Nápoles/San Ángel/Pedregal,+52 55 4525 8199,525545258199,valid_format_only,No website found,,https://www.openstreetmap.org/node/7275656085
La Casa de Toño Insurgentes Sur,Restaurante boutique,Mexico,Ciudad de México,Lomas/Bosques/Polanco/Nápoles/San Ángel/Pedregal,+525556589765,525556589765,valid_format_only,Modern/official website found,https://m.lacasadetono.com.mx/,https://www.openstreetmap.org/node/7640862159
Taquería La Lupita Ayuuk,Restaurante boutique,Mexico,Ciudad de México,Lomas/Bosques/Polanco/Nápoles/San Ángel/Pedregal,+525570457355,525570457355,valid_format_only,No website found,,https://www.openstreetmap.org/node/7642384880
Potzollcalli,Restaurante boutique,Mexico,Ciudad de México,Lomas/Bosques/Polanco/Nápoles/San Ángel/Pedregal,+525555365320,525555365320,valid_format_only,Modern/official website found,https://potzollcalli.com/,https://www.openstreetmap.org/node/7649875994
Los sopes,Restaurante boutique,Mexico,Ciudad de México,Lomas/Bosques/Polanco/Nápoles/San Ángel/Pedregal,+52 55 5539 3277,525555393277,valid_format_only,No website found,,https://www.openstreetmap.org/node/7659506285
Izakaya KURA,Restaurante boutique,Mexico,Ciudad de México,Lomas/Bosques/Polanco/Nápoles/San Ángel/Pedregal,+52 55 7989 3102,525579893102,valid_format_only,Modern/official website found,https://kuramexico.com/,https://www.openstreetmap.org/node/7733099285
Clinica Madre Teresa Dueñas,Clínica estética,Mexico,Ciudad de México,Lomas/Bosques/Polanco/Nápoles/San Ángel/Pedregal,+52 55 5585 2051,525555852051,valid_format_only,No website found,,https://www.openstreetmap.org/node/7960257454
La Casa de Las Enchiladas (Lerma),Restaurante boutique,Mexico,Ciudad de México,Lomas/Bosques/Polanco/Nápoles/San Ángel/Pedregal,+52 55 520 76760,525552076760,valid_format_only,Modern/official website found,https://www.lacasadelasenchiladas.com/,https://www.openstreetmap.org/node/7984727740
La Casa de Las Enchiladas (Bajío),Restaurante boutique,Mexico,Ciudad de México,Lomas/Bosques/Polanco/Nápoles/San Ángel/Pedregal,+52 55 527 69841,525552769841,valid_format_only,Modern/official website found,https://www.lacasadelasenchiladas.com/,https://www.openstreetmap.org/node/7984727741
Hamburguesas HM (Polanco),Restaurante boutique,Mexico,Ciudad de México,Lomas/Bosques/Polanco/Nápoles/San Ángel/Pedregal,+52 55 525 48929,525552548929,valid_format_only,Modern/official website found,http://www.hamburguesashm.com/,https://www.openstreetmap.org/node/7984727742
Papa Guapa,Restaurante boutique,Mexico,Ciudad de México,Lomas/Bosques/Polanco/Nápoles/San Ángel/Pedregal,+52 55 520 78052,525552078052,valid_format_only,Modern/official website found,https://papaguapa.com/,https://www.openstreetmap.org/node/7984727744
Papa Guapa,Restaurante boutique,Mexico,Ciudad de México,Lomas/Bosques/Polanco/Nápoles/San Ángel/Pedregal,+52 55 110 76337,525511076337,valid_format_only,Modern/official website found,https://papaguapa.com/,https://www.openstreetmap.org/node/7984727745
Pizza del Perro Negro,Restaurante boutique,Mexico,Ciudad de México,Lomas/Bosques/Polanco/Nápoles/San Ángel/Pedregal,+52 55 535 17401,525553517401,valid_format_only,Modern/official website found,https://www.muertealapizzafalsa.com/,https://www.openstreetmap.org/node/7984727746
Pizza del Perro Negro,Restaurante boutique,Mexico,Ciudad de México,Lomas/Bosques/Polanco/Nápoles/San Ángel/Pedregal,+52 55 535 17401,525553517401,valid_format_only,Modern/official website found,https://www.muertealapizzafalsa.com/,https://www.openstreetmap.org/node/7984727747
Pizza del Perro Negro,Restaurante boutique,Mexico,Ciudad de México,Lomas/Bosques/Polanco/Nápoles/San Ángel/Pedregal,+52 55 535 17401,525553517401,valid_format_only,Modern/official website found,https://www.muertealapizzafalsa.com/,https://www.openstreetmap.org/node/7984727750
Louises Chef,Restaurante boutique,Mexico,Ciudad de México,Lomas/Bosques/Polanco/Nápoles/San Ángel/Pedregal,+5215562553698,525562553698,valid_format_only,No website found,,https://www.openstreetmap.org/node/8017161724
"Indómita, Burger Social Club",Restaurante boutique,Mexico,Ciudad de México,Lomas/Bosques/Polanco/Nápoles/San Ángel/Pedregal,+525573529678,525573529678,valid_format_only,Modern/official website found,@indomita.burgers,https://www.openstreetmap.org/node/8235383717
Porco Rosso,Restaurante boutique,Mexico,Ciudad de México,Lomas/Bosques/Polanco/Nápoles/San Ángel/Pedregal,+5252075399;+5291557672,525252075399,valid_format_only,Modern/official website found,https://porcorossobbq.mx/ubicaciones/porco-rosso-bbq-cuauhtemoc/,https://www.openstreetmap.org/node/8238413517
dmp arquitectura,Arquitectura/interiorismo,Mexico,Ciudad de México,Lomas/Bosques/Polanco/Nápoles/San Ángel/Pedregal,+52 55 5660 7708,525556607708,valid_format_only,Modern/official website found,https://dmp.com.mx/,https://www.openstreetmap.org/node/8270942955
Consultorio veterinario,Veterinaria,Mexico,Ciudad de México,Lomas/Bosques/Polanco/Nápoles/San Ángel/Pedregal,0445532045611 - 55638091,,invalid_phone,No website found,,https://www.openstreetmap.org/node/8608521229
Pizzas La Postal,Restaurante boutique,Mexico,Ciudad de México,Lomas/Bosques/Polanco/Nápoles/San Ángel/Pedregal,+52 55 8494 6548,525584946548,valid_format_only,No website found,,https://www.openstreetmap.org/node/8623324270
La Parroquia de Veracruz,Restaurante boutique,Mexico,Ciudad de México,Lomas/Bosques/Polanco/Nápoles/San Ángel/Pedregal,+52 55 5512 7405,525555127405,valid_format_only,No website found,,https://www.openstreetmap.org/node/8677152117
Tortas El Estudiante,Restaurante boutique,Mexico,Ciudad de México,Lomas/Bosques/Polanco/Nápoles/San Ángel/Pedregal,+52 55 6150 7326,525561507326,valid_format_only,No website found,,https://www.openstreetmap.org/node/8732184797
El Asado Argentino,Restaurante boutique,Mexico,Ciudad de México,Lomas/Bosques/Polanco/Nápoles/San Ángel/Pedregal,+52 55 5592 7071,525555927071,valid_format_only,Modern/official website found,https://asadoargentino.com.mx/,https://www.openstreetmap.org/node/8769620386
Los Arcos,Restaurante boutique,Mexico,Ciudad de México,Lomas/Bosques/Polanco/Nápoles/San Ángel/Pedregal,+5215552356419,525552356419,valid_format_only,No website found,,https://www.openstreetmap.org/node/8843484351
Quesadillas Berlin,Restaurante boutique,Mexico,Ciudad de México,Lomas/Bosques/Polanco/Nápoles/San Ángel/Pedregal,+52 55 6868 8373,525568688373,valid_format_only,No website found,,https://www.openstreetmap.org/node/8843502567
Fonda El Anfritrión,Restaurante boutique,Mexico,Ciudad de México,Lomas/Bosques/Polanco/Nápoles/San Ángel/Pedregal,+52 55 8502 3536,525585023536,valid_format_only,Modern/official website found,https://elanfitrionparallevar.com/,https://www.openstreetmap.org/node/8843502568
La mESILLA,Restaurante boutique,Mexico,Ciudad de México,Lomas/Bosques/Polanco/Nápoles/San Ángel/Pedregal,+52 55 4983 1530,525549831530,valid_format_only,No website found,,https://www.openstreetmap.org/node/8843502569
hAMBURGUESAS mATIAS,Restaurante boutique,Mexico,Ciudad de México,Lomas/Bosques/Polanco/Nápoles/San Ángel/Pedregal,+52 55 3657 6792,525536576792,valid_format_only,No website found,,https://www.openstreetmap.org/node/8843502575
Taquitos Marte,Restaurante boutique,Mexico,Ciudad de México,Lomas/Bosques/Polanco/Nápoles/San Ángel/Pedregal,+525526210418,525526210418,valid_format_only,No website found,,https://www.openstreetmap.org/node/8848863447
Cancino,Restaurante boutique,Mexico,Ciudad de México,Lomas/Bosques/Polanco/Nápoles/San Ángel/Pedregal,+52 55 5207 4398,525552074398,valid_format_only,Modern/official website found,https://archipielagomx.com/cancino/,https://www.openstreetmap.org/node/8888105700
Shambala,Veterinaria,Mexico,Ciudad de México,Lomas/Bosques/Polanco/Nápoles/San Ángel/Pedregal,+521555532579,521555532579,valid_format_only,No website found,,https://www.openstreetmap.org/node/8934215963
Green Me Reforma,Restaurante boutique,Mexico,Ciudad de México,Lomas/Bosques/Polanco/Nápoles/San Ángel/Pedregal,+52 55 7582 2003,525575822003,valid_format_only,Modern/official website found,https://greenme.com.mx/,https://www.openstreetmap.org/node/9004721864
Psiquiatra Enrique Camarena,Psicología premium,Mexico,Ciudad de México,Lomas/Bosques/Polanco/Nápoles/San Ángel/Pedregal,+52 55 5563 6618,525555636618,valid_format_only,Modern/official website found,https://www.doctorcamarena.mx/,https://www.openstreetmap.org/node/9010503800
El Rincón Gourmet,Restaurante boutique,Mexico,Ciudad de México,Lomas/Bosques/Polanco/Nápoles/San Ángel/Pedregal,+5215552117016,525552117016,valid_format_only,No website found,,https://www.openstreetmap.org/node/9012791859
Odontotall Dentist,Dental,Mexico,Ciudad de México,Lomas/Bosques/Polanco/Nápoles/San Ángel/Pedregal,+52555341901,,invalid_phone,No website found,,https://www.openstreetmap.org/node/9112153076
Branca Parrilla,Restaurante boutique,Mexico,Ciudad de México,Lomas/Bosques/Polanco/Nápoles/San Ángel/Pedregal,+5215565500644,525565500644,valid_format_only,No website found,,https://www.openstreetmap.org/node/9196353587
Wabi Sushi,Restaurante boutique,Mexico,Ciudad de México,Lomas/Bosques/Polanco/Nápoles/San Ángel/Pedregal,+52 55 5941 4815,525559414815,valid_format_only,Modern/official website found,https://www.wabisushi.mx/,https://www.openstreetmap.org/node/9630466866
Pane En Vía Centro,Restaurante boutique,Mexico,Ciudad de México,Lomas/Bosques/Polanco/Nápoles/San Ángel/Pedregal,+52 55 5709 4040,525557094040,valid_format_only,Modern/official website found,https://paneenvia.com/,https://www.openstreetmap.org/node/9630499241
CADEVI,Clínica estética,Mexico,Ciudad de México,Lomas/Bosques/Polanco/Nápoles/San Ángel/Pedregal,+52 55 4069 2133,525540692133,valid_format_only,No website found,,https://www.openstreetmap.org/node/9736055330
Clínica Veterinaria Coyoacán,Veterinaria,Mexico,Ciudad de México,Lomas/Bosques/Polanco/Nápoles/San Ángel/Pedregal,+5215556883177,525556883177,valid_format_only,No website found,,https://www.openstreetmap.org/node/9742157302
Esqui crepas,Restaurante boutique,Mexico,Ciudad de México,Lomas/Bosques/Polanco/Nápoles/San Ángel/Pedregal,+52 55 1697 2096,525516972096,valid_format_only,No website found,,https://www.openstreetmap.org/node/9780291737
Mandragora vegan,Restaurante boutique,Mexico,Ciudad de México,Lomas/Bosques/Polanco/Nápoles/San Ángel/Pedregal,+525517830023,525517830023,valid_format_only,No website found,,https://www.openstreetmap.org/node/9848168517
CEME Gatos,Veterinaria,Mexico,Ciudad de México,Lomas/Bosques/Polanco/Nápoles/San Ángel/Pedregal,+5215589369455,525589369455,valid_format_only,Modern/official website found,https://www.cemegatos.com.mx/,https://www.openstreetmap.org/node/9862677194
CEME Gatos,Veterinaria,Mexico,Ciudad de México,Lomas/Bosques/Polanco/Nápoles/San Ángel/Pedregal,+52 55 63639935;+52 55 63639940,525563639935,valid_format_only,No website found,,https://www.openstreetmap.org/node/9925610445
"Taller Óptico ""Eros""",Óptica/Oftalmología premium,Mexico,Ciudad de México,Lomas/Bosques/Polanco/Nápoles/San Ángel/Pedregal,+52 55 2836 6889,525528366889,valid_format_only,No website found,,https://www.openstreetmap.org/node/10121559055
Veganismo Lonchería vegana,Restaurante boutique,Mexico,Ciudad de México,Lomas/Bosques/Polanco/Nápoles/San Ángel/Pedregal,+52 55 9243 7662,525592437662,valid_format_only,No website found,,https://www.openstreetmap.org/node/10296082209
Sony Arceos,Clínica estética,Mexico,Ciudad de México,Lomas/Bosques/Polanco/Nápoles/San Ángel/Pedregal,+52 55 1918 7885,525519187885,valid_format_only,No website found,,https://www.openstreetmap.org/node/10309349715
La Guelagetza,Restaurante boutique,Mexico,Ciudad de México,Lomas/Bosques/Polanco/Nápoles/San Ángel/Pedregal,+52 55 5737 3954,525557373954,valid_format_only,No website found,,https://www.openstreetmap.org/node/10309350025
Consultorio Morell,Dental,Mexico,Ciudad de México,Lomas/Bosques/Polanco/Nápoles/San Ángel/Pedregal,+52 55 5517 4288,525555174288,valid_format_only,No website found,,https://www.openstreetmap.org/node/10560661311
Sartenazo,Restaurante boutique,Mexico,Ciudad de México,Lomas/Bosques/Polanco/Nápoles/San Ángel/Pedregal,+52 55 5535 6912,525555356912,valid_format_only,No website found,,https://www.openstreetmap.org/node/10563569213
Alberto Mérito,Abogado migratorio,Mexico,Ciudad de México,Lomas/Bosques/Polanco/Nápoles/San Ángel/Pedregal,+52 55 1080 8010,525510808010,valid_format_only,Modern/official website found,http://merito.me/,https://www.openstreetmap.org/node/10568824490
Bang Bang Pizzas,Restaurante boutique,Mexico,Ciudad de México,Lomas/Bosques/Polanco/Nápoles/San Ángel/Pedregal,+525555464464,525555464464,valid_format_only,No website found,,https://www.openstreetmap.org/node/10582908505
Eno,Restaurante boutique,Mexico,Ciudad de México,Lomas/Bosques/Polanco/Nápoles/San Ángel/Pedregal,55318535,,invalid_phone,No website found,,https://www.openstreetmap.org/node/10605543021
TimberSight Optical Store,Óptica/Oftalmología premium,Mexico,Ciudad de México,Lomas/Bosques/Polanco/Nápoles/San Ángel/Pedregal,+525593165352,525593165352,valid_format_only,No website found,,https://www.openstreetmap.org/node/10677489385
La Divina Comida,Restaurante boutique,Mexico,Ciudad de México,Lomas/Bosques/Polanco/Nápoles/San Ángel/Pedregal,+52 55 9006 5188,525590065188,valid_format_only,No website found,,https://www.openstreetmap.org/node/10693505607
Lucky Sushi,Restaurante boutique,Mexico,Ciudad de México,Lomas/Bosques/Polanco/Nápoles/San Ángel/Pedregal,+52 55 9211 8550,525592118550,valid_format_only,No website found,,https://www.openstreetmap.org/node/10700706101
Juncal Tablao Flamenco,Restaurante boutique,Mexico,Ciudad de México,Lomas/Bosques/Polanco/Nápoles/San Ángel/Pedregal,+525564869586,525564869586,valid_format_only,Modern/official website found,https://juncaltablaoflamenco.com,https://www.openstreetmap.org/node/10816901405
lo de Julio,Restaurante boutique,Mexico,Ciudad de México,Lomas/Bosques/Polanco/Nápoles/San Ángel/Pedregal,+52 55 2345 2103,525523452103,valid_format_only,Modern/official website found,https://lodejulio.com.mx/,https://www.openstreetmap.org/node/10908371779
Sonia,Restaurante boutique,Mexico,Ciudad de México,Lomas/Bosques/Polanco/Nápoles/San Ángel/Pedregal,+52 55 5941 4956,525559414956,valid_format_only,Modern/official website found,https://restaurantesonia.com.mx/,https://www.openstreetmap.org/node/10908376399
Wooyeon,Restaurante boutique,Mexico,Ciudad de México,Lomas/Bosques/Polanco/Nápoles/San Ángel/Pedregal,+52 55 51623822,525551623822,valid_format_only,No website found,,https://www.openstreetmap.org/node/10908379005
Mariana Bonita,Restaurante boutique,Mexico,Ciudad de México,Lomas/Bosques/Polanco/Nápoles/San Ángel/Pedregal,+52 5207 8963,525252078963,valid_format_only,No website found,,https://www.openstreetmap.org/node/10910626843
El tesoro de Sonora,Restaurante boutique,Mexico,Ciudad de México,Lomas/Bosques/Polanco/Nápoles/San Ángel/Pedregal,+52 55 5579 5155,525555795155,valid_format_only,Modern/official website found,http://eltesorodesonora.com.mx/tcarta.html,https://www.openstreetmap.org/node/10917002278
Sabores de México,Restaurante boutique,Mexico,Ciudad de México,Lomas/Bosques/Polanco/Nápoles/San Ángel/Pedregal,+52 5592323909,525592323909,valid_format_only,Modern/official website found,https://fogonesmx.com/,https://www.openstreetmap.org/node/10922027689
Daikoku,Restaurante boutique,Mexico,Ciudad de México,Lomas/Bosques/Polanco/Nápoles/San Ángel/Pedregal,+525556587802,525556587802,valid_format_only,Modern/official website found,https://daikoku.mx/,https://www.openstreetmap.org/node/11006503379
Physio Clinique,Fisioterapia,Mexico,Ciudad de México,Lomas/Bosques/Polanco/Nápoles/San Ángel/Pedregal,+52 55 43635421;+52 55 53360656,525543635421,valid_format_only,No website found,,https://www.openstreetmap.org/node/11016502125
Fonda La Villa,Restaurante boutique,Mexico,Ciudad de México,Lomas/Bosques/Polanco/Nápoles/San Ángel/Pedregal,+52 55 5579 0516,525555790516,valid_format_only,No website found,,https://www.openstreetmap.org/node/11047392744
TORRES DENTAL,Dental,Mexico,Ciudad de México,Lomas/Bosques/Polanco/Nápoles/San Ángel/Pedregal,+52 55 2961 5728,525529615728,valid_format_only,Only Instagram/Facebook,https://m.facebook.com/p/Torres-Dental-Centro-de-Atenci%C3%B3n-Odontol%C3%B3gica-100077361380898/,https://www.openstreetmap.org/node/11047392749
Villa de Canes,Veterinaria,Mexico,Ciudad de México,Lomas/Bosques/Polanco/Nápoles/San Ángel/Pedregal,+52 55 7197 4115,525571974115,valid_format_only,Only Instagram/Facebook,https://www.facebook.com/Villadecanes37?mibextid=LQQJ4d,https://www.openstreetmap.org/node/11047392765
El Condimento,Restaurante boutique,Mexico,Ciudad de México,Lomas/Bosques/Polanco/Nápoles/San Ángel/Pedregal,+52 55 5916 3622,525559163622,valid_format_only,No website found,,https://www.openstreetmap.org/node/11047392768
El Negrito,Restaurante boutique,Mexico,Ciudad de México,Lomas/Bosques/Polanco/Nápoles/San Ángel/Pedregal,+52 222 823 1746,522228231746,valid_format_only,No website found,,https://www.openstreetmap.org/node/11051970979
Tamalería Nativitas,Restaurante boutique,Mexico,Ciudad de México,Lomas/Bosques/Polanco/Nápoles/San Ángel/Pedregal,+52 55 5532 8687,525555328687,valid_format_only,No website found,,https://www.openstreetmap.org/node/11051970981
Sushi Itto Playa Regatas,Restaurante boutique,Mexico,Ciudad de México,Lomas/Bosques/Polanco/Nápoles/San Ángel/Pedregal,+52 55 1038 7607,525510387607,valid_format_only,No website found,,https://www.openstreetmap.org/node/11051972108
La Pibil,Restaurante boutique,Mexico,Ciudad de México,Lomas/Bosques/Polanco/Nápoles/San Ángel/Pedregal,+52 55 8655 1874,525586551874,valid_format_only,Only Instagram/Facebook,https://www.facebook.com/LaPIBILcdmx/,https://www.openstreetmap.org/node/11053757327
Sorondo 270 Bistrot,Restaurante boutique,Mexico,Ciudad de México,Lomas/Bosques/Polanco/Nápoles/San Ángel/Pedregal,+52 55 7707 9217,525577079217,valid_format_only,Only Instagram/Facebook,https://www.instagram.com/sorondo270/,https://www.openstreetmap.org/node/11053915493
Milena Restaurante Café,Restaurante boutique,Mexico,Ciudad de México,Lomas/Bosques/Polanco/Nápoles/San Ángel/Pedregal,+52 55 4032 4651,525540324651,valid_format_only,Modern/official website found,http://www.instragam.com/milena_cdmx,https://www.openstreetmap.org/node/11053915494
El Rincón Mexica,Restaurante boutique,Mexico,Ciudad de México,Lomas/Bosques/Polanco/Nápoles/San Ángel/Pedregal,+52 55 7707 3752,525577073752,valid_format_only,Modern/official website found,https://elrinconmexica.com/,https://www.openstreetmap.org/node/11053915500
Las Arracheras Beef Master,Restaurante boutique,Mexico,Ciudad de México,Lomas/Bosques/Polanco/Nápoles/San Ángel/Pedregal,555903049,,invalid_phone,Only Instagram/Facebook,https://www.facebook.com/lasarracherasbeefmaster,https://www.openstreetmap.org/node/11067845724
Tokyo Rose,Restaurante boutique,Mexico,Ciudad de México,Lomas/Bosques/Polanco/Nápoles/San Ángel/Pedregal,+52 55 5530 8021,525555308021,valid_format_only,Modern/official website found,https://tokyorose.mx/,https://www.openstreetmap.org/node/11070234733
Dental Fill Spa,Dental,Mexico,Ciudad de México,Lomas/Bosques/Polanco/Nápoles/San Ángel/Pedregal,+52 55 2906 6542,525529066542,valid_format_only,No website found,,https://www.openstreetmap.org/node/11126650445
Dentalia,Dental,Mexico,Ciudad de México,Lomas/Bosques/Polanco/Nápoles/San Ángel/Pedregal,+52 800 003 3682,528000033682,valid_format_only,Modern/official website found,https://dentalia.com,https://www.openstreetmap.org/node/11156114364
Dentalia,Dental,Mexico,Ciudad de México,Lomas/Bosques/Polanco/Nápoles/San Ángel/Pedregal,+52 800 003 3682,528000033682,valid_format_only,Modern/official website found,https://dentalia.com,https://www.openstreetmap.org/node/11156114368
Dentalia,Dental,Mexico,Ciudad de México,Lomas/Bosques/Polanco/Nápoles/San Ángel/Pedregal,+52 800 003 3682,528000033682,valid_format_only,Modern/official website found,https://dentalia.com,https://www.openstreetmap.org/node/11156114372
Dentalia,Dental,Mexico,Ciudad de México,Lomas/Bosques/Polanco/Nápoles/San Ángel/Pedregal,+52 800 003 3682,528000033682,valid_format_only,Modern/official website found,https://dentalia.com,https://www.openstreetmap.org/node/11156114378
Dentalia,Dental,Mexico,Ciudad de México,Lomas/Bosques/Polanco/Nápoles/San Ángel/Pedregal,+52 800 003 3682,528000033682,valid_format_only,Modern/official website found,https://dentalia.com,https://www.openstreetmap.org/node/11156114379
Dentalia,Dental,Mexico,Ciudad de México,Lomas/Bosques/Polanco/Nápoles/San Ángel/Pedregal,+52 800 003 3682,528000033682,valid_format_only,Modern/official website found,https://dentalia.com,https://www.openstreetmap.org/node/11156114384
Dentalia,Dental,Mexico,Ciudad de México,Lomas/Bosques/Polanco/Nápoles/San Ángel/Pedregal,+52 800 003 3682,528000033682,valid_format_only,Modern/official website found,https://dentalia.com,https://www.openstreetmap.org/node/11156114386
Dentalia,Dental,Mexico,Ciudad de México,Lomas/Bosques/Polanco/Nápoles/San Ángel/Pedregal,+52 800 003 3682,528000033682,valid_format_only,Modern/official website found,https://dentalia.com,https://www.openstreetmap.org/node/11156114388
Dentalia,Dental,Mexico,Ciudad de México,Lomas/Bosques/Polanco/Nápoles/San Ángel/Pedregal,+52 800 003 3682,528000033682,valid_format_only,Modern/official website found,https://dentalia.com,https://www.openstreetmap.org/node/11156114401
Dentalia,Dental,Mexico,Ciudad de México,Lomas/Bosques/Polanco/Nápoles/San Ángel/Pedregal,+52 800 003 3682,528000033682,valid_format_only,Modern/official website found,https://dentalia.com,https://www.openstreetmap.org/node/11156114403
Dentalia,Dental,Mexico,Ciudad de México,Lomas/Bosques/Polanco/Nápoles/San Ángel/Pedregal,+52 800 003 3682,528000033682,valid_format_only,Modern/official website found,https://dentalia.com,https://www.openstreetmap.org/node/11156114404
Dentalia,Dental,Mexico,Ciudad de México,Lomas/Bosques/Polanco/Nápoles/San Ángel/Pedregal,+52 800 003 3682,528000033682,valid_format_only,Modern/official website found,https://dentalia.com,https://www.openstreetmap.org/node/11156137308
Dentalia,Dental,Mexico,Ciudad de México,Lomas/Bosques/Polanco/Nápoles/San Ángel/Pedregal,+52 800 003 3682,528000033682,valid_format_only,Modern/official website found,https://dentalia.com,https://www.openstreetmap.org/node/11156137309
Dentalia,Dental,Mexico,Ciudad de México,Lomas/Bosques/Polanco/Nápoles/San Ángel/Pedregal,+52 800 003 3682,528000033682,valid_format_only,Modern/official website found,https://dentalia.com,https://www.openstreetmap.org/node/11156137310
Dentalia,Dental,Mexico,Ciudad de México,Lomas/Bosques/Polanco/Nápoles/San Ángel/Pedregal,+52 800 003 3682,528000033682,valid_format_only,Modern/official website found,https://dentalia.com,https://www.openstreetmap.org/node/11156137311
La Misma Vaca,Restaurante boutique,Mexico,Ciudad de México,Lomas/Bosques/Polanco/Nápoles/San Ángel/Pedregal,+525553361692,525553361692,valid_format_only,No website found,,https://www.openstreetmap.org/node/11289614969
El Tigre Silencioso,Restaurante boutique,Mexico,Ciudad de México,Lomas/Bosques/Polanco/Nápoles/San Ángel/Pedregal,+52 55 2174 6586,525521746586,valid_format_only,No website found,,https://www.openstreetmap.org/node/11300867769
Flatter.MeHair,Clínica estética,Mexico,Ciudad de México,Lomas/Bosques/Polanco/Nápoles/San Ángel/Pedregal,+52 55 2992 8225,525529928225,valid_format_only,Modern/official website found,https://www.flatterme.com.mx/,https://www.openstreetmap.org/node/11372522142
Dr. Pizza,Restaurante boutique,Mexico,Ciudad de México,Lomas/Bosques/Polanco/Nápoles/San Ángel/Pedregal,+52 55 2121 7486,525521217486,valid_format_only,Modern/official website found,https://drpizza.mx/,https://www.openstreetmap.org/node/11384849826
Beer Stop,Restaurante boutique,Mexico,Ciudad de México,Lomas/Bosques/Polanco/Nápoles/San Ángel/Pedregal,+52 55 5525 4129,525555254129,valid_format_only,Modern/official website found,https://www.beerstop.com.mx/,https://www.openstreetmap.org/node/11390850713
P.F. Chang's,Restaurante boutique,Mexico,Ciudad de México,Lomas/Bosques/Polanco/Nápoles/San Ángel/Pedregal,+52 55 5533 4859,525555334859,valid_format_only,Modern/official website found,https://pfchangsmexico.com.mx/,https://www.openstreetmap.org/node/11439827246
Almara,Restaurante boutique,Mexico,Ciudad de México,Lomas/Bosques/Polanco/Nápoles/San Ángel/Pedregal,+52 55 3213 2492,525532132492,valid_format_only,Modern/official website found,https://almara.rest/,https://www.openstreetmap.org/node/11444797914
niddo oxford,Restaurante boutique,Mexico,Ciudad de México,Lomas/Bosques/Polanco/Nápoles/San Ángel/Pedregal,+52 55 5525 0262,525555250262,valid_format_only,Modern/official website found,https://www.niddo.mx/,https://www.openstreetmap.org/node/11455998096
Havre 77,Restaurante boutique,Mexico,Ciudad de México,Lomas/Bosques/Polanco/Nápoles/San Ángel/Pedregal,+52 55 5208 1070,525552081070,valid_format_only,Modern/official website found,https://www.havre77.mx/,https://www.openstreetmap.org/node/11457797966
Sushi Kyo,Restaurante boutique,Mexico,Ciudad de México,Lomas/Bosques/Polanco/Nápoles/San Ángel/Pedregal,+52 55 5511 8027,525555118027,valid_format_only,Modern/official website found,https://edokobayashi.com/,https://www.openstreetmap.org/node/11457797967
Helena,Restaurante boutique,Mexico,Ciudad de México,Lomas/Bosques/Polanco/Nápoles/San Ángel/Pedregal,+52 55 5514 9977,525555149977,valid_format_only,Modern/official website found,https://helenas.com.mx/,https://www.openstreetmap.org/node/11458509600
Wok´ando,Restaurante boutique,Mexico,Ciudad de México,Lomas/Bosques/Polanco/Nápoles/San Ángel/Pedregal,+52 55 1169 1144,525511691144,valid_format_only,Modern/official website found,https://www.wokando.com.mx/,https://www.openstreetmap.org/node/11458704391
Goguinara,Restaurante boutique,Mexico,Ciudad de México,Lomas/Bosques/Polanco/Nápoles/San Ángel/Pedregal,+52 55 5207 5233,525552075233,valid_format_only,Modern/official website found,https://www.goguinara.com/,https://www.openstreetmap.org/node/11458718688
Darosa,Restaurante boutique,Mexico,Ciudad de México,Lomas/Bosques/Polanco/Nápoles/San Ángel/Pedregal,+52 55 3515 6838,525535156838,valid_format_only,Modern/official website found,https://www.darosamx.com/,https://www.openstreetmap.org/node/11458745718
Taller Xilotl,Restaurante boutique,Mexico,Ciudad de México,Lomas/Bosques/Polanco/Nápoles/San Ángel/Pedregal,+52 56 3067 9742,525630679742,valid_format_only,Modern/official website found,https://xilotl.com/,https://www.openstreetmap.org/node/11461739804
Ahumadas Grill & BBQ,Restaurante boutique,Mexico,Ciudad de México,Lomas/Bosques/Polanco/Nápoles/San Ángel/Pedregal,+52 55 5935 7621,525559357621,valid_format_only,Modern/official website found,https://www.ahumadasgrillbbq.com/,https://www.openstreetmap.org/node/11477699071
El Refugio del Inca,Restaurante boutique,Mexico,Ciudad de México,Lomas/Bosques/Polanco/Nápoles/San Ángel/Pedregal,+52 55 5514 0697,525555140697,valid_format_only,No website found,,https://www.openstreetmap.org/node/11488408733
Paris 16 Bistró,Restaurante boutique,Mexico,Ciudad de México,Lomas/Bosques/Polanco/Nápoles/San Ángel/Pedregal,+52 55 5511 9911,525555119911,valid_format_only,No website found,,https://www.openstreetmap.org/node/11489123578
Trattoria Enrico's,Restaurante boutique,Mexico,Ciudad de México,Lomas/Bosques/Polanco/Nápoles/San Ángel/Pedregal,+52 55 4195 0398,525541950398,valid_format_only,Modern/official website found,https://enricos.com.mx/,https://www.openstreetmap.org/node/11492632485
Zanaya,Restaurante boutique,Mexico,Ciudad de México,Lomas/Bosques/Polanco/Nápoles/San Ángel/Pedregal,+52 55 5230 1818,525552301818,valid_format_only,Modern/official website found,https://www.zanaya.mx/,https://www.openstreetmap.org/node/11493934403
Taquería Orinoco,Restaurante boutique,Mexico,Ciudad de México,Lomas/Bosques/Polanco/Nápoles/San Ángel/Pedregal,+52 55 5941 4816,525559414816,valid_format_only,Modern/official website found,https://www.taqueriaorinoco.com/,https://www.openstreetmap.org/node/11495562929
El Rincón de la 6,Restaurante boutique,Mexico,Ciudad de México,Lomas/Bosques/Polanco/Nápoles/San Ángel/Pedregal,+52 55 56586250,525556586250,valid_format_only,No website found,,https://www.openstreetmap.org/node/11566371481
El Polanquito,Restaurante boutique,Mexico,Ciudad de México,Lomas/Bosques/Polanco/Nápoles/San Ángel/Pedregal,+52 55 4633 5745,525546335745,valid_format_only,No website found,,https://www.openstreetmap.org/node/11592229956
Pasteleria El Delicioso,Restaurante boutique,Mexico,Ciudad de México,Lomas/Bosques/Polanco/Nápoles/San Ángel/Pedregal,+52 56 3633 3359,525636333359,valid_format_only,Modern/official website found,https://eldelicioso.mx,https://www.openstreetmap.org/node/11717903951
Chula Food,Restaurante boutique,Mexico,Ciudad de México,Lomas/Bosques/Polanco/Nápoles/San Ángel/Pedregal,+52 55 5132 9721,525551329721,valid_format_only,No website found,,https://www.openstreetmap.org/node/11823059769
Bhumi Comedor y Pizzeria Vegana,Restaurante boutique,Mexico,Ciudad de México,Lomas/Bosques/Polanco/Nápoles/San Ángel/Pedregal,+55 1938 5320,525519385320,valid_format_only,No website found,,https://www.openstreetmap.org/node/11889624969
Manthra Spa,Clínica estética,Mexico,Ciudad de México,Lomas/Bosques/Polanco/Nápoles/San Ángel/Pedregal,+52 55 4077 3044,525540773044,valid_format_only,Modern/official website found,https://www.manthraspa.com,https://www.openstreetmap.org/node/11910143955
Bagatelle Mexico City,Restaurante boutique,Mexico,Ciudad de México,Lomas/Bosques/Polanco/Nápoles/San Ángel/Pedregal,+52 55 3980 8744,525539808744,valid_format_only,Modern/official website found,https://bagatelle.com/venues/mexico-city,https://www.openstreetmap.org/node/11990524026
Cocina Fortuna,Restaurante boutique,Mexico,Ciudad de México,Lomas/Bosques/Polanco/Nápoles/San Ángel/Pedregal,+52 56 1984 3072,525619843072,valid_format_only,Modern/official website found,https://cocinafortuna.com,https://www.openstreetmap.org/node/12010044651
Los Queridos,Restaurante boutique,Mexico,Ciudad de México,Lomas/Bosques/Polanco/Nápoles/San Ángel/Pedregal,+52 55 1728 6740,525517286740,valid_format_only,Modern/official website found,https://losqueridos.com/,https://www.openstreetmap.org/node/12013114953
Mog Bistro,Restaurante boutique,Mexico,Ciudad de México,Lomas/Bosques/Polanco/Nápoles/San Ángel/Pedregal,552641629,,invalid_phone,No website found,,https://www.openstreetmap.org/node/12065396747
480º Pizza Lounge,Restaurante boutique,Mexico,Ciudad de México,Lomas/Bosques/Polanco/Nápoles/San Ángel/Pedregal,+525559901497,525559901497,valid_format_only,Modern/official website found,https://www.480grados.com,https://www.openstreetmap.org/node/12132866585
Yellow Monkey,Restaurante boutique,Mexico,Ciudad de México,Lomas/Bosques/Polanco/Nápoles/San Ángel/Pedregal,+52 55 8961 8887,525589618887,valid_format_only,No website found,,https://www.openstreetmap.org/node/12145285302
Dos Más y Te Olvido,Restaurante boutique,Mexico,Ciudad de México,Lomas/Bosques/Polanco/Nápoles/San Ángel/Pedregal,+52 55 9039 2096,525590392096,valid_format_only,No website found,,https://www.openstreetmap.org/node/12146989801
El Cardenal Tacuba,Restaurante boutique,Mexico,Ciudad de México,Lomas/Bosques/Polanco/Nápoles/San Ángel/Pedregal,+52 55 9134 8441,525591348441,valid_format_only,No website found,,https://www.openstreetmap.org/node/12207996201
Pizza del perro negro,Restaurante boutique,Mexico,Ciudad de México,Lomas/Bosques/Polanco/Nápoles/San Ángel/Pedregal,+52 55 5351 7401,525553517401,valid_format_only,Modern/official website found,https://www.muertealapizzafalsa.com/,https://www.openstreetmap.org/node/12217073184
Young Bin Kwan,Restaurante boutique,Mexico,Ciudad de México,Lomas/Bosques/Polanco/Nápoles/San Ángel/Pedregal,+52 55 5922 8009,525559228009,valid_format_only,No website found,,https://www.openstreetmap.org/node/12277634501
The Capital Grille,Restaurante boutique,Mexico,Ciudad de México,Lomas/Bosques/Polanco/Nápoles/San Ángel/Pedregal,+52 55 5207 8358,525552078358,valid_format_only,Modern/official website found,https://thecapitalgrille.com.mx/,https://www.openstreetmap.org/node/12377706283
La Bodeguita del Medio,Restaurante boutique,Mexico,Ciudad de México,Lomas/Bosques/Polanco/Nápoles/San Ángel/Pedregal,+525555530246,525555530246,valid_format_only,Modern/official website found,https://www.labodeguitadelmedio.com.mx/,https://www.openstreetmap.org/node/12389362270
Centro Veterinario Felino,Veterinaria,Mexico,Ciudad de México,Lomas/Bosques/Polanco/Nápoles/San Ángel/Pedregal,+52 55 1739 4404,525517394404,valid_format_only,No website found,,https://www.openstreetmap.org/node/12424963351
Cocina India Bukhara,Restaurante boutique,Mexico,Ciudad de México,Lomas/Bosques/Polanco/Nápoles/San Ángel/Pedregal,+52 55 5264 0916,525552640916,valid_format_only,No website found,,https://www.openstreetmap.org/node/12427109293
Casa Licha,Restaurante boutique,Mexico,Ciudad de México,Lomas/Bosques/Polanco/Nápoles/San Ángel/Pedregal,+52 55 5539 1325,525555391325,valid_format_only,No website found,,https://www.openstreetmap.org/node/12475794886
Consultorio Dental Alfa Y Omega,Dental,Mexico,Ciudad de México,Lomas/Bosques/Polanco/Nápoles/San Ángel/Pedregal,+52 55 4786 3775,525547863775,valid_format_only,No website found,,https://www.openstreetmap.org/node/12512443693
Grupo Dental Bosques,Dental,Mexico,Ciudad de México,Lomas/Bosques/Polanco/Nápoles/San Ángel/Pedregal,+52 55 5570 0004,525555700004,valid_format_only,No website found,,https://www.openstreetmap.org/node/12512696168
Baby And Mom Gym,Clínica estética,Mexico,Ciudad de México,Lomas/Bosques/Polanco/Nápoles/San Ángel/Pedregal,+52 55 5595 6244,525555956244,valid_format_only,No website found,,https://www.openstreetmap.org/node/12512876537
Consultorio Médico,Clínica estética,Mexico,Ciudad de México,Lomas/Bosques/Polanco/Nápoles/San Ángel/Pedregal,+52 55 1809 8276,525518098276,valid_format_only,No website found,,https://www.openstreetmap.org/node/12515278511
Consultorio Medico,Clínica estética,Mexico,Ciudad de México,Lomas/Bosques/Polanco/Nápoles/San Ángel/Pedregal,+52 55 7551 4333,525575514333,valid_format_only,No website found,,https://www.openstreetmap.org/node/12516995796
Clinica Del Pie,Clínica estética,Mexico,Ciudad de México,Lomas/Bosques/Polanco/Nápoles/San Ángel/Pedregal,+52 55 2224 1577,525522241577,valid_format_only,No website found,,https://www.openstreetmap.org/node/12519288140
Clinica Médica Bosques,Clínica estética,Mexico,Ciudad de México,Lomas/Bosques/Polanco/Nápoles/San Ángel/Pedregal,+52 55 2224 1746,525522241746,valid_format_only,No website found,,https://www.openstreetmap.org/node/12519296785
Maternidad Santisima Trinidad,Clínica estética,Mexico,Ciudad de México,Lomas/Bosques/Polanco/Nápoles/San Ángel/Pedregal,+52 55 5301 8930,525553018930,valid_format_only,No website found,,https://www.openstreetmap.org/node/12519382118
Carrydent,Dental,Mexico,Ciudad de México,Lomas/Bosques/Polanco/Nápoles/San Ángel/Pedregal,+52 55 5292 5060,525552925060,valid_format_only,No website found,,https://www.openstreetmap.org/node/12519439445
Providencia,Dental,Mexico,Ciudad de México,Lomas/Bosques/Polanco/Nápoles/San Ángel/Pedregal,+52 55 2167 6569,525521676569,valid_format_only,No website found,,https://www.openstreetmap.org/node/12519468218
Centro De Estimulacion Ipm,Clínica estética,Mexico,Ciudad de México,Lomas/Bosques/Polanco/Nápoles/San Ángel/Pedregal,+52 55 2167 1284,525521671284,valid_format_only,Modern/official website found,www.impulpedagogicomexicano.com,https://www.openstreetmap.org/node/12523296991
Clinica San Martin De Porres,Clínica estética,Mexico,Ciudad de México,Lomas/Bosques/Polanco/Nápoles/San Ángel/Pedregal,+52 55 3269 7565,525532697565,valid_format_only,No website found,,https://www.openstreetmap.org/node/12523337894
Consultorio médico,Clínica estética,Mexico,Ciudad de México,Lomas/Bosques/Polanco/Nápoles/San Ángel/Pedregal,+52 55 5570 0908,525555700908,valid_format_only,No website found,,https://www.openstreetmap.org/node/12525320032
Consultorio dental estética,Dental,Mexico,Ciudad de México,Lomas/Bosques/Polanco/Nápoles/San Ángel/Pedregal,+52 55 2641 6589,525526416589,valid_format_only,No website found,,https://www.openstreetmap.org/node/12525411271
"Consultorio ""Estudio dental""",Dental,Mexico,Ciudad de México,Lomas/Bosques/Polanco/Nápoles/San Ángel/Pedregal,+52 55 2908 7101,525529087101,valid_format_only,No website found,,https://www.openstreetmap.org/node/12525661080
Consultorio Dental Armenta,Dental,Mexico,Ciudad de México,Lomas/Bosques/Polanco/Nápoles/San Ángel/Pedregal,+52 55 2657 8032,525526578032,valid_format_only,No website found,,https://www.openstreetmap.org/node/12526741736
Dental Aesthetics,Dental,Mexico,Ciudad de México,Lomas/Bosques/Polanco/Nápoles/San Ángel/Pedregal,+52 55 5295 0272,525552950272,valid_format_only,No website found,,https://www.openstreetmap.org/node/12527850953
Consultorio Dental Garden,Dental,Mexico,Ciudad de México,Lomas/Bosques/Polanco/Nápoles/San Ángel/Pedregal,+52 55 8099 0629,525580990629,valid_format_only,No website found,,https://www.openstreetmap.org/node/12527937391
Odontologia Integral,Dental,Mexico,Ciudad de México,Lomas/Bosques/Polanco/Nápoles/San Ángel/Pedregal,+52 55 6308 0238,525563080238,valid_format_only,No website found,,https://www.openstreetmap.org/node/12528283102
Campos,Dental,Mexico,Ciudad de México,Lomas/Bosques/Polanco/Nápoles/San Ángel/Pedregal,+52 55 5530 7843,525555307843,valid_format_only,No website found,,https://www.openstreetmap.org/node/12528356157
Centro De Salud Tii . Eduardo Jenner,Clínica estética,Mexico,Ciudad de México,Lomas/Bosques/Polanco/Nápoles/San Ángel/Pedregal,+52 55 5570 2094,525555702094,valid_format_only,No website found,,https://www.openstreetmap.org/node/12529988244
Consultorio dental,Dental,Mexico,Ciudad de México,Lomas/Bosques/Polanco/Nápoles/San Ángel/Pedregal,+52 55 2641 2206,525526412206,valid_format_only,No website found,,https://www.openstreetmap.org/node/12530505295
Consultorio Medico El Divino Redentor,Clínica estética,Mexico,Ciudad de México,Lomas/Bosques/Polanco/Nápoles/San Ángel/Pedregal,+52 55 5300 3102,525553003102,valid_format_only,No website found,,https://www.openstreetmap.org/node/12536918221
Consultorio Dental,Dental,Mexico,Ciudad de México,Lomas/Bosques/Polanco/Nápoles/San Ángel/Pedregal,+52 55 1969 2577,525519692577,valid_format_only,No website found,,https://www.openstreetmap.org/node/12537034306
Consultorio Dental,Dental,Mexico,Ciudad de México,Lomas/Bosques/Polanco/Nápoles/San Ángel/Pedregal,+52 55 5493 4225,525554934225,valid_format_only,No website found,,https://www.openstreetmap.org/node/12537466527
Consultorio Dental,Dental,Mexico,Ciudad de México,Lomas/Bosques/Polanco/Nápoles/San Ángel/Pedregal,+52 55 5681 1754,525556811754,valid_format_only,No website found,,https://www.openstreetmap.org/node/12537613693
Centro Integral Psicoeducativo,Clínica estética,Mexico,Ciudad de México,Lomas/Bosques/Polanco/Nápoles/San Ángel/Pedregal,+52 55 3453 6271,525534536271,valid_format_only,No website found,,https://www.openstreetmap.org/node/12538504295
Arc Dental,Dental,Mexico,Ciudad de México,Lomas/Bosques/Polanco/Nápoles/San Ángel/Pedregal,+52 55 1512 5441,525515125441,valid_format_only,No website found,,https://www.openstreetmap.org/node/12540384788
Especialidades Odontologicas Ohe,Dental,Mexico,Ciudad de México,Lomas/Bosques/Polanco/Nápoles/San Ángel/Pedregal,+52 55 3568 3888,525535683888,valid_format_only,No website found,,https://www.openstreetmap.org/node/12540572581
Clinica Milenium,Clínica estética,Mexico,Ciudad de México,Lomas/Bosques/Polanco/Nápoles/San Ángel/Pedregal,+52 55 5304 2495,525553042495,valid_format_only,No website found,,https://www.openstreetmap.org/node/12540698469
Consultorio Dental,Dental,Mexico,Ciudad de México,Lomas/Bosques/Polanco/Nápoles/San Ángel/Pedregal,+52 55 3938 8746,525539388746,valid_format_only,No website found,,https://www.openstreetmap.org/node/12540770799
Consultorio Dental,Dental,Mexico,Ciudad de México,Lomas/Bosques/Polanco/Nápoles/San Ángel/Pedregal,+52 55 5602 1981,525556021981,valid_format_only,No website found,,https://www.openstreetmap.org/node/12540773093
Consultorio Dental,Dental,Mexico,Ciudad de México,Lomas/Bosques/Polanco/Nápoles/San Ángel/Pedregal,+52 55 5301 0926,525553010926,valid_format_only,No website found,,https://www.openstreetmap.org/node/12542662497
Consultorio Dental Integral,Dental,Mexico,Ciudad de México,Lomas/Bosques/Polanco/Nápoles/San Ángel/Pedregal,+52 55 2270 4039,525522704039,valid_format_only,No website found,,https://www.openstreetmap.org/node/12542978616
Dentista,Dental,Mexico,Ciudad de México,Lomas/Bosques/Polanco/Nápoles/San Ángel/Pedregal,+52 55 5589 7636,525555897636,valid_format_only,No website found,,https://www.openstreetmap.org/node/12543005462
Dentista,Dental,Mexico,Ciudad de México,Lomas/Bosques/Polanco/Nápoles/San Ángel/Pedregal,+52 55 5507 9179,525555079179,valid_format_only,No website found,,https://www.openstreetmap.org/node/12543035703
Consultorio Dental Jacarandas,Dental,Mexico,Ciudad de México,Lomas/Bosques/Polanco/Nápoles/San Ángel/Pedregal,+52 55 5204 9660,525552049660,valid_format_only,No website found,,https://www.openstreetmap.org/node/12543107619
Odontología Integral,Dental,Mexico,Ciudad de México,Lomas/Bosques/Polanco/Nápoles/San Ángel/Pedregal,+52 55 5425 3531,525554253531,valid_format_only,No website found,,https://www.openstreetmap.org/node/12544366589
Consultorio dental Nami,Dental,Mexico,Ciudad de México,Lomas/Bosques/Polanco/Nápoles/San Ángel/Pedregal,+52 55 3552 1501,525535521501,valid_format_only,No website found,,https://www.openstreetmap.org/node/12544857678
Consultorio Dental,Dental,Mexico,Ciudad de México,Lomas/Bosques/Polanco/Nápoles/San Ángel/Pedregal,+52 55 8908 4437,525589084437,valid_format_only,No website found,,https://www.openstreetmap.org/node/12544975756
Consultorio dental,Dental,Mexico,Ciudad de México,Lomas/Bosques/Polanco/Nápoles/San Ángel/Pedregal,+52 55 3109 8776,525531098776,valid_format_only,No website found,,https://www.openstreetmap.org/node/12545025863
Perfect Smile,Dental,Mexico,Ciudad de México,Lomas/Bosques/Polanco/Nápoles/San Ángel/Pedregal,+52 55 4432 3843,525544323843,valid_format_only,No website found,,https://www.openstreetmap.org/node/12545032922
Clinica de unidad médica integral,Clínica estética,Mexico,Ciudad de México,Lomas/Bosques/Polanco/Nápoles/San Ángel/Pedregal,+52 55 5304 1280,525553041280,valid_format_only,No website found,,https://www.openstreetmap.org/node/12545705220
Consultorio Medico,Clínica estética,Mexico,Ciudad de México,Lomas/Bosques/Polanco/Nápoles/San Ángel/Pedregal,+52 55 7551 4333,525575514333,valid_format_only,No website found,,https://www.openstreetmap.org/node/12547959289
Consultorio Medico Y Especialidades,Clínica estética,Mexico,Ciudad de México,Lomas/Bosques/Polanco/Nápoles/San Ángel/Pedregal,+52 55 5585 7930,525555857930,valid_format_only,No website found,,https://www.openstreetmap.org/node/12549598594
Consultorio Dental,Dental,Mexico,Ciudad de México,Lomas/Bosques/Polanco/Nápoles/San Ángel/Pedregal,+52 55 5570 8362,525555708362,valid_format_only,No website found,,https://www.openstreetmap.org/node/12550237697
Consultorio Dental,Dental,Mexico,Ciudad de México,Lomas/Bosques/Polanco/Nápoles/San Ángel/Pedregal,+52 55 6319 2350,525563192350,valid_format_only,No website found,,https://www.openstreetmap.org/node/12550441921
Medident,Dental,Mexico,Ciudad de México,Lomas/Bosques/Polanco/Nápoles/San Ángel/Pedregal,+52 55 5911 1206,525559111206,valid_format_only,No website found,,https://www.openstreetmap.org/node/12551268732
Centro Odontológico,Dental,Mexico,Ciudad de México,Lomas/Bosques/Polanco/Nápoles/San Ángel/Pedregal,+52 55 2591 0958,525525910958,valid_format_only,No website found,,https://www.openstreetmap.org/node/12554389783
Consultorios De Medicina General Del Sector Privado,Clínica estética,Mexico,Ciudad de México,Lomas/Bosques/Polanco/Nápoles/San Ángel/Pedregal,+52 55 8507 8885,525585078885,valid_format_only,No website found,,https://www.openstreetmap.org/node/12554445022
Consultorio Medico Homeopatico,Clínica estética,Mexico,Ciudad de México,Lomas/Bosques/Polanco/Nápoles/San Ángel/Pedregal,+52 55 3202 6600,525532026600,valid_format_only,No website found,,https://www.openstreetmap.org/node/12554561510
Botiquín Médico Parroquia De Nuestra Señora De Guadalupe,Clínica estética,Mexico,Ciudad de México,Lomas/Bosques/Polanco/Nápoles/San Ángel/Pedregal,+52 55 5295 0199,525552950199,valid_format_only,No website found,,https://www.openstreetmap.org/node/12554693974
Consultorio De Psicoterapia Sin Nombre,Clínica estética,Mexico,Ciudad de México,Lomas/Bosques/Polanco/Nápoles/San Ángel/Pedregal,+52 55 2343 5055,525523435055,valid_format_only,No website found,,https://www.openstreetmap.org/node/12554762142
Consultorio Dental,Dental,Mexico,Ciudad de México,Lomas/Bosques/Polanco/Nápoles/San Ángel/Pedregal,+52 55 5911 1709,525559111709,valid_format_only,No website found,,https://www.openstreetmap.org/node/12554856563
Interlingua,Academia privada,Mexico,Ciudad de México,Lomas/Bosques/Polanco/Nápoles/San Ángel/Pedregal,+52 55 5005 0070,525550050070,valid_format_only,Modern/official website found,https://www.interlingua.com.mx/,https://www.openstreetmap.org/node/12557785980
Consultorio dental,Dental,Mexico,Ciudad de México,Lomas/Bosques/Polanco/Nápoles/San Ángel/Pedregal,+52 55 3709 5234,525537095234,valid_format_only,No website found,,https://www.openstreetmap.org/node/12557871006
Consultorio Dental Sin Nombre,Dental,Mexico,Ciudad de México,Lomas/Bosques/Polanco/Nápoles/San Ángel/Pedregal,+52 55 1520 4131,525515204131,valid_format_only,No website found,,https://www.openstreetmap.org/node/12559445927
Consultorio Dental Salud Dental,Dental,Mexico,Ciudad de México,Lomas/Bosques/Polanco/Nápoles/San Ángel/Pedregal,+52 55 7113 7640,525571137640,valid_format_only,No website found,,https://www.openstreetmap.org/node/12572852950
Yollo-sha,Clínica estética,Mexico,Ciudad de México,Lomas/Bosques/Polanco/Nápoles/San Ángel/Pedregal,+52 55 4938 2913,525549382913,valid_format_only,Modern/official website found,https://www.yollosha.org/,https://www.openstreetmap.org/node/12573175943
Consultorios Dentales Del Sector Privado,Dental,Mexico,Ciudad de México,Lomas/Bosques/Polanco/Nápoles/San Ángel/Pedregal,+52 55 2326 1906,525523261906,valid_format_only,No website found,,https://www.openstreetmap.org/node/12573198620
Consultorio Dental La Loma,Dental,Mexico,Ciudad de México,Lomas/Bosques/Polanco/Nápoles/San Ángel/Pedregal,+52 55 2300 5216,525523005216,valid_format_only,No website found,,https://www.openstreetmap.org/node/12574232407
Consultorio Medico Country,Clínica estética,Mexico,Ciudad de México,Lomas/Bosques/Polanco/Nápoles/San Ángel/Pedregal,+52 55 5454 7182,525554547182,valid_format_only,No website found,,https://www.openstreetmap.org/node/12574511580
Dental del Perpetuo Socorro,Dental,Mexico,Ciudad de México,Lomas/Bosques/Polanco/Nápoles/San Ángel/Pedregal,+52 55 5570 5495,525555705495,valid_format_only,No website found,,https://www.openstreetmap.org/node/12578866249
Consultorio Dental,Dental,Mexico,Ciudad de México,Lomas/Bosques/Polanco/Nápoles/San Ángel/Pedregal,+52 55 8531 5542,525585315542,valid_format_only,No website found,,https://www.openstreetmap.org/node/12582845128
Centreo De Desarrollo Social Y Comunitario Santa Lucia,Clínica estética,Mexico,Ciudad de México,Lomas/Bosques/Polanco/Nápoles/San Ángel/Pedregal,+52 55 3944 0846,525539440846,valid_format_only,No website found,,https://www.openstreetmap.org/node/12583048304
Arango,Restaurante boutique,Mexico,Ciudad de México,Lomas/Bosques/Polanco/Nápoles/San Ángel/Pedregal,+52 55 5705 5034,525557055034,valid_format_only,Modern/official website found,https://www.arangorestaurante.com/,https://www.openstreetmap.org/node/12583362918
Consultorio Dental,Dental,Mexico,Ciudad de México,Lomas/Bosques/Polanco/Nápoles/San Ángel/Pedregal,+52 55 7816 9589,525578169589,valid_format_only,No website found,,https://www.openstreetmap.org/node/12585281224
Consultorio Dental,Dental,Mexico,Ciudad de México,Lomas/Bosques/Polanco/Nápoles/San Ángel/Pedregal,+52 55 1473 5339,525514735339,valid_format_only,No website found,,https://www.openstreetmap.org/node/12588619159
Consultorio,Clínica estética,Mexico,Ciudad de México,Lomas/Bosques/Polanco/Nápoles/San Ángel/Pedregal,+52 55 4222 7665,525542227665,valid_format_only,No website found,,https://www.openstreetmap.org/node/12588781509
Quest English,Academia privada,Mexico,Ciudad de México,Lomas/Bosques/Polanco/Nápoles/San Ángel/Pedregal,30951873,,invalid_phone,Modern/official website found,https://www.questenglish.com.mx/,https://www.openstreetmap.org/node/12590138274
Consultorio Dental Juarez,Dental,Mexico,Ciudad de México,Lomas/Bosques/Polanco/Nápoles/San Ángel/Pedregal,+52 55 5312 0846,525553120846,valid_format_only,No website found,,https://www.openstreetmap.org/node/12590393163
Consultorio Medico,Clínica estética,Mexico,Ciudad de México,Lomas/Bosques/Polanco/Nápoles/San Ángel/Pedregal,+52 55 5312 8300,525553128300,valid_format_only,No website found,,https://www.openstreetmap.org/node/12590398720
Óptica Aris Visión,Óptica/Oftalmología premium,Mexico,Ciudad de México,Lomas/Bosques/Polanco/Nápoles/San Ángel/Pedregal,+52 55 5304 4557,525553044557,valid_format_only,No website found,,https://www.openstreetmap.org/node/12590408597
Clinica Medica Doctor Rafael Clark,Clínica estética,Mexico,Ciudad de México,Lomas/Bosques/Polanco/Nápoles/San Ángel/Pedregal,+52 55 5585 7052,525555857052,valid_format_only,No website found,,https://www.openstreetmap.org/node/12597079874
Consultorio Dental,Dental,Mexico,Ciudad de México,Lomas/Bosques/Polanco/Nápoles/San Ángel/Pedregal,54230403,,invalid_phone,No website found,,https://www.openstreetmap.org/node/12607834429
Consultorio Dentae,Dental,Mexico,Ciudad de México,Lomas/Bosques/Polanco/Nápoles/San Ángel/Pedregal,+52 55 4022 2573,525540222573,valid_format_only,No website found,,https://www.openstreetmap.org/node/12610099549
Consultorio Psicologico,Clínica estética,Mexico,Ciudad de México,Lomas/Bosques/Polanco/Nápoles/San Ángel/Pedregal,+52 55 3203 1102,525532031102,valid_format_only,No website found,,https://www.openstreetmap.org/node/12620598428
Dentista,Dental,Mexico,Ciudad de México,Lomas/Bosques/Polanco/Nápoles/San Ángel/Pedregal,+52 55 5911 1206,525559111206,valid_format_only,No website found,,https://www.openstreetmap.org/node/12624539196
Consultorio Dental,Dental,Mexico,Ciudad de México,Lomas/Bosques/Polanco/Nápoles/San Ángel/Pedregal,+52 55 2342 5708,525523425708,valid_format_only,No website found,,https://www.openstreetmap.org/node/12695163537
Consultorio Dental Dentosphera,Dental,Mexico,Ciudad de México,Lomas/Bosques/Polanco/Nápoles/San Ángel/Pedregal,21676210,,invalid_phone,No website found,,https://www.openstreetmap.org/node/12706034555
Fonda 99.99,Restaurante boutique,Mexico,Ciudad de México,Lomas/Bosques/Polanco/Nápoles/San Ángel/Pedregal,+52 55 5559 8762,525555598762,valid_format_only,No website found,,https://www.openstreetmap.org/node/12724349832
Don Anuar,Restaurante boutique,Mexico,Ciudad de México,Lomas/Bosques/Polanco/Nápoles/San Ángel/Pedregal,+52 55 5534 6268,525555346268,valid_format_only,No website found,,https://www.openstreetmap.org/node/12729735763
¡A darle! que es taco vegano,Restaurante boutique,Mexico,Ciudad de México,Lomas/Bosques/Polanco/Nápoles/San Ángel/Pedregal,+52 55 7650 4744,525576504744,valid_format_only,No website found,,https://www.openstreetmap.org/node/12729948300
Taco Santo,Restaurante boutique,Mexico,Ciudad de México,Lomas/Bosques/Polanco/Nápoles/San Ángel/Pedregal,+525619063827,525619063827,valid_format_only,Modern/official website found,http://tacosantovegano.com,https://www.openstreetmap.org/node/12751678201
Fisio And Health,Clínica estética,Mexico,Ciudad de México,Lomas/Bosques/Polanco/Nápoles/San Ángel/Pedregal,+52 55 5292 8989,525552928989,valid_format_only,No website found,,https://www.openstreetmap.org/node/12753125886
Imbiss,Restaurante boutique,Mexico,Ciudad de México,Lomas/Bosques/Polanco/Nápoles/San Ángel/Pedregal,+52 55 4883 2324,525548832324,valid_format_only,Modern/official website found,https://www.imbissmx.com.mx,https://www.openstreetmap.org/node/12758657904
Botánico,Restaurante boutique,Mexico,Ciudad de México,Lomas/Bosques/Polanco/Nápoles/San Ángel/Pedregal,+52 55 5271 2152,525552712152,valid_format_only,No website found,,https://www.openstreetmap.org/node/12762414401
Arturo's,Restaurante boutique,Mexico,Ciudad de México,Lomas/Bosques/Polanco/Nápoles/San Ángel/Pedregal,+52 55 5579 0706,525555790706,valid_format_only,No website found,,https://www.openstreetmap.org/node/12768745614
Soul La Roma,Restaurante boutique,Mexico,Ciudad de México,Lomas/Bosques/Polanco/Nápoles/San Ángel/Pedregal,+525571551299,525571551299,valid_format_only,No website found,,https://www.openstreetmap.org/node/12807347601
Tortas Coyoacán,Restaurante boutique,Mexico,Ciudad de México,Lomas/Bosques/Polanco/Nápoles/San Ángel/Pedregal,+52 55 8913 8893,525589138893,valid_format_only,No website found,,https://www.openstreetmap.org/node/12829269187
El compadre,Restaurante boutique,Mexico,Ciudad de México,Lomas/Bosques/Polanco/Nápoles/San Ángel/Pedregal,+52 55 7039 3684,525570393684,valid_format_only,No website found,,https://www.openstreetmap.org/node/12915704701
El Botanero,Restaurante boutique,Mexico,Ciudad de México,Lomas/Bosques/Polanco/Nápoles/San Ángel/Pedregal,+52 55 2707 3448,525527073448,valid_format_only,No website found,,https://www.openstreetmap.org/node/12945409201
Toks Pilares,Restaurante boutique,Mexico,Ciudad de México,Lomas/Bosques/Polanco/Nápoles/San Ángel/Pedregal,+52 55 5605 8499,525556058499,valid_format_only,Modern/official website found,https://toks.com.mx/,https://www.openstreetmap.org/node/12981634701
Tandoor San Angel,Restaurante boutique,Mexico,Ciudad de México,Lomas/Bosques/Polanco/Nápoles/San Ángel/Pedregal,+52 55 9016 0880,525590160880,valid_format_only,Modern/official website found,https://tandoor.com.mx/,https://www.openstreetmap.org/node/12985207002
Tagers,Restaurante boutique,Mexico,Ciudad de México,Lomas/Bosques/Polanco/Nápoles/San Ángel/Pedregal,+522212816591,522212816591,valid_format_only,Modern/official website found,https://tagers.com,https://www.openstreetmap.org/node/13058870470
Quekas Mesones,Restaurante boutique,Mexico,Ciudad de México,Lomas/Bosques/Polanco/Nápoles/San Ángel/Pedregal,+52 55 5522 1896,525555221896,valid_format_only,No website found,,https://www.openstreetmap.org/node/13095125714
La Resurrección,Restaurante boutique,Mexico,Ciudad de México,Lomas/Bosques/Polanco/Nápoles/San Ángel/Pedregal,+52 55 5709 3203,525557093203,valid_format_only,No website found,,https://www.openstreetmap.org/node/13095379201
"Carnitas ""Rincón Michoacano""",Restaurante boutique,Mexico,Ciudad de México,Lomas/Bosques/Polanco/Nápoles/San Ángel/Pedregal,+52 55 3229 5760,525532295760,valid_format_only,No website found,,https://www.openstreetmap.org/node/13265913030
Whitaker México Business & Consulting,Abogado migratorio,Mexico,Ciudad de México,Lomas/Bosques/Polanco/Nápoles/San Ángel/Pedregal,+52 55 5280 4259,525552804259,valid_format_only,Modern/official website found,https://whitakermexico.com,https://www.openstreetmap.org/node/13328606263
Café Amano,Restaurante boutique,Mexico,Ciudad de México,Lomas/Bosques/Polanco/Nápoles/San Ángel/Pedregal,+52 55 5536 1209,525555361209,valid_format_only,No website found,,https://www.openstreetmap.org/node/13401975801
Tacos Atarantados,Restaurante boutique,Mexico,Ciudad de México,Lomas/Bosques/Polanco/Nápoles/San Ángel/Pedregal,+52 55 5284 0946,525552840946,valid_format_only,No website found,,https://www.openstreetmap.org/node/13408923471
Shoma Nigiri Bar,Restaurante boutique,Mexico,Ciudad de México,Lomas/Bosques/Polanco/Nápoles/San Ángel/Pedregal,+52 55 8079 3452,525580793452,valid_format_only,No website found,,https://www.openstreetmap.org/node/13408923472
GIA,Restaurante boutique,Mexico,Ciudad de México,Lomas/Bosques/Polanco/Nápoles/San Ángel/Pedregal,+525522202050,525522202050,valid_format_only,Modern/official website found,https://giacdmx.com,https://www.openstreetmap.org/node/13442749801
Pancho Birria - Barbacoa,Restaurante boutique,Mexico,Ciudad de México,Lomas/Bosques/Polanco/Nápoles/San Ángel/Pedregal,+52 55 5540 3142,525555403142,valid_format_only,No website found,,https://www.openstreetmap.org/node/13482280101
Asian Bay,Restaurante boutique,Mexico,Ciudad de México,Lomas/Bosques/Polanco/Nápoles/San Ángel/Pedregal,+52 55 5553 4582,525555534582,valid_format_only,Modern/official website found,http://asian-bay.com,https://www.openstreetmap.org/node/13482887002
Don Toribio,Restaurante boutique,Mexico,Ciudad de México,Lomas/Bosques/Polanco/Nápoles/San Ángel/Pedregal,+52 55 5510 9198,525555109198,valid_format_only,No website found,,https://www.openstreetmap.org/node/13568258729
Xkina Reforma,Restaurante boutique,Mexico,Ciudad de México,Lomas/Bosques/Polanco/Nápoles/San Ángel/Pedregal,+52 5529466412,525529466412,valid_format_only,Modern/official website found,https://xkinareforma.com/,https://www.openstreetmap.org/node/13592259826
ZhuYi Ramen - Refill Noodles,Restaurante boutique,Mexico,Ciudad de México,Lomas/Bosques/Polanco/Nápoles/San Ángel/Pedregal,+5255 5196 9591,525551969591,valid_format_only,No website found,,https://www.openstreetmap.org/node/13668770501
El Italianito,Restaurante boutique,Mexico,Ciudad de México,Lomas/Bosques/Polanco/Nápoles/San Ángel/Pedregal,+52 55 5510 9687,525555109687,valid_format_only,No website found,,https://www.openstreetmap.org/node/13670126001
La Grange Churrascaria,Restaurante boutique,Mexico,Ciudad de México,Lomas/Bosques/Polanco/Nápoles/San Ángel/Pedregal,+52 55 5003 1718,525550031718,valid_format_only,Modern/official website found,https://lagrangechurrascaria.com/,https://www.openstreetmap.org/node/13670416948
La Bodega,Restaurante boutique,Mexico,Ciudad de México,Lomas/Bosques/Polanco/Nápoles/San Ángel/Pedregal,+52 56 1815 6659,525618156659,valid_format_only,No website found,,https://www.openstreetmap.org/node/13680558401
Carolines 400,Restaurante boutique,Mexico,Ciudad de México,Lomas/Bosques/Polanco/Nápoles/San Ángel/Pedregal,+52 55 3439 2987,525534392987,valid_format_only,Modern/official website found,https://carolines400.com/,https://www.openstreetmap.org/node/13710172142
Zazá,Restaurante boutique,Mexico,Ciudad de México,Lomas/Bosques/Polanco/Nápoles/San Ángel/Pedregal,+52 55 8015 6296,525580156296,valid_format_only,Modern/official website found,https://zaza.mx,https://www.openstreetmap.org/node/13722150783
Costillas el Sitio,Restaurante boutique,Mexico,Ciudad de México,Lomas/Bosques/Polanco/Nápoles/San Ángel/Pedregal,+52 55 5535 0816,525555350816,valid_format_only,No website found,,https://www.openstreetmap.org/node/13745613201
Bar El rey león,Restaurante boutique,Mexico,Ciudad de México,Lomas/Bosques/Polanco/Nápoles/San Ángel/Pedregal,+52 55 4492 0617,525544920617,valid_format_only,No website found,,https://www.openstreetmap.org/node/13800015501
Mesón Taurino San Ángel,Restaurante boutique,Mexico,Ciudad de México,Lomas/Bosques/Polanco/Nápoles/San Ángel/Pedregal,+52 55 5661 2183,525556612183,valid_format_only,No website found,,https://www.openstreetmap.org/node/13859332119
Taquería El Pastorcito Suzo,Restaurante boutique,Mexico,Ciudad de México,Lomas/Bosques/Polanco/Nápoles/San Ángel/Pedregal,+52 55 5516 6955,525555166955,valid_format_only,No website found,,https://www.openstreetmap.org/node/13956256646
Caracol de Mar,Restaurante boutique,Mexico,Ciudad de México,Lomas/Bosques/Polanco/Nápoles/San Ángel/Pedregal,+52 55 5949 8304,525559498304,valid_format_only,Modern/official website found,https://caracoldemar.com.mx,https://www.openstreetmap.org/node/13994161401
El Habanerito,Restaurante boutique,Mexico,Ciudad de México,Lomas/Bosques/Polanco/Nápoles/San Ángel/Pedregal,+52 55 7314 5653,525573145653,valid_format_only,No website found,,https://www.openstreetmap.org/node/13994166401
Elago,Restaurante boutique,Mexico,Ciudad de México,Lomas/Bosques/Polanco/Nápoles/San Ángel/Pedregal,+52 55 159585,525255159585,valid_format_only,Modern/official website found,https://lago.com.mx/,https://www.openstreetmap.org/way/30854295
Centro interactivo Santa Lucía,Academia privada,Mexico,Ciudad de México,Lomas/Bosques/Polanco/Nápoles/San Ángel/Pedregal,+52 55 5643 7866,525556437866,valid_format_only,No website found,,https://www.openstreetmap.org/way/130507217
Centanni Ristorante Vivo Polanco,Restaurante boutique,Mexico,Ciudad de México,Lomas/Bosques/Polanco/Nápoles/San Ángel/Pedregal,+525526660450,525526660450,valid_format_only,Modern/official website found,https://centanni.com.mx/,https://www.openstreetmap.org/way/464181702
Pizza Hut,Restaurante boutique,Mexico,Ciudad de México,Lomas/Bosques/Polanco/Nápoles/San Ángel/Pedregal,+52 55 56058558;+52 55 56054113,525556058558,valid_format_only,No website found,,https://www.openstreetmap.org/way/526376737
Chili's - San Jerónimo,Restaurante boutique,Mexico,Ciudad de México,Lomas/Bosques/Polanco/Nápoles/San Ángel/Pedregal,1000 2390,,invalid_phone,No website found,,https://www.openstreetmap.org/way/536477930
Sushi Roll - San Jerónimo,Restaurante boutique,Mexico,Ciudad de México,Lomas/Bosques/Polanco/Nápoles/San Ángel/Pedregal,5668-8405,,invalid_phone,No website found,,https://www.openstreetmap.org/way/536477940
Tacos la Linterna,Restaurante boutique,Mexico,Ciudad de México,Lomas/Bosques/Polanco/Nápoles/San Ángel/Pedregal,55959447,,invalid_phone,No website found,,https://www.openstreetmap.org/way/536539182
La Mansión,Restaurante boutique,Mexico,Ciudad de México,Lomas/Bosques/Polanco/Nápoles/San Ángel/Pedregal,56-81-40-11,,invalid_phone,Modern/official website found,https://www.lamansion.com.mx/sucursales/cdmx/san-jeronimo.html,https://www.openstreetmap.org/way/536539185
Hospital de Especialidades Veterinarias - San Jerónimo,Veterinaria,Mexico,Ciudad de México,Lomas/Bosques/Polanco/Nápoles/San Ángel/Pedregal,+52 55 5668 8393,525556688393,valid_format_only,No website found,,https://www.openstreetmap.org/way/536790697
Centro Veterinario Raven,Veterinaria,Mexico,Ciudad de México,Lomas/Bosques/Polanco/Nápoles/San Ángel/Pedregal,+525535433322,525535433322,valid_format_only,Modern/official website found,https://centroveterinarioraven.com.mx/,https://www.openstreetmap.org/way/571578975
Estetica & Spa Prestigio,Clínica estética,Mexico,Ciudad de México,Lomas/Bosques/Polanco/Nápoles/San Ángel/Pedregal,56815666,,invalid_phone,No website found,,https://www.openstreetmap.org/way/612142232
Villa Casona San Pedro de los Pinos,Restaurante boutique,Mexico,Ciudad de México,Lomas/Bosques/Polanco/Nápoles/San Ángel/Pedregal,+525555988130,525555988130,valid_format_only,No website found,,https://www.openstreetmap.org/way/674109277
Toks,Restaurante boutique,Mexico,Ciudad de México,Lomas/Bosques/Polanco/Nápoles/San Ángel/Pedregal,+52 55 55631216;+52 55 55631217,525555631216,valid_format_only,No website found,,https://www.openstreetmap.org/way/762380909
Tandoor,Restaurante boutique,Mexico,Ciudad de México,Lomas/Bosques/Polanco/Nápoles/San Ángel/Pedregal,+52 55 5203 0045,525552030045,valid_format_only,Modern/official website found,https://tandoor.com.mx/,https://www.openstreetmap.org/way/790785747
Suntory Lomas,Restaurante boutique,Mexico,Ciudad de México,Lomas/Bosques/Polanco/Nápoles/San Ángel/Pedregal,+52 55 5202 4711,525552024711,valid_format_only,Modern/official website found,https://www.suntory.com.mx,https://www.openstreetmap.org/way/790800252
Las Cebollas,Restaurante boutique,Mexico,Ciudad de México,Lomas/Bosques/Polanco/Nápoles/San Ángel/Pedregal,+525556113201,525556113201,valid_format_only,No website found,,https://www.openstreetmap.org/way/818119232
Debarbas,Restaurante boutique,Mexico,Ciudad de México,Lomas/Bosques/Polanco/Nápoles/San Ángel/Pedregal,+5211078201,525211078201,valid_format_only,No website found,,https://www.openstreetmap.org/way/819143995
Canto de Sirenas,Restaurante boutique,Mexico,Ciudad de México,Lomas/Bosques/Polanco/Nápoles/San Ángel/Pedregal,+525555466115,525555466115,valid_format_only,Modern/official website found,https://elcantodesirenas.com/,https://www.openstreetmap.org/way/820037262
Escuela de Música Dim,Academia privada,Mexico,Ciudad de México,Lomas/Bosques/Polanco/Nápoles/San Ángel/Pedregal,+525555442325,525555442325,valid_format_only,Modern/official website found,https://www.escueladim.com/,https://www.openstreetmap.org/way/878010064
Los 3 Caballos,Restaurante boutique,Mexico,Ciudad de México,Lomas/Bosques/Polanco/Nápoles/San Ángel/Pedregal,+525521353698,525521353698,valid_format_only,No website found,,https://www.openstreetmap.org/way/878046075
Tortagos,Restaurante boutique,Mexico,Ciudad de México,Lomas/Bosques/Polanco/Nápoles/San Ángel/Pedregal,+52 55 3646 2614,525536462614,valid_format_only,Modern/official website found,https://tortagos.com,https://www.openstreetmap.org/way/930413632
Con Antojo Truck,Restaurante boutique,Mexico,Ciudad de México,Lomas/Bosques/Polanco/Nápoles/San Ángel/Pedregal,+52 55 8824 8225,525588248225,valid_format_only,No website found,,https://www.openstreetmap.org/way/947115346
La Casa del Pastor,Restaurante boutique,Mexico,Ciudad de México,Lomas/Bosques/Polanco/Nápoles/San Ángel/Pedregal,+52 55 5292 2854,525552922854,valid_format_only,No website found,,https://www.openstreetmap.org/way/1010832941
Clínica Nacional Monte de Piedad,Clínica estética,Mexico,Ciudad de México,Lomas/Bosques/Polanco/Nápoles/San Ángel/Pedregal,+525555540231,525555540231,valid_format_only,No website found,,https://www.openstreetmap.org/way/1100746809
Bisquets Obregón,Restaurante boutique,Mexico,Ciudad de México,Lomas/Bosques/Polanco/Nápoles/San Ángel/Pedregal,+52 55 5696 0948,525556960948,valid_format_only,Modern/official website found,https://www.bisquetsobregon.com/,https://www.openstreetmap.org/way/1192524160
Palapa Cantina Caribeña,Restaurante boutique,Mexico,Ciudad de México,Lomas/Bosques/Polanco/Nápoles/San Ángel/Pedregal,+52 55 2836 3815,525528363815,valid_format_only,No website found,,https://www.openstreetmap.org/way/1235962241
Estrela Do Sul México,Restaurante boutique,Mexico,Ciudad de México,Lomas/Bosques/Polanco/Nápoles/San Ángel/Pedregal,+525515592628,525515592628,valid_format_only,Modern/official website found,https://www.estreladosul.com.mx/,https://www.openstreetmap.org/way/1299308385
Maratea Mx,Restaurante boutique,Mexico,Ciudad de México,Lomas/Bosques/Polanco/Nápoles/San Ángel/Pedregal,+52 55 7260 5256,525572605256,valid_format_only,No website found,,https://www.openstreetmap.org/way/1336529192
Mesón Antigua Santa Catarina,Restaurante boutique,Mexico,Ciudad de México,Lomas/Bosques/Polanco/Nápoles/San Ángel/Pedregal,+52 55 5659 3003,525556593003,valid_format_only,No website found,,https://www.openstreetmap.org/way/1373257280
Corazón de Maguey,Restaurante boutique,Mexico,Ciudad de México,Lomas/Bosques/Polanco/Nápoles/San Ángel/Pedregal,+52 55 7406 8199,525574068199,valid_format_only,Modern/official website found,https://www.corazondemaguey.com/,https://www.openstreetmap.org/way/1373906253
Marisqueria Del Valle,Restaurante boutique,Mexico,Ciudad de México,Lomas/Bosques/Polanco/Nápoles/San Ángel/Pedregal,+52 55 5524 5391,525555245391,valid_format_only,Modern/official website found,https://www.marisqueriadelvalle.com.mx/,https://www.openstreetmap.org/way/1375991777
La Tasquita del Jamón,Restaurante boutique,Mexico,Ciudad de México,Lomas/Bosques/Polanco/Nápoles/San Ángel/Pedregal,+52 55 4006 3956,525540063956,valid_format_only,No website found,,https://www.openstreetmap.org/way/1420617199
Sarde,Restaurante boutique,Mexico,Ciudad de México,Lomas/Bosques/Polanco/Nápoles/San Ángel/Pedregal,+52 1 55 2854 6561,525528546561,valid_format_only,Modern/official website found,https://sarde.mx/,https://www.openstreetmap.org/way/1421204421
Gin Chan,Restaurante boutique,Mexico,Ciudad de México,Lomas/Bosques/Polanco/Nápoles/San Ángel/Pedregal,+52 558 878 2854,525588782854,valid_format_only,Modern/official website found,https://www.ginchanmx.com/,https://www.openstreetmap.org/way/1427373288
Central de Pizzas,Restaurante boutique,Mexico,Ciudad de México,Lomas/Bosques/Polanco/Nápoles/San Ángel/Pedregal,+52 55 5211 7736,525552117736,valid_format_only,Modern/official website found,https://www.centraldepizzas.com/,https://www.openstreetmap.org/way/1427386486
La Nueva Avenida,Arquitectura/interiorismo,Mexico,Ciudad de México,Lomas/Bosques/Polanco/Nápoles/San Ángel/Pedregal,+5215557619050,525557619050,valid_format_only,Modern/official website found,https://www.lna.com.mx/,https://www.openstreetmap.org/way/1427423826
La Parrilla Suiza,Restaurante boutique,Mexico,Ciudad de México,Lomas/Bosques/Polanco/Nápoles/San Ángel/Pedregal,+52 55 5688 0014,525556880014,valid_format_only,Modern/official website found,https://laparrillasuiza.mx/,https://www.openstreetmap.org/way/1469299094
Cafebrería El Péndulo,Restaurante boutique,Mexico,Huixquilucan,Interlomas/Zona Esmeralda,+52 55 5259 7604,525552597604,valid_format_only,Modern/official website found,www.pendulo.com,https://www.openstreetmap.org/node/4993700498
La Cueva del Leon Bosque Real,Restaurante boutique,Mexico,Huixquilucan,Interlomas/Zona Esmeralda,+52 55 5205 2150,525552052150,valid_format_only,Modern/official website found,https://cuevadelleon.com/,https://www.openstreetmap.org/node/8685679975
Esqui crepas,Restaurante boutique,Mexico,Huixquilucan,Interlomas/Zona Esmeralda,+52 55 1697 2096,525516972096,valid_format_only,No website found,,https://www.openstreetmap.org/node/9780291737
Dentalia,Dental,Mexico,Huixquilucan,Interlomas/Zona Esmeralda,+52 800 003 3682,528000033682,valid_format_only,Modern/official website found,https://dentalia.com,https://www.openstreetmap.org/node/11156114354
Dentalia,Dental,Mexico,Huixquilucan,Interlomas/Zona Esmeralda,+52 800 003 3682,528000033682,valid_format_only,Modern/official website found,https://dentalia.com,https://www.openstreetmap.org/node/11156114367
Dentalia,Dental,Mexico,Huixquilucan,Interlomas/Zona Esmeralda,+52 800 003 3682,528000033682,valid_format_only,Modern/official website found,https://dentalia.com,https://www.openstreetmap.org/node/11156114379
Medical Vet. Cedros,Veterinaria,Mexico,Huixquilucan,Interlomas/Zona Esmeralda,+52 55 2345 7059,525523457059,valid_format_only,No website found,,https://www.openstreetmap.org/node/11749087969
Optica Mili,Óptica/Oftalmología premium,Mexico,Huixquilucan,Interlomas/Zona Esmeralda,+52 55 1845 0207,525518450207,valid_format_only,No website found,,https://www.openstreetmap.org/node/12508484179
Consultorio Dental Alfa Y Omega,Dental,Mexico,Huixquilucan,Interlomas/Zona Esmeralda,+52 55 4786 3775,525547863775,valid_format_only,No website found,,https://www.openstreetmap.org/node/12512443693
Consultorio Medico,Clínica estética,Mexico,Huixquilucan,Interlomas/Zona Esmeralda,+52 55 6048 6528,525560486528,valid_format_only,No website found,,https://www.openstreetmap.org/node/12512497250
Grupo Dental Bosques,Dental,Mexico,Huixquilucan,Interlomas/Zona Esmeralda,+52 55 5570 0004,525555700004,valid_format_only,No website found,,https://www.openstreetmap.org/node/12512696168
Consultorio Dental,Dental,Mexico,Huixquilucan,Interlomas/Zona Esmeralda,82849520,,invalid_phone,No website found,,https://www.openstreetmap.org/node/12513297502
Consultorio El Fresno,Clínica estética,Mexico,Huixquilucan,Interlomas/Zona Esmeralda,+52 55 5189 4913,525551894913,valid_format_only,No website found,,https://www.openstreetmap.org/node/12515222917
Optica Creacion Visual,Óptica/Oftalmología premium,Mexico,Huixquilucan,Interlomas/Zona Esmeralda,+52 55 5302 6968,525553026968,valid_format_only,No website found,,https://www.openstreetmap.org/node/12518872576
Clinica Del Pie,Clínica estética,Mexico,Huixquilucan,Interlomas/Zona Esmeralda,+52 55 2224 1577,525522241577,valid_format_only,No website found,,https://www.openstreetmap.org/node/12519288140
Clinica Médica Bosques,Clínica estética,Mexico,Huixquilucan,Interlomas/Zona Esmeralda,+52 55 2224 1746,525522241746,valid_format_only,No website found,,https://www.openstreetmap.org/node/12519296785
Maternidad Santisima Trinidad,Clínica estética,Mexico,Huixquilucan,Interlomas/Zona Esmeralda,+52 55 5301 8930,525553018930,valid_format_only,No website found,,https://www.openstreetmap.org/node/12519382118
Centro De Estimulacion Ipm,Clínica estética,Mexico,Huixquilucan,Interlomas/Zona Esmeralda,+52 55 2167 1284,525521671284,valid_format_only,Modern/official website found,www.impulpedagogicomexicano.com,https://www.openstreetmap.org/node/12523296991
Clinica San Martin De Porres,Clínica estética,Mexico,Huixquilucan,Interlomas/Zona Esmeralda,+52 55 3269 7565,525532697565,valid_format_only,No website found,,https://www.openstreetmap.org/node/12523337894
Consultorio dental estética,Dental,Mexico,Huixquilucan,Interlomas/Zona Esmeralda,+52 55 2641 6589,525526416589,valid_format_only,No website found,,https://www.openstreetmap.org/node/12525411271
"Consultorio ""Estudio dental""",Dental,Mexico,Huixquilucan,Interlomas/Zona Esmeralda,+52 55 2908 7101,525529087101,valid_format_only,No website found,,https://www.openstreetmap.org/node/12525661080
Consultorio Dental Armenta,Dental,Mexico,Huixquilucan,Interlomas/Zona Esmeralda,+52 55 2657 8032,525526578032,valid_format_only,No website found,,https://www.openstreetmap.org/node/12526741736
Consultorio Dental,Dental,Mexico,Huixquilucan,Interlomas/Zona Esmeralda,58121973,,invalid_phone,No website found,,https://www.openstreetmap.org/node/12526964023
Consultorio Medico Shadai,Clínica estética,Mexico,Huixquilucan,Interlomas/Zona Esmeralda,+52 55 7127 2142,525571272142,valid_format_only,No website found,,https://www.openstreetmap.org/node/12527137249
Dental Aesthetics,Dental,Mexico,Huixquilucan,Interlomas/Zona Esmeralda,+52 55 5295 0272,525552950272,valid_format_only,No website found,,https://www.openstreetmap.org/node/12527850953
Consultorio Dental Garden,Dental,Mexico,Huixquilucan,Interlomas/Zona Esmeralda,+52 55 8099 0629,525580990629,valid_format_only,No website found,,https://www.openstreetmap.org/node/12527937391
Consultorio Dental,Dental,Mexico,Huixquilucan,Interlomas/Zona Esmeralda,+52 55 5049 8235,525550498235,valid_format_only,No website found,,https://www.openstreetmap.org/node/12528014569
Ortopedia Mexicana De Ortesis Y Protesis,Clínica estética,Mexico,Huixquilucan,Interlomas/Zona Esmeralda,+52 55 5455 0081,525554550081,valid_format_only,No website found,,https://www.openstreetmap.org/node/12528289713
Consultorio dental,Dental,Mexico,Huixquilucan,Interlomas/Zona Esmeralda,+52 55 5815 1932,525558151932,valid_format_only,No website found,,https://www.openstreetmap.org/node/12528318380
Cedisen,Clínica estética,Mexico,Huixquilucan,Interlomas/Zona Esmeralda,+52 55 8553 7812,525585537812,valid_format_only,Modern/official website found,www.cedisen.com,https://www.openstreetmap.org/node/12530224014
Consultorio dental,Dental,Mexico,Huixquilucan,Interlomas/Zona Esmeralda,+52 55 2641 2206,525526412206,valid_format_only,No website found,,https://www.openstreetmap.org/node/12530505295
Consultorio Dental Kenco,Dental,Mexico,Huixquilucan,Interlomas/Zona Esmeralda,+52 55 4807 2331,525548072331,valid_format_only,No website found,,https://www.openstreetmap.org/node/12530589158
Desarrollo Integral La Familia,Clínica estética,Mexico,Huixquilucan,Interlomas/Zona Esmeralda,+52 55 3905 4845,525539054845,valid_format_only,No website found,,https://www.openstreetmap.org/node/12530833500
Consultorio Dental,Dental,Mexico,Huixquilucan,Interlomas/Zona Esmeralda,+52 55 5302 7243,525553027243,valid_format_only,No website found,,https://www.openstreetmap.org/node/12535380779
Ortopoint,Dental,Mexico,Huixquilucan,Interlomas/Zona Esmeralda,+52 55 2297 7406,525522977406,valid_format_only,No website found,,https://www.openstreetmap.org/node/12535447640
Consultorio Medico El Divino Redentor,Clínica estética,Mexico,Huixquilucan,Interlomas/Zona Esmeralda,+52 55 5300 3102,525553003102,valid_format_only,No website found,,https://www.openstreetmap.org/node/12536918221
Capotal Dental,Dental,Mexico,Huixquilucan,Interlomas/Zona Esmeralda,+52 55 8164 6549,525581646549,valid_format_only,No website found,,https://www.openstreetmap.org/node/12537651290
Consultorio dental,Dental,Mexico,Huixquilucan,Interlomas/Zona Esmeralda,+52 55 6281 1968,525562811968,valid_format_only,No website found,,https://www.openstreetmap.org/node/12538063035
Clinica Milenium,Clínica estética,Mexico,Huixquilucan,Interlomas/Zona Esmeralda,+52 55 5304 2495,525553042495,valid_format_only,No website found,,https://www.openstreetmap.org/node/12540698469
Consultorio Dental,Dental,Mexico,Huixquilucan,Interlomas/Zona Esmeralda,+52 55 4580 9387,525545809387,valid_format_only,No website found,,https://www.openstreetmap.org/node/12540828582
Optica Mexico,Clínica estética,Mexico,Huixquilucan,Interlomas/Zona Esmeralda,+52 55 5274 2443,525552742443,valid_format_only,No website found,,https://www.openstreetmap.org/node/12542398348
Consultorio Dental,Dental,Mexico,Huixquilucan,Interlomas/Zona Esmeralda,+52 55 5301 0926,525553010926,valid_format_only,No website found,,https://www.openstreetmap.org/node/12542662497
Dental Familiar Angeles,Dental,Mexico,Huixquilucan,Interlomas/Zona Esmeralda,+52 55 1476 7073,525514767073,valid_format_only,No website found,,https://www.openstreetmap.org/node/12542972968
Consultorio Dental Integral,Dental,Mexico,Huixquilucan,Interlomas/Zona Esmeralda,+52 55 2270 4039,525522704039,valid_format_only,No website found,,https://www.openstreetmap.org/node/12542978616
Consultorio Dental Sin Nombre,Dental,Mexico,Huixquilucan,Interlomas/Zona Esmeralda,+52 55 3240 3556,525532403556,valid_format_only,No website found,,https://www.openstreetmap.org/node/12542988768
Acupuntura Doctor Ricardo,Clínica estética,Mexico,Huixquilucan,Interlomas/Zona Esmeralda,+52 55 3453 2736,525534532736,valid_format_only,No website found,,https://www.openstreetmap.org/node/12542992985
Dentista,Dental,Mexico,Huixquilucan,Interlomas/Zona Esmeralda,+52 55 5589 7636,525555897636,valid_format_only,No website found,,https://www.openstreetmap.org/node/12543005462
Consultorio dental Nami,Dental,Mexico,Huixquilucan,Interlomas/Zona Esmeralda,+52 55 3552 1501,525535521501,valid_format_only,No website found,,https://www.openstreetmap.org/node/12544857678
Natura Dent,Dental,Mexico,Huixquilucan,Interlomas/Zona Esmeralda,+52 55 3931 7219,525539317219,valid_format_only,No website found,,https://www.openstreetmap.org/node/12544870420
Consultorio Dental,Dental,Mexico,Huixquilucan,Interlomas/Zona Esmeralda,+52 55 8908 4437,525589084437,valid_format_only,No website found,,https://www.openstreetmap.org/node/12544975756
Consultorio dental,Dental,Mexico,Huixquilucan,Interlomas/Zona Esmeralda,+52 55 3109 8776,525531098776,valid_format_only,No website found,,https://www.openstreetmap.org/node/12545025863
Clinica de unidad médica integral,Clínica estética,Mexico,Huixquilucan,Interlomas/Zona Esmeralda,+52 55 5304 1280,525553041280,valid_format_only,No website found,,https://www.openstreetmap.org/node/12545705220
Dental M,Dental,Mexico,Huixquilucan,Interlomas/Zona Esmeralda,+52 55 4333 0087,525543330087,valid_format_only,No website found,,https://www.openstreetmap.org/node/12547502641
Ortosonrisas,Dental,Mexico,Huixquilucan,Interlomas/Zona Esmeralda,+52 55 1649 3464,525516493464,valid_format_only,No website found,,https://www.openstreetmap.org/node/12547842148
Dental Ali,Dental,Mexico,Huixquilucan,Interlomas/Zona Esmeralda,+52 55 6205 5230,525562055230,valid_format_only,No website found,,https://www.openstreetmap.org/node/12547869610
Centro Holistico Magigian,Clínica estética,Mexico,Huixquilucan,Interlomas/Zona Esmeralda,+52 55 8145 5838,525581455838,valid_format_only,No website found,,https://www.openstreetmap.org/node/12547906441
Estetica Dental,Dental,Mexico,Huixquilucan,Interlomas/Zona Esmeralda,+52 55 1133 2090,525511332090,valid_format_only,No website found,,https://www.openstreetmap.org/node/12548008331
Consultorio Dental Rojas,Dental,Mexico,Huixquilucan,Interlomas/Zona Esmeralda,+52 55 5474 2601,525554742601,valid_format_only,No website found,,https://www.openstreetmap.org/node/12548451138
Consultorio Dental Smle Dental,Dental,Mexico,Huixquilucan,Interlomas/Zona Esmeralda,+52 55 3491 9881,525534919881,valid_format_only,No website found,,https://www.openstreetmap.org/node/12550183807
Consultorio Dental,Dental,Mexico,Huixquilucan,Interlomas/Zona Esmeralda,+52 55 5570 8362,525555708362,valid_format_only,No website found,,https://www.openstreetmap.org/node/12550237697
Clinica De Maternidad,Clínica estética,Mexico,Huixquilucan,Interlomas/Zona Esmeralda,+52 55 3599 0018,525535990018,valid_format_only,No website found,,https://www.openstreetmap.org/node/12551383521
Centro Odontológico,Dental,Mexico,Huixquilucan,Interlomas/Zona Esmeralda,+52 55 2591 0958,525525910958,valid_format_only,No website found,,https://www.openstreetmap.org/node/12554389783
Botiquín Médico Parroquia De Nuestra Señora De Guadalupe,Clínica estética,Mexico,Huixquilucan,Interlomas/Zona Esmeralda,+52 55 5295 0199,525552950199,valid_format_only,No website found,,https://www.openstreetmap.org/node/12554693974
Ocotea Salud Integral Y Estética,Clínica estética,Mexico,Huixquilucan,Interlomas/Zona Esmeralda,+52 713 103 8793,527131038793,valid_format_only,No website found,,https://www.openstreetmap.org/node/12554777154
Consultorio Dental Tu Sonrisa,Dental,Mexico,Huixquilucan,Interlomas/Zona Esmeralda,+52 55 9103 0575,525591030575,valid_format_only,No website found,,https://www.openstreetmap.org/node/12554862078
Terapias Y Masajes Terapeuticos Moxa,Clínica estética,Mexico,Huixquilucan,Interlomas/Zona Esmeralda,+52 55 6784 3589,525567843589,valid_format_only,No website found,,https://www.openstreetmap.org/node/12554886172
Music Voice,Academia privada,Mexico,Huixquilucan,Interlomas/Zona Esmeralda,+52 55 8353 2493,525583532493,valid_format_only,Modern/official website found,https://www.musicvoice.mx/,https://www.openstreetmap.org/node/12556934765
Dental Moreno Ortiz,Dental,Mexico,Huixquilucan,Interlomas/Zona Esmeralda,+52 55 6318 9135,525563189135,valid_format_only,No website found,,https://www.openstreetmap.org/node/12556954945
Centro De Salud Urbano De San Fernando,Clínica estética,Mexico,Huixquilucan,Interlomas/Zona Esmeralda,+52 55 5815 1445,525558151445,valid_format_only,No website found,,https://www.openstreetmap.org/node/12557778158
Interlingua,Academia privada,Mexico,Huixquilucan,Interlomas/Zona Esmeralda,+52 55 5005 0070,525550050070,valid_format_only,Modern/official website found,https://www.interlingua.com.mx/,https://www.openstreetmap.org/node/12557785980
Consultorio Dental Velasco,Dental,Mexico,Huixquilucan,Interlomas/Zona Esmeralda,+52 55 1009 0032,525510090032,valid_format_only,No website found,,https://www.openstreetmap.org/node/12560288353
Medik Integral Al Mansur,Clínica estética,Mexico,Huixquilucan,Interlomas/Zona Esmeralda,+52 55 2163 5630,525521635630,valid_format_only,No website found,,https://www.openstreetmap.org/node/12560298500
Dentista,Dental,Mexico,Huixquilucan,Interlomas/Zona Esmeralda,+52 55 1903 4061,525519034061,valid_format_only,No website found,,https://www.openstreetmap.org/node/12560334001
Dental Perez Rosales,Dental,Mexico,Huixquilucan,Interlomas/Zona Esmeralda,+52 55 1367 1700,525513671700,valid_format_only,Modern/official website found,www.dentalperezrosales.com,https://www.openstreetmap.org/node/12564117388
Centro Terapeutico,Clínica estética,Mexico,Huixquilucan,Interlomas/Zona Esmeralda,+52 55 4997 7867,525549977867,valid_format_only,No website found,,https://www.openstreetmap.org/node/12564711647
Crop Kids,Clínica estética,Mexico,Huixquilucan,Interlomas/Zona Esmeralda,+52 55 7587 5029,525575875029,valid_format_only,Modern/official website found,wwwcropkidsinterlomas.com,https://www.openstreetmap.org/node/12566651641
Consultorio Medico Cuajimalpa,Clínica estética,Mexico,Huixquilucan,Interlomas/Zona Esmeralda,+52 55 4812 0390,525548120390,valid_format_only,No website found,,https://www.openstreetmap.org/node/12568621813
Consultorio Dental,Dental,Mexico,Huixquilucan,Interlomas/Zona Esmeralda,+52 55 5813 5932,525558135932,valid_format_only,No website found,,https://www.openstreetmap.org/node/12568798074
Clinica odontologica,Dental,Mexico,Huixquilucan,Interlomas/Zona Esmeralda,+52 55 5813 1264,525558131264,valid_format_only,No website found,,https://www.openstreetmap.org/node/12569785688
Consultorio Dental Salud Dental,Dental,Mexico,Huixquilucan,Interlomas/Zona Esmeralda,+52 55 7113 7640,525571137640,valid_format_only,No website found,,https://www.openstreetmap.org/node/12572852950
Yollo-sha,Clínica estética,Mexico,Huixquilucan,Interlomas/Zona Esmeralda,+52 55 4938 2913,525549382913,valid_format_only,Modern/official website found,https://www.yollosha.org/,https://www.openstreetmap.org/node/12573175943
Consultorio Y Estética Dental,Dental,Mexico,Huixquilucan,Interlomas/Zona Esmeralda,+52 55 5302 6097,525553026097,valid_format_only,No website found,,https://www.openstreetmap.org/node/12574228744
Consultorio Dental,Dental,Mexico,Huixquilucan,Interlomas/Zona Esmeralda,+52 55 5307 4888,525553074888,valid_format_only,No website found,,https://www.openstreetmap.org/node/12574250686
Veterinario,Veterinaria,Mexico,Huixquilucan,Interlomas/Zona Esmeralda,+52 55 5302 7225,525553027225,valid_format_only,No website found,,https://www.openstreetmap.org/node/12574310795
Consultorio Medico Country,Clínica estética,Mexico,Huixquilucan,Interlomas/Zona Esmeralda,+52 55 5454 7182,525554547182,valid_format_only,No website found,,https://www.openstreetmap.org/node/12574511580
Consultorio Dental Reynoso,Dental,Mexico,Huixquilucan,Interlomas/Zona Esmeralda,+52 55 8232 5435,525582325435,valid_format_only,No website found,,https://www.openstreetmap.org/node/12578960866
Consultorio Dental,Dental,Mexico,Huixquilucan,Interlomas/Zona Esmeralda,+52 55 7816 9589,525578169589,valid_format_only,No website found,,https://www.openstreetmap.org/node/12585281224
Consultorio Dental,Dental,Mexico,Huixquilucan,Interlomas/Zona Esmeralda,+52 55 6084 6511,525560846511,valid_format_only,No website found,,https://www.openstreetmap.org/node/12586285948
Consultorio,Clínica estética,Mexico,Huixquilucan,Interlomas/Zona Esmeralda,+52 55 4222 7665,525542227665,valid_format_only,No website found,,https://www.openstreetmap.org/node/12588781509
Consultorio Psicologico,Clínica estética,Mexico,Huixquilucan,Interlomas/Zona Esmeralda,+52 56 1111 4971,525611114971,valid_format_only,No website found,,https://www.openstreetmap.org/node/12590265426
Consultorio Dental,Dental,Mexico,Huixquilucan,Interlomas/Zona Esmeralda,+52 55 5307 2596,525553072596,valid_format_only,No website found,,https://www.openstreetmap.org/node/12590284537
Consultorio Dental,Dental,Mexico,Huixquilucan,Interlomas/Zona Esmeralda,+52 55 3467 9749,525534679749,valid_format_only,No website found,,https://www.openstreetmap.org/node/12590288965
Consultorio Dental Juarez,Dental,Mexico,Huixquilucan,Interlomas/Zona Esmeralda,+52 55 5312 0846,525553120846,valid_format_only,No website found,,https://www.openstreetmap.org/node/12590393163
Consultorio Medico,Clínica estética,Mexico,Huixquilucan,Interlomas/Zona Esmeralda,+52 55 5312 8300,525553128300,valid_format_only,No website found,,https://www.openstreetmap.org/node/12590398720
Óptica Aris Visión,Óptica/Oftalmología premium,Mexico,Huixquilucan,Interlomas/Zona Esmeralda,+52 55 5304 4557,525553044557,valid_format_only,No website found,,https://www.openstreetmap.org/node/12590408597
Punto Saludable,Clínica estética,Mexico,Huixquilucan,Interlomas/Zona Esmeralda,+52 55 2402 2245,525524022245,valid_format_only,No website found,,https://www.openstreetmap.org/node/12590491318
Consultorio Medico,Clínica estética,Mexico,Huixquilucan,Interlomas/Zona Esmeralda,+52 55 1219 0882,525512190882,valid_format_only,No website found,,https://www.openstreetmap.org/node/12591576052
Consultorio Dif,Clínica estética,Mexico,Huixquilucan,Interlomas/Zona Esmeralda,+52 55 2878 4133,525528784133,valid_format_only,No website found,,https://www.openstreetmap.org/node/12594408217
Consultorio Psicologico,Clínica estética,Mexico,Huixquilucan,Interlomas/Zona Esmeralda,+52 55 8565 0865,525585650865,valid_format_only,No website found,,https://www.openstreetmap.org/node/12594426947
Centro Podológico Zavapieds,Clínica estética,Mexico,Huixquilucan,Interlomas/Zona Esmeralda,+52 55 2618 2636,525526182636,valid_format_only,No website found,,https://www.openstreetmap.org/node/12596194214
Centro Óptico De Diagnóstico Granada,Clínica estética,Mexico,Huixquilucan,Interlomas/Zona Esmeralda,+52 55 5813 8725,525558138725,valid_format_only,No website found,,https://www.openstreetmap.org/node/12607773261
Bienestar Integral,Clínica estética,Mexico,Huixquilucan,Interlomas/Zona Esmeralda,+52 55 5815 9029,525558159029,valid_format_only,No website found,,https://www.openstreetmap.org/node/12607834183
Consultorio Dental,Dental,Mexico,Huixquilucan,Interlomas/Zona Esmeralda,+52 55 5302 4532,525553024532,valid_format_only,No website found,,https://www.openstreetmap.org/node/12609759011
Dentista 	Campanitas,Dental,Mexico,Huixquilucan,Interlomas/Zona Esmeralda,+52 55 3206 0298,525532060298,valid_format_only,No website found,,https://www.openstreetmap.org/node/12620549670
Consultorio Dental Jacarandas,Dental,Mexico,Huixquilucan,Interlomas/Zona Esmeralda,+52 55 3944 0639,525539440639,valid_format_only,No website found,,https://www.openstreetmap.org/node/12626575254
R G Prodent,Dental,Mexico,Huixquilucan,Interlomas/Zona Esmeralda,+52 55 5290 0450,525552900450,valid_format_only,No website found,,https://www.openstreetmap.org/node/12708712901
Fisio And Health,Clínica estética,Mexico,Huixquilucan,Interlomas/Zona Esmeralda,+52 55 5292 8989,525552928989,valid_format_only,No website found,,https://www.openstreetmap.org/node/12753125886
La Casa del Pastor,Restaurante boutique,Mexico,Huixquilucan,Interlomas/Zona Esmeralda,+52 55 5292 2854,525552922854,valid_format_only,No website found,,https://www.openstreetmap.org/way/1010832941
Servicios especializados en psicología,Clínica estética,Mexico,Huixquilucan,Interlomas/Zona Esmeralda,+52 55 5813 6694,525558136694,valid_format_only,No website found,,https://www.openstreetmap.org/way/1264267473
Farmacia Dermatologica,Clínica estética,Mexico,San Pedro Garza García,San Pedro/Valle Oriente/Centrito,+52 81 8365 8208,528183658208,valid_format_only,No website found,,https://www.openstreetmap.org/node/3041365723
Smile & Sense,Dental,Mexico,San Pedro Garza García,San Pedro/Valle Oriente/Centrito,01 81 8175 1705,,invalid_phone,Modern/official website found,https://keepsmiling.mx/,https://www.openstreetmap.org/node/3388952703
"Comidas Caseras, La Tía Mary",Restaurante boutique,Mexico,San Pedro Garza García,San Pedro/Valle Oriente/Centrito,+52 81 1181 7953,528111817953,valid_format_only,No website found,,https://www.openstreetmap.org/node/4862706148
Lic. Juan Gil Cortes E,Abogado migratorio,Mexico,San Pedro Garza García,San Pedro/Valle Oriente/Centrito,+52 81 8340 5199,528183405199,valid_format_only,Modern/official website found,https://cortesabogados.business.site/,https://www.openstreetmap.org/node/5030976658
Vegan Munch,Restaurante boutique,Mexico,San Pedro Garza García,San Pedro/Valle Oriente/Centrito,+52 81 3715 7357,528137157357,valid_format_only,No website found,,https://www.openstreetmap.org/node/5258470816
Sleepadent,Dental,Mexico,San Pedro Garza García,San Pedro/Valle Oriente/Centrito,+52 81 2557 9107,528125579107,valid_format_only,No website found,,https://www.openstreetmap.org/node/7034525317
Tortillas Españolas Tillos,Restaurante boutique,Mexico,San Pedro Garza García,San Pedro/Valle Oriente/Centrito,+528136011179,528136011179,valid_format_only,No website found,,https://www.openstreetmap.org/node/7463779193
Dr. Candelario Rodríguez Vivián - Dermatólogo,Clínica estética,Mexico,San Pedro Garza García,San Pedro/Valle Oriente/Centrito,+528181430806,528181430806,valid_format_only,Modern/official website found,https://www.dermatologiamty.com/,https://www.openstreetmap.org/node/7463925905
Thai Thai,Restaurante boutique,Mexico,San Pedro Garza García,San Pedro/Valle Oriente/Centrito,+52 81 8344 5859,528183445859,valid_format_only,No website found,,https://www.openstreetmap.org/node/8958755017
El Guayabi,Restaurante boutique,Mexico,San Pedro Garza García,San Pedro/Valle Oriente/Centrito,+52 81 2510 7257,528125107257,valid_format_only,Only Instagram/Facebook,http://www.facebook.com/elguayabomty,https://www.openstreetmap.org/node/9321296817
Al Restaurante,Restaurante boutique,Mexico,San Pedro Garza García,San Pedro/Valle Oriente/Centrito,+52 81 8375 3766,528183753766,valid_format_only,Modern/official website found,https://www.alrestaurant.mx/,https://www.openstreetmap.org/node/9871115917
Sound Box Academy,Academia privada,Mexico,San Pedro Garza García,San Pedro/Valle Oriente/Centrito,+528123160866,528123160866,valid_format_only,Modern/official website found,https://soundbox-academy-studios.negocio.site/,https://www.openstreetmap.org/node/10131103939
Chef Silvano,Restaurante boutique,Mexico,San Pedro Garza García,San Pedro/Valle Oriente/Centrito,+52 818 338 1371,528183381371,valid_format_only,No website found,,https://www.openstreetmap.org/node/10738664512
Botanero Moritas,Restaurante boutique,Mexico,San Pedro Garza García,San Pedro/Valle Oriente/Centrito,+52 81 4057 5711,528140575711,valid_format_only,Modern/official website found,https://botaneromoritas.com/,https://www.openstreetmap.org/node/11062663311
Dentalia,Dental,Mexico,San Pedro Garza García,San Pedro/Valle Oriente/Centrito,+52 800 003 3682,528000033682,valid_format_only,Modern/official website found,https://dentalia.com,https://www.openstreetmap.org/node/11156114385
Dentalia,Dental,Mexico,San Pedro Garza García,San Pedro/Valle Oriente/Centrito,+52 800 003 3682,528000033682,valid_format_only,Modern/official website found,https://dentalia.com,https://www.openstreetmap.org/node/11156114387
Dentalia,Dental,Mexico,San Pedro Garza García,San Pedro/Valle Oriente/Centrito,+52 800 003 3682,528000033682,valid_format_only,Modern/official website found,https://dentalia.com,https://www.openstreetmap.org/node/11156114391
Yama-To,Restaurante boutique,Mexico,San Pedro Garza García,San Pedro/Valle Oriente/Centrito,+52 81 8356 6559,528183566559,valid_format_only,No website found,,https://www.openstreetmap.org/node/11480635519
Taquería La Capital,Restaurante boutique,Mexico,San Pedro Garza García,San Pedro/Valle Oriente/Centrito,+528140050244,528140050244,valid_format_only,Only Instagram/Facebook,https://www.instagram.com/taqueria_lacapital/,https://www.openstreetmap.org/node/12198115026
Ocho Hair Lab,Clínica estética,Mexico,San Pedro Garza García,San Pedro/Valle Oriente/Centrito,+528116153747,528116153747,valid_format_only,No website found,,https://www.openstreetmap.org/node/12685899203
Endodoncia Alan Tijerina,Dental,Mexico,San Pedro Garza García,San Pedro/Valle Oriente/Centrito,+528183333015,528183333015,valid_format_only,Modern/official website found,https://maps.app.goo.gl/7q57xRKEAsPesEJ2A,https://www.openstreetmap.org/node/12718031343
Yama-To,Restaurante boutique,Mexico,San Pedro Garza García,San Pedro/Valle Oriente/Centrito,+52 81 8359 9013,528183599013,valid_format_only,No website found,,https://www.openstreetmap.org/node/13063962420
La Stazione,Restaurante boutique,Mexico,San Pedro Garza García,San Pedro/Valle Oriente/Centrito,+52 81 8332 5253,528183325253,valid_format_only,No website found,,https://www.openstreetmap.org/node/13095148793
Kød Rustic Deli,Restaurante boutique,Mexico,San Pedro Garza García,San Pedro/Valle Oriente/Centrito,+52 81 2556 6094,528125566094,valid_format_only,No website found,,https://www.openstreetmap.org/node/13102722735
Vancouver Wings Tec,Restaurante boutique,Mexico,San Pedro Garza García,San Pedro/Valle Oriente/Centrito,+52 81 8387 8333,528183878333,valid_format_only,No website found,,https://www.openstreetmap.org/node/13686768857
Las 3 Abuelas,Restaurante boutique,Mexico,San Pedro Garza García,San Pedro/Valle Oriente/Centrito,+52 81 8387 7433,528183877433,valid_format_only,No website found,,https://www.openstreetmap.org/node/13686779001
Xilakil (Suc Tec),Restaurante boutique,Mexico,San Pedro Garza García,San Pedro/Valle Oriente/Centrito,+52 81 1234 4054,528112344054,valid_format_only,No website found,,https://www.openstreetmap.org/node/13734647201
Pizzarnik,Restaurante boutique,Mexico,San Pedro Garza García,San Pedro/Valle Oriente/Centrito,+52 999 970 3390,529999703390,valid_format_only,No website found,,https://www.openstreetmap.org/node/13966442201
Northeast BBQ,Restaurante boutique,Mexico,San Pedro Garza García,San Pedro/Valle Oriente/Centrito,+52 81 3132 7619,528131327619,valid_format_only,No website found,,https://www.openstreetmap.org/node/13968918154
Los Hidalgos | Lázaro Cárdenas,Restaurante boutique,Mexico,San Pedro Garza García,San Pedro/Valle Oriente/Centrito,+528126338315,528126338315,valid_format_only,Modern/official website found,https://www.loshidalgos.mx/,https://www.openstreetmap.org/node/13988253443
Santa Bárbara,Restaurante boutique,Mexico,San Pedro Garza García,San Pedro/Valle Oriente/Centrito,+528184787809,528184787809,valid_format_only,Modern/official website found,https://www.santabarbaragrill.com/,https://www.openstreetmap.org/node/13988269918
El Gaucho de Monterrey,Restaurante boutique,Mexico,San Pedro Garza García,San Pedro/Valle Oriente/Centrito,+528183584218,528183584218,valid_format_only,Modern/official website found,https://www.restaurantelgaucho.com/,https://www.openstreetmap.org/node/13988283842
Courtyard San Jeronimo,Restaurante boutique,Mexico,San Pedro Garza García,San Pedro/Valle Oriente/Centrito,+52 81 8389 7900,528183897900,valid_format_only,Modern/official website found,https://www.marriott.com/en-us/hotels/mtysj-courtyard-monterrey-san-jeronimo-valle/overview/,https://www.openstreetmap.org/way/453355860
ALSA,Clínica estética,Mexico,San Pedro Garza García,San Pedro/Valle Oriente/Centrito,+52 81 8031 2319;+52 81 8342 3942,528180312319,valid_format_only,Modern/official website found,https://www.meddyralsa.com/,https://www.openstreetmap.org/way/506844333
La Fonda Vegetariana,Restaurante boutique,Mexico,San Pedro Garza García,San Pedro/Valle Oriente/Centrito,+52 81 2312 7657,528123127657,valid_format_only,No website found,,https://www.openstreetmap.org/way/524539911
Nana Cantú7 Vocal Coaching,Academia privada,Mexico,San Pedro Garza García,San Pedro/Valle Oriente/Centrito,+528115358309,528115358309,valid_format_only,Only Instagram/Facebook,https://www.facebook.com/media/set/?set=a.4818543288162818&type=3,https://www.openstreetmap.org/way/1052071999
La Chueca,Restaurante boutique,Mexico,San Pedro Garza García,San Pedro/Valle Oriente/Centrito,+52 81 8347 5648,528183475648,valid_format_only,No website found,,https://www.openstreetmap.org/way/1424664492
Mina la Antigua,Restaurante boutique,Mexico,Guadalajara,Providencia/Chapalita/Americana,+52 33 2315 2430,523323152430,valid_format_only,No website found,,https://www.openstreetmap.org/node/2699294669
Veterinaria México,Veterinaria,Mexico,Guadalajara,Providencia/Chapalita/Americana,36479022,,invalid_phone,No website found,,https://www.openstreetmap.org/node/2802314055
Furter Dogos Gourmet,Restaurante boutique,Mexico,Guadalajara,Providencia/Chapalita/Americana,01 33 1368 8883,,invalid_phone,Modern/official website found,https://furterhotdogs.com/,https://www.openstreetmap.org/node/2838054578
OptiVisión,Óptica/Oftalmología premium,Mexico,Guadalajara,Providencia/Chapalita/Americana,+52 33 3617 1756,523336171756,valid_format_only,Modern/official website found,http://optivisionmx.com,https://www.openstreetmap.org/node/3247248003
Usagui,Restaurante boutique,Mexico,Guadalajara,Providencia/Chapalita/Americana,38271093,,invalid_phone,Modern/official website found,https://www.usagui.com.mx/,https://www.openstreetmap.org/node/4104044708
menuderia la familia,Restaurante boutique,Mexico,Guadalajara,Providencia/Chapalita/Americana,+52 33 3647 6376,523336476376,valid_format_only,Modern/official website found,menuderia la familia,https://www.openstreetmap.org/node/4247628872
Dra. Lorena Echauri,Dental,Mexico,Guadalajara,Providencia/Chapalita/Americana,15930236,,invalid_phone,Only Instagram/Facebook,https://m.facebook.com/dralorena83/,https://www.openstreetmap.org/node/4262969592
Santo Coyote Restaurant,Restaurante boutique,Mexico,Guadalajara,Providencia/Chapalita/Americana,+52 33 3616 6978,523336166978,valid_format_only,Modern/official website found,http://www.santocoyote.com.mx/cms/index.php/contacto,https://www.openstreetmap.org/node/4281408490
Yakitory,Restaurante boutique,Mexico,Guadalajara,Providencia/Chapalita/Americana,31224074,,invalid_phone,No website found,,https://www.openstreetmap.org/node/4392875791
Los Chilaquiles,Restaurante boutique,Mexico,Guadalajara,Providencia/Chapalita/Americana,01 33 3647 8773,,invalid_phone,Modern/official website found,https://loschilaquiles.com/,https://www.openstreetmap.org/node/4443217376
Alta Fibra,Restaurante boutique,Mexico,Guadalajara,Providencia/Chapalita/Americana,+52 33 3124 1510,523331241510,valid_format_only,No website found,,https://www.openstreetmap.org/node/4706660692
IHOP,Restaurante boutique,Mexico,Guadalajara,Providencia/Chapalita/Americana,01 33 3615 6750,,invalid_phone,Modern/official website found,ihopmexico.com.mx,https://www.openstreetmap.org/node/4738630843
La Bocha,Restaurante boutique,Mexico,Guadalajara,Providencia/Chapalita/Americana,+52 33 3647 2758,523336472758,valid_format_only,Modern/official website found,https://www.labocha.com.mx/,https://www.openstreetmap.org/node/4854653822
Hospital Veterinario,Veterinaria,Mexico,Guadalajara,Providencia/Chapalita/Americana,+52 33 3171 1037,523331711037,valid_format_only,No website found,,https://www.openstreetmap.org/node/4925282821
Merci Paris,Restaurante boutique,Mexico,Guadalajara,Providencia/Chapalita/Americana,+52 33 3121 0911,523331210911,valid_format_only,Modern/official website found,https://merciparis.com.mx/,https://www.openstreetmap.org/node/5176722021
Furter Gourmet Hot-Dogs,Restaurante boutique,Mexico,Guadalajara,Providencia/Chapalita/Americana,+523331650936,523331650936,valid_format_only,Modern/official website found,https://furterhotdogs.com/,https://www.openstreetmap.org/node/5201847322
El Gato Café,Restaurante boutique,Mexico,Guadalajara,Providencia/Chapalita/Americana,33641987,,invalid_phone,Modern/official website found,https://www.elgatocafe.com.mx/,https://www.openstreetmap.org/node/5303800322
OrtoLaser,Dental,Mexico,Guadalajara,Providencia/Chapalita/Americana,+52 33 3634 8393,523336348393,valid_format_only,Modern/official website found,http://OrtoLaser.mx,https://www.openstreetmap.org/node/5304105426
Panda Roll,Restaurante boutique,Mexico,Guadalajara,Providencia/Chapalita/Americana,01 33 3825 1625,,invalid_phone,Modern/official website found,https://www.pandaroll.mx/,https://www.openstreetmap.org/node/5445978080
Puerto Chale,Restaurante boutique,Mexico,Guadalajara,Providencia/Chapalita/Americana,01 33 2688 1426,,invalid_phone,No website found,,https://www.openstreetmap.org/node/5778116601
Krishna Vegan,Restaurante boutique,Mexico,Guadalajara,Providencia/Chapalita/Americana,+52 33 12823458,523312823458,valid_format_only,No website found,,https://www.openstreetmap.org/node/5914927585
Lo De Dardo Parrilla Uruguaya,Restaurante boutique,Mexico,Guadalajara,Providencia/Chapalita/Americana,+52 33 36155465,523336155465,valid_format_only,Only Instagram/Facebook,https://www.facebook.com/lodedardoparrilla,https://www.openstreetmap.org/node/6141333503
Technic Cut,Clínica estética,Mexico,Guadalajara,Providencia/Chapalita/Americana,+52 33 36326861,523336326861,valid_format_only,Only Instagram/Facebook,https://www.facebook.com/Technic-cut-504704523210358/,https://www.openstreetmap.org/node/6141333504
Yara Beauty,Clínica estética,Mexico,Guadalajara,Providencia/Chapalita/Americana,+52 33 26735355,523326735355,valid_format_only,Only Instagram/Facebook,https://www.facebook.com/YaraBeautyNailsSpa/,https://www.openstreetmap.org/node/6141333505
Glamour,Clínica estética,Mexico,Guadalajara,Providencia/Chapalita/Americana,+52 33 16535662,523316535662,valid_format_only,Only Instagram/Facebook,https://www.instagram.com/glamour.gdl/,https://www.openstreetmap.org/node/6141602037
Tortas Planchadas de Paty Berber,Restaurante boutique,Mexico,Guadalajara,Providencia/Chapalita/Americana,+52 33 12019920,523312019920,valid_format_only,Modern/official website found,https://www.tortito.com.mx/,https://www.openstreetmap.org/node/6141652015
Lupes BBQ,Restaurante boutique,Mexico,Guadalajara,Providencia/Chapalita/Americana,+52 33 3801 9802,523338019802,valid_format_only,Only Instagram/Facebook,https://www.facebook.com/lupesbbq/,https://www.openstreetmap.org/node/6204713195
El Vegano Urbano,Restaurante boutique,Mexico,Guadalajara,Providencia/Chapalita/Americana,+52 33 1214 7730,523312147730,valid_format_only,Only Instagram/Facebook,https://www.facebook.com/ElVeganoUrbano/about,https://www.openstreetmap.org/node/6246552231
Tortas Angulo,Restaurante boutique,Mexico,Guadalajara,Providencia/Chapalita/Americana,+52 33 36306598,523336306598,valid_format_only,No website found,,https://www.openstreetmap.org/node/6253252365
Nineki Sushi,Restaurante boutique,Mexico,Guadalajara,Providencia/Chapalita/Americana,+52 33 3620 0813,523336200813,valid_format_only,Only Instagram/Facebook,https://www.facebook.com/Nineki-Sushi-220399914648788/,https://www.openstreetmap.org/node/6359459302
Xólotl,Restaurante boutique,Mexico,Guadalajara,Providencia/Chapalita/Americana,+52 33 2400 0801,523324000801,valid_format_only,Only Instagram/Facebook,https://www.facebook.com/X%C3%B3lotl-Artesanal-943532695840480/,https://www.openstreetmap.org/node/6359459303
Tacos de Barbacoa La Wera,Restaurante boutique,Mexico,Guadalajara,Providencia/Chapalita/Americana,+52.33.3525015252,,invalid_phone,No website found,,https://www.openstreetmap.org/node/6366765470
Hotdogs Gourmet Furter,Restaurante boutique,Mexico,Guadalajara,Providencia/Chapalita/Americana,+52 33 3826 4194,523338264194,valid_format_only,Modern/official website found,https://www.furterhotdogs.com/,https://www.openstreetmap.org/node/6448993312
Kaneishi Sushi & Sake Bar,Restaurante boutique,Mexico,Guadalajara,Providencia/Chapalita/Americana,+52 33 3825 3532,523338253532,valid_format_only,Modern/official website found,https://kaneishi.com.mx/,https://www.openstreetmap.org/node/6448993316
La Taninoteca,Restaurante boutique,Mexico,Guadalajara,Providencia/Chapalita/Americana,+52 33 3825 2957,523338252957,valid_format_only,No website found,,https://www.openstreetmap.org/node/6448993323
Gyros Alexis,Restaurante boutique,Mexico,Guadalajara,Providencia/Chapalita/Americana,+52 33 3463 9941,523334639941,valid_format_only,Only Instagram/Facebook,https://www.facebook.com/gyrosalexis/,https://www.openstreetmap.org/node/6763290189
Tacos Paza Plaza del Sol,Restaurante boutique,Mexico,Guadalajara,Providencia/Chapalita/Americana,+52 33 3647 2069,523336472069,valid_format_only,Modern/official website found,http://www.tacospaza.com/,https://www.openstreetmap.org/node/6796182172
Bon Salads,Restaurante boutique,Mexico,Guadalajara,Providencia/Chapalita/Americana,+52 33 3123 0657,523331230657,valid_format_only,Modern/official website found,http://www.bonsalads.com/,https://www.openstreetmap.org/node/6983984979
Restaurante de Mariscos Las Cuchupetas de Trino,Restaurante boutique,Mexico,Guadalajara,Providencia/Chapalita/Americana,+52 33 3141 6655,523331416655,valid_format_only,No website found,,https://www.openstreetmap.org/node/7098519785
Mexica Pulqueria,Restaurante boutique,Mexico,Guadalajara,Providencia/Chapalita/Americana,+52 33 2466 4181,523324664181,valid_format_only,No website found,,https://www.openstreetmap.org/node/7098847885
I Latina,Restaurante boutique,Mexico,Guadalajara,Providencia/Chapalita/Americana,+523336477774,523336477774,valid_format_only,Modern/official website found,http://www.i-latina.mx/,https://www.openstreetmap.org/node/7616739563
CENTRO OFTAMOLOGICO SANTA TERESA,Óptica/Oftalmología premium,Mexico,Guadalajara,Providencia/Chapalita/Americana,36170522.0,,invalid_phone,No website found,,https://www.openstreetmap.org/node/7725486286
Punto Mágico Grand,Restaurante boutique,Mexico,Guadalajara,Providencia/Chapalita/Americana,+52 33 2976 2496,523329762496,valid_format_only,Modern/official website found,https://www.puntomagicomx.com/,https://www.openstreetmap.org/node/7781631875
El Tacon de Marlin,Restaurante boutique,Mexico,Guadalajara,Providencia/Chapalita/Americana,+52 3336867637,523336867637,valid_format_only,No website found,,https://www.openstreetmap.org/node/8284347304
Delhi 6,Restaurante boutique,Mexico,Guadalajara,Providencia/Chapalita/Americana,+52 33 1152 0905,523311520905,valid_format_only,Modern/official website found,https://www.delhi6gdl.com/,https://www.openstreetmap.org/node/8394764717
UROMIN - Instituto Urológico De Invasión Mínima S.C.,Clínica estética,Mexico,Guadalajara,Providencia/Chapalita/Americana,+523318142090,523318142090,valid_format_only,Modern/official website found,https://uromin.mx,https://www.openstreetmap.org/node/8415473218
La Santiaguera Restaurante,Restaurante boutique,Mexico,Guadalajara,Providencia/Chapalita/Americana,+52 3318910506,523318910506,valid_format_only,Only Instagram/Facebook,https://www.facebook.com/Lasantiaguerarestaurante,https://www.openstreetmap.org/node/8481167103
Mosto Pizztería,Restaurante boutique,Mexico,Guadalajara,Providencia/Chapalita/Americana,+52 33 2934 6939,523329346939,valid_format_only,Only Instagram/Facebook,https://www.facebook.com/MostoPizzteriaGDL/,https://www.openstreetmap.org/node/8815949627
Bruna Restaurant,Restaurante boutique,Mexico,Guadalajara,Providencia/Chapalita/Americana,+52 3320030904,523320030904,valid_format_only,Modern/official website found,https://bruna.com.mx,https://www.openstreetmap.org/node/10132975118
Carnes Garibaldi,Restaurante boutique,Mexico,Guadalajara,Providencia/Chapalita/Americana,+52 33 4737 4884,523347374884,valid_format_only,Modern/official website found,https://karnegaribaldi.com.mx,https://www.openstreetmap.org/node/10296861909
Tacos al pastor Fonseca,Restaurante boutique,Mexico,Guadalajara,Providencia/Chapalita/Americana,+523316461843,523316461843,valid_format_only,No website found,,https://www.openstreetmap.org/node/10296862010
Chai,Restaurante boutique,Mexico,Guadalajara,Providencia/Chapalita/Americana,+523344444435,523344444435,valid_format_only,Modern/official website found,https://chai.com.mx/,https://www.openstreetmap.org/node/10309868109
FutPool GDL,Restaurante boutique,Mexico,Guadalajara,Providencia/Chapalita/Americana,+52 33 2201 6498,523322016498,valid_format_only,Modern/official website found,https://futpoolgdl.wixsite.com/futpoolgdl,https://www.openstreetmap.org/node/10679551394
1411 Pizzería,Restaurante boutique,Mexico,Guadalajara,Providencia/Chapalita/Americana,+523320166101,523320166101,valid_format_only,No website found,,https://www.openstreetmap.org/node/10706644505
El Edén,Restaurante boutique,Mexico,Guadalajara,Providencia/Chapalita/Americana,+523314863031,523314863031,valid_format_only,Only Instagram/Facebook,https://www.facebook.com/Edenvegano792/,https://www.openstreetmap.org/node/10774394447
¡Pinche Poutine!,Restaurante boutique,Mexico,Guadalajara,Providencia/Chapalita/Americana,+52 3320168528,523320168528,valid_format_only,Modern/official website found,https://pinchepoutine.mx/,https://www.openstreetmap.org/node/10774394449
Empanatto's,Restaurante boutique,Mexico,Guadalajara,Providencia/Chapalita/Americana,+52 33 1675 5595,523316755595,valid_format_only,Modern/official website found,https://empanattos-pizza.negocio.site/?utm_source=gmb&utm_medium=referral,https://www.openstreetmap.org/node/10813005554
Mononoke Ramen,Restaurante boutique,Mexico,Guadalajara,Providencia/Chapalita/Americana,https://www.whatsapp.com/channel/0029VaAeiKmBKfi15qeuAB05,,invalid_phone,Only Instagram/Facebook,https://www.instagram.com/mononoke.ramen,https://www.openstreetmap.org/node/10927923606
Dentalia,Dental,Mexico,Guadalajara,Providencia/Chapalita/Americana,+52 800 003 3682,528000033682,valid_format_only,Modern/official website found,https://dentalia.com,https://www.openstreetmap.org/node/11156114380
Dentalia,Dental,Mexico,Guadalajara,Providencia/Chapalita/Americana,+52 800 003 3682,528000033682,valid_format_only,Modern/official website found,https://dentalia.com,https://www.openstreetmap.org/node/11156114382
Dentalia,Dental,Mexico,Guadalajara,Providencia/Chapalita/Americana,+52 800 003 3682,528000033682,valid_format_only,Modern/official website found,https://dentalia.com,https://www.openstreetmap.org/node/11156114398
Mina La Antigua,Restaurante boutique,Mexico,Guadalajara,Providencia/Chapalita/Americana,+52 33 3826 1888,523338261888,valid_format_only,No website found,,https://www.openstreetmap.org/node/11181888801
Pizza del Perro Negro,Restaurante boutique,Mexico,Guadalajara,Providencia/Chapalita/Americana,+52 55 5351 7401,525553517401,valid_format_only,Modern/official website found,https://www.muertealapizzafalsa.com/,https://www.openstreetmap.org/node/11220805145
Mariscos El Güero de Boulevard,Restaurante boutique,Mexico,Guadalajara,Providencia/Chapalita/Americana,+52 33 3658 1172;+52 33 3613 2018,523336581172,valid_format_only,Modern/official website found,http://mariscoselguerodeboulevard.mx,https://www.openstreetmap.org/node/11234811251
Kimono Chapalita,Restaurante boutique,Mexico,Guadalajara,Providencia/Chapalita/Americana,+52 33 215 41686,523321541686,valid_format_only,No website found,,https://www.openstreetmap.org/node/11425823899
Yuko Sushi,Restaurante boutique,Mexico,Guadalajara,Providencia/Chapalita/Americana,+52 33 4382 8913,523343828913,valid_format_only,No website found,,https://www.openstreetmap.org/node/11600395921
Cenaduría Doña Rebe,Restaurante boutique,Mexico,Guadalajara,Providencia/Chapalita/Americana,+52 33 3140 4124,523331404124,valid_format_only,No website found,,https://www.openstreetmap.org/node/11608891060
La Real Cocina,Restaurante boutique,Mexico,Guadalajara,Providencia/Chapalita/Americana,+52 33 1593 1503,523315931503,valid_format_only,No website found,,https://www.openstreetmap.org/node/11656313404
Jia Xiang Tofu,Restaurante boutique,Mexico,Guadalajara,Providencia/Chapalita/Americana,+52 33 1088 4554,523310884554,valid_format_only,Only Instagram/Facebook,https://www.facebook.com/profile.php?id=100063580658866&sk=photos,https://www.openstreetmap.org/node/11860333899
DIMAStudio Diseño y Arquitectura,Arquitectura/interiorismo,Mexico,Guadalajara,Providencia/Chapalita/Americana,+52 33 3156 4296,523331564296,valid_format_only,No website found,,https://www.openstreetmap.org/node/11860363240
Berlins Bretzel Wagen,Restaurante boutique,Mexico,Guadalajara,Providencia/Chapalita/Americana,+52 33 2472 9030,523324729030,valid_format_only,Modern/official website found,https://www.berlins.mx,https://www.openstreetmap.org/node/12054128698
La Chata,Restaurante boutique,Mexico,Guadalajara,Providencia/Chapalita/Americana,+523336411853,523336411853,valid_format_only,Modern/official website found,http://lachata.com.mx,https://www.openstreetmap.org/node/12119110301
Animal Health,Veterinaria,Mexico,Guadalajara,Providencia/Chapalita/Americana,+52 33 3617 6971,523336176971,valid_format_only,No website found,,https://www.openstreetmap.org/node/12177450059
VETRERINARIA ITZCUINCALLI,Veterinaria,Mexico,Guadalajara,Providencia/Chapalita/Americana,+52 33 3846 7101,523338467101,valid_format_only,No website found,,https://www.openstreetmap.org/node/12181365927
VETERINARIAFIDO VET,Veterinaria,Mexico,Guadalajara,Providencia/Chapalita/Americana,33340557841,,invalid_phone,No website found,,https://www.openstreetmap.org/node/12181365929
VETERINARIA Y ESTETICA CANINA,Veterinaria,Mexico,Guadalajara,Providencia/Chapalita/Americana,33338128925,,invalid_phone,No website found,,https://www.openstreetmap.org/node/12181365934
VETERINARIA VIEFER,Veterinaria,Mexico,Guadalajara,Providencia/Chapalita/Americana,+52 33 1707 6689,523317076689,valid_format_only,No website found,,https://www.openstreetmap.org/node/12181365939
VETERINARIA SESAVET,Veterinaria,Mexico,Guadalajara,Providencia/Chapalita/Americana,+52 33 3854 1540,523338541540,valid_format_only,No website found,,https://www.openstreetmap.org/node/12181365956
VETERINARIA REINO ANIMALS,Veterinaria,Mexico,Guadalajara,Providencia/Chapalita/Americana,+52 33 2465 7493,523324657493,valid_format_only,No website found,,https://www.openstreetmap.org/node/12181365970
VETERINARIA REINO ANIMAL,Veterinaria,Mexico,Guadalajara,Providencia/Chapalita/Americana,+52 33 1118 8261,523311188261,valid_format_only,No website found,,https://www.openstreetmap.org/node/12181365971
VETERINARIA PUPPYS,Veterinaria,Mexico,Guadalajara,Providencia/Chapalita/Americana,+52 33 3811 3044,523338113044,valid_format_only,No website found,,https://www.openstreetmap.org/node/12181365973
VETERINARIA PROVIDENCIA,Veterinaria,Mexico,Guadalajara,Providencia/Chapalita/Americana,+52 33 3474 1117,523334741117,valid_format_only,No website found,,https://www.openstreetmap.org/node/12181365974
VETERINARIA PET S SOLUTIONS,Veterinaria,Mexico,Guadalajara,Providencia/Chapalita/Americana,+52 33 4444 4214,523344444214,valid_format_only,No website found,,https://www.openstreetmap.org/node/12181365979
VETERINARIA PET MANIA,Veterinaria,Mexico,Guadalajara,Providencia/Chapalita/Americana,+52 33 2072 9717,523320729717,valid_format_only,No website found,,https://www.openstreetmap.org/node/12181365980
VETERINARIA PET AMOUR,Veterinaria,Mexico,Guadalajara,Providencia/Chapalita/Americana,+52 33 1193 5875,523311935875,valid_format_only,No website found,,https://www.openstreetmap.org/node/12181365981
VETERINARIA ORIGAM,Veterinaria,Mexico,Guadalajara,Providencia/Chapalita/Americana,+52 33 1194 9023,523311949023,valid_format_only,No website found,,https://www.openstreetmap.org/node/12181365984
VETERINARIA MONORTZ,Veterinaria,Mexico,Guadalajara,Providencia/Chapalita/Americana,+52 33 7617 8625,523376178625,valid_format_only,No website found,,https://www.openstreetmap.org/node/12181365988
VETERINARIA MEXICO,Veterinaria,Mexico,Guadalajara,Providencia/Chapalita/Americana,+52 33 1248 4239,523312484239,valid_format_only,No website found,,https://www.openstreetmap.org/node/12181365993
VETERINARIA MERAKI PETS,Veterinaria,Mexico,Guadalajara,Providencia/Chapalita/Americana,+52 33 1395 0302,523313950302,valid_format_only,No website found,,https://www.openstreetmap.org/node/12181365994
VETERINARIA MEDI PET,Veterinaria,Mexico,Guadalajara,Providencia/Chapalita/Americana,+52 33 2384 0703,523323840703,valid_format_only,No website found,,https://www.openstreetmap.org/node/12181365995
VETERINARIA- LITTLE TAILS,Veterinaria,Mexico,Guadalajara,Providencia/Chapalita/Americana,+52 33 1460 6477,523314606477,valid_format_only,No website found,,https://www.openstreetmap.org/node/12181367507
VETERINARIA LEON EL,Veterinaria,Mexico,Guadalajara,Providencia/Chapalita/Americana,+52 33 3619 9171,523336199171,valid_format_only,No website found,,https://www.openstreetmap.org/node/12181367508
VETERINARIA LA CASA DE TOBI,Veterinaria,Mexico,Guadalajara,Providencia/Chapalita/Americana,+52 33 3812 7171,523338127171,valid_format_only,No website found,,https://www.openstreetmap.org/node/12181367511
VETERINARIA LA CASA DE LA MASCOTA,Veterinaria,Mexico,Guadalajara,Providencia/Chapalita/Americana,+52 33 3637 8711,523336378711,valid_format_only,No website found,,https://www.openstreetmap.org/node/12181367512
VETERINARIA HUIZAR,Veterinaria,Mexico,Guadalajara,Providencia/Chapalita/Americana,+52 33 1065 6792,523310656792,valid_format_only,No website found,,https://www.openstreetmap.org/node/12181367519
VETERINARIA GREEN HEALTH,Veterinaria,Mexico,Guadalajara,Providencia/Chapalita/Americana,+52 33 3116 5345,523331165345,valid_format_only,No website found,,https://www.openstreetmap.org/node/12181367523
VETERINARIA GENTIL ANIMALS,Veterinaria,Mexico,Guadalajara,Providencia/Chapalita/Americana,+52 33 2989 4821,523329894821,valid_format_only,No website found,,https://www.openstreetmap.org/node/12181367526
VETERINARIA COUNTRY CAN,Veterinaria,Mexico,Guadalajara,Providencia/Chapalita/Americana,+52 33 3126 4085,523331264085,valid_format_only,No website found,,https://www.openstreetmap.org/node/12181367545
VETERINARIA CLINICKAN,Veterinaria,Mexico,Guadalajara,Providencia/Chapalita/Americana,+52 33 1819 9181,523318199181,valid_format_only,No website found,,https://www.openstreetmap.org/node/12181367547
VETERINARIA CANNES,Veterinaria,Mexico,Guadalajara,Providencia/Chapalita/Americana,+52 33 3827 3840,523338273840,valid_format_only,No website found,,https://www.openstreetmap.org/node/12181367554
VETERINARIA CANINA,Veterinaria,Mexico,Guadalajara,Providencia/Chapalita/Americana,+52 33 1202 8741,523312028741,valid_format_only,No website found,,https://www.openstreetmap.org/node/12181367556
VETERINARIA CALIFORNIA,Veterinaria,Mexico,Guadalajara,Providencia/Chapalita/Americana,+52 33 3637 8517,523336378517,valid_format_only,No website found,,https://www.openstreetmap.org/node/12181367557
VETERINARIA BLACKI,Veterinaria,Mexico,Guadalajara,Providencia/Chapalita/Americana,+52 33 3825 5445,523338255445,valid_format_only,No website found,,https://www.openstreetmap.org/node/12181367560
VETERINARIA BLACK FOX,Veterinaria,Mexico,Guadalajara,Providencia/Chapalita/Americana,+52 33 1326 0035,523313260035,valid_format_only,No website found,,https://www.openstreetmap.org/node/12181367561
VETERINARIA ANIMAL LIFE,Veterinaria,Mexico,Guadalajara,Providencia/Chapalita/Americana,+52 33 1368 2381,523313682381,valid_format_only,No website found,,https://www.openstreetmap.org/node/12181367566
VETERINARIA ALAMEDA,Veterinaria,Mexico,Guadalajara,Providencia/Chapalita/Americana,17328154,,invalid_phone,No website found,,https://www.openstreetmap.org/node/12181367572
TARA GROOMING,Veterinaria,Mexico,Guadalajara,Providencia/Chapalita/Americana,+52 33 3846 4920,523338464920,valid_format_only,No website found,,https://www.openstreetmap.org/node/12181367584
SERVICIOS MEDICOS VETERINARIOS DE GUADALAJARA,Veterinaria,Mexico,Guadalajara,Providencia/Chapalita/Americana,+52 33 3615 2425,523336152425,valid_format_only,Modern/official website found,WWW.ARCADENOE.COM,https://www.openstreetmap.org/node/12181367587
RONALD PETS VETERINARIA,Veterinaria,Mexico,Guadalajara,Providencia/Chapalita/Americana,+52 33 1453 5419,523314535419,valid_format_only,No website found,,https://www.openstreetmap.org/node/12181367591
PETZU ANIMAL CARE,Veterinaria,Mexico,Guadalajara,Providencia/Chapalita/Americana,+52 33 1850 5339,523318505339,valid_format_only,No website found,,https://www.openstreetmap.org/node/12181367594
PERROS DEL MUNDO,Veterinaria,Mexico,Guadalajara,Providencia/Chapalita/Americana,+52 33 1250 7860,523312507860,valid_format_only,No website found,,https://www.openstreetmap.org/node/12181367599
OCICAT,Veterinaria,Mexico,Guadalajara,Providencia/Chapalita/Americana,+52 33 1177 4473,523311774473,valid_format_only,No website found,,https://www.openstreetmap.org/node/12181367601
MUNDO VETERINARIO,Veterinaria,Mexico,Guadalajara,Providencia/Chapalita/Americana,+52 33 1512 7546,523315127546,valid_format_only,No website found,,https://www.openstreetmap.org/node/12181367602
MULTISERVICIOS VETERINARIOS,Veterinaria,Mexico,Guadalajara,Providencia/Chapalita/Americana,+52 33 3618 3680,523336183680,valid_format_only,No website found,,https://www.openstreetmap.org/node/12181367603
MEDICAL PET,Veterinaria,Mexico,Guadalajara,Providencia/Chapalita/Americana,+52 33 1431 1050,523314311050,valid_format_only,No website found,,https://www.openstreetmap.org/node/12181367605
LA PANTERA ROSA,Veterinaria,Mexico,Guadalajara,Providencia/Chapalita/Americana,+52 33 3609 4243,523336094243,valid_format_only,No website found,,https://www.openstreetmap.org/node/12181367610
KA AN VETERINARIA,Veterinaria,Mexico,Guadalajara,Providencia/Chapalita/Americana,36133506,,invalid_phone,No website found,,https://www.openstreetmap.org/node/12181367613
HOSPITAL VETERINARIO REAL SAN FRANCISCO,Veterinaria,Mexico,Guadalajara,Providencia/Chapalita/Americana,+52 33 3811 7832,523338117832,valid_format_only,No website found,,https://www.openstreetmap.org/node/12181367619
HOSPITAL VETERINARIO PROVIDENCIA,Veterinaria,Mexico,Guadalajara,Providencia/Chapalita/Americana,+52 33 3640 1037,523336401037,valid_format_only,No website found,,https://www.openstreetmap.org/node/12181367620
HOSPITAL VETERINARIO GUADALAJARA,Veterinaria,Mexico,Guadalajara,Providencia/Chapalita/Americana,+52 33 3630 1730,523336301730,valid_format_only,No website found,,https://www.openstreetmap.org/node/12181367623
GUARDERIA CANINA DOG DOG ENCAMINANDO A TU PERRO,Veterinaria,Mexico,Guadalajara,Providencia/Chapalita/Americana,+52 33 1109 4075,523311094075,valid_format_only,Modern/official website found,WWW.DOGDOG.MX,https://www.openstreetmap.org/node/12181367629
ESTETICA VETERINARIA,Veterinaria,Mexico,Guadalajara,Providencia/Chapalita/Americana,+52 33 1701 7722,523317017722,valid_format_only,No website found,,https://www.openstreetmap.org/node/12181367635
DHARMA VET,Veterinaria,Mexico,Guadalajara,Providencia/Chapalita/Americana,+52 33 2651 4463,523326514463,valid_format_only,No website found,,https://www.openstreetmap.org/node/12181367638
CONSULTORIO VETERINARIO,Veterinaria,Mexico,Guadalajara,Providencia/Chapalita/Americana,+52 33 3854 5311,523338545311,valid_format_only,No website found,,https://www.openstreetmap.org/node/12181367644
CONSULTORIO COUNTRY PETS,Veterinaria,Mexico,Guadalajara,Providencia/Chapalita/Americana,+52 33 3853 4542,523338534542,valid_format_only,No website found,,https://www.openstreetmap.org/node/12181367647
CLINICA VETERINARIA SEÃOR DOGS,Veterinaria,Mexico,Guadalajara,Providencia/Chapalita/Americana,+52 33 3616 9726,523336169726,valid_format_only,Modern/official website found,WWW.SRDOGS.COM.MX,https://www.openstreetmap.org/node/12181367654
"CLINICA VETERINARIA SAN FRANSCISCO DE ASIS, ESPECIALISTAS EN DERTAMATOLOGIA",Veterinaria,Mexico,Guadalajara,Providencia/Chapalita/Americana,+52 33 1349 3057,523313493057,valid_format_only,No website found,,https://www.openstreetmap.org/node/12181367656
CLINICA VETERINARIA GHENE,Veterinaria,Mexico,Guadalajara,Providencia/Chapalita/Americana,+52 33 3638 1101,523336381101,valid_format_only,No website found,,https://www.openstreetmap.org/node/12181367664
CLÃNICA VETERINARIA DROOPY,Veterinaria,Mexico,Guadalajara,Providencia/Chapalita/Americana,+52 33 1332 7882,523313327882,valid_format_only,No website found,,https://www.openstreetmap.org/node/12181367665
CLINICA VETERINARIA BASENJI,Veterinaria,Mexico,Guadalajara,Providencia/Chapalita/Americana,+52 33 1149 7688,523311497688,valid_format_only,No website found,,https://www.openstreetmap.org/node/12181367669
CLINICA VETERINARIA ANIMAL KINGDOMM,Veterinaria,Mexico,Guadalajara,Providencia/Chapalita/Americana,+52 33 3345 4104,523333454104,valid_format_only,Modern/official website found,WWW.ANIMALKINGDONM.COM,https://www.openstreetmap.org/node/12181367671
CENTRO MEDICO VETERINARIO ARGOS,Veterinaria,Mexico,Guadalajara,Providencia/Chapalita/Americana,33313080,,invalid_phone,No website found,,https://www.openstreetmap.org/node/12181367677
CENTRO DE ECOGRAFIA CLINICA PARA MASCOTAS,Veterinaria,Mexico,Guadalajara,Providencia/Chapalita/Americana,+52 33 3120 3975,523331203975,valid_format_only,No website found,,https://www.openstreetmap.org/node/12181367679
CANOPOLIS,Veterinaria,Mexico,Guadalajara,Providencia/Chapalita/Americana,+52 33 3823 6558,523338236558,valid_format_only,Modern/official website found,WWW.CANOPOLIS.COM.MX,https://www.openstreetmap.org/node/12181367680
CANE CLINICA VETERINARIA Y ESTETICA,Veterinaria,Mexico,Guadalajara,Providencia/Chapalita/Americana,+52 33 1190 8996,523311908996,valid_format_only,No website found,,https://www.openstreetmap.org/node/12181367682
ASHOKA HOSPITAL VETERINARIO,Veterinaria,Mexico,Guadalajara,Providencia/Chapalita/Americana,+52 33 1466 3554,523314663554,valid_format_only,No website found,,https://www.openstreetmap.org/node/12181367685
ABYVET VETERINARIA,Veterinaria,Mexico,Guadalajara,Providencia/Chapalita/Americana,36581187,,invalid_phone,No website found,,https://www.openstreetmap.org/node/12181367689
VILLALOBOS ABOGADOS Y ASOCIADOS,Abogado migratorio,Mexico,Guadalajara,Providencia/Chapalita/Americana,3338206037.0,,invalid_phone,No website found,,https://www.openstreetmap.org/node/12193914654
VALLE AVILA ABOGADOS,Abogado migratorio,Mexico,Guadalajara,Providencia/Chapalita/Americana,3312364676.0,,invalid_phone,No website found,,https://www.openstreetmap.org/node/12193914658
UNIVERSIDAD FUNDACION DE DESARROLLO,Abogado migratorio,Mexico,Guadalajara,Providencia/Chapalita/Americana,3336581250.0,,invalid_phone,No website found,,https://www.openstreetmap.org/node/12193914661
SOLTERO Y ASOCIADOS,Abogado migratorio,Mexico,Guadalajara,Providencia/Chapalita/Americana,3331213610.0,,invalid_phone,No website found,,https://www.openstreetmap.org/node/12193914668
SERVICIOS JURIDICOS PERMANENTES,Abogado migratorio,Mexico,Guadalajara,Providencia/Chapalita/Americana,3338270919.0,,invalid_phone,No website found,,https://www.openstreetmap.org/node/12193914672
SERVICIOS DE DESPACHO JURIDICO BYG ASOCIADOS,Abogado migratorio,Mexico,Guadalajara,Providencia/Chapalita/Americana,3339152130.0,,invalid_phone,No website found,,https://www.openstreetmap.org/node/12193914674
SANCHEZ CARRILLO Y ASOCIADOS,Abogado migratorio,Mexico,Guadalajara,Providencia/Chapalita/Americana,3336164063.0,,invalid_phone,No website found,,https://www.openstreetmap.org/node/12193914679
ROYES SC,Abogado migratorio,Mexico,Guadalajara,Providencia/Chapalita/Americana,3336582442.0,,invalid_phone,No website found,,https://www.openstreetmap.org/node/12193914685
ROYAL SERVICES BURO DE ESTUDIOS JURIDICOS Y PROYECTOS,Abogado migratorio,Mexico,Guadalajara,Providencia/Chapalita/Americana,3333358043.0,,invalid_phone,Modern/official website found,WWW.ROYALSERVICIES.ORG,https://www.openstreetmap.org/node/12193914686
RAMOS RIPOLL Y SCHUSTER,Abogado migratorio,Mexico,Guadalajara,Providencia/Chapalita/Americana,3121143908.0,,invalid_phone,Modern/official website found,WWW.RRS.COM.MX,https://www.openstreetmap.org/node/12193914691
RAMIREZ Y ASOCIADOS ABOGADOS,Abogado migratorio,Mexico,Guadalajara,Providencia/Chapalita/Americana,3333450026.0,,invalid_phone,No website found,,https://www.openstreetmap.org/node/12193914692
OSORIO CORPORATIVO LEGAL,Abogado migratorio,Mexico,Guadalajara,Providencia/Chapalita/Americana,3335631975.0,,invalid_phone,Modern/official website found,WWW.OSORIOABOGADOS.COM.MX,https://www.openstreetmap.org/node/12193919001
OROZCO JASSO ASESORES,Abogado migratorio,Mexico,Guadalajara,Providencia/Chapalita/Americana,3331101830.0,,invalid_phone,Modern/official website found,WWW.SOLUCIONDL.COM,https://www.openstreetmap.org/node/12193919004
OFICINAS JIMENEZ,Abogado migratorio,Mexico,Guadalajara,Providencia/Chapalita/Americana,3336403324.0,,invalid_phone,No website found,,https://www.openstreetmap.org/node/12193919006
OFICINAS,Abogado migratorio,Mexico,Guadalajara,Providencia/Chapalita/Americana,3331240988.0,,invalid_phone,No website found,,https://www.openstreetmap.org/node/12193919011
OFICINADE ABOGADO,Abogado migratorio,Mexico,Guadalajara,Providencia/Chapalita/Americana,3311487508.0,,invalid_phone,No website found,,https://www.openstreetmap.org/node/12193919012
OFICINA PRIVADA,Abogado migratorio,Mexico,Guadalajara,Providencia/Chapalita/Americana,3333342686.0,,invalid_phone,No website found,,https://www.openstreetmap.org/node/12193919013
OFICINA JURIDICA LABORAL,Abogado migratorio,Mexico,Guadalajara,Providencia/Chapalita/Americana,3338272325.0,,invalid_phone,No website found,,https://www.openstreetmap.org/node/12193919014
OFICINA JURIDICA,Abogado migratorio,Mexico,Guadalajara,Providencia/Chapalita/Americana,3336301197.0,,invalid_phone,No website found,,https://www.openstreetmap.org/node/12193919015
OFICINA DE TRAMITES AUTOTRAMITES PARTIDA,Abogado migratorio,Mexico,Guadalajara,Providencia/Chapalita/Americana,3338236065.0,,invalid_phone,No website found,,https://www.openstreetmap.org/node/12193919016
OFICINA DE ABOGADOS,Abogado migratorio,Mexico,Guadalajara,Providencia/Chapalita/Americana,3331204092.0,,invalid_phone,No website found,,https://www.openstreetmap.org/node/12193919019
NOTARIA DE ABOGADOS,Abogado migratorio,Mexico,Guadalajara,Providencia/Chapalita/Americana,3311990284.0,,invalid_phone,Modern/official website found,WWW.AMEZC8UALVAREZ.COM,https://www.openstreetmap.org/node/12193919026
MUÑOZ DIAZ ABOGADOS,Abogado migratorio,Mexico,Guadalajara,Providencia/Chapalita/Americana,3336475455.0,,invalid_phone,No website found,,https://www.openstreetmap.org/node/12193919029
MG ABOGADOS,Abogado migratorio,Mexico,Guadalajara,Providencia/Chapalita/Americana,3336163737.0,,invalid_phone,No website found,,https://www.openstreetmap.org/node/12193919036
MEJIA Y ASOCIADOS SOLUCIONES LEGALES INTEGRALES,Abogado migratorio,Mexico,Guadalajara,Providencia/Chapalita/Americana,3336151618.0,,invalid_phone,Modern/official website found,WWW.MEJIAYASOCIADOS.ORG,https://www.openstreetmap.org/node/12193919038
LEGAL SOLUTION,Abogado migratorio,Mexico,Guadalajara,Providencia/Chapalita/Americana,3324690775.0,,invalid_phone,No website found,,https://www.openstreetmap.org/node/12193919045
LEGAL BUSINESS SOLUTION,Abogado migratorio,Mexico,Guadalajara,Providencia/Chapalita/Americana,3314288984.0,,invalid_phone,Modern/official website found,WWW.LEGALBUSINESSSOLUTIONS.COM.MX,https://www.openstreetmap.org/node/12193919046
LAZO VILLA MOEL Y GARCIA,Abogado migratorio,Mexico,Guadalajara,Providencia/Chapalita/Americana,3336413761.0,,invalid_phone,Modern/official website found,WWW.LVMG.MX,https://www.openstreetmap.org/node/12193919047
KOMPLEX GRUPPE,Abogado migratorio,Mexico,Guadalajara,Providencia/Chapalita/Americana,3336158496.0,,invalid_phone,No website found,,https://www.openstreetmap.org/node/12193919050
JURÍDICO RAMOS Y ASOCIADOS,Abogado migratorio,Mexico,Guadalajara,Providencia/Chapalita/Americana,3331475359.0,,invalid_phone,No website found,,https://www.openstreetmap.org/node/12193919054
JURIDICO PEREZ PARRA Y ASOC,Abogado migratorio,Mexico,Guadalajara,Providencia/Chapalita/Americana,3338250997.0,,invalid_phone,No website found,,https://www.openstreetmap.org/node/12193919055
JURIDICO MAGDALENO,Abogado migratorio,Mexico,Guadalajara,Providencia/Chapalita/Americana,3336148018.0,,invalid_phone,No website found,,https://www.openstreetmap.org/node/12193919057
JURIDICO LUNA,Abogado migratorio,Mexico,Guadalajara,Providencia/Chapalita/Americana,3338256744.0,,invalid_phone,No website found,,https://www.openstreetmap.org/node/12193919058
JURIDICA ESPECIALISTAS DE OCCIDENTE,Abogado migratorio,Mexico,Guadalajara,Providencia/Chapalita/Americana,3336402876.0,,invalid_phone,Modern/official website found,WWW.JURIDICAESPECIALISTAS.COM,https://www.openstreetmap.org/node/12193919063
JURE FIRMA LEGAL ESPECIALIZADA,Abogado migratorio,Mexico,Guadalajara,Providencia/Chapalita/Americana,3336157046.0,,invalid_phone,No website found,,https://www.openstreetmap.org/node/12193919064
INTERVENI CONSULTORES,Abogado migratorio,Mexico,Guadalajara,Providencia/Chapalita/Americana,3336471302.0,,invalid_phone,No website found,,https://www.openstreetmap.org/node/12193919067
INOVA,Abogado migratorio,Mexico,Guadalajara,Providencia/Chapalita/Americana,3317348930.0,,invalid_phone,No website found,,https://www.openstreetmap.org/node/12193919068
IMPRESOS GUADALAJARA,Abogado migratorio,Mexico,Guadalajara,Providencia/Chapalita/Americana,16935896.0,,invalid_phone,No website found,,https://www.openstreetmap.org/node/12193919071
HELT,Abogado migratorio,Mexico,Guadalajara,Providencia/Chapalita/Americana,3323036046.0,,invalid_phone,Modern/official website found,WWW.HELT.MX,https://www.openstreetmap.org/node/12193919073
HANNON Y ASOCIADOS,Abogado migratorio,Mexico,Guadalajara,Providencia/Chapalita/Americana,3336111261.0,,invalid_phone,No website found,,https://www.openstreetmap.org/node/12193919074
GUTIERREZ AVELAR ASESORES,Abogado migratorio,Mexico,Guadalajara,Providencia/Chapalita/Americana,3336271497.0,,invalid_phone,No website found,,https://www.openstreetmap.org/node/12193919076
GURROLA ALCAZAR Y ABOGADOS,Abogado migratorio,Mexico,Guadalajara,Providencia/Chapalita/Americana,3313775023.0,,invalid_phone,No website found,,https://www.openstreetmap.org/node/12193919078
GRUPO CARBAGO CORPORACION JURIDICA,Abogado migratorio,Mexico,Guadalajara,Providencia/Chapalita/Americana,3336302842.0,,invalid_phone,No website found,,https://www.openstreetmap.org/node/12193919082
GONZALEZ PARADA Y ASOCIADOS,Abogado migratorio,Mexico,Guadalajara,Providencia/Chapalita/Americana,3336164479.0,,invalid_phone,No website found,,https://www.openstreetmap.org/node/12193919083
GONZALEZ MONTEON Y ASOCIADOS,Abogado migratorio,Mexico,Guadalajara,Providencia/Chapalita/Americana,3336134102.0,,invalid_phone,No website found,,https://www.openstreetmap.org/node/12193919084
GONZALEZ LUNA ABOGADOS;CORREDURIA 81,Abogado migratorio,Mexico,Guadalajara,Providencia/Chapalita/Americana,3338170024.0,,invalid_phone,Modern/official website found,WWW.GONZALEZLUNA.COM,https://www.openstreetmap.org/node/12193919085
GOMEZ Y ASOCIADOS Y ABOGADOS,Abogado migratorio,Mexico,Guadalajara,Providencia/Chapalita/Americana,16424563.0,,invalid_phone,No website found,,https://www.openstreetmap.org/node/12193919088
GOMEZ LIZAOLA Y GOMEZ GOVEA CORPORATIVO,Abogado migratorio,Mexico,Guadalajara,Providencia/Chapalita/Americana,3324721066.0,,invalid_phone,Modern/official website found,WWW.GLGCORPORATIVO.COM.MX,https://www.openstreetmap.org/node/12193919089
GIGSA PISO CINCO,Abogado migratorio,Mexico,Guadalajara,Providencia/Chapalita/Americana,3336168024.0,,invalid_phone,No website found,,https://www.openstreetmap.org/node/12193919091
GIBOS JURIDICO CONTABLE,Abogado migratorio,Mexico,Guadalajara,Providencia/Chapalita/Americana,3313326727.0,,invalid_phone,Modern/official website found,WWW.GIBOS.MX,https://www.openstreetmap.org/node/12193919092
GESTORIA JURIDICA Y ESCOLAR,Abogado migratorio,Mexico,Guadalajara,Providencia/Chapalita/Americana,3313976037.0,,invalid_phone,No website found,,https://www.openstreetmap.org/node/12193919093
GBG,Abogado migratorio,Mexico,Guadalajara,Providencia/Chapalita/Americana,3339021993.0,,invalid_phone,No website found,,https://www.openstreetmap.org/node/12193919094
GAACK,Abogado migratorio,Mexico,Guadalajara,Providencia/Chapalita/Americana,3335554865.0,,invalid_phone,No website found,,https://www.openstreetmap.org/node/12193919101
FIRMA DE ABOGADOS,Abogado migratorio,Mexico,Guadalajara,Providencia/Chapalita/Americana,3315244249.0,,invalid_phone,No website found,,https://www.openstreetmap.org/node/12193919107
FEDERACION OBRERA DE JALISCO,Abogado migratorio,Mexico,Guadalajara,Providencia/Chapalita/Americana,3336586134.0,,invalid_phone,No website found,,https://www.openstreetmap.org/node/12193919110
FABIAN & FABIAN ABOGADOS,Abogado migratorio,Mexico,Guadalajara,Providencia/Chapalita/Americana,3336155009.0,,invalid_phone,Modern/official website found,WWW.FABIANYFABIANABOGADOS.COM,https://www.openstreetmap.org/node/12193919113
EXIR GRUPO JURIDICO,Abogado migratorio,Mexico,Guadalajara,Providencia/Chapalita/Americana,3336301429.0,,invalid_phone,No website found,,https://www.openstreetmap.org/node/12193919114
ESTUDIOS JURIDICOS,Abogado migratorio,Mexico,Guadalajara,Providencia/Chapalita/Americana,3336131493.0,,invalid_phone,No website found,,https://www.openstreetmap.org/node/12193919115
ESTUDIO DE ABOGADOS,Abogado migratorio,Mexico,Guadalajara,Providencia/Chapalita/Americana,3336162909.0,,invalid_phone,No website found,,https://www.openstreetmap.org/node/12193919116
ESTEVANE Y ASOCIADOS,Abogado migratorio,Mexico,Guadalajara,Providencia/Chapalita/Americana,3338271274.0,,invalid_phone,No website found,,https://www.openstreetmap.org/node/12193919117
ESPINO Y ASOCIADOS,Abogado migratorio,Mexico,Guadalajara,Providencia/Chapalita/Americana,3336156707.0,,invalid_phone,No website found,,https://www.openstreetmap.org/node/12193919118
ESPECIALISTAS LABORALES,Abogado migratorio,Mexico,Guadalajara,Providencia/Chapalita/Americana,36130911.0,,invalid_phone,No website found,,https://www.openstreetmap.org/node/12193919119
EMPORIO ESTRATEGICO JURIDICO,Abogado migratorio,Mexico,Guadalajara,Providencia/Chapalita/Americana,3336164471.0,,invalid_phone,No website found,,https://www.openstreetmap.org/node/12193919120
EMPLOYEE SOLUCIONES,Abogado migratorio,Mexico,Guadalajara,Providencia/Chapalita/Americana,3336133397.0,,invalid_phone,No website found,,https://www.openstreetmap.org/node/12193919121
EER ABOGADO,Abogado migratorio,Mexico,Guadalajara,Providencia/Chapalita/Americana,3336478477.0,,invalid_phone,No website found,,https://www.openstreetmap.org/node/12193919122
DIVORCIO EXPRESS SIN NOMBRE,Abogado migratorio,Mexico,Guadalajara,Providencia/Chapalita/Americana,33189345554.0,,invalid_phone,No website found,,https://www.openstreetmap.org/node/12193919125
DISTINTA CONSULTORIA INTEGRAL,Abogado migratorio,Mexico,Guadalajara,Providencia/Chapalita/Americana,3336582075.0,,invalid_phone,No website found,,https://www.openstreetmap.org/node/12193919126
DESPCHO ACEVES Y ASOCIADOS,Abogado migratorio,Mexico,Guadalajara,Providencia/Chapalita/Americana,3338259755.0,,invalid_phone,No website found,,https://www.openstreetmap.org/node/12193919127
DESPACXHO DE ABOGADOS 226-8,Abogado migratorio,Mexico,Guadalajara,Providencia/Chapalita/Americana,3336163890.0,,invalid_phone,No website found,,https://www.openstreetmap.org/node/12193919128
DESPACHO LIC JOSE EUGENIO GUTIERREZ ROCHA,Abogado migratorio,Mexico,Guadalajara,Providencia/Chapalita/Americana,3336139913.0,,invalid_phone,No website found,,https://www.openstreetmap.org/node/12193919132
DESPACHO JURIDICO Y COPIAS,Abogado migratorio,Mexico,Guadalajara,Providencia/Chapalita/Americana,3313459185.0,,invalid_phone,No website found,,https://www.openstreetmap.org/node/12193919135
DESPACHO JURIDICO VILLANUEVA,Abogado migratorio,Mexico,Guadalajara,Providencia/Chapalita/Americana,3312033858.0,,invalid_phone,No website found,,https://www.openstreetmap.org/node/12193919136
DESPACHO JURIDICO SIN NOMBRE,Abogado migratorio,Mexico,Guadalajara,Providencia/Chapalita/Americana,3336135335.0,,invalid_phone,No website found,,https://www.openstreetmap.org/node/12193919140
DESPACHO JURIDICO SIN NOMBRE,Abogado migratorio,Mexico,Guadalajara,Providencia/Chapalita/Americana,3336146702.0,,invalid_phone,No website found,,https://www.openstreetmap.org/node/12193919153
DESPACHO JURIDICO SIN NOMBRE,Abogado migratorio,Mexico,Guadalajara,Providencia/Chapalita/Americana,3336143064.0,,invalid_phone,No website found,,https://www.openstreetmap.org/node/12193919154
DESPACHO JURIDICO SIN NOMBRE,Abogado migratorio,Mexico,Guadalajara,Providencia/Chapalita/Americana,3311693142.0,,invalid_phone,No website found,,https://www.openstreetmap.org/node/12193919155
DESPACHO JURIDICO SIN NOMBRE,Abogado migratorio,Mexico,Guadalajara,Providencia/Chapalita/Americana,3336149415.0,,invalid_phone,No website found,,https://www.openstreetmap.org/node/12193919157
DESPACHO JURIDICO SIN NOMBRE,Abogado migratorio,Mexico,Guadalajara,Providencia/Chapalita/Americana,3336135508.0,,invalid_phone,No website found,,https://www.openstreetmap.org/node/12193919158
DESPACHO JURIDICO SIN NÓMBRE,Abogado migratorio,Mexico,Guadalajara,Providencia/Chapalita/Americana,3336502894.0,,invalid_phone,No website found,,https://www.openstreetmap.org/node/12193919160
DESPACHO JURIDICO SÁNCHEZ,Abogado migratorio,Mexico,Guadalajara,Providencia/Chapalita/Americana,3313946452.0,,invalid_phone,No website found,,https://www.openstreetmap.org/node/12193919163
DESPACHO JURIDICO RALAM,Abogado migratorio,Mexico,Guadalajara,Providencia/Chapalita/Americana,3316717138.0,,invalid_phone,No website found,,https://www.openstreetmap.org/node/12193919165
DESPACHO JURIDICO OLVEDA GARCIA,Abogado migratorio,Mexico,Guadalajara,Providencia/Chapalita/Americana,33425018.0,,invalid_phone,No website found,,https://www.openstreetmap.org/node/12193919167
DESPACHO JURIDICO NUÑEZ LOPEZ CONSULTORES,Abogado migratorio,Mexico,Guadalajara,Providencia/Chapalita/Americana,3313552173.0,,invalid_phone,No website found,,https://www.openstreetmap.org/node/12193919168
DESPACHO JURIDICO NAVARRO NIEVES Y ASOCIADOS,Abogado migratorio,Mexico,Guadalajara,Providencia/Chapalita/Americana,3331229944.0,,invalid_phone,No website found,,https://www.openstreetmap.org/node/12193919169
DESPACHO JURIDICO MIGUEL HERNANDEZ COBIAN,Abogado migratorio,Mexico,Guadalajara,Providencia/Chapalita/Americana,3338271186.0,,invalid_phone,No website found,,https://www.openstreetmap.org/node/12193919170
DESPACHO JURIDICO LOMELI Y VALDIVIA,Abogado migratorio,Mexico,Guadalajara,Providencia/Chapalita/Americana,3336309985.0,,invalid_phone,No website found,,https://www.openstreetmap.org/node/12193919172
DESPACHO JURIDICO JOSE,Abogado migratorio,Mexico,Guadalajara,Providencia/Chapalita/Americana,33338102757.0,,invalid_phone,No website found,,https://www.openstreetmap.org/node/12193919173
DESPACHO JURIDICO IMAGEN PRODUCTIVIDAD Y SERVICIO S.C,Abogado migratorio,Mexico,Guadalajara,Providencia/Chapalita/Americana,3335634291.0,,invalid_phone,Modern/official website found,WWW.USAC.COM.MX,https://www.openstreetmap.org/node/12193919175
DESPACHO JURIDICO GONZALEZ Y ASOCIADOS,Abogado migratorio,Mexico,Guadalajara,Providencia/Chapalita/Americana,3314062348.0,,invalid_phone,No website found,,https://www.openstreetmap.org/node/12193919177
DESPACHO JURIDICO GODINEZ CURIEL Y ASOCIADOS,Abogado migratorio,Mexico,Guadalajara,Providencia/Chapalita/Americana,3336474999.0,,invalid_phone,No website found,,https://www.openstreetmap.org/node/12193919178
DESPACHO JURIDICO DELGADILLO Y ASOCIADOS,Abogado migratorio,Mexico,Guadalajara,Providencia/Chapalita/Americana,3336581261.0,,invalid_phone,No website found,,https://www.openstreetmap.org/node/12193919180
DESPACHO JURIDICO CARDENAS Y ABOGADOS,Abogado migratorio,Mexico,Guadalajara,Providencia/Chapalita/Americana,3338234015.0,,invalid_phone,Modern/official website found,WWW.DESPACHOJURIDICOCARDENASYASOCIADOS.COM,https://www.openstreetmap.org/node/12193919184
DESPACHO JURIDICO,Abogado migratorio,Mexico,Guadalajara,Providencia/Chapalita/Americana,3316829995.0,,invalid_phone,No website found,,https://www.openstreetmap.org/node/12193919187
DESPACHO JURIDICO,Abogado migratorio,Mexico,Guadalajara,Providencia/Chapalita/Americana,3336584496.0,,invalid_phone,No website found,,https://www.openstreetmap.org/node/12193919188
DESPACHO JURIDICO,Abogado migratorio,Mexico,Guadalajara,Providencia/Chapalita/Americana,3338271345.0,,invalid_phone,No website found,,https://www.openstreetmap.org/node/12193919190
DESPACHO JURIDICO,Abogado migratorio,Mexico,Guadalajara,Providencia/Chapalita/Americana,36584476.0,,invalid_phone,No website found,,https://www.openstreetmap.org/node/12193919191
DESPACHO JURIDICO,Abogado migratorio,Mexico,Guadalajara,Providencia/Chapalita/Americana,3338238535.0,,invalid_phone,No website found,,https://www.openstreetmap.org/node/12193919192
DESPACHO JURIDICO,Abogado migratorio,Mexico,Guadalajara,Providencia/Chapalita/Americana,3336162241.0,,invalid_phone,No website found,,https://www.openstreetmap.org/node/12193919193
DESPACHO JURIDICO,Abogado migratorio,Mexico,Guadalajara,Providencia/Chapalita/Americana,3315926918.0,,invalid_phone,No website found,,https://www.openstreetmap.org/node/12193919194
DESPACHO JURIDICO,Abogado migratorio,Mexico,Guadalajara,Providencia/Chapalita/Americana,3333316931.0,,invalid_phone,No website found,,https://www.openstreetmap.org/node/12193919195
DESPACHO JURIDICO,Abogado migratorio,Mexico,Guadalajara,Providencia/Chapalita/Americana,3311580796.0,,invalid_phone,No website found,,https://www.openstreetmap.org/node/12193919197
DESPACHO JURIDICO,Abogado migratorio,Mexico,Guadalajara,Providencia/Chapalita/Americana,3336148495.0,,invalid_phone,No website found,,https://www.openstreetmap.org/node/12193919199
DESPACHO JURIDICO,Abogado migratorio,Mexico,Guadalajara,Providencia/Chapalita/Americana,3336374160.0,,invalid_phone,No website found,,https://www.openstreetmap.org/node/12193919201
DESPACHO JURIDICO,Abogado migratorio,Mexico,Guadalajara,Providencia/Chapalita/Americana,3336131998.0,,invalid_phone,No website found,,https://www.openstreetmap.org/node/12193919202
DESPACHO JURIDICO,Abogado migratorio,Mexico,Guadalajara,Providencia/Chapalita/Americana,3336145127.0,,invalid_phone,No website found,,https://www.openstreetmap.org/node/12193919203
DESPACHO JURIDICO,Abogado migratorio,Mexico,Guadalajara,Providencia/Chapalita/Americana,3338249382.0,,invalid_phone,No website found,,https://www.openstreetmap.org/node/12193919204
DESPACHO JURIDICO,Abogado migratorio,Mexico,Guadalajara,Providencia/Chapalita/Americana,3336148082.0,,invalid_phone,No website found,,https://www.openstreetmap.org/node/12193919205
DESPACHO JURIDICO,Abogado migratorio,Mexico,Guadalajara,Providencia/Chapalita/Americana,3336581811.0,,invalid_phone,No website found,,https://www.openstreetmap.org/node/12193919207
DESPACHO JURIDICO,Abogado migratorio,Mexico,Guadalajara,Providencia/Chapalita/Americana,3316123222.0,,invalid_phone,No website found,,https://www.openstreetmap.org/node/12193919208
DESPACHO JURIDICO,Abogado migratorio,Mexico,Guadalajara,Providencia/Chapalita/Americana,33136378159.0,,invalid_phone,No website found,,https://www.openstreetmap.org/node/12193919211
DESPACHO JURIDICO,Abogado migratorio,Mexico,Guadalajara,Providencia/Chapalita/Americana,3336156871.0,,invalid_phone,No website found,,https://www.openstreetmap.org/node/12193919212
DESPACHO JURIDICO,Abogado migratorio,Mexico,Guadalajara,Providencia/Chapalita/Americana,3338271374.0,,invalid_phone,No website found,,https://www.openstreetmap.org/node/12193919214
DESPACHO JURIDICO,Abogado migratorio,Mexico,Guadalajara,Providencia/Chapalita/Americana,3338178185.0,,invalid_phone,No website found,,https://www.openstreetmap.org/node/12193919219
DESPACHO JURIDICO,Abogado migratorio,Mexico,Guadalajara,Providencia/Chapalita/Americana,3331230097.0,,invalid_phone,No website found,,https://www.openstreetmap.org/node/12193919225
DESPACHO JURIDICO,Abogado migratorio,Mexico,Guadalajara,Providencia/Chapalita/Americana,3338258400.0,,invalid_phone,No website found,,https://www.openstreetmap.org/node/12193919226
DESPACHO JURIDICO,Abogado migratorio,Mexico,Guadalajara,Providencia/Chapalita/Americana,44338567629.0,,invalid_phone,No website found,,https://www.openstreetmap.org/node/12193919227
DESPACHO JURIDICO,Abogado migratorio,Mexico,Guadalajara,Providencia/Chapalita/Americana,3333426019.0,,invalid_phone,No website found,,https://www.openstreetmap.org/node/12193919230
DESPACHO JURIDICO,Abogado migratorio,Mexico,Guadalajara,Providencia/Chapalita/Americana,3336157674.0,,invalid_phone,No website found,,https://www.openstreetmap.org/node/12193919231
DESPACHO JURÍDICO,Abogado migratorio,Mexico,Guadalajara,Providencia/Chapalita/Americana,3331217014.0,,invalid_phone,No website found,,https://www.openstreetmap.org/node/12193919233
DESPACHO JURIDICO,Abogado migratorio,Mexico,Guadalajara,Providencia/Chapalita/Americana,3336140365.0,,invalid_phone,No website found,,https://www.openstreetmap.org/node/12193919236
DESPACHO JURIDICO,Abogado migratorio,Mexico,Guadalajara,Providencia/Chapalita/Americana,3336167182.0,,invalid_phone,No website found,,https://www.openstreetmap.org/node/12193919239
DESPACHO JURIDICO,Abogado migratorio,Mexico,Guadalajara,Providencia/Chapalita/Americana,3336161182.0,,invalid_phone,No website found,,https://www.openstreetmap.org/node/12193919240
DESPACHO JURIDICO,Abogado migratorio,Mexico,Guadalajara,Providencia/Chapalita/Americana,3331055456.0,,invalid_phone,No website found,,https://www.openstreetmap.org/node/12193919241
DESPACHO JURIDICO,Abogado migratorio,Mexico,Guadalajara,Providencia/Chapalita/Americana,3331620323.0,,invalid_phone,No website found,,https://www.openstreetmap.org/node/12193919244
DESPACHO JURIDICO,Abogado migratorio,Mexico,Guadalajara,Providencia/Chapalita/Americana,3338275038.0,,invalid_phone,No website found,,https://www.openstreetmap.org/node/12193919247
DESPACHO JIMÉNEZ Y ASOCIADOS,Abogado migratorio,Mexico,Guadalajara,Providencia/Chapalita/Americana,3318117668.0,,invalid_phone,No website found,,https://www.openstreetmap.org/node/12193919248
DESPACHO GRUPO IUS AGER,Abogado migratorio,Mexico,Guadalajara,Providencia/Chapalita/Americana,3338231395.0,,invalid_phone,No website found,,https://www.openstreetmap.org/node/12193919249
DESPACHO DE ABOGADOS Y CONTADORES,Abogado migratorio,Mexico,Guadalajara,Providencia/Chapalita/Americana,3336584452.0,,invalid_phone,No website found,,https://www.openstreetmap.org/node/12193919252
DESPACHO DE ABOGADOS SIN NOMBRE,Abogado migratorio,Mexico,Guadalajara,Providencia/Chapalita/Americana,3336581179.0,,invalid_phone,No website found,,https://www.openstreetmap.org/node/12193919256
DESPACHO DE ABOGADOS SIN NOMBRE,Abogado migratorio,Mexico,Guadalajara,Providencia/Chapalita/Americana,3336141607.0,,invalid_phone,No website found,,https://www.openstreetmap.org/node/12193919257
DESPACHO DE ABOGADOS SIN NOMBRE,Abogado migratorio,Mexico,Guadalajara,Providencia/Chapalita/Americana,3336156108.0,,invalid_phone,No website found,,https://www.openstreetmap.org/node/12193919259
DESPACHO DE ABOGADOS SIN NOMBRE,Abogado migratorio,Mexico,Guadalajara,Providencia/Chapalita/Americana,3336187710.0,,invalid_phone,No website found,,https://www.openstreetmap.org/node/12193919263
DESPACHO DE ABOGADOS SIN NOMBRE,Abogado migratorio,Mexico,Guadalajara,Providencia/Chapalita/Americana,3313839754.0,,invalid_phone,No website found,,https://www.openstreetmap.org/node/12193919265
DESPACHO DE ABOGADOS ORGANISTA RUIZ Y ASOCIADOS,Abogado migratorio,Mexico,Guadalajara,Providencia/Chapalita/Americana,3338174502.0,,invalid_phone,No website found,,https://www.openstreetmap.org/node/12193919269
DESPACHO DE ABOGADOS ESTEVEZ SALINAS,Abogado migratorio,Mexico,Guadalajara,Providencia/Chapalita/Americana,3338175681.0,,invalid_phone,Modern/official website found,WWW.ESTEVEZ.ORG,https://www.openstreetmap.org/node/12193919271
DESPACHO DE ABOGADOS,Abogado migratorio,Mexico,Guadalajara,Providencia/Chapalita/Americana,3338237409.0,,invalid_phone,No website found,,https://www.openstreetmap.org/node/12193919275
DESPACHO DE ABOGADOS,Abogado migratorio,Mexico,Guadalajara,Providencia/Chapalita/Americana,3336164166.0,,invalid_phone,No website found,,https://www.openstreetmap.org/node/12193919282
DESPACHO DE ABOGADOS,Abogado migratorio,Mexico,Guadalajara,Providencia/Chapalita/Americana,3338258145.0,,invalid_phone,No website found,,https://www.openstreetmap.org/node/12193919284
DESPACHO DE ABOGADOS,Abogado migratorio,Mexico,Guadalajara,Providencia/Chapalita/Americana,3338250770.0,,invalid_phone,No website found,,https://www.openstreetmap.org/node/12193919287
DESPACHO DE ABOGADOS,Abogado migratorio,Mexico,Guadalajara,Providencia/Chapalita/Americana,3313276130.0,,invalid_phone,No website found,,https://www.openstreetmap.org/node/12193919294
DESPACHO DE ABOGADOS,Abogado migratorio,Mexico,Guadalajara,Providencia/Chapalita/Americana,3312019829.0,,invalid_phone,No website found,,https://www.openstreetmap.org/node/12193919295
DESPACHO DE ABOGADOS,Abogado migratorio,Mexico,Guadalajara,Providencia/Chapalita/Americana,3336581097.0,,invalid_phone,No website found,,https://www.openstreetmap.org/node/12193919296
DESPACHO DE ABOGADOS,Abogado migratorio,Mexico,Guadalajara,Providencia/Chapalita/Americana,3336301080.0,,invalid_phone,No website found,,https://www.openstreetmap.org/node/12193919298
DESPACHO DE ABOGADOS,Abogado migratorio,Mexico,Guadalajara,Providencia/Chapalita/Americana,3338254604.0,,invalid_phone,No website found,,https://www.openstreetmap.org/node/12193919299
DESPACHO DE ABOGADO SOLUCIONES FISCALES AGILES,Abogado migratorio,Mexico,Guadalajara,Providencia/Chapalita/Americana,3338549535.0,,invalid_phone,No website found,,https://www.openstreetmap.org/node/12193919300
DESPACHO DE ABOGADO SIN NOMBRE,Abogado migratorio,Mexico,Guadalajara,Providencia/Chapalita/Americana,3312100363.0,,invalid_phone,No website found,,https://www.openstreetmap.org/node/12193919301
DESPACHO DE AB0GADOS,Abogado migratorio,Mexico,Guadalajara,Providencia/Chapalita/Americana,3336169115.0,,invalid_phone,No website found,,https://www.openstreetmap.org/node/12193919304
DESPACHO ABOGADOS ABOGADOS IGM,Abogado migratorio,Mexico,Guadalajara,Providencia/Chapalita/Americana,3311276036.0,,invalid_phone,No website found,,https://www.openstreetmap.org/node/12193919306
DESPACHO ABOGADOS,Abogado migratorio,Mexico,Guadalajara,Providencia/Chapalita/Americana,3336167542.0,,invalid_phone,No website found,,https://www.openstreetmap.org/node/12193919307
DESPACHO,Abogado migratorio,Mexico,Guadalajara,Providencia/Chapalita/Americana,3336479502.0,,invalid_phone,No website found,,https://www.openstreetmap.org/node/12193919310
DESPACHO,Abogado migratorio,Mexico,Guadalajara,Providencia/Chapalita/Americana,3336303780.0,,invalid_phone,No website found,,https://www.openstreetmap.org/node/12193919311
DESPACHO,Abogado migratorio,Mexico,Guadalajara,Providencia/Chapalita/Americana,3336144436.0,,invalid_phone,No website found,,https://www.openstreetmap.org/node/12193919312
DES LIMES,Abogado migratorio,Mexico,Guadalajara,Providencia/Chapalita/Americana,3338233210.0,,invalid_phone,No website found,,https://www.openstreetmap.org/node/12193919315
DEL TORO CARAZO Y ASOCIADOS,Abogado migratorio,Mexico,Guadalajara,Providencia/Chapalita/Americana,3338177387.0,,invalid_phone,No website found,,https://www.openstreetmap.org/node/12193919317
DEKSTRA ABOGADOS,Abogado migratorio,Mexico,Guadalajara,Providencia/Chapalita/Americana,3336151541.0,,invalid_phone,Modern/official website found,WWW.DEKSTRA.COM,https://www.openstreetmap.org/node/12193919318
CORRESPONSALIA JURIDICA,Abogado migratorio,Mexico,Guadalajara,Providencia/Chapalita/Americana,3338250346.0,,invalid_phone,No website found,,https://www.openstreetmap.org/node/12193919321
CORREDURIA PUBLICA 55,Abogado migratorio,Mexico,Guadalajara,Providencia/Chapalita/Americana,3336301808.0,,invalid_phone,No website found,,https://www.openstreetmap.org/node/12193919322
CORPORATIVO PMN SUROESTE,Abogado migratorio,Mexico,Guadalajara,Providencia/Chapalita/Americana,3338270535.0,,invalid_phone,Modern/official website found,WWW.CORPOTAVIVOPMNSADECV.COM,https://www.openstreetmap.org/node/12193919326
CORPORATIVO PEREZ Y ASOCIADOS,Abogado migratorio,Mexico,Guadalajara,Providencia/Chapalita/Americana,3315220002.0,,invalid_phone,No website found,,https://www.openstreetmap.org/node/12193919327
CORPORATIVO LEX,Abogado migratorio,Mexico,Guadalajara,Providencia/Chapalita/Americana,3336151541.0,,invalid_phone,Modern/official website found,WWW.CLEX.COM,https://www.openstreetmap.org/node/12193919328
CORPORATIVO JURÍDICO RAMOS Y MORALES,Abogado migratorio,Mexico,Guadalajara,Providencia/Chapalita/Americana,3312628215.0,,invalid_phone,No website found,,https://www.openstreetmap.org/node/12193919330
CORPORATIVO JURIDICO MARIN & MARIN,Abogado migratorio,Mexico,Guadalajara,Providencia/Chapalita/Americana,3336148718.0,,invalid_phone,No website found,,https://www.openstreetmap.org/node/12193919332
CORPORATIVO JURIDICO LEO,Abogado migratorio,Mexico,Guadalajara,Providencia/Chapalita/Americana,3331243615.0,,invalid_phone,No website found,,https://www.openstreetmap.org/node/12193919333
CORPORATIVO JURIDICO GONZALEZ PEREZ Y ASOCIADOS,Abogado migratorio,Mexico,Guadalajara,Providencia/Chapalita/Americana,3332801558.0,,invalid_phone,No website found,,https://www.openstreetmap.org/node/12193919336
CORPORATIVO JCA ABOGADOS,Abogado migratorio,Mexico,Guadalajara,Providencia/Chapalita/Americana,3334706850.0,,invalid_phone,No website found,,https://www.openstreetmap.org/node/12193919339
CORPORATIVO EMPRESARIAL SEGURA Y ASOCIADOS,Abogado migratorio,Mexico,Guadalajara,Providencia/Chapalita/Americana,3315923794.0,,invalid_phone,Modern/official website found,WWW.CORPOEMPRESARIAL.COM,https://www.openstreetmap.org/node/12193919341
CORPORATIVO ABOGADOS,Abogado migratorio,Mexico,Guadalajara,Providencia/Chapalita/Americana,3318207877.0,,invalid_phone,No website found,,https://www.openstreetmap.org/node/12193919345
COORPORATIVO JURIDICO,Abogado migratorio,Mexico,Guadalajara,Providencia/Chapalita/Americana,36143131.0,,invalid_phone,No website found,,https://www.openstreetmap.org/node/12193919350
COORPORATIVO ALFADIR,Abogado migratorio,Mexico,Guadalajara,Providencia/Chapalita/Americana,3332800185.0,,invalid_phone,Modern/official website found,WWW.ALFADIR.COM.MX,https://www.openstreetmap.org/node/12193919354
COORORATIVO MENDEZ Y MENDEZ,Abogado migratorio,Mexico,Guadalajara,Providencia/Chapalita/Americana,3338255758.0,,invalid_phone,No website found,,https://www.openstreetmap.org/node/12193919355
CONSULTORIA JURIDICA,Abogado migratorio,Mexico,Guadalajara,Providencia/Chapalita/Americana,3333434781.0,,invalid_phone,No website found,,https://www.openstreetmap.org/node/12193919360
CONSULTORES S.C,Abogado migratorio,Mexico,Guadalajara,Providencia/Chapalita/Americana,3336132455.0,,invalid_phone,No website found,,https://www.openstreetmap.org/node/12193919363
CONSULTORES JURIDICOS,Abogado migratorio,Mexico,Guadalajara,Providencia/Chapalita/Americana,3338250076.0,,invalid_phone,No website found,,https://www.openstreetmap.org/node/12193919366
CONSORSIO JURIDICO,Abogado migratorio,Mexico,Guadalajara,Providencia/Chapalita/Americana,3338267409.0,,invalid_phone,No website found,,https://www.openstreetmap.org/node/12193919367
CONSORCIO JURISCONSULTIVO,Abogado migratorio,Mexico,Guadalajara,Providencia/Chapalita/Americana,3338531740.0,,invalid_phone,No website found,,https://www.openstreetmap.org/node/12193919369
CONSORCIO JURIDIO MARTIN DEL CAMPO Y ASOCIADOS,Abogado migratorio,Mexico,Guadalajara,Providencia/Chapalita/Americana,3338155409.0,,invalid_phone,No website found,,https://www.openstreetmap.org/node/12193919370
CONSORCIO JURIDICO DESTREZA Y DESARROLLO,Abogado migratorio,Mexico,Guadalajara,Providencia/Chapalita/Americana,3111233528.0,,invalid_phone,No website found,,https://www.openstreetmap.org/node/12193919371
CONSORCIO JURIDICO,Abogado migratorio,Mexico,Guadalajara,Providencia/Chapalita/Americana,3338276322.0,,invalid_phone,No website found,,https://www.openstreetmap.org/node/12193919372
COMPAÑIA PEREZ Y TOVAR,Abogado migratorio,Mexico,Guadalajara,Providencia/Chapalita/Americana,3336695520.0,,invalid_phone,No website found,,https://www.openstreetmap.org/node/12193919374
CHAVIRA Y ASOCIADOS,Abogado migratorio,Mexico,Guadalajara,Providencia/Chapalita/Americana,3336153743.0,,invalid_phone,No website found,,https://www.openstreetmap.org/node/12193919380
CENTRO MEXICANO DE JUSTICIA ALTERNATIVA CEMJA,Abogado migratorio,Mexico,Guadalajara,Providencia/Chapalita/Americana,3312010897.0,,invalid_phone,Modern/official website found,WWW.CEMJA.COM.MX,https://www.openstreetmap.org/node/12193919381
CAVI MEXICO,Abogado migratorio,Mexico,Guadalajara,Providencia/Chapalita/Americana,3320056645.0,,invalid_phone,No website found,,https://www.openstreetmap.org/node/12193919385
BUJEFET JURIDICO,Abogado migratorio,Mexico,Guadalajara,Providencia/Chapalita/Americana,3336149226.0,,invalid_phone,No website found,,https://www.openstreetmap.org/node/12193919391
BUFFETTE JURIDICO,Abogado migratorio,Mexico,Guadalajara,Providencia/Chapalita/Americana,3333498706.0,,invalid_phone,No website found,,https://www.openstreetmap.org/node/12193919392
BUFFETE ROBLES Y DIAZ,Abogado migratorio,Mexico,Guadalajara,Providencia/Chapalita/Americana,3338267791.0,,invalid_phone,No website found,,https://www.openstreetmap.org/node/12193919394
BUFFETE JURIDICO RODRIGUEZ & ASOCIADOS,Abogado migratorio,Mexico,Guadalajara,Providencia/Chapalita/Americana,3315255880.0,,invalid_phone,No website found,,https://www.openstreetmap.org/node/12193919396
BUFFETE JURIDICO DINAMICA LEGAL,Abogado migratorio,Mexico,Guadalajara,Providencia/Chapalita/Americana,3339522476.0,,invalid_phone,No website found,,https://www.openstreetmap.org/node/12193919398
BUFFETE JURIDICO,Abogado migratorio,Mexico,Guadalajara,Providencia/Chapalita/Americana,3338172060.0,,invalid_phone,No website found,,https://www.openstreetmap.org/node/12193919399
BUFFETE DE ABOGADOS SORIANO CERVANTES,Abogado migratorio,Mexico,Guadalajara,Providencia/Chapalita/Americana,3338173308.0,,invalid_phone,No website found,,https://www.openstreetmap.org/node/12193919400
BUFETTE,Abogado migratorio,Mexico,Guadalajara,Providencia/Chapalita/Americana,3338269059.0,,invalid_phone,No website found,,https://www.openstreetmap.org/node/12193919404
BUFETES JURÍDICOS SIN NOMBRE,Abogado migratorio,Mexico,Guadalajara,Providencia/Chapalita/Americana,3314149109.0,,invalid_phone,No website found,,https://www.openstreetmap.org/node/12193919405
BUFETES JURÍDICOS SIN NOMBRE,Abogado migratorio,Mexico,Guadalajara,Providencia/Chapalita/Americana,3336161373.0,,invalid_phone,No website found,,https://www.openstreetmap.org/node/12193919406
BUFETES JURÍDICOS SIN NOMBRE,Abogado migratorio,Mexico,Guadalajara,Providencia/Chapalita/Americana,3338268842.0,,invalid_phone,No website found,,https://www.openstreetmap.org/node/12193919407
BUFETES JURÍDICOS,Abogado migratorio,Mexico,Guadalajara,Providencia/Chapalita/Americana,3338098645.0,,invalid_phone,No website found,,https://www.openstreetmap.org/node/12193919409
BUFETES JURÍDICOS,Abogado migratorio,Mexico,Guadalajara,Providencia/Chapalita/Americana,15894020.0,,invalid_phone,No website found,,https://www.openstreetmap.org/node/12193919412
BUFETES JURÍDICOS,Abogado migratorio,Mexico,Guadalajara,Providencia/Chapalita/Americana,3336582712.0,,invalid_phone,No website found,,https://www.openstreetmap.org/node/12193919414
BUFETES JURÍDICOS,Abogado migratorio,Mexico,Guadalajara,Providencia/Chapalita/Americana,3338274528.0,,invalid_phone,No website found,,https://www.openstreetmap.org/node/12193919417
BUFETES JURÍDICOS,Abogado migratorio,Mexico,Guadalajara,Providencia/Chapalita/Americana,3336404131.0,,invalid_phone,Modern/official website found,WWW.MXANDERSEN.COM,https://www.openstreetmap.org/node/12193919418
BUFETES JURÍDICOS,Abogado migratorio,Mexico,Guadalajara,Providencia/Chapalita/Americana,3336161694.0,,invalid_phone,No website found,,https://www.openstreetmap.org/node/12193919424
BUFETES JURÍDICOS,Abogado migratorio,Mexico,Guadalajara,Providencia/Chapalita/Americana,3336152404.0,,invalid_phone,No website found,,https://www.openstreetmap.org/node/12193919425
BUFETES JURÍDICOS,Abogado migratorio,Mexico,Guadalajara,Providencia/Chapalita/Americana,3336584144.0,,invalid_phone,No website found,,https://www.openstreetmap.org/node/12193919427
BUFETE VILLASEÑOR,Abogado migratorio,Mexico,Guadalajara,Providencia/Chapalita/Americana,3336134595.0,,invalid_phone,No website found,,https://www.openstreetmap.org/node/12193919429
BUFETE SANCHEZ REJON,Abogado migratorio,Mexico,Guadalajara,Providencia/Chapalita/Americana,3338101591.0,,invalid_phone,No website found,,https://www.openstreetmap.org/node/12193919430
BUFETE ORELLANA,Abogado migratorio,Mexico,Guadalajara,Providencia/Chapalita/Americana,3334482936.0,,invalid_phone,No website found,,https://www.openstreetmap.org/node/12193919431
BUFETE JURIDICO Y APOYO A LA COMUNIDAD DE BAJOS RECURSOS,Abogado migratorio,Mexico,Guadalajara,Providencia/Chapalita/Americana,3336137032.0,,invalid_phone,No website found,,https://www.openstreetmap.org/node/12193919434
BUFETE JURIDICO SIN NOMBRE,Abogado migratorio,Mexico,Guadalajara,Providencia/Chapalita/Americana,3331240097.0,,invalid_phone,No website found,,https://www.openstreetmap.org/node/12193919435
BUFETE JURIDICO SIN NOMBRE,Abogado migratorio,Mexico,Guadalajara,Providencia/Chapalita/Americana,3336143867.0,,invalid_phone,No website found,,https://www.openstreetmap.org/node/12193919436
BUFETE JURIDICO SIN NOMBRE,Abogado migratorio,Mexico,Guadalajara,Providencia/Chapalita/Americana,3336148384.0,,invalid_phone,No website found,,https://www.openstreetmap.org/node/12193919437
BUFETE JURIDICO SIN NOMBRE,Abogado migratorio,Mexico,Guadalajara,Providencia/Chapalita/Americana,3338263019.0,,invalid_phone,No website found,,https://www.openstreetmap.org/node/12193919438
BUFETE JURIDICO JALOMO Y ASOCIADOS,Abogado migratorio,Mexico,Guadalajara,Providencia/Chapalita/Americana,3336199700.0,,invalid_phone,No website found,,https://www.openstreetmap.org/node/12193919442
BUFETE JURIDICO GARCIA Y ASOCIADOS,Abogado migratorio,Mexico,Guadalajara,Providencia/Chapalita/Americana,3336731422.0,,invalid_phone,No website found,,https://www.openstreetmap.org/node/12193919443
BUFETE JURÍDICO,Abogado migratorio,Mexico,Guadalajara,Providencia/Chapalita/Americana,3336141242.0,,invalid_phone,No website found,,https://www.openstreetmap.org/node/12193919447
BUFETE JURIDICO,Abogado migratorio,Mexico,Guadalajara,Providencia/Chapalita/Americana,3336163633.0,,invalid_phone,No website found,,https://www.openstreetmap.org/node/12193919448
BUFETE JURIDICO,Abogado migratorio,Mexico,Guadalajara,Providencia/Chapalita/Americana,+52 33 6151 0030,523361510030,valid_format_only,No website found,,https://www.openstreetmap.org/node/12193919449
BUFETE JURIDICO,Abogado migratorio,Mexico,Guadalajara,Providencia/Chapalita/Americana,3336148305.0,,invalid_phone,No website found,,https://www.openstreetmap.org/node/12193919451
BUFETE JURIDICO,Abogado migratorio,Mexico,Guadalajara,Providencia/Chapalita/Americana,3338542815.0,,invalid_phone,No website found,,https://www.openstreetmap.org/node/12193919454
BUFETE JURIDICO,Abogado migratorio,Mexico,Guadalajara,Providencia/Chapalita/Americana,3336148258.0,,invalid_phone,No website found,,https://www.openstreetmap.org/node/12193919455
BUFETE JURIDICO,Abogado migratorio,Mexico,Guadalajara,Providencia/Chapalita/Americana,3336584174.0,,invalid_phone,No website found,,https://www.openstreetmap.org/node/12193919458
BUFETE JURIDICO,Abogado migratorio,Mexico,Guadalajara,Providencia/Chapalita/Americana,3336142080.0,,invalid_phone,No website found,,https://www.openstreetmap.org/node/12193919459
BUFETE JURIDICO,Abogado migratorio,Mexico,Guadalajara,Providencia/Chapalita/Americana,3336138106.0,,invalid_phone,No website found,,https://www.openstreetmap.org/node/12193919461
BUFETE JURIDICO,Abogado migratorio,Mexico,Guadalajara,Providencia/Chapalita/Americana,3336131583.0,,invalid_phone,No website found,,https://www.openstreetmap.org/node/12193919462
BUFETE JURICO SIN NOMBRE,Abogado migratorio,Mexico,Guadalajara,Providencia/Chapalita/Americana,3336147058.0,,invalid_phone,No website found,,https://www.openstreetmap.org/node/12193919463
BUFETE JURICO INTEGRAL,Abogado migratorio,Mexico,Guadalajara,Providencia/Chapalita/Americana,3338253903.0,,invalid_phone,No website found,,https://www.openstreetmap.org/node/12193919464
BUFETE DE INTEGRACION JURIDICA OSORNIO,Abogado migratorio,Mexico,Guadalajara,Providencia/Chapalita/Americana,3338530680.0,,invalid_phone,No website found,,https://www.openstreetmap.org/node/12193919466
BUFETE DE AGOGADOS CASTILLO Y ASOCIADOS,Abogado migratorio,Mexico,Guadalajara,Providencia/Chapalita/Americana,3314083368.0,,invalid_phone,No website found,,https://www.openstreetmap.org/node/12193919467
BUFETE DE ABOGADOS SIN NOMBRE,Abogado migratorio,Mexico,Guadalajara,Providencia/Chapalita/Americana,3338264656.0,,invalid_phone,No website found,,https://www.openstreetmap.org/node/12193919468
BUFETE DE ABOGADOS,Abogado migratorio,Mexico,Guadalajara,Providencia/Chapalita/Americana,3331100909.0,,invalid_phone,No website found,,https://www.openstreetmap.org/node/12193919469
BUFET JURIDICO,Abogado migratorio,Mexico,Guadalajara,Providencia/Chapalita/Americana,3330713021.0,,invalid_phone,No website found,,https://www.openstreetmap.org/node/12193919473
BUFET JURIDICO,Abogado migratorio,Mexico,Guadalajara,Providencia/Chapalita/Americana,3311579734.0,,invalid_phone,No website found,,https://www.openstreetmap.org/node/12193919474
BUFET JURIDICO,Abogado migratorio,Mexico,Guadalajara,Providencia/Chapalita/Americana,3338260775.0,,invalid_phone,No website found,,https://www.openstreetmap.org/node/12193919476
BCP CONSULTORES,Abogado migratorio,Mexico,Guadalajara,Providencia/Chapalita/Americana,3336154780.0,,invalid_phone,No website found,,https://www.openstreetmap.org/node/12193919480
ASESORIA Y CONSULTORIA LEGAL,Abogado migratorio,Mexico,Guadalajara,Providencia/Chapalita/Americana,3338184240.0,,invalid_phone,Modern/official website found,WWW.KRESTOMCSM.COM,https://www.openstreetmap.org/node/12193919484
ASESORIA INTEGRAL,Abogado migratorio,Mexico,Guadalajara,Providencia/Chapalita/Americana,3338263213.0,,invalid_phone,No website found,,https://www.openstreetmap.org/node/12193919498
ASESORES Y SERVICIOS JURIDICOS PRIETO,Abogado migratorio,Mexico,Guadalajara,Providencia/Chapalita/Americana,3338285263.0,,invalid_phone,No website found,,https://www.openstreetmap.org/node/12193919500
ASESORES PROFESIONALES SIN NOMBRE,Abogado migratorio,Mexico,Guadalajara,Providencia/Chapalita/Americana,3338287852.0,,invalid_phone,No website found,,https://www.openstreetmap.org/node/12193919502
ASEJ CORPORATIVO PROFESIONAL,Abogado migratorio,Mexico,Guadalajara,Providencia/Chapalita/Americana,3338260514.0,,invalid_phone,No website found,,https://www.openstreetmap.org/node/12193919505
ARCA ABOGADOS CORPORATIVO,Abogado migratorio,Mexico,Guadalajara,Providencia/Chapalita/Americana,3336157002.0,,invalid_phone,No website found,,https://www.openstreetmap.org/node/12193919509
AMADOR SERVICIOS PROFESIONALES,Abogado migratorio,Mexico,Guadalajara,Providencia/Chapalita/Americana,3338275252.0,,invalid_phone,No website found,,https://www.openstreetmap.org/node/12193919510
ALFREDO MEDINA Y ASOCIADOS CONSULTORES LEGALES,Abogado migratorio,Mexico,Guadalajara,Providencia/Chapalita/Americana,3338274444.0,,invalid_phone,No website found,,https://www.openstreetmap.org/node/12193919511
AL Y G ASOCIADOS,Abogado migratorio,Mexico,Guadalajara,Providencia/Chapalita/Americana,3333315931.0,,invalid_phone,No website found,,https://www.openstreetmap.org/node/12193919512
AGUILA Y ASOCIADOS,Abogado migratorio,Mexico,Guadalajara,Providencia/Chapalita/Americana,3336581579.0,,invalid_phone,No website found,,https://www.openstreetmap.org/node/12193919513
AGRARIO SERVICIOS DE CONSULTORIA,Abogado migratorio,Mexico,Guadalajara,Providencia/Chapalita/Americana,3336141671.0,,invalid_phone,No website found,,https://www.openstreetmap.org/node/12193919514
ABOGADOS Y ASOCIADOS,Abogado migratorio,Mexico,Guadalajara,Providencia/Chapalita/Americana,3336150150.0,,invalid_phone,No website found,,https://www.openstreetmap.org/node/12193919515
ABOGADOS SIN NOMBRE,Abogado migratorio,Mexico,Guadalajara,Providencia/Chapalita/Americana,3336401129.0,,invalid_phone,No website found,,https://www.openstreetmap.org/node/12193919517
ABOGADOS JAVIER PERLASCA,Abogado migratorio,Mexico,Guadalajara,Providencia/Chapalita/Americana,3336147566.0,,invalid_phone,No website found,,https://www.openstreetmap.org/node/12193919519
ABOGADOS COG,Abogado migratorio,Mexico,Guadalajara,Providencia/Chapalita/Americana,3313842372.0,,invalid_phone,No website found,,https://www.openstreetmap.org/node/12193919521
ABOGADOS,Abogado migratorio,Mexico,Guadalajara,Providencia/Chapalita/Americana,3338261439.0,,invalid_phone,No website found,,https://www.openstreetmap.org/node/12193919523
ABOGADOS,Abogado migratorio,Mexico,Guadalajara,Providencia/Chapalita/Americana,3336132996.0,,invalid_phone,No website found,,https://www.openstreetmap.org/node/12193919525
ABOGADO SIN NOMBRE,Abogado migratorio,Mexico,Guadalajara,Providencia/Chapalita/Americana,3338256864.0,,invalid_phone,No website found,,https://www.openstreetmap.org/node/12193919532
ABOGADO,Abogado migratorio,Mexico,Guadalajara,Providencia/Chapalita/Americana,3332800186.0,,invalid_phone,No website found,,https://www.openstreetmap.org/node/12193919535
LENTES DE SOL,Óptica/Oftalmología premium,Mexico,Guadalajara,Providencia/Chapalita/Americana,3312541240.0,,invalid_phone,No website found,,https://www.openstreetmap.org/node/12310616135
OPTICA SAN MARTIN,Óptica/Oftalmología premium,Mexico,Guadalajara,Providencia/Chapalita/Americana,3336184430.0,,invalid_phone,No website found,,https://www.openstreetmap.org/node/12310616497
OPTIXPRESS,Óptica/Oftalmología premium,Mexico,Guadalajara,Providencia/Chapalita/Americana,3315229779.0,,invalid_phone,No website found,,https://www.openstreetmap.org/node/12310618733
VENTA DE LENTES DE CONTACTO SIN NOMBRE,Óptica/Oftalmología premium,Mexico,Guadalajara,Providencia/Chapalita/Americana,3311498447.0,,invalid_phone,No website found,,https://www.openstreetmap.org/node/12310619425
ZARGO VISION,Óptica/Oftalmología premium,Mexico,Guadalajara,Providencia/Chapalita/Americana,3338253185.0,,invalid_phone,Modern/official website found,WWW.ZARGOVISION.COM,https://www.openstreetmap.org/node/12312980378
VENTA DE LENTES DE CONTACTO SIN NOMBRE,Óptica/Oftalmología premium,Mexico,Guadalajara,Providencia/Chapalita/Americana,3311498447.0,,invalid_phone,No website found,,https://www.openstreetmap.org/node/12312980390
VENTA DE LENTES ALONDRA,Óptica/Oftalmología premium,Mexico,Guadalajara,Providencia/Chapalita/Americana,3317508289.0,,invalid_phone,No website found,,https://www.openstreetmap.org/node/12312980393
VENTA DE LENTE SIN NOMBRE,Óptica/Oftalmología premium,Mexico,Guadalajara,Providencia/Chapalita/Americana,3310748722.0,,invalid_phone,No website found,,https://www.openstreetmap.org/node/12312980398
TIENDA DE LENTES GAGO,Óptica/Oftalmología premium,Mexico,Guadalajara,Providencia/Chapalita/Americana,3344441146.0,,invalid_phone,No website found,,https://www.openstreetmap.org/node/12313007108
TIENDA DE LENTES DE SOL SIN NOMBRE,Óptica/Oftalmología premium,Mexico,Guadalajara,Providencia/Chapalita/Americana,3317508289.0,,invalid_phone,No website found,,https://www.openstreetmap.org/node/12313007109
TIENDA DE LENTES,Óptica/Oftalmología premium,Mexico,Guadalajara,Providencia/Chapalita/Americana,3339457010.0,,invalid_phone,No website found,,https://www.openstreetmap.org/node/12313007111
TALLER DE LENTES MARTIN,Óptica/Oftalmología premium,Mexico,Guadalajara,Providencia/Chapalita/Americana,3336581896.0,,invalid_phone,No website found,,https://www.openstreetmap.org/node/12313007113
SUNCITY LENTES PARA EL SOL,Óptica/Oftalmología premium,Mexico,Guadalajara,Providencia/Chapalita/Americana,3314636425.0,,invalid_phone,No website found,,https://www.openstreetmap.org/node/12313007118
STILOS OPTICA Y ACCESORIOS,Óptica/Oftalmología premium,Mexico,Guadalajara,Providencia/Chapalita/Americana,3336151491.0,,invalid_phone,No website found,,https://www.openstreetmap.org/node/12313007119
SERVICIOS OPTICOS GUADALAJARA,Óptica/Oftalmología premium,Mexico,Guadalajara,Providencia/Chapalita/Americana,3336149077.0,,invalid_phone,No website found,,https://www.openstreetmap.org/node/12313007123
SERVICIOS OPTICOS DE CALIDAD,Óptica/Oftalmología premium,Mexico,Guadalajara,Providencia/Chapalita/Americana,3318644347.0,,invalid_phone,No website found,,https://www.openstreetmap.org/node/12313007125
SERVICIOS OPTICOS DE CALIDAD,Óptica/Oftalmología premium,Mexico,Guadalajara,Providencia/Chapalita/Americana,3312019360.0,,invalid_phone,No website found,,https://www.openstreetmap.org/node/12313007126
SERVICIOS DE OPTICA SAN MIGUEL,Óptica/Oftalmología premium,Mexico,Guadalajara,Providencia/Chapalita/Americana,3315641612.0,,invalid_phone,No website found,,https://www.openstreetmap.org/node/12313007128
REPRESENTACIONES OPTICAS DE OCCIDENTE,Óptica/Oftalmología premium,Mexico,Guadalajara,Providencia/Chapalita/Americana,3336145285.0,,invalid_phone,No website found,,https://www.openstreetmap.org/node/12313007130
PRISKA,Óptica/Oftalmología premium,Mexico,Guadalajara,Providencia/Chapalita/Americana,3336153594.0,,invalid_phone,No website found,,https://www.openstreetmap.org/node/12313007135
PRINILA,Óptica/Oftalmología premium,Mexico,Guadalajara,Providencia/Chapalita/Americana,3331243625.0,,invalid_phone,No website found,,https://www.openstreetmap.org/node/12313007136
PRETTY OPTICAL,Óptica/Oftalmología premium,Mexico,Guadalajara,Providencia/Chapalita/Americana,3313193109.0,,invalid_phone,No website found,,https://www.openstreetmap.org/node/12313007137
OROS OPTICA,Óptica/Oftalmología premium,Mexico,Guadalajara,Providencia/Chapalita/Americana,3338262676.0,,invalid_phone,No website found,,https://www.openstreetmap.org/node/12313007139
OPTIXPRESS,Óptica/Oftalmología premium,Mexico,Guadalajara,Providencia/Chapalita/Americana,3315229779.0,,invalid_phone,No website found,,https://www.openstreetmap.org/node/12313007140
OPTIXPRESS,Óptica/Oftalmología premium,Mexico,Guadalajara,Providencia/Chapalita/Americana,3334343760.0,,invalid_phone,No website found,,https://www.openstreetmap.org/node/12313007141
OPTIVICION,Óptica/Oftalmología premium,Mexico,Guadalajara,Providencia/Chapalita/Americana,3336131756.0,,invalid_phone,No website found,,https://www.openstreetmap.org/node/12313007143
OPTITLAN OPTICA,Óptica/Oftalmología premium,Mexico,Guadalajara,Providencia/Chapalita/Americana,3316491717.0,,invalid_phone,No website found,,https://www.openstreetmap.org/node/12313007144
OPTIS-OEM,Óptica/Oftalmología premium,Mexico,Guadalajara,Providencia/Chapalita/Americana,3334971805.0,,invalid_phone,No website found,,https://www.openstreetmap.org/node/12313007145
OPTISHOP,Óptica/Oftalmología premium,Mexico,Guadalajara,Providencia/Chapalita/Americana,3312031829.0,,invalid_phone,No website found,,https://www.openstreetmap.org/node/12313007146
OPTIGLASS,Óptica/Oftalmología premium,Mexico,Guadalajara,Providencia/Chapalita/Americana,3322364984.0,,invalid_phone,No website found,,https://www.openstreetmap.org/node/12313007149
ÓPTICOS LLAMAS,Óptica/Oftalmología premium,Mexico,Guadalajara,Providencia/Chapalita/Americana,3336131088.0,,invalid_phone,No website found,,https://www.openstreetmap.org/node/12313007156
OPTICOS ALDAPA,Óptica/Oftalmología premium,Mexico,Guadalajara,Providencia/Chapalita/Americana,3336142264.0,,invalid_phone,No website found,,https://www.openstreetmap.org/node/12313007161
OPTICASDEVLYN B783,Óptica/Oftalmología premium,Mexico,Guadalajara,Providencia/Chapalita/Americana,5554182827.0,,invalid_phone,Modern/official website found,WWW.DEVLYN.COM.MX,https://www.openstreetmap.org/node/12313007162
Ópticas Ver de Verdad,Óptica/Oftalmología premium,Mexico,Guadalajara,Providencia/Chapalita/Americana,+52 333 313 1880,523333131880,valid_format_only,No website found,,https://www.openstreetmap.org/node/12313007164
OPTICAS SIGLO,Óptica/Oftalmología premium,Mexico,Guadalajara,Providencia/Chapalita/Americana,3315101320.0,,invalid_phone,No website found,,https://www.openstreetmap.org/node/12313007170
OPTICAS SAN JOSE,Óptica/Oftalmología premium,Mexico,Guadalajara,Providencia/Chapalita/Americana,3317069812.0,,invalid_phone,No website found,,https://www.openstreetmap.org/node/12313007171
OPTICAS PLATINO,Óptica/Oftalmología premium,Mexico,Guadalajara,Providencia/Chapalita/Americana,3336306575.0,,invalid_phone,Modern/official website found,WWW.OPTICASPLATINO.COM.MX,https://www.openstreetmap.org/node/12313007175
OPTICAS MEDICA,Óptica/Oftalmología premium,Mexico,Guadalajara,Providencia/Chapalita/Americana,3336402067.0,,invalid_phone,Modern/official website found,WWW.OPTICASMEDICA.MEX.TL,https://www.openstreetmap.org/node/12313007182
OPTICAS LUNA,Óptica/Oftalmología premium,Mexico,Guadalajara,Providencia/Chapalita/Americana,33382745112.0,,invalid_phone,No website found,,https://www.openstreetmap.org/node/12313007186
OPTICAS LEOS,Óptica/Oftalmología premium,Mexico,Guadalajara,Providencia/Chapalita/Americana,3336584255.0,,invalid_phone,No website found,,https://www.openstreetmap.org/node/12313007187
ÓPTICAS GAITÁN,Óptica/Oftalmología premium,Mexico,Guadalajara,Providencia/Chapalita/Americana,3336135795.0,,invalid_phone,No website found,,https://www.openstreetmap.org/node/12313007188
OPTICAS DEVLYN B901,Óptica/Oftalmología premium,Mexico,Guadalajara,Providencia/Chapalita/Americana,5554182827.0,,invalid_phone,Modern/official website found,WWW.DEVLYN.COM.MX,https://www.openstreetmap.org/node/12313007190
OPTICAS DEVLYN B266,Óptica/Oftalmología premium,Mexico,Guadalajara,Providencia/Chapalita/Americana,5554182827.0,,invalid_phone,Modern/official website found,WWW.DEVLYN.COM.MX,https://www.openstreetmap.org/node/12313007191
OPTICAS DEVLYN A772,Óptica/Oftalmología premium,Mexico,Guadalajara,Providencia/Chapalita/Americana,5554182827.0,,invalid_phone,Modern/official website found,WWW.DEVLYN.COM.MX,https://www.openstreetmap.org/node/12313007193
OPTICAS DE DESCUENTO,Óptica/Oftalmología premium,Mexico,Guadalajara,Providencia/Chapalita/Americana,3334965683.0,,invalid_phone,No website found,,https://www.openstreetmap.org/node/12313007195
OPTICA WIZAR,Óptica/Oftalmología premium,Mexico,Guadalajara,Providencia/Chapalita/Americana,3336141890.0,,invalid_phone,No website found,,https://www.openstreetmap.org/node/12313007207
OPTICA VISTRA,Óptica/Oftalmología premium,Mexico,Guadalajara,Providencia/Chapalita/Americana,3336303230.0,,invalid_phone,No website found,,https://www.openstreetmap.org/node/12313007211
OPTICA VISSIONS,Óptica/Oftalmología premium,Mexico,Guadalajara,Providencia/Chapalita/Americana,3315896611.0,,invalid_phone,Modern/official website found,WWW.RVISSIONS.COM,https://www.openstreetmap.org/node/12313007212
OPTICA VISION,Óptica/Oftalmología premium,Mexico,Guadalajara,Providencia/Chapalita/Americana,3336142314.0,,invalid_phone,No website found,,https://www.openstreetmap.org/node/12313007215
OPTICA VEO,Óptica/Oftalmología premium,Mexico,Guadalajara,Providencia/Chapalita/Americana,3338252300.0,,invalid_phone,No website found,,https://www.openstreetmap.org/node/12313007219
OPTICA VARIEDADES,Óptica/Oftalmología premium,Mexico,Guadalajara,Providencia/Chapalita/Americana,3336148281.0,,invalid_phone,No website found,,https://www.openstreetmap.org/node/12313007220
Óptica Ulloa,Óptica/Oftalmología premium,Mexico,Guadalajara,Providencia/Chapalita/Americana,+52 331 436 8927,523314368927,valid_format_only,No website found,,https://www.openstreetmap.org/node/12313007222
OPTICA TU OPTICA,Óptica/Oftalmología premium,Mexico,Guadalajara,Providencia/Chapalita/Americana,3328129776.0,,invalid_phone,No website found,,https://www.openstreetmap.org/node/12313007223
OPTICA SIWEL,Óptica/Oftalmología premium,Mexico,Guadalajara,Providencia/Chapalita/Americana,3336580566.0,,invalid_phone,No website found,,https://www.openstreetmap.org/node/12313007227
OPTICA SIN NOMBRE,Óptica/Oftalmología premium,Mexico,Guadalajara,Providencia/Chapalita/Americana,3335863758.0,,invalid_phone,No website found,,https://www.openstreetmap.org/node/12313007228
ÓPTICA SANTINI,Óptica/Oftalmología premium,Mexico,Guadalajara,Providencia/Chapalita/Americana,3331209784.0,,invalid_phone,No website found,,https://www.openstreetmap.org/node/12313007232
OPTICA SAN PABLO,Óptica/Oftalmología premium,Mexico,Guadalajara,Providencia/Chapalita/Americana,3315639767.0,,invalid_phone,No website found,,https://www.openstreetmap.org/node/12313007233
OPTICA SAN NICOLAS,Óptica/Oftalmología premium,Mexico,Guadalajara,Providencia/Chapalita/Americana,3315073358.0,,invalid_phone,No website found,,https://www.openstreetmap.org/node/12313007235
OPTICA SAN MARTIN,Óptica/Oftalmología premium,Mexico,Guadalajara,Providencia/Chapalita/Americana,3336184430.0,,invalid_phone,No website found,,https://www.openstreetmap.org/node/12313007236
OPTICA SAN DIEGO,Óptica/Oftalmología premium,Mexico,Guadalajara,Providencia/Chapalita/Americana,3319681613.0,,invalid_phone,No website found,,https://www.openstreetmap.org/node/12313007242
OPTICA SAN DIEGO,Óptica/Oftalmología premium,Mexico,Guadalajara,Providencia/Chapalita/Americana,3338544004.0,,invalid_phone,No website found,,https://www.openstreetmap.org/node/12313007243
OPTICA SAINT MICHAEL,Óptica/Oftalmología premium,Mexico,Guadalajara,Providencia/Chapalita/Americana,3313680796.0,,invalid_phone,No website found,,https://www.openstreetmap.org/node/12313007246
OPTICA PROSALUD,Óptica/Oftalmología premium,Mexico,Guadalajara,Providencia/Chapalita/Americana,3338251412.0,,invalid_phone,No website found,,https://www.openstreetmap.org/node/12313007250
OPTICA PRISMA,Óptica/Oftalmología premium,Mexico,Guadalajara,Providencia/Chapalita/Americana,3336134233.0,,invalid_phone,No website found,,https://www.openstreetmap.org/node/12313007251
OPTICA PRE MEDIC,Óptica/Oftalmología premium,Mexico,Guadalajara,Providencia/Chapalita/Americana,3311995882.0,,invalid_phone,No website found,,https://www.openstreetmap.org/node/12313007253
OPTICA PARIS JR HOSPITAL LA LECHUZA,Óptica/Oftalmología premium,Mexico,Guadalajara,Providencia/Chapalita/Americana,3336137887.0,,invalid_phone,No website found,,https://www.openstreetmap.org/node/12313007257
OPTICA PARIS,Óptica/Oftalmología premium,Mexico,Guadalajara,Providencia/Chapalita/Americana,3336145099.0,,invalid_phone,No website found,,https://www.openstreetmap.org/node/12313007258
OPTICA PALOMINO,Óptica/Oftalmología premium,Mexico,Guadalajara,Providencia/Chapalita/Americana,3336139766.0,,invalid_phone,No website found,,https://www.openstreetmap.org/node/12313007260
OPTICA OMEGA,Óptica/Oftalmología premium,Mexico,Guadalajara,Providencia/Chapalita/Americana,3336351010.0,,invalid_phone,No website found,,https://www.openstreetmap.org/node/12313007267
OPTICA OJOS FELICES,Óptica/Oftalmología premium,Mexico,Guadalajara,Providencia/Chapalita/Americana,3311524051.0,,invalid_phone,No website found,,https://www.openstreetmap.org/node/12313007268
OPTICA NUÑEZ,Óptica/Oftalmología premium,Mexico,Guadalajara,Providencia/Chapalita/Americana,3336582052.0,,invalid_phone,No website found,,https://www.openstreetmap.org/node/12313007269
OPTICA NUEVA VISION,Óptica/Oftalmología premium,Mexico,Guadalajara,Providencia/Chapalita/Americana,3315750018.0,,invalid_phone,No website found,,https://www.openstreetmap.org/node/12313007272
OPTICA MULTILENTES,Óptica/Oftalmología premium,Mexico,Guadalajara,Providencia/Chapalita/Americana,3315066081.0,,invalid_phone,No website found,,https://www.openstreetmap.org/node/12313007278
OPTICA MERINO,Óptica/Oftalmología premium,Mexico,Guadalajara,Providencia/Chapalita/Americana,3336180160.0,,invalid_phone,No website found,,https://www.openstreetmap.org/node/12313007281
OPTICA MENDOZA,Óptica/Oftalmología premium,Mexico,Guadalajara,Providencia/Chapalita/Americana,3318388685.0,,invalid_phone,No website found,,https://www.openstreetmap.org/node/12313007282
OPTICA MAKO,Óptica/Oftalmología premium,Mexico,Guadalajara,Providencia/Chapalita/Americana,3335627262.0,,invalid_phone,No website found,,https://www.openstreetmap.org/node/12313007286
OPTICA LINCEO,Óptica/Oftalmología premium,Mexico,Guadalajara,Providencia/Chapalita/Americana,3315845967.0,,invalid_phone,No website found,,https://www.openstreetmap.org/node/12313007289
OPTICA LENZ,Óptica/Oftalmología premium,Mexico,Guadalajara,Providencia/Chapalita/Americana,3336131988.0,,invalid_phone,No website found,,https://www.openstreetmap.org/node/12313007291
OPTICA LASER LC,Óptica/Oftalmología premium,Mexico,Guadalajara,Providencia/Chapalita/Americana,3338271730.0,,invalid_phone,No website found,,https://www.openstreetmap.org/node/12313007295
OPTICA LA MERCED,Óptica/Oftalmología premium,Mexico,Guadalajara,Providencia/Chapalita/Americana,3336141390.0,,invalid_phone,No website found,,https://www.openstreetmap.org/node/12313007297
OPTICA LA LECHUZA JR,Óptica/Oftalmología premium,Mexico,Guadalajara,Providencia/Chapalita/Americana,3336168433.0,,invalid_phone,No website found,,https://www.openstreetmap.org/node/12313007298
OPTICA LA ESPERANZA,Óptica/Oftalmología premium,Mexico,Guadalajara,Providencia/Chapalita/Americana,3336987756.0,,invalid_phone,No website found,,https://www.openstreetmap.org/node/12313007299
OPTICA JASADI,Óptica/Oftalmología premium,Mexico,Guadalajara,Providencia/Chapalita/Americana,3315620525.0,,invalid_phone,No website found,,https://www.openstreetmap.org/node/12313007304
OPTICA JALISCO,Óptica/Oftalmología premium,Mexico,Guadalajara,Providencia/Chapalita/Americana,3336141423.0,,invalid_phone,No website found,,https://www.openstreetmap.org/node/12313007305
OPTICA ISABEL,Óptica/Oftalmología premium,Mexico,Guadalajara,Providencia/Chapalita/Americana,3336135441.0,,invalid_phone,No website found,,https://www.openstreetmap.org/node/12313007308
OPTICA INTERNACIONAL,Óptica/Oftalmología premium,Mexico,Guadalajara,Providencia/Chapalita/Americana,3338251721.0,,invalid_phone,No website found,,https://www.openstreetmap.org/node/12313007310
OPTICA INDUSTRIAL,Óptica/Oftalmología premium,Mexico,Guadalajara,Providencia/Chapalita/Americana,3336142007.0,,invalid_phone,No website found,,https://www.openstreetmap.org/node/12313007312
OPTICA IDEAL,Óptica/Oftalmología premium,Mexico,Guadalajara,Providencia/Chapalita/Americana,3336133009.0,,invalid_phone,No website found,,https://www.openstreetmap.org/node/12313007313
OPTICA GARZON,Óptica/Oftalmología premium,Mexico,Guadalajara,Providencia/Chapalita/Americana,3338242711.0,,invalid_phone,No website found,,https://www.openstreetmap.org/node/12313007319
OPTICA EXPRESS,Óptica/Oftalmología premium,Mexico,Guadalajara,Providencia/Chapalita/Americana,3338254447.0,,invalid_phone,No website found,,https://www.openstreetmap.org/node/12313007323
OPTICA EN FARMACIA GEMINIS,Óptica/Oftalmología premium,Mexico,Guadalajara,Providencia/Chapalita/Americana,3338131764.0,,invalid_phone,No website found,,https://www.openstreetmap.org/node/12313007325
OPTICA ECONOMICA,Óptica/Oftalmología premium,Mexico,Guadalajara,Providencia/Chapalita/Americana,3338272755.0,,invalid_phone,No website found,,https://www.openstreetmap.org/node/12313007327
ÓPTICA DELGADO,Óptica/Oftalmología premium,Mexico,Guadalajara,Providencia/Chapalita/Americana,3336179847.0,,invalid_phone,No website found,,https://www.openstreetmap.org/node/12313007331
ÓPTICA DEL PARQUE,Óptica/Oftalmología premium,Mexico,Guadalajara,Providencia/Chapalita/Americana,3338251415.0,,invalid_phone,No website found,,https://www.openstreetmap.org/node/12313007332
OPTICA DEL CARMEN,Óptica/Oftalmología premium,Mexico,Guadalajara,Providencia/Chapalita/Americana,3336138268.0,,invalid_phone,No website found,,https://www.openstreetmap.org/node/12313007333
OPTICA DE JESUS,Óptica/Oftalmología premium,Mexico,Guadalajara,Providencia/Chapalita/Americana,3331263589.0,,invalid_phone,No website found,,https://www.openstreetmap.org/node/12313007334
OPTICA DE GUADALAJARA,Óptica/Oftalmología premium,Mexico,Guadalajara,Providencia/Chapalita/Americana,3336160583.0,,invalid_phone,No website found,,https://www.openstreetmap.org/node/12313007335
OPTICA CRISTAL,Óptica/Oftalmología premium,Mexico,Guadalajara,Providencia/Chapalita/Americana,3336147298.0,,invalid_phone,No website found,,https://www.openstreetmap.org/node/12313007341
OPTICA CRISTAL,Óptica/Oftalmología premium,Mexico,Guadalajara,Providencia/Chapalita/Americana,3336135213.0,,invalid_phone,No website found,,https://www.openstreetmap.org/node/12313007342
OPTICA CRISTAL,Óptica/Oftalmología premium,Mexico,Guadalajara,Providencia/Chapalita/Americana,3338115919.0,,invalid_phone,No website found,,https://www.openstreetmap.org/node/12313007344
OPTICA CONTACTO,Óptica/Oftalmología premium,Mexico,Guadalajara,Providencia/Chapalita/Americana,3336173769.0,,invalid_phone,No website found,,https://www.openstreetmap.org/node/12313007348
OPTICA CLEAN VISION,Óptica/Oftalmología premium,Mexico,Guadalajara,Providencia/Chapalita/Americana,3318136635.0,,invalid_phone,No website found,,https://www.openstreetmap.org/node/12313007350
OPTICA CLARITY,Óptica/Oftalmología premium,Mexico,Guadalajara,Providencia/Chapalita/Americana,3331506478.0,,invalid_phone,No website found,,https://www.openstreetmap.org/node/12313007351
OPTICA CHAPULTEPEC,Óptica/Oftalmología premium,Mexico,Guadalajara,Providencia/Chapalita/Americana,3336301603.0,,invalid_phone,No website found,,https://www.openstreetmap.org/node/12313007353
OPTICA BRIX,Óptica/Oftalmología premium,Mexico,Guadalajara,Providencia/Chapalita/Americana,3336133423.0,,invalid_phone,No website found,,https://www.openstreetmap.org/node/12313007356
OPTICA AZPEITIA 1446 A,Óptica/Oftalmología premium,Mexico,Guadalajara,Providencia/Chapalita/Americana,3316952323.0,,invalid_phone,Modern/official website found,OPTICAAZPEITIA.COM,https://www.openstreetmap.org/node/12313007361
OPTICA ALEJANDRA,Óptica/Oftalmología premium,Mexico,Guadalajara,Providencia/Chapalita/Americana,3314913316.0,,invalid_phone,No website found,,https://www.openstreetmap.org/node/12313007367
OPTICA,Óptica/Oftalmología premium,Mexico,Guadalajara,Providencia/Chapalita/Americana,3312203679.0,,invalid_phone,No website found,,https://www.openstreetmap.org/node/12313007375
OPTIC STORE,Óptica/Oftalmología premium,Mexico,Guadalajara,Providencia/Chapalita/Americana,3336130524.0,,invalid_phone,No website found,,https://www.openstreetmap.org/node/12313007378
OJOPTICA,Óptica/Oftalmología premium,Mexico,Guadalajara,Providencia/Chapalita/Americana,3313204598.0,,invalid_phone,No website found,,https://www.openstreetmap.org/node/12313007381
MUNDO DE LOS LENTES,Óptica/Oftalmología premium,Mexico,Guadalajara,Providencia/Chapalita/Americana,3336542484.0,,invalid_phone,Modern/official website found,WWW.MUNDODELOSLENTES.COM,https://www.openstreetmap.org/node/12313007385
LOS LENTES,Óptica/Oftalmología premium,Mexico,Guadalajara,Providencia/Chapalita/Americana,3338256332.0,,invalid_phone,No website found,,https://www.openstreetmap.org/node/12313007404
LENTICON LENS,Óptica/Oftalmología premium,Mexico,Guadalajara,Providencia/Chapalita/Americana,3336139918.0,,invalid_phone,No website found,,https://www.openstreetmap.org/node/12313007407
LENTES Y NOVEDADES,Óptica/Oftalmología premium,Mexico,Guadalajara,Providencia/Chapalita/Americana,3312481646.0,,invalid_phone,No website found,,https://www.openstreetmap.org/node/12313007409
LENTES Y NOVEDADES,Óptica/Oftalmología premium,Mexico,Guadalajara,Providencia/Chapalita/Americana,3310380345.0,,invalid_phone,No website found,,https://www.openstreetmap.org/node/12313007410
LENTES Y BISUTERIA,Óptica/Oftalmología premium,Mexico,Guadalajara,Providencia/Chapalita/Americana,3315088717.0,,invalid_phone,No website found,,https://www.openstreetmap.org/node/12313007412
LENTES DE SOL,Óptica/Oftalmología premium,Mexico,Guadalajara,Providencia/Chapalita/Americana,3312541240.0,,invalid_phone,No website found,,https://www.openstreetmap.org/node/12313007418
LENTES DE CONTACTO,Óptica/Oftalmología premium,Mexico,Guadalajara,Providencia/Chapalita/Americana,3334430059.0,,invalid_phone,No website found,,https://www.openstreetmap.org/node/12313007420
LENTERIA SALUD VISUAL,Óptica/Oftalmología premium,Mexico,Guadalajara,Providencia/Chapalita/Americana,3315994268.0,,invalid_phone,No website found,,https://www.openstreetmap.org/node/12313007424
LENTELOPOLIS,Óptica/Oftalmología premium,Mexico,Guadalajara,Providencia/Chapalita/Americana,3315131867.0,,invalid_phone,Modern/official website found,WWW.LENTELOPOLIS.ML,https://www.openstreetmap.org/node/12313007425
LEDEZMA OPTICA,Óptica/Oftalmología premium,Mexico,Guadalajara,Providencia/Chapalita/Americana,+52 33 1623 2480,523316232480,valid_format_only,No website found,,https://www.openstreetmap.org/node/12313007432
LEDESMA ÓPTICOS,Óptica/Oftalmología premium,Mexico,Guadalajara,Providencia/Chapalita/Americana,3336149234.0,,invalid_phone,No website found,,https://www.openstreetmap.org/node/12313007433
LABORATORIO DE LENTES,Óptica/Oftalmología premium,Mexico,Guadalajara,Providencia/Chapalita/Americana,3336583993.0,,invalid_phone,No website found,,https://www.openstreetmap.org/node/12313007434
LA ESQUINA DE TUS OJOS,Óptica/Oftalmología premium,Mexico,Guadalajara,Providencia/Chapalita/Americana,3338253999.0,,invalid_phone,No website found,,https://www.openstreetmap.org/node/12313007436
INOVA VISIÓN,Óptica/Oftalmología premium,Mexico,Guadalajara,Providencia/Chapalita/Americana,3336136181.0,,invalid_phone,No website found,,https://www.openstreetmap.org/node/12313007439
INOVA VISION,Óptica/Oftalmología premium,Mexico,Guadalajara,Providencia/Chapalita/Americana,3336583577.0,,invalid_phone,No website found,,https://www.openstreetmap.org/node/12313007440
HORUS,Óptica/Oftalmología premium,Mexico,Guadalajara,Providencia/Chapalita/Americana,3338250721.0,,invalid_phone,No website found,,https://www.openstreetmap.org/node/12313007442
HOROPTICA,Óptica/Oftalmología premium,Mexico,Guadalajara,Providencia/Chapalita/Americana,3361926403.0,,invalid_phone,No website found,,https://www.openstreetmap.org/node/12313007443
GAFASTMK,Óptica/Oftalmología premium,Mexico,Guadalajara,Providencia/Chapalita/Americana,3338130013.0,,invalid_phone,Modern/official website found,WWW.GAFASTMK.COM,https://www.openstreetmap.org/node/12313007447
GAFAS,Óptica/Oftalmología premium,Mexico,Guadalajara,Providencia/Chapalita/Americana,3338333130.0,,invalid_phone,Modern/official website found,WWW.GAFAS.COM.MX,https://www.openstreetmap.org/node/12313007448
FABRICA DE LENTES,Óptica/Oftalmología premium,Mexico,Guadalajara,Providencia/Chapalita/Americana,2471004789.0,,invalid_phone,No website found,,https://www.openstreetmap.org/node/12313007450
FABRICA DE LENTES,Óptica/Oftalmología premium,Mexico,Guadalajara,Providencia/Chapalita/Americana,2471004789.0,,invalid_phone,No website found,,https://www.openstreetmap.org/node/12313007452
FABRICA DE LENTES,Óptica/Oftalmología premium,Mexico,Guadalajara,Providencia/Chapalita/Americana,2471004789.0,,invalid_phone,No website found,,https://www.openstreetmap.org/node/12313007457
Euro Visión,Óptica/Oftalmología premium,Mexico,Guadalajara,Providencia/Chapalita/Americana,3336134343.0,,invalid_phone,Modern/official website found,https://www.eurovision.mx/,https://www.openstreetmap.org/node/12313007459
ENTRE LENTES,Óptica/Oftalmología premium,Mexico,Guadalajara,Providencia/Chapalita/Americana,3338253304.0,,invalid_phone,No website found,,https://www.openstreetmap.org/node/12313007461
EL MUNDO DE LOS LENTES,Óptica/Oftalmología premium,Mexico,Guadalajara,Providencia/Chapalita/Americana,3318401815.0,,invalid_phone,No website found,,https://www.openstreetmap.org/node/12313007462
DISTRIBUIDORA SERRANO,Óptica/Oftalmología premium,Mexico,Guadalajara,Providencia/Chapalita/Americana,3336132270.0,,invalid_phone,No website found,,https://www.openstreetmap.org/node/12313007465
DISTRIBUIDORA OPTICA,Óptica/Oftalmología premium,Mexico,Guadalajara,Providencia/Chapalita/Americana,3336581983.0,,invalid_phone,No website found,,https://www.openstreetmap.org/node/12313007469
DISTRIBUIDORA EUROPEA DE ARTICULOS OPTICOS,Óptica/Oftalmología premium,Mexico,Guadalajara,Providencia/Chapalita/Americana,3336145285.0,,invalid_phone,No website found,,https://www.openstreetmap.org/node/12313007471
DIOPTIX,Óptica/Oftalmología premium,Mexico,Guadalajara,Providencia/Chapalita/Americana,3333591190.0,,invalid_phone,No website found,,https://www.openstreetmap.org/node/12313007475
CONSULTORIO MEDICO DE OFTALMOLOGIA,Óptica/Oftalmología premium,Mexico,Guadalajara,Providencia/Chapalita/Americana,3338131764.0,,invalid_phone,No website found,,https://www.openstreetmap.org/node/12313007481
CONFORTLENS,Óptica/Oftalmología premium,Mexico,Guadalajara,Providencia/Chapalita/Americana,3338251800.0,,invalid_phone,No website found,,https://www.openstreetmap.org/node/12313007482
COMERCIO AL POR MENOR DE LENTES SIN NOMBRE,Óptica/Oftalmología premium,Mexico,Guadalajara,Providencia/Chapalita/Americana,3326057847.0,,invalid_phone,No website found,,https://www.openstreetmap.org/node/12313007485
COMERCIO AL POR MENOR DE LENTES,Óptica/Oftalmología premium,Mexico,Guadalajara,Providencia/Chapalita/Americana,3336178393.0,,invalid_phone,No website found,,https://www.openstreetmap.org/node/12313007487
COMERCIO AL POR MENOR DE LENTES,Óptica/Oftalmología premium,Mexico,Guadalajara,Providencia/Chapalita/Americana,3336145654.0,,invalid_phone,Modern/official website found,WWWOPTICAOSCAR.COM,https://www.openstreetmap.org/node/12313007488
CENTRO OFTAMOLOGICO SANTA TERESA,Óptica/Oftalmología premium,Mexico,Guadalajara,Providencia/Chapalita/Americana,36170522.0,,invalid_phone,No website found,,https://www.openstreetmap.org/node/12313007496
BODEGA OPTICA,Óptica/Oftalmología premium,Mexico,Guadalajara,Providencia/Chapalita/Americana,3336151028.0,,invalid_phone,No website found,,https://www.openstreetmap.org/node/12313007507
BEST VISION,Óptica/Oftalmología premium,Mexico,Guadalajara,Providencia/Chapalita/Americana,3339252765.0,,invalid_phone,No website found,,https://www.openstreetmap.org/node/12313007509
ALTAVISTA OPTICA Y LABORATORIO,Óptica/Oftalmología premium,Mexico,Guadalajara,Providencia/Chapalita/Americana,3344443738.0,,invalid_phone,No website found,,https://www.openstreetmap.org/node/12313007516
ABASTECEDORA OPTICA LEON,Óptica/Oftalmología premium,Mexico,Guadalajara,Providencia/Chapalita/Americana,3336149070.0,,invalid_phone,No website found,,https://www.openstreetmap.org/node/12313007519
Dentalign - Dentists and Orthodontist,Dental,Mexico,Guadalajara,Providencia/Chapalita/Americana,+52 33 1091 8893,523310918893,valid_format_only,Modern/official website found,https://sites.google.com/view/orthoconnect,https://www.openstreetmap.org/node/13387642306
Casa Moriori,Restaurante boutique,Mexico,Guadalajara,Providencia/Chapalita/Americana,+523313368348,523313368348,valid_format_only,No website found,,https://www.openstreetmap.org/node/13451831578
Broken Cheese Pizza,Restaurante boutique,Mexico,Guadalajara,Providencia/Chapalita/Americana,01 33 1199 8881,,invalid_phone,No website found,,https://www.openstreetmap.org/way/302751556
Ćruz Verde Delgadillo Araujo,Clínica estética,Mexico,Guadalajara,Providencia/Chapalita/Americana,+52 33 1201 8648,523312018648,valid_format_only,No website found,,https://www.openstreetmap.org/way/389474082
Foco al Aire,Restaurante boutique,Mexico,Guadalajara,Providencia/Chapalita/Americana,+52 33 3121 1100,523331211100,valid_format_only,Modern/official website found,http://www.focoalaire.com/,https://www.openstreetmap.org/way/699142195
Barrio de Quilmes,Restaurante boutique,Mexico,Guadalajara,Providencia/Chapalita/Americana,+52 33 3647 4445,523336474445,valid_format_only,No website found,,https://www.openstreetmap.org/way/790815467
Mariscos Save,Restaurante boutique,Mexico,Guadalajara,Providencia/Chapalita/Americana,+52 33 3813 1194,523338131194,valid_format_only,Modern/official website found,https://restaurante-save.mx/,https://www.openstreetmap.org/way/790819925
Lonchería Lisboa,Restaurante boutique,Mexico,Guadalajara,Providencia/Chapalita/Americana,+523338129079,523338129079,valid_format_only,No website found,,https://www.openstreetmap.org/way/826784283
Tacos y Gorditas Elvira,Restaurante boutique,Mexico,Guadalajara,Providencia/Chapalita/Americana,+523322470894,523322470894,valid_format_only,No website found,,https://www.openstreetmap.org/way/852565399
Tortas ahogadas Hugo,Restaurante boutique,Mexico,Guadalajara,Providencia/Chapalita/Americana,+52 33 1386 2406,523313862406,valid_format_only,Only Instagram/Facebook,https://www.facebook.com/tortashugolasdehuesitosu/?locale=es_LA,https://www.openstreetmap.org/way/1359417575
MESÓN A.C,Clínica estética,Mexico,Guadalajara,Providencia/Chapalita/Americana,+523336131918,523336131918,valid_format_only,Modern/official website found,https://mesonac.org/,https://www.openstreetmap.org/way/1389850952
AHF México - Wellness Center Guadalajara,Clínica estética,Mexico,Guadalajara,Providencia/Chapalita/Americana,+523338015091,523338015091,valid_format_only,Modern/official website found,https://pruebadevih.org.mx/,https://www.openstreetmap.org/way/1389850953
Rearquitectura,Arquitectura/interiorismo,Mexico,Puebla,Angelópolis/Zavaleta/La Paz,+52 222 237 7569,522222377569,valid_format_only,Modern/official website found,http://rearquitectura.com.mx/,https://www.openstreetmap.org/node/2778977396
Itaymau - Salón de belleza y Spa,Clínica estética,Mexico,Puebla,Angelópolis/Zavaleta/La Paz,+52 222 3794040,522223794040,valid_format_only,Modern/official website found,http://www.itaymau.mx,https://www.openstreetmap.org/node/2835002074
LARR Aparatos Ortopedicos,Clínica estética,Mexico,Puebla,Angelópolis/Zavaleta/La Paz,+52 222 242 3717,522222423717,valid_format_only,No website found,,https://www.openstreetmap.org/node/3248672136
Azienda Tacos & Grill,Restaurante boutique,Mexico,Puebla,Angelópolis/Zavaleta/La Paz,+52 222 8897238,522228897238,valid_format_only,No website found,,https://www.openstreetmap.org/node/3555247593
Casa RACSS,Clínica estética,Mexico,Puebla,Angelópolis/Zavaleta/La Paz,012222437320,,invalid_phone,No website found,,https://www.openstreetmap.org/node/4372884291
Ortho Tech (órtesis y prótesis),Clínica estética,Mexico,Puebla,Angelópolis/Zavaleta/La Paz,+52 222 237 7543,522222377543,valid_format_only,Modern/official website found,http://www.orthotechmx.com,https://www.openstreetmap.org/node/4897973656
La Casa Del Mendrugo,Restaurante boutique,Mexico,Puebla,Angelópolis/Zavaleta/La Paz,3268060,,invalid_phone,Modern/official website found,https://www.casadelmendrugo.com/,https://www.openstreetmap.org/node/4929484524
La Cocina de Elvia,Restaurante boutique,Mexico,Puebla,Angelópolis/Zavaleta/La Paz,2964710,,invalid_phone,No website found,,https://www.openstreetmap.org/node/5025022322
El Mesón de los Toros,Restaurante boutique,Mexico,Puebla,Angelópolis/Zavaleta/La Paz,+52 222 705 2978,522227052978,valid_format_only,No website found,,https://www.openstreetmap.org/node/5121086022
Kampai,Restaurante boutique,Mexico,Puebla,Angelópolis/Zavaleta/La Paz,+52 222 169 7374,522221697374,valid_format_only,Modern/official website found,https://www.kampai.mx/puebla/menu,https://www.openstreetmap.org/node/5351318623
El Mesón de Don Pancho,Restaurante boutique,Mexico,Puebla,Angelópolis/Zavaleta/La Paz,012222979969,,invalid_phone,No website found,,https://www.openstreetmap.org/node/5769238053
Bistro 702 - La Paz,Restaurante boutique,Mexico,Puebla,Angelópolis/Zavaleta/La Paz,+52 222 806 2305,522228062305,valid_format_only,Modern/official website found,https://bistro702.mx,https://www.openstreetmap.org/node/5880037970
Birria La Yaya,Restaurante boutique,Mexico,Puebla,Angelópolis/Zavaleta/La Paz,+52 222 357 7328,522223577328,valid_format_only,No website found,,https://www.openstreetmap.org/node/6916428256
Parrilla Galbia,Restaurante boutique,Mexico,Puebla,Angelópolis/Zavaleta/La Paz,+52 222 264 5793,522222645793,valid_format_only,Modern/official website found,https://parrillagalbia.com/,https://www.openstreetmap.org/node/8432702482
La Yaquesita,Restaurante boutique,Mexico,Puebla,Angelópolis/Zavaleta/La Paz,+52 221 234 8665,522212348665,valid_format_only,Modern/official website found,layaquesita.org,https://www.openstreetmap.org/node/9140480556
Dolce Pecatto Crystal,Restaurante boutique,Mexico,Puebla,Angelópolis/Zavaleta/La Paz,+52 222 694 9494,522226949494,valid_format_only,Modern/official website found,https://dolcepecatto.net,https://www.openstreetmap.org/node/9690739472
Dolce Pecatto Dorada,Restaurante boutique,Mexico,Puebla,Angelópolis/Zavaleta/La Paz,+52 222 694 9494,522226949494,valid_format_only,Modern/official website found,https://dolcepecatto.net,https://www.openstreetmap.org/node/9690764850
Dolce Pecatto Portales,Restaurante boutique,Mexico,Puebla,Angelópolis/Zavaleta/La Paz,+52 222 694 9494,522226949494,valid_format_only,Modern/official website found,https://dolcepecattop.net,https://www.openstreetmap.org/node/9690778932
Dolce Pecatto San Pedro,Restaurante boutique,Mexico,Puebla,Angelópolis/Zavaleta/La Paz,+52 222 694 9494,522226949494,valid_format_only,Modern/official website found,https://dolcepecatto.net,https://www.openstreetmap.org/node/9690787958
Café Aguirre,Restaurante boutique,Mexico,Puebla,Angelópolis/Zavaleta/La Paz,+522229562771,522229562771,valid_format_only,No website found,,https://www.openstreetmap.org/node/10152473668
Tacos La china,Restaurante boutique,Mexico,Puebla,Angelópolis/Zavaleta/La Paz,+522225022663,522225022663,valid_format_only,No website found,,https://www.openstreetmap.org/node/10152480478
Dentalia,Dental,Mexico,Puebla,Angelópolis/Zavaleta/La Paz,+52 800 003 3682,528000033682,valid_format_only,Modern/official website found,https://dentalia.com,https://www.openstreetmap.org/node/11156114402
Farmacia veterinaria Acuario,Veterinaria,Mexico,Puebla,Angelópolis/Zavaleta/La Paz,+52 222 232 2456,522222322456,valid_format_only,No website found,,https://www.openstreetmap.org/node/11178822242
La Chilaquileria,Restaurante boutique,Mexico,Puebla,Angelópolis/Zavaleta/La Paz,+52 221 277 7996,522212777996,valid_format_only,No website found,,https://www.openstreetmap.org/node/11745748524
El Zapata,Restaurante boutique,Mexico,Puebla,Angelópolis/Zavaleta/La Paz,+52 222 603 3512,522226033512,valid_format_only,No website found,,https://www.openstreetmap.org/node/12381360701
Minerva Hospital Veterinario,Veterinaria,Mexico,Puebla,Angelópolis/Zavaleta/La Paz,+522222312511,522222312511,valid_format_only,No website found,,https://www.openstreetmap.org/node/13365949279
Los Vampiros Emparedados,Restaurante boutique,Mexico,Puebla,Angelópolis/Zavaleta/La Paz,+52 222 279 9499,522222799499,valid_format_only,No website found,,https://www.openstreetmap.org/node/13422378801
Herrera Fuentes Dental,Dental,Mexico,Puebla,Angelópolis/Zavaleta/La Paz,+52 222 386 4172,522223864172,valid_format_only,No website found,,https://www.openstreetmap.org/node/13625649553
Bistro 702 - Angelópolis,Restaurante boutique,Mexico,Puebla,Angelópolis/Zavaleta/La Paz,+522222257529,522222257529,valid_format_only,Modern/official website found,https://bistro702.mx,https://www.openstreetmap.org/node/13728090646
TAISHŌRI,Restaurante boutique,Mexico,Puebla,Angelópolis/Zavaleta/La Paz,+52 222 169 5478,522221695478,valid_format_only,No website found,,https://www.openstreetmap.org/node/13750686687
Rodri's Pizza,Restaurante boutique,Mexico,Puebla,Angelópolis/Zavaleta/La Paz,+52 2222845050,522222845050,valid_format_only,No website found,,https://www.openstreetmap.org/way/790798716
Pasta y Pizza Verona,Restaurante boutique,Mexico,Puebla,Angelópolis/Zavaleta/La Paz,+522228881704,522228881704,valid_format_only,No website found,,https://www.openstreetmap.org/way/1152838651
Tacos Cabo,Restaurante boutique,Mexico,Puebla,Angelópolis/Zavaleta/La Paz,+522228894924,522228894924,valid_format_only,No website found,,https://www.openstreetmap.org/way/1152838659
Opticas Optimolina,Óptica/Oftalmología premium,Mexico,Mérida,Mérida Norte/Altabrisa/Montebello/Temozón,+529138469,,invalid_phone,Modern/official website found,https://optimolina.com/,https://www.openstreetmap.org/node/4119709788
La Pigua,Restaurante boutique,Mexico,Mérida,Mérida Norte/Altabrisa/Montebello/Temozón,+9999203605,529999203605,valid_format_only,Modern/official website found,https://www.lapiguamerida.com/,https://www.openstreetmap.org/node/4213523396
La Revo Bar and Fajita House,Restaurante boutique,Mexico,Mérida,Mérida Norte/Altabrisa/Montebello/Temozón,+529992917250,529992917250,valid_format_only,Modern/official website found,http://larevofajitahouse.com,https://www.openstreetmap.org/node/4213566012
Toro Cortes Finos,Restaurante boutique,Mexico,Mérida,Mérida Norte/Altabrisa/Montebello/Temozón,+5219999813850,529999813850,valid_format_only,No website found,,https://www.openstreetmap.org/node/4232449289
Sushi Co.,Restaurante boutique,Mexico,Mérida,Mérida Norte/Altabrisa/Montebello/Temozón,+52 999 944 3232,529999443232,valid_format_only,Modern/official website found,http://www.sushico.mx,https://www.openstreetmap.org/node/4311936393
Misión Animal,Veterinaria,Mexico,Mérida,Mérida Norte/Altabrisa/Montebello/Temozón,+52 999 183 3102,529991833102,valid_format_only,No website found,,https://www.openstreetmap.org/node/4351769189
Oftalmérida,Clínica estética,Mexico,Mérida,Mérida Norte/Altabrisa/Montebello/Temozón,+52 999 927 1792,529999271792,valid_format_only,Modern/official website found,http://www.oftalmerida.com.mx,https://www.openstreetmap.org/node/4356183589
CEDIMMONT,Clínica estética,Mexico,Mérida,Mérida Norte/Altabrisa/Montebello/Temozón,+52 999 195 0267,529991950267,valid_format_only,No website found,,https://www.openstreetmap.org/node/4356193791
Balance Total,Clínica estética,Mexico,Mérida,Mérida Norte/Altabrisa/Montebello/Temozón,+52 999 218 4359,529992184359,valid_format_only,Modern/official website found,https://www.balancetotal.com.mx/,https://www.openstreetmap.org/node/4369583606
Pizza Hut,Restaurante boutique,Mexico,Mérida,Mérida Norte/Altabrisa/Montebello/Temozón,999919500,,invalid_phone,No website found,,https://www.openstreetmap.org/node/4560308190
Pescadería La Ribera,Restaurante boutique,Mexico,Mérida,Mérida Norte/Altabrisa/Montebello/Temozón,+5219999446099,529999446099,valid_format_only,No website found,,https://www.openstreetmap.org/node/4808652907
"Caamal, Caamal",Abogado migratorio,Mexico,Mérida,Mérida Norte/Altabrisa/Montebello/Temozón,+52 999 925 8824,529999258824,valid_format_only,No website found,,https://www.openstreetmap.org/node/5300181621
Pastelicioso Gourmet,Restaurante boutique,Mexico,Mérida,Mérida Norte/Altabrisa/Montebello/Temozón,+52 999 738 8229,529997388229,valid_format_only,Modern/official website found,http://pastelicioso.com,https://www.openstreetmap.org/node/5522787121
Pastelicioso Gourmet,Restaurante boutique,Mexico,Mérida,Mérida Norte/Altabrisa/Montebello/Temozón,+52 999 738 8221,529997388221,valid_format_only,Modern/official website found,http://pastelicioso.com,https://www.openstreetmap.org/node/5541593322
Gin 47,Restaurante boutique,Mexico,Mérida,Mérida Norte/Altabrisa/Montebello/Temozón,+52 999 217 1529,529992171529,valid_format_only,Modern/official website found,http://codecti.mx,https://www.openstreetmap.org/node/6070611885
Devlyn,Óptica/Oftalmología premium,Mexico,Mérida,Mérida Norte/Altabrisa/Montebello/Temozón,+52 999 941 5749,529999415749,valid_format_only,Modern/official website found,https://www.devlyn.com.mx/,https://www.openstreetmap.org/node/6652933986
D'OR24K Prestige,Clínica estética,Mexico,Mérida,Mérida Norte/Altabrisa/Montebello/Temozón,+52 999 132 3009,529991323009,valid_format_only,No website found,,https://www.openstreetmap.org/node/6652933988
d-uñas,Clínica estética,Mexico,Mérida,Mérida Norte/Altabrisa/Montebello/Temozón,+52 999 941 5294,529999415294,valid_format_only,No website found,,https://www.openstreetmap.org/node/6652933990
Natural Scents,Clínica estética,Mexico,Mérida,Mérida Norte/Altabrisa/Montebello/Temozón,+52 999 941 6005,529999416005,valid_format_only,Modern/official website found,https://naturalscents.com.mx/,https://www.openstreetmap.org/node/6652951667
Opticas Lux,Óptica/Oftalmología premium,Mexico,Mérida,Mérida Norte/Altabrisa/Montebello/Temozón,+52 999 941 5791,529999415791,valid_format_only,Modern/official website found,https://www.lux.mx/,https://www.openstreetmap.org/node/6652951669
Johnny Rockets,Restaurante boutique,Mexico,Mérida,Mérida Norte/Altabrisa/Montebello/Temozón,(999)416213,,invalid_phone,No website found,,https://www.openstreetmap.org/node/6652960508
L'Izzo,Clínica estética,Mexico,Mérida,Mérida Norte/Altabrisa/Montebello/Temozón,+52 999 941 5630,529999415630,valid_format_only,Modern/official website found,http://www.lizzointernacional.com/,https://www.openstreetmap.org/node/6652960512
Sushi Roll Restaurante,Restaurante boutique,Mexico,Mérida,Mérida Norte/Altabrisa/Montebello/Temozón,+52 999 941 6831,529999416831,valid_format_only,Modern/official website found,https://sushiroll.com.mx/,https://www.openstreetmap.org/node/6653004698
La pequeña Susana,Restaurante boutique,Mexico,Mérida,Mérida Norte/Altabrisa/Montebello/Temozón,3165723,,invalid_phone,No website found,,https://www.openstreetmap.org/node/6833831804
Katun,Restaurante boutique,Mexico,Mérida,Mérida Norte/Altabrisa/Montebello/Temozón,+52 1 999 920 1482,529999201482,valid_format_only,Modern/official website found,http://restaurantekatun.mx/,https://www.openstreetmap.org/node/7034101362
Shill&Go,Restaurante boutique,Mexico,Mérida,Mérida Norte/Altabrisa/Montebello/Temozón,+52 999 431 1342,529994311342,valid_format_only,Modern/official website found,http://www.shillandgo.com/,https://www.openstreetmap.org/node/7115447688
Spa & star alta cosmetología,Clínica estética,Mexico,Mérida,Mérida Norte/Altabrisa/Montebello/Temozón,+52 999 3265564,529993265564,valid_format_only,No website found,,https://www.openstreetmap.org/node/8092675272
Odymed,Dental,Mexico,Mérida,Mérida Norte/Altabrisa/Montebello/Temozón,+52 999 104 8455,529991048455,valid_format_only,No website found,,https://www.openstreetmap.org/node/8660642919
Emilia's - Pizza & Pasta,Restaurante boutique,Mexico,Mérida,Mérida Norte/Altabrisa/Montebello/Temozón,+52 99 9164 6107,529991646107,valid_format_only,Only Instagram/Facebook,https://www.facebook.com/Emilias-pizza-y-pasta-108502021511139/,https://www.openstreetmap.org/node/9681472484
Tokyo Shushi,Restaurante boutique,Mexico,Mérida,Mérida Norte/Altabrisa/Montebello/Temozón,+52 999 195 6819,529991956819,valid_format_only,No website found,,https://www.openstreetmap.org/node/9724651817
TAITTO EXPRESS,Restaurante boutique,Mexico,Mérida,Mérida Norte/Altabrisa/Montebello/Temozón,999185666,,invalid_phone,No website found,,https://www.openstreetmap.org/node/10122791141
Merci,Restaurante boutique,Mexico,Mérida,Mérida Norte/Altabrisa/Montebello/Temozón,+529999488281,529999488281,valid_format_only,No website found,,https://www.openstreetmap.org/node/10887401820
Dentalia,Dental,Mexico,Mérida,Mérida Norte/Altabrisa/Montebello/Temozón,+52 800 003 3682,528000033682,valid_format_only,Modern/official website found,https://dentalia.com,https://www.openstreetmap.org/node/11156114370
Mr. Pampas,Restaurante boutique,Mexico,Mérida,Mérida Norte/Altabrisa/Montebello/Temozón,+52 999 349 1496,529993491496,valid_format_only,Modern/official website found,http:// mrpampas.com,https://www.openstreetmap.org/node/11223276937
Talula Bar Natural,Restaurante boutique,Mexico,Mérida,Mérida Norte/Altabrisa/Montebello/Temozón,+52 999 725 2175,529997252175,valid_format_only,Modern/official website found,http:// talula.mx,https://www.openstreetmap.org/node/11223315037
Avocado,Restaurante boutique,Mexico,Mérida,Mérida Norte/Altabrisa/Montebello/Temozón,+52 999 377 5166,529993775166,valid_format_only,No website found,,https://www.openstreetmap.org/node/11225776237
Ojo de Aqua,Restaurante boutique,Mexico,Mérida,Mérida Norte/Altabrisa/Montebello/Temozón,+52 999 237 7930,529992377930,valid_format_only,Modern/official website found,https://grupoojodeagua.com.mx/,https://www.openstreetmap.org/node/11232603037
Las Coronelas MID,Restaurante boutique,Mexico,Mérida,Mérida Norte/Altabrisa/Montebello/Temozón,+52 56 4245 0784,525642450784,valid_format_only,No website found,,https://www.openstreetmap.org/node/11610416469
Kōfuku,Restaurante boutique,Mexico,Mérida,Mérida Norte/Altabrisa/Montebello/Temozón,+52 999 219 5230,529992195230,valid_format_only,Modern/official website found,https://kofuku.mx,https://www.openstreetmap.org/node/13062893634
Jerome Steak Bistro,Restaurante boutique,Mexico,Mérida,Mérida Norte/Altabrisa/Montebello/Temozón,+52 999 948 2837,529999482837,valid_format_only,Modern/official website found,https://www.trottersmerida.com/,https://www.openstreetmap.org/node/13443968602
Jerome,Restaurante boutique,Mexico,Mérida,Mérida Norte/Altabrisa/Montebello/Temozón,+529999482837,529999482837,valid_format_only,Modern/official website found,https://www.trottersmerida.com/,https://www.openstreetmap.org/node/13447249210
Cocina Don José,Restaurante boutique,Mexico,Mérida,Mérida Norte/Altabrisa/Montebello/Temozón,+52 999 224 1783,529992241783,valid_format_only,No website found,,https://www.openstreetmap.org/node/13471700173
Nuevo San Fernando Cochinita Y Lechon,Restaurante boutique,Mexico,Mérida,Mérida Norte/Altabrisa/Montebello/Temozón,+52 999 350 5923,529993505923,valid_format_only,No website found,,https://www.openstreetmap.org/node/13845064602
Terapias Orientales,Fisioterapia,Mexico,Mérida,Mérida Norte/Altabrisa/Montebello/Temozón,+52 999 191 4209,529991914209,valid_format_only,No website found,,https://www.openstreetmap.org/node/13850807201
La Casa de los Animales,Veterinaria,Mexico,Mérida,Mérida Norte/Altabrisa/Montebello/Temozón,+52 9991774818,529991774818,valid_format_only,No website found,,https://www.openstreetmap.org/node/13937962901
El Arbol,Restaurante boutique,Mexico,Mérida,Mérida Norte/Altabrisa/Montebello/Temozón,+52 999 925 3849,529999253849,valid_format_only,Only Instagram/Facebook,https://www.facebook.com/elarbol.restaurantevegetariano/,https://www.openstreetmap.org/node/14007750321
Siqueff,Restaurante boutique,Mexico,Mérida,Mérida Norte/Altabrisa/Montebello/Temozón,+1-999-125-6488,,invalid_phone,Modern/official website found,https://siqueffrestaurant.com/,https://www.openstreetmap.org/node/14007824543
Amoroso,Restaurante boutique,Mexico,Mérida,Mérida Norte/Altabrisa/Montebello/Temozón,+52 999 164 0608,529991640608,valid_format_only,Only Instagram/Facebook,https://www.instagram.com/amorosomx/,https://www.openstreetmap.org/node/14021068690
La Ceiba de la Xtabay,Restaurante boutique,Mexico,Mérida,Mérida Norte/Altabrisa/Montebello/Temozón,943-9867,,invalid_phone,No website found,,https://www.openstreetmap.org/way/462840644
Mayan Salón & Spa,Clínica estética,Mexico,Mérida,Mérida Norte/Altabrisa/Montebello/Temozón,+52 999 292 2935,529992922935,valid_format_only,Modern/official website found,https://www.qhealthapp.com/,https://www.openstreetmap.org/way/843873092
Restaurante Canek Mérida,Restaurante boutique,Mexico,Mérida,Mérida Norte/Altabrisa/Montebello/Temozón,+529994882210,529994882210,valid_format_only,Only Instagram/Facebook,https://www.facebook.com/restaurantecanek/,https://www.openstreetmap.org/way/1111189665
La Piazza Stuffed MID,Restaurante boutique,Mexico,Mérida,Mérida Norte/Altabrisa/Montebello/Temozón,+52 999 262 6688,529992626688,valid_format_only,No website found,,https://www.openstreetmap.org/way/1251801460
Restaurante Las Cazuelas,Restaurante boutique,Mexico,Mérida,Mérida Norte/Altabrisa/Montebello/Temozón,+529991831890,529991831890,valid_format_only,Only Instagram/Facebook,https://www.facebook.com/profile.php?id=100089218007565,https://www.openstreetmap.org/way/1419044870
Italiannis,Restaurante boutique,Mexico,Cancún,Zona Hotelera/Cumbres/Av. Bonampak,+52 998 848 2678,529988482678,valid_format_only,No website found,,https://www.openstreetmap.org/node/1033038092
Hong Kong,Restaurante boutique,Mexico,Cancún,Zona Hotelera/Cumbres/Av. Bonampak,+529988844651,529988844651,valid_format_only,Modern/official website found,https://www.hkexpress.mx/,https://www.openstreetmap.org/node/2208023740
Mandinga,Restaurante boutique,Mexico,Cancún,Zona Hotelera/Cumbres/Av. Bonampak,+529988801771,529988801771,valid_format_only,No website found,,https://www.openstreetmap.org/node/3645121691
Salus y Chemo's,Restaurante boutique,Mexico,Cancún,Zona Hotelera/Cumbres/Av. Bonampak,+52 884-39-07,,invalid_phone,No website found,,https://www.openstreetmap.org/node/4213593731
Pescaditos,Restaurante boutique,Mexico,Cancún,Zona Hotelera/Cumbres/Av. Bonampak,+529983420261,529983420261,valid_format_only,No website found,,https://www.openstreetmap.org/node/4255663389
Cancun Smile,Dental,Mexico,Cancún,Zona Hotelera/Cumbres/Av. Bonampak,88439 52 y 8840717,,invalid_phone,Modern/official website found,https://www.cancunsmile.com/,https://www.openstreetmap.org/node/4431666848
Smart Kitchen,Restaurante boutique,Mexico,Cancún,Zona Hotelera/Cumbres/Av. Bonampak,2562783,,invalid_phone,Only Instagram/Facebook,https://facebook.com/smartkitchencancun;http://facebook.com/smartkitchencancun,https://www.openstreetmap.org/node/4991425621
El Poblano,Restaurante boutique,Mexico,Cancún,Zona Hotelera/Cumbres/Av. Bonampak,+529988842495,529988842495,valid_format_only,Modern/official website found,https://elpoblano.restaurantwebexperts.com/,https://www.openstreetmap.org/node/5024492722
La Parrilla,Restaurante boutique,Mexico,Cancún,Zona Hotelera/Cumbres/Av. Bonampak,+529982878118,529982878118,valid_format_only,Modern/official website found,https://laparrilla.com.mx/?utm_source=google&utm_medium=mybusiness,https://www.openstreetmap.org/node/5061324423
Sushi Roll,Restaurante boutique,Mexico,Cancún,Zona Hotelera/Cumbres/Av. Bonampak,+52 998 884 1444,529988841444,valid_format_only,Modern/official website found,https://sushiroll.com.mx/,https://www.openstreetmap.org/node/5365883021
El Pescado Ciego,Restaurante boutique,Mexico,Cancún,Zona Hotelera/Cumbres/Av. Bonampak,+529988981670,529988981670,valid_format_only,Only Instagram/Facebook,https://www.facebook.com/pescadociego,https://www.openstreetmap.org/node/6175905687
7x7 Jugos. Tacos. Licuados,Restaurante boutique,Mexico,Cancún,Zona Hotelera/Cumbres/Av. Bonampak,8840427,,invalid_phone,No website found,,https://www.openstreetmap.org/node/6238678985
Los Hochos Del Bro,Restaurante boutique,Mexico,Cancún,Zona Hotelera/Cumbres/Av. Bonampak,+52 998 152 6215,529981526215,valid_format_only,No website found,,https://www.openstreetmap.org/node/6247204086
Taqueria Coapenitos,Restaurante boutique,Mexico,Cancún,Zona Hotelera/Cumbres/Av. Bonampak,+529988108699,529988108699,valid_format_only,Only Instagram/Facebook,https://beacons.ai/coapenitos?fbclid=PAZXh0bgNhZW0CMTEAAadjSrjo6Tul3zLog5UESQpjzCdN9ieCeU4HTgLCbOOpLIaEIQrV3vct07FztQ_aem_Qo0Nb21L60e1BkT2MqhxAg,https://www.openstreetmap.org/node/6374899385
La Dolce Vita,Restaurante boutique,Mexico,Cancún,Zona Hotelera/Cumbres/Av. Bonampak,+529988843393,529988843393,valid_format_only,Modern/official website found,https://www.ladolcevita.com/,https://www.openstreetmap.org/node/6399714286
Casa de los Abuelos,Restaurante boutique,Mexico,Cancún,Zona Hotelera/Cumbres/Av. Bonampak,+529988845207,529988845207,valid_format_only,Modern/official website found,https://casadelosabuelos.com.mx/,https://www.openstreetmap.org/node/6465840104
Dentalia,Dental,Mexico,Cancún,Zona Hotelera/Cumbres/Av. Bonampak,+52 800 003 3682,528000033682,valid_format_only,Modern/official website found,https://dentalia.com,https://www.openstreetmap.org/node/7388818486
El Socio Naiz,Restaurante boutique,Mexico,Cancún,Zona Hotelera/Cumbres/Av. Bonampak,+529982556814,529982556814,valid_format_only,Modern/official website found,http://www.socionaiz.com/,https://www.openstreetmap.org/node/9287292717
Mammamia!,Restaurante boutique,Mexico,Cancún,Zona Hotelera/Cumbres/Av. Bonampak,+52 998 179 8314,529981798314,valid_format_only,No website found,,https://www.openstreetmap.org/node/9483567318
El Fish Fritanga,Restaurante boutique,Mexico,Cancún,Zona Hotelera/Cumbres/Av. Bonampak,+52 998 840 6216,529988406216,valid_format_only,Modern/official website found,https://elfishfritanga.com/,https://www.openstreetmap.org/node/10539947709
Picana & Grill,Restaurante boutique,Mexico,Cancún,Zona Hotelera/Cumbres/Av. Bonampak,+52 998 259 5659,529982595659,valid_format_only,Modern/official website found,http://picanagrill.com/,https://www.openstreetmap.org/node/10635050458
Isla Contoy,Restaurante boutique,Mexico,Cancún,Zona Hotelera/Cumbres/Av. Bonampak,+52 998 884 0172,529988840172,valid_format_only,No website found,,https://www.openstreetmap.org/node/10635050497
El Cejas,Restaurante boutique,Mexico,Cancún,Zona Hotelera/Cumbres/Av. Bonampak,+52 998 884 0401,529988840401,valid_format_only,No website found,,https://www.openstreetmap.org/node/10635058216
Puerto Santo,Restaurante boutique,Mexico,Cancún,Zona Hotelera/Cumbres/Av. Bonampak,+52 998 239 6882,529982396882,valid_format_only,Modern/official website found,https://www.opentable.com.mx/r/puerto-santo-cancun,https://www.openstreetmap.org/node/10642013305
Zun Ha Restaurante Bar by Tsunami Azul,Restaurante boutique,Mexico,Cancún,Zona Hotelera/Cumbres/Av. Bonampak,+529985614105,529985614105,valid_format_only,No website found,,https://www.openstreetmap.org/node/10681456405
La Palapa Belga,Restaurante boutique,Mexico,Cancún,Zona Hotelera/Cumbres/Av. Bonampak,+52 998 883 5454,529988835454,valid_format_only,Modern/official website found,https://lapalapabelga.com.mx/,https://www.openstreetmap.org/node/11037127332
Marbha Cancún,Restaurante boutique,Mexico,Cancún,Zona Hotelera/Cumbres/Av. Bonampak,+529983039531,529983039531,valid_format_only,Modern/official website found,https://marbha.ola.click/products,https://www.openstreetmap.org/node/11200691219
El Oasis Mariscos,Restaurante boutique,Mexico,Cancún,Zona Hotelera/Cumbres/Av. Bonampak,+529981363094,529981363094,valid_format_only,Modern/official website found,https://eloasismariscos.com/,https://www.openstreetmap.org/node/11575445169
El Doctorcito,Restaurante boutique,Mexico,Cancún,Zona Hotelera/Cumbres/Av. Bonampak,+529981566220,529981566220,valid_format_only,Modern/official website found,https://www.mariscoseldoctorcito.com/,https://www.openstreetmap.org/node/11575775071
La Vicenta Cancun,Restaurante boutique,Mexico,Cancún,Zona Hotelera/Cumbres/Av. Bonampak,+529986886736,529986886736,valid_format_only,Modern/official website found,https://lavicenta.com.mx/,https://www.openstreetmap.org/node/11577769969
La Palapita Tulum,Restaurante boutique,Mexico,Cancún,Zona Hotelera/Cumbres/Av. Bonampak,+529982249946,529982249946,valid_format_only,Modern/official website found,https://www.lapalapita.mx/,https://www.openstreetmap.org/node/12040520138
Kiosco Verde,Restaurante boutique,Mexico,Cancún,Zona Hotelera/Cumbres/Av. Bonampak,+529984765428,529984765428,valid_format_only,Modern/official website found,http://restaurant-kiosco-verde.blogspot.mx/,https://www.openstreetmap.org/node/13275443450
Konigs Bier Cancún,Restaurante boutique,Mexico,Cancún,Zona Hotelera/Cumbres/Av. Bonampak,+52 998 753 6838,529987536838,valid_format_only,No website found,,https://www.openstreetmap.org/node/13919126045
Vips,Restaurante boutique,Mexico,Cancún,Zona Hotelera/Cumbres/Av. Bonampak,+528009008477,528009008477,valid_format_only,Modern/official website found,https://vips.com.mx/,https://www.openstreetmap.org/way/698800797
Centro de Salud Urbano No. 9,Clínica estética,Mexico,Cancún,Zona Hotelera/Cumbres/Av. Bonampak,+52 998 843 1021,529988431021,valid_format_only,No website found,,https://www.openstreetmap.org/way/1313810248
Imanic Lentes,Óptica/Oftalmología premium,Mexico,Metepec,Metepec/Toluca premium,+52 722 624 1925,527226241925,valid_format_only,Modern/official website found,http://www.imanic.com.mx/,https://www.openstreetmap.org/node/2810164570
Consultorio Dental Bravo,Dental,Mexico,Metepec,Metepec/Toluca premium,+52 722 214 7244,527222147244,valid_format_only,No website found,,https://www.openstreetmap.org/node/4632975523
Consultorio Dental,Dental,Mexico,Metepec,Metepec/Toluca premium,+52 722 108 2587,527221082587,valid_format_only,No website found,,https://www.openstreetmap.org/node/4701893708
Laboratorio Médico Polanco,Clínica estética,Mexico,Metepec,Metepec/Toluca premium,01 722 215 1580,,invalid_phone,Modern/official website found,https://lmpolanco.com/,https://www.openstreetmap.org/node/4724575351
Son Pastes,Restaurante boutique,Mexico,Metepec,Metepec/Toluca premium,01 722 831 1305,,invalid_phone,No website found,,https://www.openstreetmap.org/node/4726829207
Huaraches el Zacatecano,Restaurante boutique,Mexico,Metepec,Metepec/Toluca premium,01 722 580 2277,,invalid_phone,No website found,,https://www.openstreetmap.org/node/4726835530
La Cocina del Buen Sabor,Restaurante boutique,Mexico,Metepec,Metepec/Toluca premium,01 722 579 6868,,invalid_phone,No website found,,https://www.openstreetmap.org/node/4736468929
La Papa,Restaurante boutique,Mexico,Metepec,Metepec/Toluca premium,+52 722 213 4209,527222134209,valid_format_only,No website found,,https://www.openstreetmap.org/node/4740066751
El Chenchere,Restaurante boutique,Mexico,Metepec,Metepec/Toluca premium,7066924,,invalid_phone,Modern/official website found,http://lechenchere.wix.com/gastrofonda,https://www.openstreetmap.org/node/4740106784
El Rincón Tarasco,Restaurante boutique,Mexico,Metepec,Metepec/Toluca premium,017222138551,,invalid_phone,No website found,,https://www.openstreetmap.org/node/4747583933
Los Pericos,Restaurante boutique,Mexico,Metepec,Metepec/Toluca premium,01 722 214 2073,,invalid_phone,No website found,,https://www.openstreetmap.org/node/4749162034
Restaurante Familiar Antonios,Restaurante boutique,Mexico,Metepec,Metepec/Toluca premium,01 722 594 6210,,invalid_phone,No website found,,https://www.openstreetmap.org/node/4749174086
Piacere,Restaurante boutique,Mexico,Metepec,Metepec/Toluca premium,01 722 706 9510,,invalid_phone,No website found,,https://www.openstreetmap.org/node/4749200048
Pizzería Vázquez,Restaurante boutique,Mexico,Metepec,Metepec/Toluca premium,+52 722 526 8914,527225268914,valid_format_only,No website found,,https://www.openstreetmap.org/node/4749209471
Instituto de Alergias y Autoinmunidad Dr. Maximiliano Ruiz Castañeda A. C.,Clínica estética,Mexico,Metepec,Metepec/Toluca premium,017221670030,,invalid_phone,Modern/official website found,http://iaamrc.com/,https://www.openstreetmap.org/node/4749280072
Elotes y Esquites,Restaurante boutique,Mexico,Metepec,Metepec/Toluca premium,01 722 701 5182,,invalid_phone,Only Instagram/Facebook,facebook.com,https://www.openstreetmap.org/node/4749328527
Pollo Broaster,Restaurante boutique,Mexico,Metepec,Metepec/Toluca premium,01 722 213 0447,,invalid_phone,No website found,,https://www.openstreetmap.org/node/4749341845
Estética Alexandro,Clínica estética,Mexico,Metepec,Metepec/Toluca premium,+52 722 237 5991,527222375991,valid_format_only,No website found,,https://www.openstreetmap.org/node/4869954692
Carnitas los primos,Restaurante boutique,Mexico,Metepec,Metepec/Toluca premium,01 722 567 4451,,invalid_phone,No website found,,https://www.openstreetmap.org/node/4888099498
Taqueria El Gato,Restaurante boutique,Mexico,Metepec,Metepec/Toluca premium,01 722 467 2132,,invalid_phone,No website found,,https://www.openstreetmap.org/node/4915240682
Amaranta,Restaurante boutique,Mexico,Metepec,Metepec/Toluca premium,+52 722 280 8265,527222808265,valid_format_only,No website found,,https://www.openstreetmap.org/node/5329431823
Densonrisas,Dental,Mexico,Metepec,Metepec/Toluca premium,+52 722 314 0820,527223140820,valid_format_only,Modern/official website found,https://densonrisas.com/,https://www.openstreetmap.org/node/5879485469
Jengibre Healthy Food,Restaurante boutique,Mexico,Metepec,Metepec/Toluca premium,+527293256257,527293256257,valid_format_only,Modern/official website found,http://www.jengibrehealthyfood.com,https://www.openstreetmap.org/node/7774615349
Dental Center,Dental,Mexico,Metepec,Metepec/Toluca premium,+52 722 154 3815,527221543815,valid_format_only,No website found,,https://www.openstreetmap.org/node/7843759432
Consultorio Médico,Clínica estética,Mexico,Metepec,Metepec/Toluca premium,+527228688473,527228688473,valid_format_only,Modern/official website found,https://www.doctoralia.com.mx/berenice-bermudez-cruz/oftalmologo/metepec?utm_source=google&utm_medium=gmb&utm_campaign=10963&utm_content=website,https://www.openstreetmap.org/node/7850668095
Consultorio médico,Clínica estética,Mexico,Metepec,Metepec/Toluca premium,+52 722 213 1915,527222131915,valid_format_only,No website found,,https://www.openstreetmap.org/node/7850860169
Consultorio dental del Angel,Dental,Mexico,Metepec,Metepec/Toluca premium,+52 722 180 0772,527221800772,valid_format_only,No website found,,https://www.openstreetmap.org/node/7853667002
El Muelle Bistrot,Restaurante boutique,Mexico,Metepec,Metepec/Toluca premium,+52 722 315 0487,527223150487,valid_format_only,Modern/official website found,https://el-muelle-bistro.negocio.site/,https://www.openstreetmap.org/node/7885700485
PIZZAS ALEX'S,Restaurante boutique,Mexico,Metepec,Metepec/Toluca premium,+52 722 436 9348,527224369348,valid_format_only,Modern/official website found,pizzasalexs.com,https://www.openstreetmap.org/node/9488389350
Dentalia,Dental,Mexico,Metepec,Metepec/Toluca premium,+52 800 003 3682,528000033682,valid_format_only,Modern/official website found,https://dentalia.com,https://www.openstreetmap.org/node/11156114350
Consultorio Y Farmacia Homeopática,Clínica estética,Mexico,Metepec,Metepec/Toluca premium,+52 722 480 8638,527224808638,valid_format_only,No website found,,https://www.openstreetmap.org/node/12505328664
Consultorio dental,Dental,Mexico,Metepec,Metepec/Toluca premium,+52 722 216 2645,527222162645,valid_format_only,No website found,,https://www.openstreetmap.org/node/12505670143
Sante Du Corps,Clínica estética,Mexico,Metepec,Metepec/Toluca premium,+52 55 9170 5912,525591705912,valid_format_only,No website found,,https://www.openstreetmap.org/node/12508578468
Sanatorio México,Clínica estética,Mexico,Metepec,Metepec/Toluca premium,+527222120092,527222120092,valid_format_only,Modern/official website found,https://sanatoriomexico.com/,https://www.openstreetmap.org/node/12508590905
Ms&ms Dental Clinic,Dental,Mexico,Metepec,Metepec/Toluca premium,+52 722 213 1140,527222131140,valid_format_only,No website found,,https://www.openstreetmap.org/node/12511419000
Ube Dental,Dental,Mexico,Metepec,Metepec/Toluca premium,+52 722 238 7307,527222387307,valid_format_only,No website found,,https://www.openstreetmap.org/node/12511430990
Consultorios De Medicina General Del Sector Privado,Clínica estética,Mexico,Metepec,Metepec/Toluca premium,+52 722 155 4505,527221554505,valid_format_only,No website found,,https://www.openstreetmap.org/node/12512379677
Consultorio Dental,Dental,Mexico,Metepec,Metepec/Toluca premium,+52 722 394 8410,527223948410,valid_format_only,No website found,,https://www.openstreetmap.org/node/12512443198
Clean,Dental,Mexico,Metepec,Metepec/Toluca premium,+52 722 158 1136,527221581136,valid_format_only,No website found,,https://www.openstreetmap.org/node/12512462239
Consultorio Medico Pediatrico,Clínica estética,Mexico,Metepec,Metepec/Toluca premium,+52 722 111 3820,527221113820,valid_format_only,No website found,,https://www.openstreetmap.org/node/12512704708
Creando Sonrisas,Dental,Mexico,Metepec,Metepec/Toluca premium,+52 722 350 4994,527223504994,valid_format_only,Modern/official website found,www.oiedent.com,https://www.openstreetmap.org/node/12513238497
Start Dental,Dental,Mexico,Metepec,Metepec/Toluca premium,+52 722 219 4214,527222194214,valid_format_only,Modern/official website found,www.stardentaltoluca.com,https://www.openstreetmap.org/node/12513266171
Consultorio Medico,Clínica estética,Mexico,Metepec,Metepec/Toluca premium,+52 722 216 7374,527222167374,valid_format_only,No website found,,https://www.openstreetmap.org/node/12513310434
Grupo Medica Support,Óptica/Oftalmología premium,Mexico,Metepec,Metepec/Toluca premium,+52 722 301 7892,527223017892,valid_format_only,No website found,,https://www.openstreetmap.org/node/12516868148
Clinica Medica San Juan,Clínica estética,Mexico,Metepec,Metepec/Toluca premium,+52 722 212 8436,527222128436,valid_format_only,No website found,,https://www.openstreetmap.org/node/12517039327
Clinica De Rehabilitacion Fisica Sakti,Clínica estética,Mexico,Metepec,Metepec/Toluca premium,+52 722 634 8316,527226348316,valid_format_only,No website found,,https://www.openstreetmap.org/node/12517258980
Dental Clinic,Dental,Mexico,Metepec,Metepec/Toluca premium,224962950,,invalid_phone,No website found,,https://www.openstreetmap.org/node/12517362207
Consultorio Dental,Dental,Mexico,Metepec,Metepec/Toluca premium,+52 722 498 6931,527224986931,valid_format_only,Modern/official website found,https://www.doctoralia.com.mx/,https://www.openstreetmap.org/node/12517408782
Consultorio Dental,Dental,Mexico,Metepec,Metepec/Toluca premium,+52 722 620 6352,527226206352,valid_format_only,No website found,,https://www.openstreetmap.org/node/12519074903
El Divan De Freud,Clínica estética,Mexico,Metepec,Metepec/Toluca premium,+52 722 155 6811,527221556811,valid_format_only,No website found,,https://www.openstreetmap.org/node/12519435257
Dotor Dental,Dental,Mexico,Metepec,Metepec/Toluca premium,+52 722 272 2013,527222722013,valid_format_only,No website found,,https://www.openstreetmap.org/node/12519618820
Consultorio Dental Esquivel,Dental,Mexico,Metepec,Metepec/Toluca premium,+52 722 350 7464,527223507464,valid_format_only,No website found,,https://www.openstreetmap.org/node/12519644622
Consultorio dental Prudent,Dental,Mexico,Metepec,Metepec/Toluca premium,+52 722 252 1359,527222521359,valid_format_only,No website found,,https://www.openstreetmap.org/node/12519652752
Dental Vilher,Dental,Mexico,Metepec,Metepec/Toluca premium,+52 722 647 9760,527226479760,valid_format_only,No website found,,https://www.openstreetmap.org/node/12519679709
Consultorio Cirugia General,Clínica estética,Mexico,Metepec,Metepec/Toluca premium,+52 722 212 5649,527222125649,valid_format_only,No website found,,https://www.openstreetmap.org/node/12519681891
Orientacion Psicologica,Clínica estética,Mexico,Metepec,Metepec/Toluca premium,+52 722 381 0349,527223810349,valid_format_only,No website found,,https://www.openstreetmap.org/node/12519712846
Consultorio dental integral,Dental,Mexico,Metepec,Metepec/Toluca premium,+52 722 343 6547,527223436547,valid_format_only,No website found,,https://www.openstreetmap.org/node/12519997201
Centro joshem,Clínica estética,Mexico,Metepec,Metepec/Toluca premium,+52 722 457 5094,527224575094,valid_format_only,No website found,,https://www.openstreetmap.org/node/12521089620
Consultorio Homeopatico,Clínica estética,Mexico,Metepec,Metepec/Toluca premium,+52 722 432 7883,527224327883,valid_format_only,No website found,,https://www.openstreetmap.org/node/12521171644
Consultorio de Nutriologa,Clínica estética,Mexico,Metepec,Metepec/Toluca premium,+52 722 504 2139,527225042139,valid_format_only,No website found,,https://www.openstreetmap.org/node/12521211067
Consultorios Medicos Alvear,Clínica estética,Mexico,Metepec,Metepec/Toluca premium,+52 722 215 2797,527222152797,valid_format_only,No website found,,https://www.openstreetmap.org/node/12521222062
Consultorio Dental,Dental,Mexico,Metepec,Metepec/Toluca premium,+52 722 232 1523,527222321523,valid_format_only,No website found,,https://www.openstreetmap.org/node/12521275614
Consultorio Y Laboratorio Dental,Dental,Mexico,Metepec,Metepec/Toluca premium,+52 722 311 1151,527223111151,valid_format_only,No website found,,https://www.openstreetmap.org/node/12521281777
Centro De Terapias Alternativas,Clínica estética,Mexico,Metepec,Metepec/Toluca premium,+52 722 161 1913,527221611913,valid_format_only,Modern/official website found,www.sanaar.com,https://www.openstreetmap.org/node/12521351554
Inglés Individual,Academia privada,Mexico,Metepec,Metepec/Toluca premium,+52 722 318 4809,527223184809,valid_format_only,No website found,,https://www.openstreetmap.org/node/12521558421
Consultorio Dental,Dental,Mexico,Metepec,Metepec/Toluca premium,+52 722 215 8439,527222158439,valid_format_only,No website found,,https://www.openstreetmap.org/node/12521650667
Quiropedistas,Clínica estética,Mexico,Metepec,Metepec/Toluca premium,+52 722 213 8088,527222138088,valid_format_only,No website found,,https://www.openstreetmap.org/node/12521665784
Clinica Dental San Francisco,Dental,Mexico,Metepec,Metepec/Toluca premium,+52 722 275 1830,527222751830,valid_format_only,No website found,,https://www.openstreetmap.org/node/12521670760
Consultorios De Medicina Especializada Del Sector Privado,Clínica estética,Mexico,Metepec,Metepec/Toluca premium,+52 722 213 3803,527222133803,valid_format_only,No website found,,https://www.openstreetmap.org/node/12521678589
Atencion Psicoterapeutica Toluca,Clínica estética,Mexico,Metepec,Metepec/Toluca premium,+52 722 597 7062,527225977062,valid_format_only,No website found,,https://www.openstreetmap.org/node/12521687433
Consultorio Médico,Clínica estética,Mexico,Metepec,Metepec/Toluca premium,+52 722 213 3803,527222133803,valid_format_only,No website found,,https://www.openstreetmap.org/node/12521699424
Consultorio Psicologico,Clínica estética,Mexico,Metepec,Metepec/Toluca premium,+52 722 494 7772,527224947772,valid_format_only,No website found,,https://www.openstreetmap.org/node/12521712518
Proslime,Dental,Mexico,Metepec,Metepec/Toluca premium,72231386559,,invalid_phone,No website found,,https://www.openstreetmap.org/node/12521911930
Dermabell,Clínica estética,Mexico,Metepec,Metepec/Toluca premium,+527222352180,527222352180,valid_format_only,Modern/official website found,https://www.dermabell.com,https://www.openstreetmap.org/node/12522002497
Centro de aprendizaje Froggin,Academia privada,Mexico,Metepec,Metepec/Toluca premium,+52 722 232 8658,527222328658,valid_format_only,Modern/official website found,www.froggin.com.mx/metepec,https://www.openstreetmap.org/node/12522139147
Innovation English School,Academia privada,Mexico,Metepec,Metepec/Toluca premium,+52 722 156 9341,527221569341,valid_format_only,No website found,,https://www.openstreetmap.org/node/12522161016
Consultorio Medico,Dental,Mexico,Metepec,Metepec/Toluca premium,+52 722 217 3850,527222173850,valid_format_only,No website found,,https://www.openstreetmap.org/node/12522191065
Fisioterapia,Clínica estética,Mexico,Metepec,Metepec/Toluca premium,+52 722 350 1073,527223501073,valid_format_only,No website found,,https://www.openstreetmap.org/node/12522197228
Clinica Quiropedista Sandra,Clínica estética,Mexico,Metepec,Metepec/Toluca premium,+52 722 280 4858,527222804858,valid_format_only,No website found,,https://www.openstreetmap.org/node/12522199756
Big Smile,Dental,Mexico,Metepec,Metepec/Toluca premium,+52 722 654 2026,527226542026,valid_format_only,No website found,,https://www.openstreetmap.org/node/12522204457
Consultorio De Salud Bucal Atencion Integral Niños Y Adultos,Dental,Mexico,Metepec,Metepec/Toluca premium,+52 722 160 8330,527221608330,valid_format_only,No website found,,https://www.openstreetmap.org/node/12522208203
Consultorio Dental,Dental,Mexico,Metepec,Metepec/Toluca premium,+52 722 269 0838,527222690838,valid_format_only,No website found,,https://www.openstreetmap.org/node/12522208611
Consultorio Dental,Dental,Mexico,Metepec,Metepec/Toluca premium,+52 722 512 1486,527225121486,valid_format_only,No website found,,https://www.openstreetmap.org/node/12522217343
Clinica Dental Dentastic,Dental,Mexico,Metepec,Metepec/Toluca premium,+52 722 408 0031,527224080031,valid_format_only,No website found,,https://www.openstreetmap.org/node/12522231990
Consultorio Dental Angle,Dental,Mexico,Metepec,Metepec/Toluca premium,+52 722 270 3307,527222703307,valid_format_only,No website found,,https://www.openstreetmap.org/node/12522232596
Consultorio Dental,Dental,Mexico,Metepec,Metepec/Toluca premium,+52 722 217 6053,527222176053,valid_format_only,No website found,,https://www.openstreetmap.org/node/12522260630
Consultorio Dental,Dental,Mexico,Metepec,Metepec/Toluca premium,+52 722 487 8583,527224878583,valid_format_only,No website found,,https://www.openstreetmap.org/node/12522262201
Consultorio Dental,Dental,Mexico,Metepec,Metepec/Toluca premium,+52 722 377 1845,527223771845,valid_format_only,No website found,,https://www.openstreetmap.org/node/12523147827
Consultorio De Psicologia,Clínica estética,Mexico,Metepec,Metepec/Toluca premium,+52 722 168 9874,527221689874,valid_format_only,No website found,,https://www.openstreetmap.org/node/12523147891
Karen,Dental,Mexico,Metepec,Metepec/Toluca premium,+52 722 467 6373,527224676373,valid_format_only,No website found,,https://www.openstreetmap.org/node/12523184642
Imagen Dental Metepec,Dental,Mexico,Metepec,Metepec/Toluca premium,+52 722 418 0504,527224180504,valid_format_only,No website found,,https://www.openstreetmap.org/node/12523207637
Consultorio Dental,Dental,Mexico,Metepec,Metepec/Toluca premium,+52 722 214 7688,527222147688,valid_format_only,No website found,,https://www.openstreetmap.org/node/12523375353
Consultorio De Ginecologia,Clínica estética,Mexico,Metepec,Metepec/Toluca premium,+52 722 212 0037,527222120037,valid_format_only,No website found,,https://www.openstreetmap.org/node/12524345410
Podologia,Clínica estética,Mexico,Metepec,Metepec/Toluca premium,+52 722 551 7811,527225517811,valid_format_only,No website found,,https://www.openstreetmap.org/node/12524951454
Consultorio dental,Dental,Mexico,Metepec,Metepec/Toluca premium,+52 722 215 0744,527222150744,valid_format_only,No website found,,https://www.openstreetmap.org/node/12525674260
Souri Clinica Dental,Dental,Mexico,Metepec,Metepec/Toluca premium,+52 722 615 2423,527226152423,valid_format_only,No website found,,https://www.openstreetmap.org/node/12527080696
Clinica Peter Dent,Dental,Mexico,Metepec,Metepec/Toluca premium,+52 722 219 5531,527222195531,valid_format_only,No website found,,https://www.openstreetmap.org/node/12527287015
Consultorio Medico Dr Jorge A Karam C,Clínica estética,Mexico,Metepec,Metepec/Toluca premium,+52 722 400 6089,527224006089,valid_format_only,No website found,,https://www.openstreetmap.org/node/12527828610
Consultorio Podologico,Clínica estética,Mexico,Metepec,Metepec/Toluca premium,+52 722 215 8704,527222158704,valid_format_only,No website found,,https://www.openstreetmap.org/node/12527870744
Podologia Clinica Dedos-sanos,Clínica estética,Mexico,Metepec,Metepec/Toluca premium,+52 722 889 2804,527228892804,valid_format_only,No website found,,https://www.openstreetmap.org/node/12527870831
Smile Dental Clinica Odontologica,Dental,Mexico,Metepec,Metepec/Toluca premium,+52 722 240 9944,527222409944,valid_format_only,No website found,,https://www.openstreetmap.org/node/12527937577
Komunica Klinic,Clínica estética,Mexico,Metepec,Metepec/Toluca premium,+52 722 209 0138,527222090138,valid_format_only,No website found,,https://www.openstreetmap.org/node/12528199224
Family Dentist,Dental,Mexico,Metepec,Metepec/Toluca premium,+52 722 284 6452,527222846452,valid_format_only,No website found,,https://www.openstreetmap.org/node/12528228446
Especialistas En Salud Mental Koena,Clínica estética,Mexico,Metepec,Metepec/Toluca premium,+52 722 426 5286,527224265286,valid_format_only,No website found,,https://www.openstreetmap.org/node/12528301358
Consultorio,Dental,Mexico,Metepec,Metepec/Toluca premium,+52 722 434 2024,527224342024,valid_format_only,No website found,,https://www.openstreetmap.org/node/12528314056
Centro Tikun Psicoterapia,Clínica estética,Mexico,Metepec,Metepec/Toluca premium,+52 722 489 9385,527224899385,valid_format_only,Modern/official website found,www.tikunweb.com,https://www.openstreetmap.org/node/12529650525
Clínica dental Providente,Dental,Mexico,Metepec,Metepec/Toluca premium,+52 722 179 3335,527221793335,valid_format_only,No website found,,https://www.openstreetmap.org/node/12530506574
Dental Smile,Dental,Mexico,Metepec,Metepec/Toluca premium,72278494467,,invalid_phone,No website found,,https://www.openstreetmap.org/node/12530542917
Consultorio De Odontologia Integral,Dental,Mexico,Metepec,Metepec/Toluca premium,+52 722 204 8999,527222048999,valid_format_only,No website found,,https://www.openstreetmap.org/node/12530571748
Consultorio dental,Dental,Mexico,Metepec,Metepec/Toluca premium,+52 722 271 0232,527222710232,valid_format_only,No website found,,https://www.openstreetmap.org/node/12530840785
Consultorio Dental,Dental,Mexico,Metepec,Metepec/Toluca premium,+52 722 433 8219,527224338219,valid_format_only,No website found,,https://www.openstreetmap.org/node/12531199248
Consultorio De Rehabilitacion,Clínica estética,Mexico,Metepec,Metepec/Toluca premium,+52 722 461 2892,527224612892,valid_format_only,No website found,,https://www.openstreetmap.org/node/12533409987
Creando Sonrisas,Dental,Mexico,Metepec,Metepec/Toluca premium,+52 722 392 1828,527223921828,valid_format_only,No website found,,https://www.openstreetmap.org/node/12534617064
Masaje Profesional Y Terapéutico Hands & Feets,Clínica estética,Mexico,Metepec,Metepec/Toluca premium,+52 722 224 7139,527222247139,valid_format_only,No website found,,https://www.openstreetmap.org/node/12534620254
Clinica Dental Sagrado Corazon,Dental,Mexico,Metepec,Metepec/Toluca premium,+52 722 280 6641,527222806641,valid_format_only,No website found,,https://www.openstreetmap.org/node/12535298514
Odontologia Especializada,Dental,Mexico,Metepec,Metepec/Toluca premium,+52 722 394 1672,527223941672,valid_format_only,No website found,,https://www.openstreetmap.org/node/12535323271
Consultorio Medico Ginecologia,Clínica estética,Mexico,Metepec,Metepec/Toluca premium,jose_mrm999@hotmail.com,,invalid_phone,No website found,,https://www.openstreetmap.org/node/12535347349
Consultorio Dental Doctor Jorge Coronado Baltazar,Dental,Mexico,Metepec,Metepec/Toluca premium,+52 722 253 4879,527222534879,valid_format_only,No website found,,https://www.openstreetmap.org/node/12535354846
Medica Del Valle,Clínica estética,Mexico,Metepec,Metepec/Toluca premium,+52 722 217 2004,527222172004,valid_format_only,No website found,,https://www.openstreetmap.org/node/12535446897
Hernandez Odontologia,Dental,Mexico,Metepec,Metepec/Toluca premium,+52 722 214 7625,527222147625,valid_format_only,No website found,,https://www.openstreetmap.org/node/12535455969
Centro De Fisioterapia Avanzada,Clínica estética,Mexico,Metepec,Metepec/Toluca premium,+52 722 350 8346,527223508346,valid_format_only,No website found,,https://www.openstreetmap.org/node/12536548957
Especialistas En Salud Mental,Clínica estética,Mexico,Metepec,Metepec/Toluca premium,+52 722 439 7709,527224397709,valid_format_only,No website found,,https://www.openstreetmap.org/node/12536868627
Consultorio Medico,Clínica estética,Mexico,Metepec,Metepec/Toluca premium,+52 722 215 3199,527222153199,valid_format_only,No website found,,https://www.openstreetmap.org/node/12537487531
Consultorio Dental,Dental,Mexico,Metepec,Metepec/Toluca premium,+52 722 109 9291,527221099291,valid_format_only,No website found,,https://www.openstreetmap.org/node/12537594708
Consultorio Sante De Acup Untura Humada,Clínica estética,Mexico,Metepec,Metepec/Toluca premium,+52 722 597 7395,527225977395,valid_format_only,No website found,,https://www.openstreetmap.org/node/12537637889
Consultirio dental,Dental,Mexico,Metepec,Metepec/Toluca premium,+52 722 410 6439,527224106439,valid_format_only,No website found,,https://www.openstreetmap.org/node/12537641675
Escuela De Ingles On Way,Academia privada,Mexico,Metepec,Metepec/Toluca premium,+52 55 2564 6352,525525646352,valid_format_only,No website found,,https://www.openstreetmap.org/node/12537660740
Consultorio Dental,Dental,Mexico,Metepec,Metepec/Toluca premium,+52 722 169 6152,527221696152,valid_format_only,No website found,,https://www.openstreetmap.org/node/12537846344
Optica Mision,Óptica/Oftalmología premium,Mexico,Metepec,Metepec/Toluca premium,+52 722 211 9378,527222119378,valid_format_only,No website found,,https://www.openstreetmap.org/node/12539600520
Centro De Especialidades,Clínica estética,Mexico,Metepec,Metepec/Toluca premium,+52 722 211 9549,527222119549,valid_format_only,No website found,,https://www.openstreetmap.org/node/12539756360
Clinica Dental Nishikawa,Dental,Mexico,Metepec,Metepec/Toluca premium,+52 722 270 2614,527222702614,valid_format_only,No website found,,https://www.openstreetmap.org/node/12539779350
Consultorio Dental,Dental,Mexico,Metepec,Metepec/Toluca premium,+52 722 295 6258,527222956258,valid_format_only,No website found,,https://www.openstreetmap.org/node/12540104633
Consultorio Dental Montes De Oca,Dental,Mexico,Metepec,Metepec/Toluca premium,+52 722 659 4081,527226594081,valid_format_only,No website found,,https://www.openstreetmap.org/node/12540106656
Consultorio Dental Diente De Leon,Dental,Mexico,Metepec,Metepec/Toluca premium,+52 722 148 3728,527221483728,valid_format_only,No website found,,https://www.openstreetmap.org/node/12540353034
Consultorio Medico Dermatologico,Clínica estética,Mexico,Metepec,Metepec/Toluca premium,+52 55 4094 8930,525540948930,valid_format_only,No website found,,https://www.openstreetmap.org/node/12540593927
Consultorio Dental,Dental,Mexico,Metepec,Metepec/Toluca premium,+52 722 506 2875,527225062875,valid_format_only,No website found,,https://www.openstreetmap.org/node/12540639872
Consultorio Dental,Dental,Mexico,Metepec,Metepec/Toluca premium,+52 722 234 6241,527222346241,valid_format_only,No website found,,https://www.openstreetmap.org/node/12540640762
Laboratorio Dental Mimi,Dental,Mexico,Metepec,Metepec/Toluca premium,+52 722 633 6386,527226336386,valid_format_only,No website found,,https://www.openstreetmap.org/node/12540640875
Clinica Dental,Dental,Mexico,Metepec,Metepec/Toluca premium,+52 722 246 9026,527222469026,valid_format_only,No website found,,https://www.openstreetmap.org/node/12540649578
Consultorio Medico,Clínica estética,Mexico,Metepec,Metepec/Toluca premium,+52 722 237 8677,527222378677,valid_format_only,No website found,,https://www.openstreetmap.org/node/12540658414
Consultorio Medico,Clínica estética,Mexico,Metepec,Metepec/Toluca premium,+52 722 407 3475,527224073475,valid_format_only,No website found,,https://www.openstreetmap.org/node/12540660239
Clinica Dental Dentissimo,Dental,Mexico,Metepec,Metepec/Toluca premium,+52 722 388 4745,527223884745,valid_format_only,No website found,,https://www.openstreetmap.org/node/12540672439
Odontologia estética,Dental,Mexico,Metepec,Metepec/Toluca premium,+52 722 212 1311,527222121311,valid_format_only,No website found,,https://www.openstreetmap.org/node/12540680292
Consultorio Dental,Dental,Mexico,Metepec,Metepec/Toluca premium,+52 55 7602 8801,525576028801,valid_format_only,No website found,,https://www.openstreetmap.org/node/12540683714
Consultorio Dental,Dental,Mexico,Metepec,Metepec/Toluca premium,+52 722 261 7330,527222617330,valid_format_only,No website found,,https://www.openstreetmap.org/node/12540773107
Consultorio Dental,Dental,Mexico,Metepec,Metepec/Toluca premium,+52 722 349 7610,527223497610,valid_format_only,No website found,,https://www.openstreetmap.org/node/12540829378
Planetenglish,Academia privada,Mexico,Metepec,Metepec/Toluca premium,+52 722 212 9720,527222129720,valid_format_only,Modern/official website found,https://www.e-planetenglish.com/,https://www.openstreetmap.org/node/12540898700
Consultorio De Odontopediatria,Dental,Mexico,Metepec,Metepec/Toluca premium,+52 722 280 3072,527222803072,valid_format_only,No website found,,https://www.openstreetmap.org/node/12540987038
Consultorio Dental,Dental,Mexico,Metepec,Metepec/Toluca premium,+52 722 180 1757,527221801757,valid_format_only,No website found,,https://www.openstreetmap.org/node/12540994331
Sport Medica,Clínica estética,Mexico,Metepec,Metepec/Toluca premium,+52 722 274 0290,527222740290,valid_format_only,No website found,,https://www.openstreetmap.org/node/12542170741
Dental Care Center,Dental,Mexico,Metepec,Metepec/Toluca premium,+52 722 211 4787,527222114787,valid_format_only,Modern/official website found,www.dentalcarecenter.com.mx,https://www.openstreetmap.org/node/12542404029
Optik Sol,Óptica/Oftalmología premium,Mexico,Metepec,Metepec/Toluca premium,+52 722 294 4377,527222944377,valid_format_only,No website found,,https://www.openstreetmap.org/node/12542684546
Consultorio Psicologico Lic. Michelle Garcia Lopez,Clínica estética,Mexico,Metepec,Metepec/Toluca premium,+52 55 4145 6077,525541456077,valid_format_only,No website found,,https://www.openstreetmap.org/node/12542716490
Cosmetika Dental,Dental,Mexico,Metepec,Metepec/Toluca premium,+52 722 318 1727,527223181727,valid_format_only,Modern/official website found,www.kosmetikadental.com.mx,https://www.openstreetmap.org/node/12542763206
Consultorio Psicoanalisis & Vida,Clínica estética,Mexico,Metepec,Metepec/Toluca premium,+52 722 303 5236,527223035236,valid_format_only,No website found,,https://www.openstreetmap.org/node/12542769979
Centro Odontologico Laser,Dental,Mexico,Metepec,Metepec/Toluca premium,+52 722 457 2097,527224572097,valid_format_only,Modern/official website found,www.centroodontologicolaser.com.mx,https://www.openstreetmap.org/node/12542848417
Consultorio Médico,Clínica estética,Mexico,Metepec,Metepec/Toluca premium,+52 722 215 2797,527222152797,valid_format_only,No website found,,https://www.openstreetmap.org/node/12542906406
Consultorio Fisioterapeutico,Clínica estética,Mexico,Metepec,Metepec/Toluca premium,+52 722 521 4930,527225214930,valid_format_only,No website found,,https://www.openstreetmap.org/node/12542948859
Kadi 3d Imagen De Diagnostico Maxilofacial Digital,Dental,Mexico,Metepec,Metepec/Toluca premium,+52 55 5951 4590,525559514590,valid_format_only,Modern/official website found,https://www.kadi3d.com/,https://www.openstreetmap.org/node/12542952367
Grupo Médico Cipress,Clínica estética,Mexico,Metepec,Metepec/Toluca premium,+52 722 212 4359,527222124359,valid_format_only,No website found,,https://www.openstreetmap.org/node/12542985369
Perfect Smile Dental,Dental,Mexico,Metepec,Metepec/Toluca premium,+52 722 461 3447,527224613447,valid_format_only,No website found,,https://www.openstreetmap.org/node/12542997832
Consultorio De Traumatologia,Clínica estética,Mexico,Metepec,Metepec/Toluca premium,+52 722 208 4237,527222084237,valid_format_only,No website found,,https://www.openstreetmap.org/node/12543001999
Dental Zone,Dental,Mexico,Metepec,Metepec/Toluca premium,+52 722 396 6599,527223966599,valid_format_only,No website found,,https://www.openstreetmap.org/node/12543003582
Em Dental,Dental,Mexico,Metepec,Metepec/Toluca premium,+52 722 425 0797,527224250797,valid_format_only,No website found,,https://www.openstreetmap.org/node/12543011021
Consultorio Medico,Clínica estética,Mexico,Metepec,Metepec/Toluca premium,+52 722 310 0327,527223100327,valid_format_only,No website found,,https://www.openstreetmap.org/node/12543011265
Consultorio De Dermatologia Y Estetica,Clínica estética,Mexico,Metepec,Metepec/Toluca premium,+52 722 502 0806,527225020806,valid_format_only,No website found,,https://www.openstreetmap.org/node/12543015535
Consultorio Pediatrico,Clínica estética,Mexico,Metepec,Metepec/Toluca premium,773056066,,invalid_phone,No website found,,https://www.openstreetmap.org/node/12543032447
Consultorio Dr Meza Cardona,Clínica estética,Mexico,Metepec,Metepec/Toluca premium,+52 722 394 7093,527223947093,valid_format_only,No website found,,https://www.openstreetmap.org/node/12543033604
Consultorio Nutriologos Al Rescate,Clínica estética,Mexico,Metepec,Metepec/Toluca premium,+52 722 230 0326,527222300326,valid_format_only,Modern/official website found,www.nutriologosalrescate.com,https://www.openstreetmap.org/node/12543038040
Consultorio Dental,Dental,Mexico,Metepec,Metepec/Toluca premium,+52 722 272 3220,527222723220,valid_format_only,No website found,,https://www.openstreetmap.org/node/12543085032
Lentilia,Óptica/Oftalmología premium,Mexico,Metepec,Metepec/Toluca premium,+52 722 403 1765,527224031765,valid_format_only,No website found,,https://www.openstreetmap.org/node/12544174825
Consultorio Dental,Dental,Mexico,Metepec,Metepec/Toluca premium,+52 722 217 5382,527222175382,valid_format_only,No website found,,https://www.openstreetmap.org/node/12544617156
Podoclinic,Clínica estética,Mexico,Metepec,Metepec/Toluca premium,+52 722 270 4658,527222704658,valid_format_only,No website found,,https://www.openstreetmap.org/node/12544625525
Dentista Dmg Dental Care,Dental,Mexico,Metepec,Metepec/Toluca premium,+52 722 400 9129,527224009129,valid_format_only,No website found,,https://www.openstreetmap.org/node/12544715969
Oddental Grupo Odontologico Del Parque,Dental,Mexico,Metepec,Metepec/Toluca premium,+52 722 349 0395,527223490395,valid_format_only,No website found,,https://www.openstreetmap.org/node/12544723377
Podologas Al Servicios De Sus Pies,Clínica estética,Mexico,Metepec,Metepec/Toluca premium,+52 722 468 7073,527224687073,valid_format_only,No website found,,https://www.openstreetmap.org/node/12544739144
Shen Alternativas integrales para la salud,Clínica estética,Mexico,Metepec,Metepec/Toluca premium,+52 722 232 6696,527222326696,valid_format_only,Modern/official website found,www.clinicashen.com,https://www.openstreetmap.org/node/12544756382
Clinica Dental Sof Dental & Piccolo Dente,Dental,Mexico,Metepec,Metepec/Toluca premium,+52 722 289 8861,527222898861,valid_format_only,Modern/official website found,www.piccolodente.com,https://www.openstreetmap.org/node/12544902702
Consultorio Dental,Dental,Mexico,Metepec,Metepec/Toluca premium,+52 722 216 5438,527222165438,valid_format_only,No website found,,https://www.openstreetmap.org/node/12544930915
Consultorio Dental M Dental,Dental,Mexico,Metepec,Metepec/Toluca premium,+52 722 156 7010,527221567010,valid_format_only,No website found,,https://www.openstreetmap.org/node/12544972591
Centro De Educacion Especial Y Desarrollo,Clínica estética,Mexico,Metepec,Metepec/Toluca premium,+52 722 371 6287,527223716287,valid_format_only,No website found,,https://www.openstreetmap.org/node/12544992214
Consultorio Neurocirujano,Clínica estética,Mexico,Metepec,Metepec/Toluca premium,+52 722 264 6597,527222646597,valid_format_only,No website found,,https://www.openstreetmap.org/node/12545019098
Spacyo Casa De Vapor Temascal,Clínica estética,Mexico,Metepec,Metepec/Toluca premium,+52 722 630 8274,527226308274,valid_format_only,No website found,,https://www.openstreetmap.org/node/12545055018
Consultorio De Control De Peso,Clínica estética,Mexico,Metepec,Metepec/Toluca premium,+52 722 154 9305,527221549305,valid_format_only,No website found,,https://www.openstreetmap.org/node/12545076111
Podólogo,Clínica estética,Mexico,Metepec,Metepec/Toluca premium,+52 722 199 4390,527221994390,valid_format_only,No website found,,https://www.openstreetmap.org/node/12545083932
Consultorio Médico Integral Plaza Tec,Clínica estética,Mexico,Metepec,Metepec/Toluca premium,+52 722 411 2895,527224112895,valid_format_only,No website found,,https://www.openstreetmap.org/node/12545638999
Odontologia De Vanguardia,Dental,Mexico,Metepec,Metepec/Toluca premium,+52 722 385 1875,527223851875,valid_format_only,No website found,,https://www.openstreetmap.org/node/12545691676
Dentista Dent-x,Dental,Mexico,Metepec,Metepec/Toluca premium,+52 722 179 1516,527221791516,valid_format_only,No website found,,https://www.openstreetmap.org/node/12545741194
Consultorio Dental,Dental,Mexico,Metepec,Metepec/Toluca premium,+52 722 275 2236,527222752236,valid_format_only,No website found,,https://www.openstreetmap.org/node/12545902398
Unidad Clínica Morfín,Clínica estética,Mexico,Metepec,Metepec/Toluca premium,+52 722 251 9318,527222519318,valid_format_only,No website found,,https://www.openstreetmap.org/node/12545948377
Consultorio Dental Atq Dental,Dental,Mexico,Metepec,Metepec/Toluca premium,+52 722 160 9304,527221609304,valid_format_only,No website found,,https://www.openstreetmap.org/node/12546633380
Alineate Consultorio,Clínica estética,Mexico,Metepec,Metepec/Toluca premium,+52 722 462 5039,527224625039,valid_format_only,No website found,,https://www.openstreetmap.org/node/12546699838
Consultorio De Homeopatia Terapia Fisica,Clínica estética,Mexico,Metepec,Metepec/Toluca premium,+52 722 333 3370,527223333370,valid_format_only,No website found,,https://www.openstreetmap.org/node/12547061839
Unidad De Rehabilitacion E Integracion Social Dif,Clínica estética,Mexico,Metepec,Metepec/Toluca premium,+52 722 211 0086,527222110086,valid_format_only,No website found,,https://www.openstreetmap.org/node/12547354293
Clínica Rehab,Clínica estética,Mexico,Metepec,Metepec/Toluca premium,+527222808095,527222808095,valid_format_only,Modern/official website found,https://www.clinicarehab.com/,https://www.openstreetmap.org/node/12547565078
Tzolkin,Clínica estética,Mexico,Metepec,Metepec/Toluca premium,+527224873693,527224873693,valid_format_only,Only Instagram/Facebook,https://www.facebook.com/tzolkinct/,https://www.openstreetmap.org/node/12547740325
Red De Innovacion Y Aprendizaje,Academia privada,Mexico,Metepec,Metepec/Toluca premium,+52 55 3857 7490,525538577490,valid_format_only,Modern/official website found,www.ria.org.mx,https://www.openstreetmap.org/node/12547763621
Shaoyin Clinica De Control De Peso,Clínica estética,Mexico,Metepec,Metepec/Toluca premium,+52 722 110 1030,527221101030,valid_format_only,No website found,,https://www.openstreetmap.org/node/12547780117
Dentalcare,Dental,Mexico,Metepec,Metepec/Toluca premium,+52 722 394 1636,527223941636,valid_format_only,No website found,,https://www.openstreetmap.org/node/12547783416
Acupuntura Zhen Ci,Clínica estética,Mexico,Metepec,Metepec/Toluca premium,+52 722 348 6661,527223486661,valid_format_only,No website found,,https://www.openstreetmap.org/node/12547817462
Ortodent Consultorio Dental,Dental,Mexico,Metepec,Metepec/Toluca premium,+52 722 213 1012,527222131012,valid_format_only,No website found,,https://www.openstreetmap.org/node/12547830290
S.m Dental,Dental,Mexico,Metepec,Metepec/Toluca premium,+52 722 100 8487,527221008487,valid_format_only,No website found,,https://www.openstreetmap.org/node/12547883432
Consultorio Medico-ortodoncia,Dental,Mexico,Metepec,Metepec/Toluca premium,+52 722 244 1139,527222441139,valid_format_only,No website found,,https://www.openstreetmap.org/node/12547910269
Diagnostico Las Torres S.A. de C.V,Clínica estética,Mexico,Metepec,Metepec/Toluca premium,+527222121402,527222121402,valid_format_only,No website found,,https://www.openstreetmap.org/node/12547939711
Consultorio Médico,Clínica estética,Mexico,Metepec,Metepec/Toluca premium,+527222199990,527222199990,valid_format_only,No website found,,https://www.openstreetmap.org/node/12547984434
Dentista Clínica Dental,Dental,Mexico,Metepec,Metepec/Toluca premium,+527222122825,527222122825,valid_format_only,No website found,,https://www.openstreetmap.org/node/12547984444
Dental Rey,Dental,Mexico,Metepec,Metepec/Toluca premium,+527222785294,527222785294,valid_format_only,No website found,,https://www.openstreetmap.org/node/12547984500
Brackets Toluca,Dental,Mexico,Metepec,Metepec/Toluca premium,+527225409323,527225409323,valid_format_only,Modern/official website found,https://www.bracketsco.com/,https://www.openstreetmap.org/node/12547986866
IBIM Instituto Bicentenario Inglés de México S.C.,Academia privada,Mexico,Metepec,Metepec/Toluca premium,+527222489559,527222489559,valid_format_only,Modern/official website found,https://ibim.edu.mx/,https://www.openstreetmap.org/node/12548002470
Clinica Dental Redent,Dental,Mexico,Metepec,Metepec/Toluca premium,+527227192989,527227192989,valid_format_only,No website found,,https://www.openstreetmap.org/node/12548043780
Medica Dental Angeles,Dental,Mexico,Metepec,Metepec/Toluca premium,+52 722 217 5471,527222175471,valid_format_only,No website found,,https://www.openstreetmap.org/node/12548050863
Toshio Consultorio De Ortodoncia,Dental,Mexico,Metepec,Metepec/Toluca premium,+527222801044,527222801044,valid_format_only,No website found,,https://www.openstreetmap.org/node/12548052462
Slim Body Medical,Clínica estética,Mexico,Metepec,Metepec/Toluca premium,+52 722 277 3220,527222773220,valid_format_only,No website found,,https://www.openstreetmap.org/node/12548067809
Unidad Medico Familiar,Clínica estética,Mexico,Metepec,Metepec/Toluca premium,+52 722 214 7891,527222147891,valid_format_only,No website found,,https://www.openstreetmap.org/node/12548076955
Consultorio Medico Especializado,Clínica estética,Mexico,Metepec,Metepec/Toluca premium,+52 722 275 1599,527222751599,valid_format_only,No website found,,https://www.openstreetmap.org/node/12548495292
Consultorio Dental Pekas Dental,Dental,Mexico,Metepec,Metepec/Toluca premium,+52 722 715 8412,527227158412,valid_format_only,No website found,,https://www.openstreetmap.org/node/12548619874
Family For Life,Clínica estética,Mexico,Metepec,Metepec/Toluca premium,+52 722 980 0712,527229800712,valid_format_only,No website found,,https://www.openstreetmap.org/node/12548657514
Optica Lumen,Óptica/Oftalmología premium,Mexico,Metepec,Metepec/Toluca premium,+52 722 356 3526,527223563526,valid_format_only,No website found,,https://www.openstreetmap.org/node/12549355474
Medicina Intragral,Clínica estética,Mexico,Metepec,Metepec/Toluca premium,+52 722 173 0543,527221730543,valid_format_only,No website found,,https://www.openstreetmap.org/node/12550216759
Coi Dental Clinica Odontologica Dental,Dental,Mexico,Metepec,Metepec/Toluca premium,+52 722 106 3708,527221063708,valid_format_only,No website found,,https://www.openstreetmap.org/node/12551166170
Centro Odontologico De Especialidades Metepec,Dental,Mexico,Metepec,Metepec/Toluca premium,+52 722 270 8600,527222708600,valid_format_only,No website found,,https://www.openstreetmap.org/node/12552287374
Consultorio Dental Sonrie,Dental,Mexico,Metepec,Metepec/Toluca premium,+52 722 591 9429,527225919429,valid_format_only,No website found,,https://www.openstreetmap.org/node/12552320968
Orto Sanident,Dental,Mexico,Metepec,Metepec/Toluca premium,+527227055257,527227055257,valid_format_only,No website found,,https://www.openstreetmap.org/node/12552583770
Dental smile studio,Dental,Mexico,Metepec,Metepec/Toluca premium,+527203285527,527203285527,valid_format_only,No website found,,https://www.openstreetmap.org/node/12552608033
Centro integral de salud,Clínica estética,Mexico,Metepec,Metepec/Toluca premium,+527225856071,527225856071,valid_format_only,Only Instagram/Facebook,https://www.facebook.com/Centro-Integral-de-Salud-107987767207028/,https://www.openstreetmap.org/node/12552620165
Psicólogos Enlace Emocional Toluca,Clínica estética,Mexico,Metepec,Metepec/Toluca premium,+527223940283,527223940283,valid_format_only,Modern/official website found,https://www.enlace-emocional.com/,https://www.openstreetmap.org/node/12552651685
Instituto Avanzado en Ortodoncia y Oclusión S.C.,Dental,Mexico,Metepec,Metepec/Toluca premium,+527224900828,527224900828,valid_format_only,No website found,,https://www.openstreetmap.org/node/12552724617
LINLAND Escuela de Idiomas,Academia privada,Mexico,Metepec,Metepec/Toluca premium,+527222444782,527222444782,valid_format_only,No website found,,https://www.openstreetmap.org/node/12552833504
Consultorio Neurologia 104,Clínica estética,Mexico,Metepec,Metepec/Toluca premium,+52 722 261 4187,527222614187,valid_format_only,No website found,,https://www.openstreetmap.org/node/12552876211
Bienestar y Nueva Imagen Control de Peso,Clínica estética,Mexico,Metepec,Metepec/Toluca premium,+52 55 2517 8745,525525178745,valid_format_only,No website found,,https://www.openstreetmap.org/node/12552934957
Consultorio Psicologia,Clínica estética,Mexico,Metepec,Metepec/Toluca premium,+52 722 250 2130,527222502130,valid_format_only,No website found,,https://www.openstreetmap.org/node/12554729378
Condultorio Dental Mont,Dental,Mexico,Metepec,Metepec/Toluca premium,+52 722 199 9566,527221999566,valid_format_only,No website found,,https://www.openstreetmap.org/node/12554741369
Clínica Elemental,Dental,Mexico,Metepec,Metepec/Toluca premium,+52 722 292 7492,527222927492,valid_format_only,No website found,,https://www.openstreetmap.org/node/12554747054
Consultorio Dental,Dental,Mexico,Metepec,Metepec/Toluca premium,+52 722 394 4290,527223944290,valid_format_only,No website found,,https://www.openstreetmap.org/node/12554827427
Clínica Dental Cuidado Bucal,Dental,Mexico,Metepec,Metepec/Toluca premium,+52 722 314 1995,527223141995,valid_format_only,No website found,,https://www.openstreetmap.org/node/12554836886
Consultorio Dentalihc,Dental,Mexico,Metepec,Metepec/Toluca premium,+52 722 458 9348,527224589348,valid_format_only,No website found,,https://www.openstreetmap.org/node/12554857891
Láser Dental Metepec Consultorio Dental,Dental,Mexico,Metepec,Metepec/Toluca premium,+52 722 706 5977,527227065977,valid_format_only,No website found,,https://www.openstreetmap.org/node/12554878780
Quiropractico,Clínica estética,Mexico,Metepec,Metepec/Toluca premium,+52 722 668 5553,527226685553,valid_format_only,No website found,,https://www.openstreetmap.org/node/12554905598
Consultorio Dental,Dental,Mexico,Metepec,Metepec/Toluca premium,+52 722 208 0203,527222080203,valid_format_only,No website found,,https://www.openstreetmap.org/node/12557220070
Consultorio Dental,Dental,Mexico,Metepec,Metepec/Toluca premium,+52 722 231 3106,527222313106,valid_format_only,No website found,,https://www.openstreetmap.org/node/12559287648
Taller Optico Garcia,Óptica/Oftalmología premium,Mexico,Metepec,Metepec/Toluca premium,+52 722 424 7334,527224247334,valid_format_only,No website found,,https://www.openstreetmap.org/node/12559312995
Odontologia Integral,Dental,Mexico,Metepec,Metepec/Toluca premium,+52 722 369 0890,527223690890,valid_format_only,No website found,,https://www.openstreetmap.org/node/12559342802
Roncamedic Cosultorio,Clínica estética,Mexico,Metepec,Metepec/Toluca premium,+52 722 228 8156,527222288156,valid_format_only,No website found,,https://www.openstreetmap.org/node/12559345339
Vida Sana,Clínica estética,Mexico,Metepec,Metepec/Toluca premium,+52 722 212 3142,527222123142,valid_format_only,No website found,,https://www.openstreetmap.org/node/12559448896
Laboratorio Dental Lurjai,Dental,Mexico,Metepec,Metepec/Toluca premium,+52 722 505 6455,527225056455,valid_format_only,No website found,,https://www.openstreetmap.org/node/12560281714
Ona- Nutricion,Clínica estética,Mexico,Metepec,Metepec/Toluca premium,+52 722 406 5381,527224065381,valid_format_only,No website found,,https://www.openstreetmap.org/node/12560290040
Consultorio Medico,Clínica estética,Mexico,Metepec,Metepec/Toluca premium,+52 722 244 1828,527222441828,valid_format_only,No website found,,https://www.openstreetmap.org/node/12560314771
Clinica Dental,Dental,Mexico,Metepec,Metepec/Toluca premium,+52 722 284 1562,527222841562,valid_format_only,No website found,,https://www.openstreetmap.org/node/12560576280
Agroveterinaria Lerdo,Veterinaria,Mexico,Metepec,Metepec/Toluca premium,+527222173434,527222173434,valid_format_only,No website found,,https://www.openstreetmap.org/node/12560581419
Silueta 7,Clínica estética,Mexico,Metepec,Metepec/Toluca premium,+52 722 219 6132,527222196132,valid_format_only,No website found,,https://www.openstreetmap.org/node/12563234238
Total Femme,Clínica estética,Mexico,Metepec,Metepec/Toluca premium,+527226341287,527226341287,valid_format_only,Modern/official website found,https://www.total-femme.com/,https://www.openstreetmap.org/node/12564322051
Ortodoncia Dr. Angulo,Dental,Mexico,Metepec,Metepec/Toluca premium,+527222195387,527222195387,valid_format_only,No website found,,https://www.openstreetmap.org/node/12564360116
Pedicuristas de Toluca,Clínica estética,Mexico,Metepec,Metepec/Toluca premium,+527223322063,527223322063,valid_format_only,No website found,,https://www.openstreetmap.org/node/12564635931
Cirujano Dentista,Dental,Mexico,Metepec,Metepec/Toluca premium,+52 722 212 3575,527222123575,valid_format_only,No website found,,https://www.openstreetmap.org/node/12564662037
Consultorio dental Xam,Dental,Mexico,Metepec,Metepec/Toluca premium,+52 722 280 2927,527222802927,valid_format_only,No website found,,https://www.openstreetmap.org/node/12565534113
Clinica Dental Integral De Endodoncia,Dental,Mexico,Metepec,Metepec/Toluca premium,+52 722 235 0777,527222350777,valid_format_only,No website found,,https://www.openstreetmap.org/node/12566358515
Consultorio De Psicoterapia,Clínica estética,Mexico,Metepec,Metepec/Toluca premium,+52 722 356 0459,527223560459,valid_format_only,No website found,,https://www.openstreetmap.org/node/12566411225
Consultorio Dental,Dental,Mexico,Metepec,Metepec/Toluca premium,+52 722 217 4489,527222174489,valid_format_only,No website found,,https://www.openstreetmap.org/node/12566578935
Consultorio De Psicología Clínica,Clínica estética,Mexico,Metepec,Metepec/Toluca premium,+52 722 281 5291,527222815291,valid_format_only,No website found,,https://www.openstreetmap.org/node/12566674871
Consultorio Psicológico,Clínica estética,Mexico,Metepec,Metepec/Toluca premium,+52 722 510 3163,527225103163,valid_format_only,No website found,,https://www.openstreetmap.org/node/12566678990
Consultorio De Dermatología Pediátrica,Clínica estética,Mexico,Metepec,Metepec/Toluca premium,+52 55 5458 8931,525554588931,valid_format_only,No website found,,https://www.openstreetmap.org/node/12566689834
Consultorio Dental,Dental,Mexico,Metepec,Metepec/Toluca premium,+52 722 394 0014,527223940014,valid_format_only,No website found,,https://www.openstreetmap.org/node/12566693346
"Consultorio Psicoterapia Integral ""Yo Soy""",Clínica estética,Mexico,Metepec,Metepec/Toluca premium,+527222451961,527222451961,valid_format_only,No website found,,https://www.openstreetmap.org/node/12566717449
Clinica San Sebastian,Clínica estética,Mexico,Metepec,Metepec/Toluca premium,+52 722 214 7792,527222147792,valid_format_only,No website found,,https://www.openstreetmap.org/node/12566719201
Consultorio De Psicoterapia Física,Clínica estética,Mexico,Metepec,Metepec/Toluca premium,+52 722 252 5772,527222525772,valid_format_only,No website found,,https://www.openstreetmap.org/node/12566719202
Clínica Quiropodista,Clínica estética,Mexico,Metepec,Metepec/Toluca premium,+52 722 148 7100,527221487100,valid_format_only,No website found,,https://www.openstreetmap.org/node/12566721945
Smile Art,Dental,Mexico,Metepec,Metepec/Toluca premium,+527222430722,527222430722,valid_format_only,No website found,,https://www.openstreetmap.org/node/12566738006
Proveedora De Productos y Equipos Dentales,Dental,Mexico,Metepec,Metepec/Toluca premium,+52 722 167 1593,527221671593,valid_format_only,No website found,,https://www.openstreetmap.org/node/12566747182
Reiki Association International México,Clínica estética,Mexico,Metepec,Metepec/Toluca premium,+527221191201,527221191201,valid_format_only,Modern/official website found,www.raimexico.com.mx,https://www.openstreetmap.org/node/12566770902
Consultorio Acupuntura,Clínica estética,Mexico,Metepec,Metepec/Toluca premium,+52 722 318 9280,527223189280,valid_format_only,No website found,,https://www.openstreetmap.org/node/12566950657
Consultorio Psicología Pi2,Clínica estética,Mexico,Metepec,Metepec/Toluca premium,+52 722 425 9889,527224259889,valid_format_only,No website found,,https://www.openstreetmap.org/node/12566950658
Consultorio Dental Forever Smile,Dental,Mexico,Metepec,Metepec/Toluca premium,+527291734702,527291734702,valid_format_only,No website found,,https://www.openstreetmap.org/node/12566996259
Veterinaria Tolotzin,Veterinaria,Mexico,Metepec,Metepec/Toluca premium,+52 722 272 4367,527222724367,valid_format_only,No website found,,https://www.openstreetmap.org/node/12568447773
Dental Care,Dental,Mexico,Metepec,Metepec/Toluca premium,+52 722 534 3617,527225343617,valid_format_only,No website found,,https://www.openstreetmap.org/node/12568539709
iDental,Dental,Mexico,Metepec,Metepec/Toluca premium,+527222704389,527222704389,valid_format_only,No website found,,https://www.openstreetmap.org/node/12568549515
Consultorio de odontologia general y ortodoncia,Dental,Mexico,Metepec,Metepec/Toluca premium,+52 722 212 2822,527222122822,valid_format_only,No website found,,https://www.openstreetmap.org/node/12568582038
Consultorio Dental,Dental,Mexico,Metepec,Metepec/Toluca premium,+52 722 473 2064,527224732064,valid_format_only,No website found,,https://www.openstreetmap.org/node/12568776704
Consultorio Psicológico,Clínica estética,Mexico,Metepec,Metepec/Toluca premium,+52 722 155 9016,527221559016,valid_format_only,No website found,,https://www.openstreetmap.org/node/12569130789
Consultorio Odontopediatrico,Dental,Mexico,Metepec,Metepec/Toluca premium,+52 722 458 0623,527224580623,valid_format_only,No website found,,https://www.openstreetmap.org/node/12569147260
Consultorio Dental,Dental,Mexico,Metepec,Metepec/Toluca premium,+52 722 540 8081,527225408081,valid_format_only,No website found,,https://www.openstreetmap.org/node/12569750479
Medical Centro de Medicina Alternativa,Clínica estética,Mexico,Metepec,Metepec/Toluca premium,+52 722 508 4410,527225084410,valid_format_only,No website found,,https://www.openstreetmap.org/node/12572790024
Medico Anestecista,Clínica estética,Mexico,Metepec,Metepec/Toluca premium,+52 722 183 3740,527221833740,valid_format_only,No website found,,https://www.openstreetmap.org/node/12572809600
Temascal Maria Magadalena Del Coporo,Clínica estética,Mexico,Metepec,Metepec/Toluca premium,+52 722 565 2670,527225652670,valid_format_only,No website found,,https://www.openstreetmap.org/node/12572817346
Consultorio Médico,Clínica estética,Mexico,Metepec,Metepec/Toluca premium,+52 722 215 8232,527222158232,valid_format_only,No website found,,https://www.openstreetmap.org/node/12572830136
Consultorio de Ortopedia y Traumatología,Clínica estética,Mexico,Metepec,Metepec/Toluca premium,+52 722 213 3776,527222133776,valid_format_only,No website found,,https://www.openstreetmap.org/node/12572830139
Consultorio Dental,Dental,Mexico,Metepec,Metepec/Toluca premium,+52 722 214 8989,527222148989,valid_format_only,No website found,,https://www.openstreetmap.org/node/12573128820
El Hidalguense,Dental,Mexico,Metepec,Metepec/Toluca premium,+52 722 468 2205,527224682205,valid_format_only,No website found,,https://www.openstreetmap.org/node/12574244932
English Studio Mx,Academia privada,Mexico,Metepec,Metepec/Toluca premium,+527221670324,527221670324,valid_format_only,Only Instagram/Facebook,https://www.facebook.com/Ingles.sin.complicaciones,https://www.openstreetmap.org/node/12574449034
Medicina Integrativa,Clínica estética,Mexico,Metepec,Metepec/Toluca premium,+52 712 243 7782,527122437782,valid_format_only,No website found,,https://www.openstreetmap.org/node/12574492259
Consulturio de Medicina del Deporte,Clínica estética,Mexico,Metepec,Metepec/Toluca premium,+52 722 214 4130,527222144130,valid_format_only,No website found,,https://www.openstreetmap.org/node/12574528101
Pediatría,Clínica estética,Mexico,Metepec,Metepec/Toluca premium,+527222151472,527222151472,valid_format_only,No website found,,https://www.openstreetmap.org/node/12574528102
Look Dental,Dental,Mexico,Metepec,Metepec/Toluca premium,+52 722 490 3214,527224903214,valid_format_only,Modern/official website found,https://www.clinicalookdental.com/,https://www.openstreetmap.org/node/12577090728
Podamed,Clínica estética,Mexico,Metepec,Metepec/Toluca premium,+52 722 175 7422,527221757422,valid_format_only,Modern/official website found,www.centrodeespecialidadessaludatuvida.com,https://www.openstreetmap.org/node/12577473670
Consultorio Medico De Especialidad Acupuntura Y Homeopatia,Clínica estética,Mexico,Metepec,Metepec/Toluca premium,+52 722 216 8640,527222168640,valid_format_only,No website found,,https://www.openstreetmap.org/node/12578141253
Clinica Sg Dental,Dental,Mexico,Metepec,Metepec/Toluca premium,+52 722 119 7085,527221197085,valid_format_only,No website found,,https://www.openstreetmap.org/node/12581308340
Consultorio Dental Aibident,Dental,Mexico,Metepec,Metepec/Toluca premium,+52 55 6116 1651,525561161651,valid_format_only,Modern/official website found,https://albident.com/,https://www.openstreetmap.org/node/12582183141
Dentista,Dental,Mexico,Metepec,Metepec/Toluca premium,+52 722 497 4005,527224974005,valid_format_only,No website found,,https://www.openstreetmap.org/node/12582186945
Dentista,Dental,Mexico,Metepec,Metepec/Toluca premium,+527224900873,527224900873,valid_format_only,No website found,,https://www.openstreetmap.org/node/12582190742
Biomagnetismo Medico,Clínica estética,Mexico,Metepec,Metepec/Toluca premium,+52 55 3430 7620,525534307620,valid_format_only,Modern/official website found,www.anuarmustregoiz.com.mx,https://www.openstreetmap.org/node/12582339401
Pedicurista,Clínica estética,Mexico,Metepec,Metepec/Toluca premium,+52 722 155 7578,527221557578,valid_format_only,No website found,,https://www.openstreetmap.org/node/12583241876
Terapia Fisica Y Rehabilitacion Anna,Clínica estética,Mexico,Metepec,Metepec/Toluca premium,+52 722 160 7777,527221607777,valid_format_only,No website found,,https://www.openstreetmap.org/node/12583268832
Clínica Biorenova Toluca,Clínica estética,Mexico,Metepec,Metepec/Toluca premium,+527221670330,527221670330,valid_format_only,Modern/official website found,www.biorenova.net,https://www.openstreetmap.org/node/12585070578
Consultorio Médico,Clínica estética,Mexico,Metepec,Metepec/Toluca premium,+52 722 391 0954,527223910954,valid_format_only,No website found,,https://www.openstreetmap.org/node/12585085516
Terapeutica Rosher,Clínica estética,Mexico,Metepec,Metepec/Toluca premium,+527225182062,527225182062,valid_format_only,Only Instagram/Facebook,https://www.facebook.com/rosherfroc/,https://www.openstreetmap.org/node/12585095431
Consultorio Médico De Ortopedia y Traumatología,Clínica estética,Mexico,Metepec,Metepec/Toluca premium,+52 722 215 6754,527222156754,valid_format_only,No website found,,https://www.openstreetmap.org/node/12585213824
Consultorio Médico Heliodoro Bernal Abarca,Clínica estética,Mexico,Metepec,Metepec/Toluca premium,+52 722 214 6096,527222146096,valid_format_only,No website found,,https://www.openstreetmap.org/node/12585224315
Consultorio Podológico,Clínica estética,Mexico,Metepec,Metepec/Toluca premium,+527226889717,527226889717,valid_format_only,No website found,,https://www.openstreetmap.org/node/12585233746
Centro De Masaje Terapeutico Y Rehabilitacion,Clínica estética,Mexico,Metepec,Metepec/Toluca premium,+52 722 711 6280,527227116280,valid_format_only,No website found,,https://www.openstreetmap.org/node/12586071375
Consultorio Dental Lila Dent,Dental,Mexico,Metepec,Metepec/Toluca premium,+52 722 186 9990,527221869990,valid_format_only,No website found,,https://www.openstreetmap.org/node/12587656009
Consultorio Dental,Dental,Mexico,Metepec,Metepec/Toluca premium,+52 722 215 5301,527222155301,valid_format_only,No website found,,https://www.openstreetmap.org/node/12587680960
Medinámico,Clínica estética,Mexico,Metepec,Metepec/Toluca premium,+52 55 4555 5026,525545555026,valid_format_only,No website found,,https://www.openstreetmap.org/node/12588812967
Consultorio Psicológico Integral,Clínica estética,Mexico,Metepec,Metepec/Toluca premium,+52 722 382 3369,527223823369,valid_format_only,No website found,,https://www.openstreetmap.org/node/12588835054
Tooth-i Dent,Dental,Mexico,Metepec,Metepec/Toluca premium,+52 722 173 9690,527221739690,valid_format_only,No website found,,https://www.openstreetmap.org/node/12590218199
Centro Psicoterapeutico Dime,Clínica estética,Mexico,Metepec,Metepec/Toluca premium,+52 722 495 8253,527224958253,valid_format_only,No website found,,https://www.openstreetmap.org/node/12590222044
Centro Quiroterapeutico Integral,Clínica estética,Mexico,Metepec,Metepec/Toluca premium,+52 722 264 3882,527222643882,valid_format_only,No website found,,https://www.openstreetmap.org/node/12590263303
Instituto Tecnico Ejecutivo En Computacion E Ingles,Academia privada,Mexico,Metepec,Metepec/Toluca premium,+52 722 199 2780,527221992780,valid_format_only,No website found,,https://www.openstreetmap.org/node/12590290817
Consultorio Dental,Dental,Mexico,Metepec,Metepec/Toluca premium,+52 722 980 7489,527229807489,valid_format_only,No website found,,https://www.openstreetmap.org/node/12590292202
Vens S,Dental,Mexico,Metepec,Metepec/Toluca premium,+527224903339,527224903339,valid_format_only,No website found,,https://www.openstreetmap.org/node/12590299087
Consultorio Dental,Dental,Mexico,Metepec,Metepec/Toluca premium,+52 722 396 7795,527223967795,valid_format_only,No website found,,https://www.openstreetmap.org/node/12590412078
Consultorio Dental Sin Nombe,Dental,Mexico,Metepec,Metepec/Toluca premium,+52 722 710 9375,527227109375,valid_format_only,No website found,,https://www.openstreetmap.org/node/12590425236
Midental,Dental,Mexico,Metepec,Metepec/Toluca premium,+52 722 424 9832,527224249832,valid_format_only,No website found,,https://www.openstreetmap.org/node/12590437889
Consultorio Dental,Dental,Mexico,Metepec,Metepec/Toluca premium,+52 722 496 1654,527224961654,valid_format_only,No website found,,https://www.openstreetmap.org/node/12590480780
Healthy People,Clínica estética,Mexico,Metepec,Metepec/Toluca premium,+52 729 161 4504,527291614504,valid_format_only,No website found,,https://www.openstreetmap.org/node/12590482319
Consultorio Psicologico,Clínica estética,Mexico,Metepec,Metepec/Toluca premium,+52 722 253 4497,527222534497,valid_format_only,No website found,,https://www.openstreetmap.org/node/12590485965
Consultorio Dental,Dental,Mexico,Metepec,Metepec/Toluca premium,+52 722 306 3337,527223063337,valid_format_only,No website found,,https://www.openstreetmap.org/node/12590487633
Clínica Medicina Estética,Clínica estética,Mexico,Metepec,Metepec/Toluca premium,+52 722 217 7564,527222177564,valid_format_only,No website found,,https://www.openstreetmap.org/node/12594053291
Clínica Dental Teeth and Tooth,Dental,Mexico,Metepec,Metepec/Toluca premium,+527222809039,527222809039,valid_format_only,Modern/official website found,https://www.teethandtooth.mx/,https://www.openstreetmap.org/node/12594117019
Consultorio Dental,Dental,Mexico,Metepec,Metepec/Toluca premium,+52 722 212 4162,527222124162,valid_format_only,No website found,,https://www.openstreetmap.org/node/12594126719
Daling,Clínica estética,Mexico,Metepec,Metepec/Toluca premium,+527224644596,527224644596,valid_format_only,No website found,,https://www.openstreetmap.org/node/12594127440
Body Nutrition,Clínica estética,Mexico,Metepec,Metepec/Toluca premium,+527291257745,527291257745,valid_format_only,No website found,,https://www.openstreetmap.org/node/12594149888
Consultorio de Nutrición,Clínica estética,Mexico,Metepec,Metepec/Toluca premium,+52 722 212 0898,527222120898,valid_format_only,No website found,,https://www.openstreetmap.org/node/12594163413
Atencion Y Orientacion Psicologica Biopsic,Clínica estética,Mexico,Metepec,Metepec/Toluca premium,+52 722 670 0215,527226700215,valid_format_only,No website found,,https://www.openstreetmap.org/node/12594409695
Easy English,Academia privada,Mexico,Metepec,Metepec/Toluca premium,+52 722 319 5522,527223195522,valid_format_only,No website found,,https://www.openstreetmap.org/node/12594492131
Córdova Crosby Odontóloga,Dental,Mexico,Metepec,Metepec/Toluca premium,+527223507613,527223507613,valid_format_only,No website found,,https://www.openstreetmap.org/node/12595811445
Consultorio de Cirugía Maxilofacial e Implantes,Dental,Mexico,Metepec,Metepec/Toluca premium,+527222122722,527222122722,valid_format_only,No website found,,https://www.openstreetmap.org/node/12595819576
Grupo Odontológico Toluca,Dental,Mexico,Metepec,Metepec/Toluca premium,+527222120177,527222120177,valid_format_only,No website found,,https://www.openstreetmap.org/node/12595903815
Grupo Odontologico La Asuncion,Dental,Mexico,Metepec,Metepec/Toluca premium,+52 722 411 7331,527224117331,valid_format_only,No website found,,https://www.openstreetmap.org/node/12596710652
Clinica Vive,Clínica estética,Mexico,Metepec,Metepec/Toluca premium,+52 722 321 7766,527223217766,valid_format_only,No website found,,https://www.openstreetmap.org/node/12597084869
Colegio Mexiquense De Audicion Y Lenguaje,Clínica estética,Mexico,Metepec,Metepec/Toluca premium,+52 722 217 1509,527222171509,valid_format_only,No website found,,https://www.openstreetmap.org/node/12597111287
Galhez,Dental,Mexico,Metepec,Metepec/Toluca premium,+52 722 615 6711,527226156711,valid_format_only,No website found,,https://www.openstreetmap.org/node/12598433149
Mundo Dental,Dental,Mexico,Metepec,Metepec/Toluca premium,+52 722 199 2988,527221992988,valid_format_only,No website found,,https://www.openstreetmap.org/node/12598796664
Grupo De Especialidades Odontologicas Del Valle Toluca,Dental,Mexico,Metepec,Metepec/Toluca premium,+52 722 542 2766,527225422766,valid_format_only,No website found,,https://www.openstreetmap.org/node/12599750533
Quiropedista,Clínica estética,Mexico,Metepec,Metepec/Toluca premium,52158,,invalid_phone,No website found,,https://www.openstreetmap.org/node/12599799997
Ubedental,Dental,Mexico,Metepec,Metepec/Toluca premium,72228748554,,invalid_phone,Modern/official website found,https://www.ubedental.com/,https://www.openstreetmap.org/node/12607882771
Medica Vitalife,Clínica estética,Mexico,Metepec,Metepec/Toluca premium,+52 722 289 8628,527222898628,valid_format_only,No website found,,https://www.openstreetmap.org/node/12609808065
Consultorio De Psiquiatria,Clínica estética,Mexico,Metepec,Metepec/Toluca premium,+52 722 160 0576,527221600576,valid_format_only,No website found,,https://www.openstreetmap.org/node/12609999568
Consultiorio Psicoterapeuta Individual Y Grupal,Clínica estética,Mexico,Metepec,Metepec/Toluca premium,+52 722 154 1627,527221541627,valid_format_only,No website found,,https://www.openstreetmap.org/node/12609999569
Transformacion,Clínica estética,Mexico,Metepec,Metepec/Toluca premium,+52 722 295 7723,527222957723,valid_format_only,No website found,,https://www.openstreetmap.org/node/12619254442
Consultorio Médico,Clínica estética,Mexico,Metepec,Metepec/Toluca premium,+52 722 219 1562,527222191562,valid_format_only,No website found,,https://www.openstreetmap.org/node/12619281195
Terapias Psicoterapias Y Rehabilitacion Fisica,Clínica estética,Mexico,Metepec,Metepec/Toluca premium,+52 722 510 3320,527225103320,valid_format_only,No website found,,https://www.openstreetmap.org/node/12619927347
Consultorio Dr. F. Eduardo Sánchez García,Clínica estética,Mexico,Metepec,Metepec/Toluca premium,+52 722 119 0449,527221190449,valid_format_only,No website found,,https://www.openstreetmap.org/node/12623346526
Consultorio Medico,Clínica estética,Mexico,Metepec,Metepec/Toluca premium,+525547579894,525547579894,valid_format_only,No website found,,https://www.openstreetmap.org/node/12623386856
Consultorio Dental Plus,Dental,Mexico,Metepec,Metepec/Toluca premium,Consultorio Dental Plus,,missing_phone,No website found,,https://www.openstreetmap.org/node/12623823904
Consultorio Psicologico Integral,Clínica estética,Mexico,Metepec,Metepec/Toluca premium,+52 722 574 5369,527225745369,valid_format_only,No website found,,https://www.openstreetmap.org/node/12626468773
Cocolare. Consultorio Dental Integral,Dental,Mexico,Metepec,Metepec/Toluca premium,+52 722 669 9266,527226699266,valid_format_only,No website found,,https://www.openstreetmap.org/node/12626527304
Smile Kids Center,Dental,Mexico,Metepec,Metepec/Toluca premium,72228865980,,invalid_phone,No website found,,https://www.openstreetmap.org/node/12627280924
Consultorio Medico,Clínica estética,Mexico,Metepec,Metepec/Toluca premium,+52 722 244 1534,527222441534,valid_format_only,No website found,,https://www.openstreetmap.org/node/12628896148
Consultorio De Psicopedagogia Brainbow,Clínica estética,Mexico,Metepec,Metepec/Toluca premium,+52 722 459 9502,527224599502,valid_format_only,No website found,,https://www.openstreetmap.org/node/12676898947
Consultorio Dental Dental Serr,Dental,Mexico,Metepec,Metepec/Toluca premium,+52 722 645 5863,527226455863,valid_format_only,No website found,,https://www.openstreetmap.org/node/12714930537
Body Clinic,Clínica estética,Mexico,Metepec,Metepec/Toluca premium,+52 55 8534 1499,525585341499,valid_format_only,No website found,,https://www.openstreetmap.org/node/12728100160
Consultorio Medico,Clínica estética,Mexico,Metepec,Metepec/Toluca premium,+52 722 334 5010,527223345010,valid_format_only,No website found,,https://www.openstreetmap.org/node/12728114511
Laboratorio Dental Mayli,Dental,Mexico,Metepec,Metepec/Toluca premium,+52 722 251 6048,527222516048,valid_format_only,No website found,,https://www.openstreetmap.org/node/12731807996
Consultorio Dental Smiles,Dental,Mexico,Metepec,Metepec/Toluca premium,+52 722 100 9058,527221009058,valid_format_only,No website found,,https://www.openstreetmap.org/node/12741701498
Consultorio Dental,Dental,Mexico,Metepec,Metepec/Toluca premium,+52 722 394 7653,527223947653,valid_format_only,No website found,,https://www.openstreetmap.org/node/12741869002
Fuerza De Un Angel,Clínica estética,Mexico,Metepec,Metepec/Toluca premium,+52 722 205 5547,527222055547,valid_format_only,No website found,,https://www.openstreetmap.org/way/566492536
Centro de Salud La Magdalena Ocotitlán,Clínica estética,Mexico,Metepec,Metepec/Toluca premium,+52 722 659 3255,527226593255,valid_format_only,No website found,,https://www.openstreetmap.org/way/848236047
Centro Odontológico Medici,Dental,Colombia,Medellín,El Poblado/Provenza/Laureles/Envigado,+57 3026397083,573026397083,valid_format_only,No website found,,https://www.openstreetmap.org/node/565485165
Mondongo's,Restaurante boutique,Colombia,Medellín,El Poblado/Provenza/Laureles/Envigado,+57 4 3122345,575743122345,valid_format_only,No website found,,https://www.openstreetmap.org/node/1494630480
Café Zorba,Restaurante boutique,Colombia,Medellín,El Poblado/Provenza/Laureles/Envigado,+57 4 5804600,575745804600,valid_format_only,Modern/official website found,https://cafezorba.com.co/,https://www.openstreetmap.org/node/2089497823
Pipe Sazón,Restaurante boutique,Colombia,Medellín,El Poblado/Provenza/Laureles/Envigado,+57 (604) 2529060,576042529060,valid_format_only,No website found,,https://www.openstreetmap.org/node/3811557722
Cubanitos Sadwich´s,Restaurante boutique,Colombia,Medellín,El Poblado/Provenza/Laureles/Envigado,+57 4 2535852,575742535852,valid_format_only,Only Instagram/Facebook,https://es-la.facebook.com/CubanitosSandwichs/,https://www.openstreetmap.org/node/3811557723
Bigote's,Restaurante boutique,Colombia,Medellín,El Poblado/Provenza/Laureles/Envigado,+5742301916,575742301916,valid_format_only,No website found,,https://www.openstreetmap.org/node/4173742301
BonCamarón,Restaurante boutique,Colombia,Medellín,El Poblado/Provenza/Laureles/Envigado,+57 3005944617,573005944617,valid_format_only,No website found,,https://www.openstreetmap.org/node/4177596089
Chicken Chops,Restaurante boutique,Colombia,Medellín,El Poblado/Provenza/Laureles/Envigado,+57 604 4442467,576044442467,valid_format_only,No website found,,https://www.openstreetmap.org/node/4285397589
Perú Fuzion Parrilla Bar,Restaurante boutique,Colombia,Medellín,El Poblado/Provenza/Laureles/Envigado,+57 4 5832265,575745832265,valid_format_only,No website found,,https://www.openstreetmap.org/node/4558975891
Restaurante country club,Restaurante boutique,Colombia,Medellín,El Poblado/Provenza/Laureles/Envigado,+57 4 3197300,575743197300,valid_format_only,No website found,,https://www.openstreetmap.org/node/4578400591
MATI,Restaurante boutique,Colombia,Medellín,El Poblado/Provenza/Laureles/Envigado,+57 4 3520683,575743520683,valid_format_only,No website found,,https://www.openstreetmap.org/node/4726365391
Centeno Vegetariano Restaurante,Restaurante boutique,Colombia,Medellín,El Poblado/Provenza/Laureles/Envigado,+57 314 7172981,573147172981,valid_format_only,No website found,,https://www.openstreetmap.org/node/4726432289
AMA Veterinaria,Veterinaria,Colombia,Medellín,El Poblado/Provenza/Laureles/Envigado,+57 4 2117740,575742117740,valid_format_only,No website found,,https://www.openstreetmap.org/node/4788809847
Clínica Veterinaria,Veterinaria,Colombia,Medellín,El Poblado/Provenza/Laureles/Envigado,+57 4 4449303,575744449303,valid_format_only,No website found,,https://www.openstreetmap.org/node/4827407867
Otro Cuento,Restaurante boutique,Colombia,Medellín,El Poblado/Provenza/Laureles/Envigado,+57 320 5727617,573205727617,valid_format_only,No website found,,https://www.openstreetmap.org/node/4829207021
Mondongo's,Restaurante boutique,Colombia,Medellín,El Poblado/Provenza/Laureles/Envigado,+57 604 4113434,576044113434,valid_format_only,Modern/official website found,https://mondongos.com.co,https://www.openstreetmap.org/node/4868045423
Pikare Restaurant,Restaurante boutique,Colombia,Medellín,El Poblado/Provenza/Laureles/Envigado,+57 3219865080,573219865080,valid_format_only,No website found,,https://www.openstreetmap.org/node/4951843741
Toucan Spanish School,Academia privada,Colombia,Medellín,El Poblado/Provenza/Laureles/Envigado,+573001214062,573001214062,valid_format_only,Modern/official website found,https://www.toucanspanish.com/,https://www.openstreetmap.org/node/4951844629
Pollos Mario La América,Restaurante boutique,Colombia,Medellín,El Poblado/Provenza/Laureles/Envigado,+57 604 3228080,576043228080,valid_format_only,No website found,,https://www.openstreetmap.org/node/4951845530
asados el rincón llanero,Restaurante boutique,Colombia,Medellín,El Poblado/Provenza/Laureles/Envigado,+57 4 2129316,575742129316,valid_format_only,No website found,,https://www.openstreetmap.org/node/4998686521
"Restaurante La Matriarca, Medellín",Restaurante boutique,Colombia,Medellín,El Poblado/Provenza/Laureles/Envigado,+573205652016,573205652016,valid_format_only,Modern/official website found,https://lamatriarca.com/,https://www.openstreetmap.org/node/5043799630
Casero,Restaurante boutique,Colombia,Medellín,El Poblado/Provenza/Laureles/Envigado,+55 6044414824,,invalid_phone,No website found,,https://www.openstreetmap.org/node/5101600224
La Luciola,Restaurante boutique,Colombia,Medellín,El Poblado/Provenza/Laureles/Envigado,+52 422 5302,,invalid_phone,Modern/official website found,https://twitter.com/luciolarest,https://www.openstreetmap.org/node/5186466071
Sushi Love,Restaurante boutique,Colombia,Medellín,El Poblado/Provenza/Laureles/Envigado,+57 4 5771130,575745771130,valid_format_only,No website found,,https://www.openstreetmap.org/node/5205353439
Melón & Pimentón,Restaurante boutique,Colombia,Medellín,El Poblado/Provenza/Laureles/Envigado,+57 4 3422501,575743422501,valid_format_only,No website found,,https://www.openstreetmap.org/node/5227054422
Kilele,Restaurante boutique,Colombia,Medellín,El Poblado/Provenza/Laureles/Envigado,+57 3122385686,573122385686,valid_format_only,No website found,,https://www.openstreetmap.org/node/5325918621
El Café,Restaurante boutique,Colombia,Medellín,El Poblado/Provenza/Laureles/Envigado,+57 4 2305843,575742305843,valid_format_only,No website found,,https://www.openstreetmap.org/node/5330312966
Federal Ribs,Restaurante boutique,Colombia,Medellín,El Poblado/Provenza/Laureles/Envigado,+57 4 3669706,575743669706,valid_format_only,Modern/official website found,http://www.federalribs.com,https://www.openstreetmap.org/node/5394858824
Federal Ribs,Restaurante boutique,Colombia,Medellín,El Poblado/Provenza/Laureles/Envigado,+57 4 3660436,575743660436,valid_format_only,Modern/official website found,http://www.federalribs.com,https://www.openstreetmap.org/node/5394900821
Praná - Cocina Natural,Restaurante boutique,Colombia,Medellín,El Poblado/Provenza/Laureles/Envigado,+57 4 3312759,575743312759,valid_format_only,No website found,,https://www.openstreetmap.org/node/5425677421
Illumident,Dental,Colombia,Medellín,El Poblado/Provenza/Laureles/Envigado,+57 3182900517,573182900517,valid_format_only,No website found,,https://www.openstreetmap.org/node/5541512692
Restaurant Bolivar,Restaurante boutique,Colombia,Medellín,El Poblado/Provenza/Laureles/Envigado,+57 4 5116819,575745116819,valid_format_only,No website found,,https://www.openstreetmap.org/node/5544063122
Rico Ajiaco y Algo más,Restaurante boutique,Colombia,Medellín,El Poblado/Provenza/Laureles/Envigado,+57 604 4127989;+57 604 4480476,576044127989,valid_format_only,Modern/official website found,http://www.ricoajiaco.com,https://www.openstreetmap.org/node/5546129027
Peace and Food,Restaurante boutique,Colombia,Medellín,El Poblado/Provenza/Laureles/Envigado,+57 3168374298,573168374298,valid_format_only,No website found,,https://www.openstreetmap.org/node/5637538021
Betty's Bowls,Restaurante boutique,Colombia,Medellín,El Poblado/Provenza/Laureles/Envigado,+57 3054696582,573054696582,valid_format_only,Modern/official website found,https://bettysbowls.com/,https://www.openstreetmap.org/node/5749477828
Gato,Restaurante boutique,Colombia,Medellín,El Poblado/Provenza/Laureles/Envigado,+57 4 2682673,575742682673,valid_format_only,Modern/official website found,https://www.menudigital.com/restaurante/gato,https://www.openstreetmap.org/node/5755353121
Sushi Gama,Restaurante boutique,Colombia,Medellín,El Poblado/Provenza/Laureles/Envigado,+57 3052273896,573052273896,valid_format_only,Modern/official website found,https://www.sushigama.com/,https://www.openstreetmap.org/node/6069193185
Toreto'ss Burger,Restaurante boutique,Colombia,Medellín,El Poblado/Provenza/Laureles/Envigado,+57 4 4968280,575744968280,valid_format_only,No website found,,https://www.openstreetmap.org/node/6256362785
Don Carlos Restaurant,Restaurante boutique,Colombia,Medellín,El Poblado/Provenza/Laureles/Envigado,+573052559965,573052559965,valid_format_only,No website found,,https://www.openstreetmap.org/node/6348565085
Maru Rico!,Restaurante boutique,Colombia,Medellín,El Poblado/Provenza/Laureles/Envigado,+57 4 3545565,575743545565,valid_format_only,No website found,,https://www.openstreetmap.org/node/6386451253
Pane e Pomodoro,Restaurante boutique,Colombia,Medellín,El Poblado/Provenza/Laureles/Envigado,+57 4 3229679,575743229679,valid_format_only,Modern/official website found,https://paneepomodoro.com.co/,https://www.openstreetmap.org/node/6496463785
Copoazú,Restaurante boutique,Colombia,Medellín,El Poblado/Provenza/Laureles/Envigado,+57 3507549642,573507549642,valid_format_only,No website found,,https://www.openstreetmap.org/node/6589757187
Las Costillas De Pedro,Restaurante boutique,Colombia,Medellín,El Poblado/Provenza/Laureles/Envigado,+57 4 3115877,575743115877,valid_format_only,No website found,,https://www.openstreetmap.org/node/6744098486
Pizzería Gatti,Restaurante boutique,Colombia,Medellín,El Poblado/Provenza/Laureles/Envigado,+5745813050,575745813050,valid_format_only,No website found,,https://www.openstreetmap.org/node/7018556286
Pizzería Antica,Restaurante boutique,Colombia,Medellín,El Poblado/Provenza/Laureles/Envigado,+5742762671,575742762671,valid_format_only,No website found,,https://www.openstreetmap.org/node/7018563985
Buena Vibra street food,Restaurante boutique,Colombia,Medellín,El Poblado/Provenza/Laureles/Envigado,+57 320 5640197,573205640197,valid_format_only,Modern/official website found,https://buena-vibra-street-food.negocio.site/,https://www.openstreetmap.org/node/7020859487
Restaurante Malevo,Restaurante boutique,Colombia,Medellín,El Poblado/Provenza/Laureles/Envigado,+5745802150,575745802150,valid_format_only,No website found,,https://www.openstreetmap.org/node/7084026986
Carpión,Restaurante boutique,Colombia,Medellín,El Poblado/Provenza/Laureles/Envigado,+57 3014303924,573014303924,valid_format_only,No website found,,https://www.openstreetmap.org/node/7159669385
La Pesqueira,Restaurante boutique,Colombia,Medellín,El Poblado/Provenza/Laureles/Envigado,+57 4 4447397,575744447397,valid_format_only,Modern/official website found,https://pesqueira.co/,https://www.openstreetmap.org/node/7179756723
Ladrillo y Verde,Restaurante boutique,Colombia,Medellín,El Poblado/Provenza/Laureles/Envigado,+57 4 5671723,575745671723,valid_format_only,No website found,,https://www.openstreetmap.org/node/7204279946
Pollos Mario,Restaurante boutique,Colombia,Medellín,El Poblado/Provenza/Laureles/Envigado,+57 4 4444404;+57 4 3065257,575744444404,valid_format_only,No website found,,https://www.openstreetmap.org/node/7234364277
Dagram Restaurante,Restaurante boutique,Colombia,Medellín,El Poblado/Provenza/Laureles/Envigado,+57 4 2889294,575742889294,valid_format_only,No website found,,https://www.openstreetmap.org/node/7234364278
U are Love,Clínica estética,Colombia,Medellín,El Poblado/Provenza/Laureles/Envigado,+57 3022485767,573022485767,valid_format_only,No website found,,https://www.openstreetmap.org/node/7234364350
Piaceri,Restaurante boutique,Colombia,Medellín,El Poblado/Provenza/Laureles/Envigado,+57 3014988520,573014988520,valid_format_only,No website found,,https://www.openstreetmap.org/node/7253901435
Brosty,Restaurante boutique,Colombia,Medellín,El Poblado/Provenza/Laureles/Envigado,+57 4 3065053;+57 4 2880534,575743065053,valid_format_only,No website found,,https://www.openstreetmap.org/node/7254330135
Mawy Pollos,Restaurante boutique,Colombia,Medellín,El Poblado/Provenza/Laureles/Envigado,+57 4 2883725,575742883725,valid_format_only,No website found,,https://www.openstreetmap.org/node/7254330148
Acqua Spa Bellza,Clínica estética,Colombia,Medellín,El Poblado/Provenza/Laureles/Envigado,+57 3015091593,573015091593,valid_format_only,Modern/official website found,www.acquaspabellza.com,https://www.openstreetmap.org/node/7265311047
Aluna Centro de Belleza,Clínica estética,Colombia,Medellín,El Poblado/Provenza/Laureles/Envigado,+57 4 5968437;+57 3508062096,575745968437,valid_format_only,No website found,,https://www.openstreetmap.org/node/7289113255
PizzaExpress,Restaurante boutique,Colombia,Medellín,El Poblado/Provenza/Laureles/Envigado,+57 4 4488463,575744488463,valid_format_only,No website found,,https://www.openstreetmap.org/node/7383475935
Centro Médico San Camilo,Clínica estética,Colombia,Medellín,El Poblado/Provenza/Laureles/Envigado,+57 3018226,,invalid_phone,No website found,,https://www.openstreetmap.org/node/7808521292
Metrosalud Enciso,Clínica estética,Colombia,Medellín,El Poblado/Provenza/Laureles/Envigado,+57 4 2842434,575742842434,valid_format_only,No website found,,https://www.openstreetmap.org/node/7855091949
Centro de Salud Villatina,Clínica estética,Colombia,Medellín,El Poblado/Provenza/Laureles/Envigado,+57 4 2691461;+57 4 2272674,575742691461,valid_format_only,No website found,,https://www.openstreetmap.org/node/7855091954
Torre Medica de Prado,Clínica estética,Colombia,Medellín,El Poblado/Provenza/Laureles/Envigado,+57 4 2118484,575742118484,valid_format_only,No website found,,https://www.openstreetmap.org/node/7855091955
Fracturas y Rayos X de Antioquia,Clínica estética,Colombia,Medellín,El Poblado/Provenza/Laureles/Envigado,+57 4 2306844;+57 4 2304586;+57 4 8618232,575742306844,valid_format_only,No website found,,https://www.openstreetmap.org/node/7855091956
Centro de Salud Moravia,Clínica estética,Colombia,Medellín,El Poblado/Provenza/Laureles/Envigado,+57 4 2126612,575742126612,valid_format_only,No website found,,https://www.openstreetmap.org/node/7855091960
Centro Medico y Odont. Oralser,Clínica estética,Colombia,Medellín,El Poblado/Provenza/Laureles/Envigado,+57 4 2845138,575742845138,valid_format_only,No website found,,https://www.openstreetmap.org/node/7855091962
El Alemán Pues,Restaurante boutique,Colombia,Medellín,El Poblado/Provenza/Laureles/Envigado,+57 3506608484,573506608484,valid_format_only,No website found,,https://www.openstreetmap.org/node/8007992585
El Vegano Andante,Restaurante boutique,Colombia,Medellín,El Poblado/Provenza/Laureles/Envigado,+57 3108936203,573108936203,valid_format_only,No website found,,https://www.openstreetmap.org/node/8364442163
Dentales Medellin,Dental,Colombia,Medellín,El Poblado/Provenza/Laureles/Envigado,+57 604 3224079,576043224079,valid_format_only,Modern/official website found,https://www.dentalesmedellin.com/,https://www.openstreetmap.org/node/9163802070
Restaurante El LLanerito,Restaurante boutique,Colombia,Medellín,El Poblado/Provenza/Laureles/Envigado,+57 3108922625,573108922625,valid_format_only,No website found,,https://www.openstreetmap.org/node/9211419018
Ammazza Gin Garden,Restaurante boutique,Colombia,Medellín,El Poblado/Provenza/Laureles/Envigado,+57 318 240 4644,573182404644,valid_format_only,Modern/official website found,https://ammazza.com.co/,https://www.openstreetmap.org/node/9222496110
OCCA,Restaurante boutique,Colombia,Medellín,El Poblado/Provenza/Laureles/Envigado,+57 300 733 1353,573007331353,valid_format_only,No website found,,https://www.openstreetmap.org/node/9222539110
La Champagnería,Restaurante boutique,Colombia,Medellín,El Poblado/Provenza/Laureles/Envigado,+57 311 3643420,573113643420,valid_format_only,No website found,,https://www.openstreetmap.org/node/9222539112
Veinte Platos,Restaurante boutique,Colombia,Medellín,El Poblado/Provenza/Laureles/Envigado,+57 323 420 0550,573234200550,valid_format_only,Modern/official website found,https://sonymelona.com/veinte-platos/,https://www.openstreetmap.org/node/9222585117
Son & Melona,Restaurante boutique,Colombia,Medellín,El Poblado/Provenza/Laureles/Envigado,+57 323 420 0550,573234200550,valid_format_only,Modern/official website found,https://sonymelona.com/menu/,https://www.openstreetmap.org/node/9222585118
Benares Decoración Asiática,Arquitectura/interiorismo,Colombia,Medellín,El Poblado/Provenza/Laureles/Envigado,+57 604 386 0060,576043860060,valid_format_only,Modern/official website found,https://benares.com.co/tiendas/,https://www.openstreetmap.org/node/9222585123
Parmessano,Restaurante boutique,Colombia,Medellín,El Poblado/Provenza/Laureles/Envigado,+57 604 444 4662,576044444662,valid_format_only,Modern/official website found,https://parmessano.com.co/,https://www.openstreetmap.org/node/9222585124
Sushi Light,Restaurante boutique,Colombia,Medellín,El Poblado/Provenza/Laureles/Envigado,+57 444 28 48,,invalid_phone,Modern/official website found,https://sushilight.com,https://www.openstreetmap.org/node/9273393361
Supinar Fisioterapia,Fisioterapia,Colombia,Medellín,El Poblado/Provenza/Laureles/Envigado,+57 604 4448682,576044448682,valid_format_only,Modern/official website found,https://www.supinarips.com.co/,https://www.openstreetmap.org/node/9583400217
Can & Cats Centro Veterinario,Veterinaria,Colombia,Medellín,El Poblado/Provenza/Laureles/Envigado,+57 604 4440754,576044440754,valid_format_only,No website found,,https://www.openstreetmap.org/node/9583400218
Salón de Belleza María Elena,Clínica estética,Colombia,Medellín,El Poblado/Provenza/Laureles/Envigado,+57 604 2506368,576042506368,valid_format_only,No website found,,https://www.openstreetmap.org/node/9583400317
Pizzas Roquefort,Restaurante boutique,Colombia,Medellín,El Poblado/Provenza/Laureles/Envigado,+57 604 3229083,576043229083,valid_format_only,No website found,,https://www.openstreetmap.org/node/9583401117
Rosteka Parrilla-Bar,Restaurante boutique,Colombia,Medellín,El Poblado/Provenza/Laureles/Envigado,+57 3043966488,573043966488,valid_format_only,No website found,,https://www.openstreetmap.org/node/9590114217
PremiumVet,Veterinaria,Colombia,Medellín,El Poblado/Provenza/Laureles/Envigado,+57 3004050065,573004050065,valid_format_only,No website found,,https://www.openstreetmap.org/node/9590151617
Restaurante Santa Gula,Restaurante boutique,Colombia,Medellín,El Poblado/Provenza/Laureles/Envigado,+57 4129560,,invalid_phone,No website found,,https://www.openstreetmap.org/node/9680511417
Play English World,Academia privada,Colombia,Medellín,El Poblado/Provenza/Laureles/Envigado,+57 604 5596993,576045596993,valid_format_only,Modern/official website found,https://playenglishworld.com/,https://www.openstreetmap.org/node/9720677917
Mondongos La Antioqueñita,Restaurante boutique,Colombia,Medellín,El Poblado/Provenza/Laureles/Envigado,+57 604 5084123,576045084123,valid_format_only,No website found,,https://www.openstreetmap.org/node/9752946217
Vegarden,Restaurante boutique,Colombia,Medellín,El Poblado/Provenza/Laureles/Envigado,+57 3225452322,573225452322,valid_format_only,No website found,,https://www.openstreetmap.org/node/9764842917
Puro Carbón Parrilla,Restaurante boutique,Colombia,Medellín,El Poblado/Provenza/Laureles/Envigado,+57 3016035346,573016035346,valid_format_only,No website found,,https://www.openstreetmap.org/node/9786022718
Centro Veterinario E.V.A.,Veterinaria,Colombia,Medellín,El Poblado/Provenza/Laureles/Envigado,+57 3104319656,573104319656,valid_format_only,No website found,,https://www.openstreetmap.org/node/9820634019
Restaurante Bau,Restaurante boutique,Colombia,Medellín,El Poblado/Provenza/Laureles/Envigado,+57 604 4118341,576044118341,valid_format_only,No website found,,https://www.openstreetmap.org/node/9866401117
Pa' Todos,Restaurante boutique,Colombia,Medellín,El Poblado/Provenza/Laureles/Envigado,+57 305 3139697,573053139697,valid_format_only,No website found,,https://www.openstreetmap.org/node/10167191276
Centro de Belleza Aleida Duque,Clínica estética,Colombia,Medellín,El Poblado/Provenza/Laureles/Envigado,+57 321 7608311,573217608311,valid_format_only,No website found,,https://www.openstreetmap.org/node/10236017862
Naan Laureles,Restaurante boutique,Colombia,Medellín,El Poblado/Provenza/Laureles/Envigado,+57 604 3228781,576043228781,valid_format_only,No website found,,https://www.openstreetmap.org/node/10244340209
Lenteja Express Centro,Restaurante boutique,Colombia,Medellín,El Poblado/Provenza/Laureles/Envigado,3043417070,573043417070,valid_format_only,No website found,,https://www.openstreetmap.org/node/10268881009
Abbiocco,Restaurante boutique,Colombia,Medellín,El Poblado/Provenza/Laureles/Envigado,+573233594562,573233594562,valid_format_only,Modern/official website found,https://marqueemedellin.com/restaurant-abbioco/,https://www.openstreetmap.org/node/10285319160
Delicias del Mar,Restaurante boutique,Colombia,Medellín,El Poblado/Provenza/Laureles/Envigado,+57 310 8245434,573108245434,valid_format_only,No website found,,https://www.openstreetmap.org/node/10695760483
Nuquí Centro,Restaurante boutique,Colombia,Medellín,El Poblado/Provenza/Laureles/Envigado,305 3390680,573053390680,valid_format_only,Modern/official website found,https://nuquicentro.negocio.site/?utm_source=gmb&utm_medium=referral#details,https://www.openstreetmap.org/node/10884306605
El Puto Tacos Laureles,Restaurante boutique,Colombia,Medellín,El Poblado/Provenza/Laureles/Envigado,+573042821670,573042821670,valid_format_only,Modern/official website found,https://elputotaco.com/,https://www.openstreetmap.org/node/10884309205
Restaurante Popular,Restaurante boutique,Colombia,Medellín,El Poblado/Provenza/Laureles/Envigado,+57 313 5316515,573135316515,valid_format_only,Modern/official website found,https://www.lavato.com.co/,https://www.openstreetmap.org/node/11093673676
Pink spa de uñas,Clínica estética,Colombia,Medellín,El Poblado/Provenza/Laureles/Envigado,+57 3045352259,573045352259,valid_format_only,Modern/official website found,pink.nails.medellin,https://www.openstreetmap.org/node/11191447730
Alma Natura,Restaurante boutique,Colombia,Medellín,El Poblado/Provenza/Laureles/Envigado,3004658119,573004658119,valid_format_only,No website found,,https://www.openstreetmap.org/node/11398851173
Bihao,Restaurante boutique,Colombia,Medellín,El Poblado/Provenza/Laureles/Envigado,+573004460897,573004460897,valid_format_only,Modern/official website found,https://bihao-comida-de-origen.cluvi.co/,https://www.openstreetmap.org/node/11445456854
"Restaurante La Matriarca, Viva Envigado",Restaurante boutique,Colombia,Medellín,El Poblado/Provenza/Laureles/Envigado,+573145958589,573145958589,valid_format_only,Modern/official website found,https://www.lamatriarca.com/,https://www.openstreetmap.org/node/11531150525
"Pataché, Patacones y Ceviches",Restaurante boutique,Colombia,Medellín,El Poblado/Provenza/Laureles/Envigado,+57 304 2381816,573042381816,valid_format_only,No website found,,https://www.openstreetmap.org/node/11561593690
MM Beauty Spa Nail Arts,Clínica estética,Colombia,Medellín,El Poblado/Provenza/Laureles/Envigado,+57 324 660 7968,573246607968,valid_format_only,Modern/official website found,https://www.mmbeautyspa.com/,https://www.openstreetmap.org/node/11635253973
Ayuda Psicológica | Psicólogos Medellín | Psicóloga Marcela Quiceno Betancourt,Psicología premium,Colombia,Medellín,El Poblado/Provenza/Laureles/Envigado,+573167851574,573167851574,valid_format_only,Modern/official website found,https://ayudapsicologica.co/medellin/,https://www.openstreetmap.org/node/12029589260
Thoroff Colombia Sas,Academia privada,Colombia,Medellín,El Poblado/Provenza/Laureles/Envigado,+57 30 226 52598,573022652598,valid_format_only,Modern/official website found,http://www.thoroff.com.co/,https://www.openstreetmap.org/node/12045961771
Restaurante y Salsamentaria RyM,Restaurante boutique,Colombia,Medellín,El Poblado/Provenza/Laureles/Envigado,+57 604 4972995,576044972995,valid_format_only,No website found,,https://www.openstreetmap.org/node/12049010427
Hospital Veterinario Universidad de Antioquia,Veterinaria,Colombia,Medellín,El Poblado/Provenza/Laureles/Envigado,+57 604 2199115,576042199115,valid_format_only,Modern/official website found,https://portal.udea.edu.co/wps/portal/udea/web/inicio/unidades-academicas/ciencias-agrarias/hospital-veterinario,https://www.openstreetmap.org/node/12073413520
Los Chamos,Restaurante boutique,Colombia,Medellín,El Poblado/Provenza/Laureles/Envigado,+57 45897873,575745897873,valid_format_only,No website found,,https://www.openstreetmap.org/node/12330965101
Master Club 70,Restaurante boutique,Colombia,Medellín,El Poblado/Provenza/Laureles/Envigado,+57 311 6003496,573116003496,valid_format_only,No website found,,https://www.openstreetmap.org/node/12330989101
Restaurante La Yoli,Restaurante boutique,Colombia,Medellín,El Poblado/Provenza/Laureles/Envigado,+573173812933;+576118657,573173812933,valid_format_only,No website found,,https://www.openstreetmap.org/node/12365790155
Candilejas,Restaurante boutique,Colombia,Medellín,El Poblado/Provenza/Laureles/Envigado,+57 604 4802027,576044802027,valid_format_only,No website found,,https://www.openstreetmap.org/node/12376055401
El Altar Taquería Manila,Restaurante boutique,Colombia,Medellín,El Poblado/Provenza/Laureles/Envigado,+57 305 3362294,573053362294,valid_format_only,Only Instagram/Facebook,https://www.instagram.com/elaltar_/,https://www.openstreetmap.org/node/12376144601
Ganso & Castor,Restaurante boutique,Colombia,Medellín,El Poblado/Provenza/Laureles/Envigado,+57 604 2669353,576042669353,valid_format_only,Modern/official website found,https://www.gansoycastor.com/,https://www.openstreetmap.org/node/12376158101
Criminal Taquería,Restaurante boutique,Colombia,Medellín,El Poblado/Provenza/Laureles/Envigado,+57 300 2001722,573002001722,valid_format_only,Only Instagram/Facebook,https://linktr.ee/Criminaltaqueria,https://www.openstreetmap.org/node/12376165001
Country Pet Sede Poblado,Veterinaria,Colombia,Medellín,El Poblado/Provenza/Laureles/Envigado,3147476081,573147476081,valid_format_only,No website found,,https://www.openstreetmap.org/node/12520308092
Country Pet Poblado,Veterinaria,Colombia,Medellín,El Poblado/Provenza/Laureles/Envigado,3147476081,573147476081,valid_format_only,No website found,,https://www.openstreetmap.org/node/12520338401
Santa Brasa,Restaurante boutique,Colombia,Medellín,El Poblado/Provenza/Laureles/Envigado,+57 300 5973859,573005973859,valid_format_only,No website found,,https://www.openstreetmap.org/node/12984627959
Compostela,Restaurante boutique,Colombia,Medellín,El Poblado/Provenza/Laureles/Envigado,+57 304  662 06 67,573046620667,valid_format_only,No website found,,https://www.openstreetmap.org/node/13116984556
Donde Darío,Restaurante boutique,Colombia,Medellín,El Poblado/Provenza/Laureles/Envigado,+57 604 4489437,576044489437,valid_format_only,Modern/official website found,https://dondedariomuydesiempre.com,https://www.openstreetmap.org/node/13141277341
Red House Envigado,Restaurante boutique,Colombia,Medellín,El Poblado/Provenza/Laureles/Envigado,304 4149129,573044149129,valid_format_only,No website found,,https://www.openstreetmap.org/node/13189661701
Megalitas,Restaurante boutique,Colombia,Medellín,El Poblado/Provenza/Laureles/Envigado,+573242124226,573242124226,valid_format_only,Only Instagram/Facebook,https://www.instagram.com/megalitas/?igsh=MWdoYWQ4aDR0MHg2Ng%3D%3D#,https://www.openstreetmap.org/node/13246427605
Megalitas,Restaurante boutique,Colombia,Medellín,El Poblado/Provenza/Laureles/Envigado,+573016555165,573016555165,valid_format_only,Only Instagram/Facebook,https://www.instagram.com/megalitas/?igsh=MWdoYWQ4aDR0MHg2Ng%3D%3D#,https://www.openstreetmap.org/node/13246489184
Megalitas,Restaurante boutique,Colombia,Medellín,El Poblado/Provenza/Laureles/Envigado,+573155705229,573155705229,valid_format_only,Only Instagram/Facebook,https://www.instagram.com/megalitas/?igsh=MWdoYWQ4aDR0MHg2Ng%3D%3D#,https://www.openstreetmap.org/node/13246495459
Passion Divina,Clínica estética,Colombia,Medellín,El Poblado/Provenza/Laureles/Envigado,+573106358759,573106358759,valid_format_only,Only Instagram/Facebook,https://www.instagram.com/passiondivina?igsh=aGxxZmw2dmxxbTY4,https://www.openstreetmap.org/node/13336871269
Pizza Iolo,Restaurante boutique,Colombia,Medellín,El Poblado/Provenza/Laureles/Envigado,+573134095152,573134095152,valid_format_only,Only Instagram/Facebook,https://www.instagram.com/pizzaiolo.co/,https://www.openstreetmap.org/node/13336949127
Canalla,Restaurante boutique,Colombia,Medellín,El Poblado/Provenza/Laureles/Envigado,+573183517977,573183517977,valid_format_only,Only Instagram/Facebook,https://www.instagram.com/canalla.medellin/,https://www.openstreetmap.org/node/13336954000
Donde Juancho (Inferior),Restaurante boutique,Colombia,Medellín,El Poblado/Provenza/Laureles/Envigado,+573506295755,573506295755,valid_format_only,Modern/official website found,https://dondejuancho.com/,https://www.openstreetmap.org/node/13458983553
Tienda & Cocina Vegetariana,Restaurante boutique,Colombia,Medellín,El Poblado/Provenza/Laureles/Envigado,+57 312 4690967,573124690967,valid_format_only,No website found,,https://www.openstreetmap.org/node/13686672201
Oh! Food,Restaurante boutique,Colombia,Medellín,El Poblado/Provenza/Laureles/Envigado,3159273946,573159273946,valid_format_only,No website found,,https://www.openstreetmap.org/node/13746570999
Acuarella Nails,Clínica estética,Colombia,Medellín,El Poblado/Provenza/Laureles/Envigado,+573014325219,573014325219,valid_format_only,No website found,,https://www.openstreetmap.org/node/13912925620
Betancor&zuleta abogados,Abogado migratorio,Colombia,Medellín,El Poblado/Provenza/Laureles/Envigado,+573207588782,573207588782,valid_format_only,No website found,,https://www.openstreetmap.org/node/13929524269
Jers Visual,Óptica/Oftalmología premium,Colombia,Medellín,El Poblado/Provenza/Laureles/Envigado,+573209546869,573209546869,valid_format_only,No website found,,https://www.openstreetmap.org/node/13978252309
Centro psicológico DinámicaMente,Psicología premium,Colombia,Medellín,El Poblado/Provenza/Laureles/Envigado,3505152034,573505152034,valid_format_only,Modern/official website found,https://www.dinamicamente.com.co/,https://www.openstreetmap.org/node/13997448401
Cote Gourmand,Restaurante boutique,Colombia,Medellín,El Poblado/Provenza/Laureles/Envigado,+573235809728,573235809728,valid_format_only,Only Instagram/Facebook,https://www.instagram.com/cotegourmandd?igsh=MWEzZGdtOHc0aWVmMA==,https://www.openstreetmap.org/node/14015505790
Embajada China,Restaurante boutique,Colombia,Medellín,El Poblado/Provenza/Laureles/Envigado,+57 4 2534237,575742534237,valid_format_only,No website found,,https://www.openstreetmap.org/way/122271582
Sabor Gourmet,Restaurante boutique,Colombia,Medellín,El Poblado/Provenza/Laureles/Envigado,+57 4 2169657,575742169657,valid_format_only,No website found,,https://www.openstreetmap.org/way/189378012
Torre Médica Ciudad del Rio,Clínica estética,Colombia,Medellín,El Poblado/Provenza/Laureles/Envigado,+57 4 5897843,575745897843,valid_format_only,No website found,,https://www.openstreetmap.org/way/273610634
Clinica Colombiana de Implantes Dentales,Dental,Colombia,Medellín,El Poblado/Provenza/Laureles/Envigado,+57 604 3225262,576043225262,valid_format_only,Modern/official website found,https://www.clinicacolombianadeimplantes.com/,https://www.openstreetmap.org/way/571089140
Restaurante Okus,Restaurante boutique,Colombia,Medellín,El Poblado/Provenza/Laureles/Envigado,+573053295285,573053295285,valid_format_only,No website found,,https://www.openstreetmap.org/way/784628271
Lucilda Alimentari,Restaurante boutique,Colombia,Medellín,El Poblado/Provenza/Laureles/Envigado,+573105766553,573105766553,valid_format_only,No website found,,https://www.openstreetmap.org/way/793260372
Clínica de Medellín - Sede Occidente,Clínica estética,Colombia,Medellín,El Poblado/Provenza/Laureles/Envigado,+57 4 4446152,575744446152,valid_format_only,Modern/official website found,https://www.clinicamedellin.com/sedes/,https://www.openstreetmap.org/way/814491794
venezzia,Restaurante boutique,Colombia,Medellín,El Poblado/Provenza/Laureles/Envigado,+57 6043721530,576043721530,valid_format_only,No website found,,https://www.openstreetmap.org/way/1098969435
Centro Jurídico Araucaria,Abogado migratorio,Colombia,Medellín,El Poblado/Provenza/Laureles/Envigado,+573165242476,573165242476,valid_format_only,Modern/official website found,https://centrojuridicoaraucaria.com/,https://www.openstreetmap.org/way/1233743276
Asados Company Belén,Restaurante boutique,Colombia,Medellín,El Poblado/Provenza/Laureles/Envigado,3226795246,573226795246,valid_format_only,Only Instagram/Facebook,https://linktr.ee/Asadoscompany,https://www.openstreetmap.org/way/1284555636
Cocorolló Las Palmas,Restaurante boutique,Colombia,Medellín,El Poblado/Provenza/Laureles/Envigado,+57 317 433 8613,573174338613,valid_format_only,Modern/official website found,https://www.cocorollo.com/,https://www.openstreetmap.org/way/1384789466
Case de Nadie,Restaurante boutique,Colombia,Medellín,El Poblado/Provenza/Laureles/Envigado,+573007355246,573007355246,valid_format_only,No website found,,https://www.openstreetmap.org/way/1466123031
Redman Nuestra House,Restaurante boutique,Colombia,Medellín,El Poblado/Provenza/Laureles/Envigado,+573175252458,573175252458,valid_format_only,Modern/official website found,https://www.redman.com.co/,https://www.openstreetmap.org/way/1466123204
Multiopticas # 10,Óptica/Oftalmología premium,Colombia,Cali,Granada/Ciudad Jardín,+57 2 6599047,575726599047,valid_format_only,No website found,,https://www.openstreetmap.org/node/1230822503
Óptica Alemana,Óptica/Oftalmología premium,Colombia,Cali,Granada/Ciudad Jardín,+57 2 6689595,575726689595,valid_format_only,No website found,,https://www.openstreetmap.org/node/1230824255
Óptica Colombiana LTDA,Óptica/Oftalmología premium,Colombia,Cali,Granada/Ciudad Jardín,+57 2 5140967,575725140967,valid_format_only,No website found,,https://www.openstreetmap.org/node/1230824971
CLÍNICA ODONTOLÓGICA ODOK VERSALLES,Dental,Colombia,Cali,Granada/Ciudad Jardín,+57 2 6536941,575726536941,valid_format_only,No website found,,https://www.openstreetmap.org/node/1230825096
Hubert Optica,Óptica/Oftalmología premium,Colombia,Cali,Granada/Ciudad Jardín,+57 2 6671145,575726671145,valid_format_only,No website found,,https://www.openstreetmap.org/node/1230829601
Óptica San Fernando,Óptica/Oftalmología premium,Colombia,Cali,Granada/Ciudad Jardín,+57 2 5542671,575725542671,valid_format_only,No website found,,https://www.openstreetmap.org/node/1230832413
Restaurante Argentino,Restaurante boutique,Colombia,Cali,Granada/Ciudad Jardín,+57 4844743,,invalid_phone,No website found,,https://www.openstreetmap.org/node/3640818953
Fusion Wok,Restaurante boutique,Colombia,Cali,Granada/Ciudad Jardín,+57 2 6609402,575726609402,valid_format_only,Modern/official website found,http://www.fusionwok.com.co,https://www.openstreetmap.org/node/4300571992
Pita Majita,Restaurante boutique,Colombia,Cali,Granada/Ciudad Jardín,+57 2 3964131,575723964131,valid_format_only,No website found,,https://www.openstreetmap.org/node/4363775494
shalonlash,Clínica estética,Colombia,Cali,Granada/Ciudad Jardín,+57 3104018787,573104018787,valid_format_only,Modern/official website found,http://www.shalonlash.com,https://www.openstreetmap.org/node/4414212490
OptiSalud del Valle,Óptica/Oftalmología premium,Colombia,Cali,Granada/Ciudad Jardín,+57 2 5581520,575725581520,valid_format_only,No website found,,https://www.openstreetmap.org/node/4556539789
Leni Lorena López O. Odontología,Dental,Colombia,Cali,Granada/Ciudad Jardín,+57 3106627622,573106627622,valid_format_only,No website found,,https://www.openstreetmap.org/node/4572487892
Maria Sabores,Restaurante boutique,Colombia,Cali,Granada/Ciudad Jardín,+57 3155069917,573155069917,valid_format_only,No website found,,https://www.openstreetmap.org/node/4589598098
"Misceláneo, a",Restaurante boutique,Colombia,Cali,Granada/Ciudad Jardín,+57 2 4837616,575724837616,valid_format_only,No website found,,https://www.openstreetmap.org/node/4698259889
Sisa Atahualpa,Restaurante boutique,Colombia,Cali,Granada/Ciudad Jardín,+57 3188042640,573188042640,valid_format_only,No website found,,https://www.openstreetmap.org/node/4770520922
Malí,Restaurante boutique,Colombia,Cali,Granada/Ciudad Jardín,+57 3165231079,573165231079,valid_format_only,No website found,,https://www.openstreetmap.org/node/4946127421
Óptica Biovision,Óptica/Oftalmología premium,Colombia,Cali,Granada/Ciudad Jardín,+57 2 5536311,575725536311,valid_format_only,Modern/official website found,http://www.biovisiin.com.co,https://www.openstreetmap.org/node/4998343885
El Alcornoque,Restaurante boutique,Colombia,Cali,Granada/Ciudad Jardín,+57 2 8931817,575728931817,valid_format_only,No website found,,https://www.openstreetmap.org/node/5037897440
Frutos del Sol,Restaurante boutique,Colombia,Cali,Granada/Ciudad Jardín,+57 602 3770920,576023770920,valid_format_only,No website found,,https://www.openstreetmap.org/node/5237031596
El buen alimento,Restaurante boutique,Colombia,Cali,Granada/Ciudad Jardín,+57 602 3755738,576023755738,valid_format_only,No website found,,https://www.openstreetmap.org/node/5285185722
Fusion Wok,Restaurante boutique,Colombia,Cali,Granada/Ciudad Jardín,+57 2 3322533,575723322533,valid_format_only,Modern/official website found,http://www.fusionwok.com.co,https://www.openstreetmap.org/node/5659140124
Fusion Wok,Restaurante boutique,Colombia,Cali,Granada/Ciudad Jardín,+57 2 3322533,575723322533,valid_format_only,Modern/official website found,http://www.fusionwok.com.co,https://www.openstreetmap.org/node/5726787821
Pizzeria Carpaneto,Restaurante boutique,Colombia,Cali,Granada/Ciudad Jardín,+57 2 6616292,575726616292,valid_format_only,Modern/official website found,https://pizzeriacarpaneto.com/,https://www.openstreetmap.org/node/6247423685
Sazón Pacífico,Restaurante boutique,Colombia,Cali,Granada/Ciudad Jardín,+57 3172295282,573172295282,valid_format_only,No website found,,https://www.openstreetmap.org/node/6323882675
Bendito Aroma,Restaurante boutique,Colombia,Cali,Granada/Ciudad Jardín,+57 3183369798,573183369798,valid_format_only,No website found,,https://www.openstreetmap.org/node/6556594086
Mr. Food,Restaurante boutique,Colombia,Cali,Granada/Ciudad Jardín,+57 602 5564708,576025564708,valid_format_only,Modern/official website found,https://mrfoodgourmet.ola.click/,https://www.openstreetmap.org/node/6896727985
Alma y Café,Restaurante boutique,Colombia,Cali,Granada/Ciudad Jardín,+57 3166349715,573166349715,valid_format_only,No website found,,https://www.openstreetmap.org/node/7037145385
Los Turcos,Restaurante boutique,Colombia,Cali,Granada/Ciudad Jardín,+57 2 6673393,575726673393,valid_format_only,No website found,,https://www.openstreetmap.org/node/7155200585
Lingua Viva Spanish Institute,Academia privada,Colombia,Cali,Granada/Ciudad Jardín,+573164428158,573164428158,valid_format_only,Modern/official website found,http://eslinguaviva.com/,https://www.openstreetmap.org/node/7270635313
Cheers Pizzería Ingenio,Restaurante boutique,Colombia,Cali,Granada/Ciudad Jardín,+57 2 315 34 34,575723153434,valid_format_only,Modern/official website found,https://cheerspizzeria.com/,https://www.openstreetmap.org/node/8433183570
Frutos del Mar Azúl,Restaurante boutique,Colombia,Cali,Granada/Ciudad Jardín,+57 301 492 3945,573014923945,valid_format_only,No website found,,https://www.openstreetmap.org/node/8666382870
Rich Burger,Restaurante boutique,Colombia,Cali,Granada/Ciudad Jardín,+57 608 3481901,576083481901,valid_format_only,No website found,,https://www.openstreetmap.org/node/9105957917
Kibbes Fusion,Restaurante boutique,Colombia,Cali,Granada/Ciudad Jardín,+573117360204,573117360204,valid_format_only,Modern/official website found,https://kibbesfusion.com/,https://www.openstreetmap.org/node/9441284851
MadreSelva Vegano,Restaurante boutique,Colombia,Cali,Granada/Ciudad Jardín,+573155381185,573155381185,valid_format_only,No website found,,https://www.openstreetmap.org/node/10832484606
BeefCoin Grill House,Restaurante boutique,Colombia,Cali,Granada/Ciudad Jardín,+57 304 3898775,573043898775,valid_format_only,Modern/official website found,@beefcoingrillhouse,https://www.openstreetmap.org/node/11117658612
Doctor Oral,Dental,Colombia,Cali,Granada/Ciudad Jardín,6024882500,576024882500,valid_format_only,Modern/official website found,https://doctororalcali.com,https://www.openstreetmap.org/node/11168307435
Mi Pacifico,Restaurante boutique,Colombia,Cali,Granada/Ciudad Jardín,+57 313 6778176,573136778176,valid_format_only,No website found,,https://www.openstreetmap.org/node/11736959553
Studio Vanity Beauty,Clínica estética,Colombia,Cali,Granada/Ciudad Jardín,+573046469082,573046469082,valid_format_only,No website found,,https://www.openstreetmap.org/node/11932201046
Ever y sus Asados,Restaurante boutique,Colombia,Cali,Granada/Ciudad Jardín,+573117756190,573117756190,valid_format_only,No website found,,https://www.openstreetmap.org/node/11949220006
Cheko's,Restaurante boutique,Colombia,Cali,Granada/Ciudad Jardín,3105102425,573105102425,valid_format_only,Only Instagram/Facebook,https://www.instagram.com/cheko.os?igsh=eTMxZWowNGE4Z2Rt,https://www.openstreetmap.org/node/11950572795
El Deleite del Mar,Restaurante boutique,Colombia,Cali,Granada/Ciudad Jardín,+57 3216142131,573216142131,valid_format_only,No website found,,https://www.openstreetmap.org/node/13505290203
La corte de la carne - Granada,Restaurante boutique,Colombia,Cali,Granada/Ciudad Jardín,3117249879,573117249879,valid_format_only,No website found,,https://www.openstreetmap.org/node/13806192130
El buen alimento,Restaurante boutique,Colombia,Cali,Granada/Ciudad Jardín,314 4789031,573144789031,valid_format_only,No website found,,https://www.openstreetmap.org/node/14005023902
El Arepazo de Elsy,Restaurante boutique,Colombia,Cali,Granada/Ciudad Jardín,+57 316 4094357,573164094357,valid_format_only,Only Instagram/Facebook,https://wa.me/573164094357,https://www.openstreetmap.org/way/615457943
Brasa chicken,Restaurante boutique,Colombia,Cali,Granada/Ciudad Jardín,+57 3506257554,573506257554,valid_format_only,No website found,,https://www.openstreetmap.org/way/1333249354
Clinica Santa Teresa,Clínica estética,Peru,Lima,Miraflores/San Isidro/Surco/La Molina/Barranco,+511 2212027,5112212027,valid_format_only,Modern/official website found,http://www.clinicasantateresa.com.pe/,https://www.openstreetmap.org/node/565876567
Antigua Bodega Dalmacia,Restaurante boutique,Peru,Lima,Miraflores/San Isidro/Surco/La Molina/Barranco,+511 2412501,5112412501,valid_format_only,Modern/official website found,http://www.bodegad.com/,https://www.openstreetmap.org/node/959586057
La 73 Paradero Gourmet,Restaurante boutique,Peru,Lima,Miraflores/San Isidro/Surco/La Molina/Barranco,+511 2470780,5112470780,valid_format_only,Modern/official website found,https://www.restaurantela73.com/,https://www.openstreetmap.org/node/1192970712
Canta Rana,Restaurante boutique,Peru,Lima,Miraflores/San Isidro/Surco/La Molina/Barranco,+51 923 841016,51923841016,valid_format_only,Modern/official website found,https://cantarana.pe,https://www.openstreetmap.org/node/1193558406
Haiti,Restaurante boutique,Peru,Lima,Miraflores/San Isidro/Surco/La Molina/Barranco,+511 4463816,5114463816,valid_format_only,Modern/official website found,https://www.haitimiraflores.pe/,https://www.openstreetmap.org/node/1429504073
La Tiendecita Blanca,Restaurante boutique,Peru,Lima,Miraflores/San Isidro/Surco/La Molina/Barranco,+511 4459797,5114459797,valid_format_only,Modern/official website found,https://latiendecitablanca.com.pe/,https://www.openstreetmap.org/node/1429504323
Mavery,Restaurante boutique,Peru,Lima,Miraflores/San Isidro/Surco/La Molina/Barranco,+511 4413134,5114413134,valid_format_only,No website found,,https://www.openstreetmap.org/node/1431212641
Brujas de Cachiche,Restaurante boutique,Peru,Lima,Miraflores/San Isidro/Surco/La Molina/Barranco,+51 1 447 1133,5114471133,valid_format_only,Modern/official website found,https://www.brujasdecachiche.com.pe/,https://www.openstreetmap.org/node/1435192552
Chifa Jin,Restaurante boutique,Peru,Lima,Miraflores/San Isidro/Surco/La Molina/Barranco,+511 2417630,5112417630,valid_format_only,No website found,,https://www.openstreetmap.org/node/1545385601
El Patio de Mendiburu,Restaurante boutique,Peru,Lima,Miraflores/San Isidro/Surco/La Molina/Barranco,+511 2216990,5112216990,valid_format_only,No website found,,https://www.openstreetmap.org/node/1546270221
Policlínico Pronto Salud Solidario,Clínica estética,Peru,Lima,Miraflores/San Isidro/Surco/La Molina/Barranco,+511 6372129,5116372129,valid_format_only,Modern/official website found,http://clinicaprontosaludsolidario.godaddysites.com/,https://www.openstreetmap.org/node/1904507986
Policlinico Solidario San Juan de Miraflores,Clínica estética,Peru,Lima,Miraflores/San Isidro/Surco/La Molina/Barranco,+511 4665676,5114665676,valid_format_only,No website found,,https://www.openstreetmap.org/node/1904508029
Los Piuranos,Restaurante boutique,Peru,Lima,Miraflores/San Isidro/Surco/La Molina/Barranco,+51 1 4214705,5114214705,valid_format_only,No website found,,https://www.openstreetmap.org/node/1922787042
Centro de Estudios Idiomas del Mundo,Academia privada,Peru,Lima,Miraflores/San Isidro/Surco/La Molina/Barranco,+511 4220738,5114220738,valid_format_only,No website found,,https://www.openstreetmap.org/node/2090582864
La Romana,Restaurante boutique,Peru,Lima,Miraflores/San Isidro/Surco/La Molina/Barranco,+51 1 4606573,5114606573,valid_format_only,Modern/official website found,https://laromana.com.pe/,https://www.openstreetmap.org/node/2172999993
La Bistecca,Restaurante boutique,Peru,Lima,Miraflores/San Isidro/Surco/La Molina/Barranco,+51 1 4217555,5114217555,valid_format_only,Modern/official website found,https://www.labisteccalima.com/,https://www.openstreetmap.org/node/2256264234
Arlotia,Restaurante boutique,Peru,Lima,Miraflores/San Isidro/Surco/La Molina/Barranco,+51 1 2562269,5112562269,valid_format_only,No website found,,https://www.openstreetmap.org/node/2261936442
Defino Mar,Restaurante boutique,Peru,Lima,Miraflores/San Isidro/Surco/La Molina/Barranco,+511 4453470,5114453470,valid_format_only,No website found,,https://www.openstreetmap.org/node/2279898348
Rafael Osterling,Restaurante boutique,Peru,Lima,Miraflores/San Isidro/Surco/La Molina/Barranco,+51 1 2424149,5112424149,valid_format_only,Modern/official website found,http://www.rafaelosterling.pe/es/lima.html,https://www.openstreetmap.org/node/2279901516
ámaZ,Restaurante boutique,Peru,Lima,Miraflores/San Isidro/Surco/La Molina/Barranco,+51 1 221 9393,5112219393,valid_format_only,Modern/official website found,http://amaz.com.pe/,https://www.openstreetmap.org/node/2279912459
DonDoh,Restaurante boutique,Peru,Lima,Miraflores/San Isidro/Surco/La Molina/Barranco,+511 4212929,5114212929,valid_format_only,Modern/official website found,https://www.dondoh.com/,https://www.openstreetmap.org/node/2279947626
Punta Sal,Restaurante boutique,Peru,Lima,Miraflores/San Isidro/Surco/La Molina/Barranco,+511 4417431,5114417431,valid_format_only,No website found,,https://www.openstreetmap.org/node/2279952714
Tanta,Restaurante boutique,Peru,Lima,Miraflores/San Isidro/Surco/La Molina/Barranco,+511 4219708,5114219708,valid_format_only,Modern/official website found,https://tantaperu.com/,https://www.openstreetmap.org/node/2279964904
Cevicheria La Bahia Secreta,Restaurante boutique,Peru,Lima,Miraflores/San Isidro/Surco/La Molina/Barranco,+5114359075,5114359075,valid_format_only,No website found,,https://www.openstreetmap.org/node/2283390552
Lima27,Restaurante boutique,Peru,Lima,Miraflores/San Isidro/Surco/La Molina/Barranco,+511 4228915,5114228915,valid_format_only,Modern/official website found,https://www.lima27.com/,https://www.openstreetmap.org/node/2512307097
Como Agua para Chocolate,Restaurante boutique,Peru,Lima,Miraflores/San Isidro/Surco/La Molina/Barranco,+511 2220297,5112220297,valid_format_only,No website found,,https://www.openstreetmap.org/node/2512307098
Pizzeria Mama Lola,Restaurante boutique,Peru,Lima,Miraflores/San Isidro/Surco/La Molina/Barranco,+51 1 2416335,5112416335,valid_format_only,Modern/official website found,https://www.trattoriamammalola.com/,https://www.openstreetmap.org/node/2528951644
Sangucheria El Chinito,Restaurante boutique,Peru,Lima,Miraflores/San Isidro/Surco/La Molina/Barranco,+51 1 3962395,5113962395,valid_format_only,Modern/official website found,https://elchinito.com.pe/locales.html,https://www.openstreetmap.org/node/2644352418
El Salto del Fraile,Restaurante boutique,Peru,Lima,Miraflores/San Isidro/Surco/La Molina/Barranco,+51 1 2520258,5112520258,valid_format_only,Modern/official website found,https://elsaltodelfraile.com/,https://www.openstreetmap.org/node/2742408710
El Hornero,Restaurante boutique,Peru,Lima,Miraflores/San Isidro/Surco/La Molina/Barranco,+511 251 8109,5112518109,valid_format_only,Modern/official website found,https://www.elhornero.com.pe/chorrillos.php,https://www.openstreetmap.org/node/2743468394
Long Horn Grill and Drinks,Restaurante boutique,Peru,Lima,Miraflores/San Isidro/Surco/La Molina/Barranco,+51 1 435 7794,5114357794,valid_format_only,No website found,,https://www.openstreetmap.org/node/2745568804
Hard Rock Cafe,Restaurante boutique,Peru,Lima,Miraflores/San Isidro/Surco/La Molina/Barranco,+51 1 437 7221,5114377221,valid_format_only,Modern/official website found,https://www.hardrock.com/cafes/lima/,https://www.openstreetmap.org/node/2745573281
Jockey Salud,Clínica estética,Peru,Lima,Miraflores/San Isidro/Surco/La Molina/Barranco,+51 1 7123456,5117123456,valid_format_only,Modern/official website found,https://www.jockeysalud.com.pe/,https://www.openstreetmap.org/node/2745595149
Il Postino,Restaurante boutique,Peru,Lima,Miraflores/San Isidro/Surco/La Molina/Barranco,+511 4458856,5114458856,valid_format_only,No website found,,https://www.openstreetmap.org/node/2760052954
Amoramar,Restaurante boutique,Peru,Lima,Miraflores/San Isidro/Surco/La Molina/Barranco,+511 6199595,5116199595,valid_format_only,Modern/official website found,https://www.amoramar.com/,https://www.openstreetmap.org/node/2784756139
El Rocoto,Restaurante boutique,Peru,Lima,Miraflores/San Isidro/Surco/La Molina/Barranco,+51 1 4483040,5114483040,valid_format_only,Modern/official website found,https://www.elrocoto.com.pe/,https://www.openstreetmap.org/node/2854486801
Jerónimo,Restaurante boutique,Peru,Lima,Miraflores/San Isidro/Surco/La Molina/Barranco,+511 4947336,5114947336,valid_format_only,No website found,,https://www.openstreetmap.org/node/2854537001
Fiesta Gourmet Restaurante,Restaurante boutique,Peru,Lima,Miraflores/San Isidro/Surco/La Molina/Barranco,+511 2429009,5112429009,valid_format_only,Modern/official website found,https://www.restaurantfiestagourmet.com/restaurante.html,https://www.openstreetmap.org/node/2898404701
La Romántica,Restaurante boutique,Peru,Lima,Miraflores/San Isidro/Surco/La Molina/Barranco,+511 4218549,5114218549,valid_format_only,Modern/official website found,https://laromantica.pe/,https://www.openstreetmap.org/node/2906551601
Madam Tusan,Restaurante boutique,Peru,Lima,Miraflores/San Isidro/Surco/La Molina/Barranco,+511 5055000,5115055000,valid_format_only,Modern/official website found,http://madamtusan.pe/,https://www.openstreetmap.org/node/2906590101
La Picantería,Restaurante boutique,Peru,Lima,Miraflores/San Isidro/Surco/La Molina/Barranco,+51 1 2416676,5112416676,valid_format_only,Modern/official website found,https://picanteriasdelperu.com/,https://www.openstreetmap.org/node/2942706012
Guru Kebab & Curry,Restaurante boutique,Peru,Lima,Miraflores/San Isidro/Surco/La Molina/Barranco,+51 1 273-5658,5112735658,valid_format_only,Modern/official website found,http://www.guruperu.com/,https://www.openstreetmap.org/node/3017647181
EsSalud Policlínico San Luis,Clínica estética,Peru,Lima,Miraflores/San Isidro/Surco/La Molina/Barranco,+511 3262599,5113262599,valid_format_only,No website found,,https://www.openstreetmap.org/node/3063482681
Papacho's,Restaurante boutique,Peru,Lima,Miraflores/San Isidro/Surco/La Molina/Barranco,+51 1 2536460,5112536460,valid_format_only,Modern/official website found,https://papachos.com/,https://www.openstreetmap.org/node/3066356180
Ache,Restaurante boutique,Peru,Lima,Miraflores/San Isidro/Surco/La Molina/Barranco,+51 1 2219315,5112219315,valid_format_only,No website found,,https://www.openstreetmap.org/node/3066368177
José Urteaga Calderón,Abogado migratorio,Peru,Lima,Miraflores/San Isidro/Surco/La Molina/Barranco,+5112619188;+5112619678,5112619188,valid_format_only,Modern/official website found,http://www.notariaurteagacalderon.com/inicio.html,https://www.openstreetmap.org/node/3077648491
El Chinito,Restaurante boutique,Peru,Lima,Miraflores/San Isidro/Surco/La Molina/Barranco,+51 946 091689,51946091689,valid_format_only,Modern/official website found,https://elchinito.com.pe/locales.html,https://www.openstreetmap.org/node/3219719342
Centro Nacional de Salud Renal,Clínica estética,Peru,Lima,Miraflores/San Isidro/Surco/La Molina/Barranco,+51 1 4719999,5114719999,valid_format_only,Modern/official website found,http://www.essalud.gob.pe/centro-nacional-de-salud-renal/,https://www.openstreetmap.org/node/3230315412
Perroquet,Restaurante boutique,Peru,Lima,Miraflores/San Isidro/Surco/La Molina/Barranco,+511 6119000,5116119000,valid_format_only,Modern/official website found,https://www.countryclublimahotel.com/es/dinning/perroquet-restaurant,https://www.openstreetmap.org/node/3246793795
MundoCan,Veterinaria,Peru,Lima,Miraflores/San Isidro/Surco/La Molina/Barranco,+51 1 6610446,5116610446,valid_format_only,No website found,,https://www.openstreetmap.org/node/3293614190
Dental Zegarra,Dental,Peru,Lima,Miraflores/San Isidro/Surco/La Molina/Barranco,+51 1 4366986,5114366986,valid_format_only,No website found,,https://www.openstreetmap.org/node/3293618076
Pizzería Massima,Restaurante boutique,Peru,Lima,Miraflores/San Isidro/Surco/La Molina/Barranco,+51 1 4376184,5114376184,valid_format_only,No website found,,https://www.openstreetmap.org/node/3293749567
Kabelo,Clínica estética,Peru,Lima,Miraflores/San Isidro/Surco/La Molina/Barranco,+51 1 4361807,5114361807,valid_format_only,No website found,,https://www.openstreetmap.org/node/3293750407
viPets,Veterinaria,Peru,Lima,Miraflores/San Isidro/Surco/La Molina/Barranco,+51 1 4346058,5114346058,valid_format_only,No website found,,https://www.openstreetmap.org/node/3293803526
Ellas Spa,Clínica estética,Peru,Lima,Miraflores/San Isidro/Surco/La Molina/Barranco,+51 1 3588119,5113588119,valid_format_only,No website found,,https://www.openstreetmap.org/node/3293814177
Clinica Dental ODONTOBELL'E,Dental,Peru,Lima,Miraflores/San Isidro/Surco/La Molina/Barranco,+51 1 4372982,5114372982,valid_format_only,No website found,,https://www.openstreetmap.org/node/3293868638
Raw Café,Restaurante boutique,Peru,Lima,Miraflores/San Isidro/Surco/La Molina/Barranco,+51 1 4469456,5114469456,valid_format_only,Modern/official website found,https://www.rawcafe.com.pe,https://www.openstreetmap.org/node/3497806095
Maido,Restaurante boutique,Peru,Lima,Miraflores/San Isidro/Surco/La Molina/Barranco,+51 1 3135100,5113135100,valid_format_only,Modern/official website found,https://www.maido.pe/,https://www.openstreetmap.org/node/3581929393
Titi,Restaurante boutique,Peru,Lima,Miraflores/San Isidro/Surco/La Molina/Barranco,+51 913 872 766,51913872766,valid_format_only,Modern/official website found,https://chifatiti.com/,https://www.openstreetmap.org/node/3673621792
Tolentino Café,Restaurante boutique,Peru,Lima,Miraflores/San Isidro/Surco/La Molina/Barranco,+5113494444,5113494444,valid_format_only,No website found,,https://www.openstreetmap.org/node/3812131297
Salón de la Felicidad,Restaurante boutique,Peru,Lima,Miraflores/San Isidro/Surco/La Molina/Barranco,+51 1 4262190,5114262190,valid_format_only,No website found,,https://www.openstreetmap.org/node/4034986709
Centro de Salud San Isidro,Clínica estética,Peru,Lima,Miraflores/San Isidro/Surco/La Molina/Barranco,+511 2643125,5112643125,valid_format_only,No website found,,https://www.openstreetmap.org/node/4077392666
Kuo Wha,Restaurante boutique,Peru,Lima,Miraflores/San Isidro/Surco/La Molina/Barranco,+511 4459482,5114459482,valid_format_only,No website found,,https://www.openstreetmap.org/node/4081647461
El Rey del Sabor,Restaurante boutique,Peru,Lima,Miraflores/San Isidro/Surco/La Molina/Barranco,+51 1 2574242,5112574242,valid_format_only,No website found,,https://www.openstreetmap.org/node/4102771592
Clinica San Felipe,Clínica estética,Peru,Lima,Miraflores/San Isidro/Surco/La Molina/Barranco,+511 2190000,5112190000,valid_format_only,Modern/official website found,https://www.clinicasanfelipe.com,https://www.openstreetmap.org/node/4109575491
Mai Liu,Óptica/Oftalmología premium,Peru,Lima,Miraflores/San Isidro/Surco/La Molina/Barranco,+511 4275858,5114275858,valid_format_only,Modern/official website found,http://fulltiendas.com/mailiu/,https://www.openstreetmap.org/node/4119559023
Adelgace Perú,Clínica estética,Peru,Lima,Miraflores/San Isidro/Surco/La Molina/Barranco,+51 1 4613245,5114613245,valid_format_only,Modern/official website found,https://www.drolaya.com/,https://www.openstreetmap.org/node/4139697957
Facé Salón & Spá,Clínica estética,Peru,Lima,Miraflores/San Isidro/Surco/La Molina/Barranco,+51 988010710,51988010710,valid_format_only,No website found,,https://www.openstreetmap.org/node/4140965589
Patronato INCA/CGIL,Abogado migratorio,Peru,Lima,Miraflores/San Isidro/Surco/La Molina/Barranco,+51 1 2754522;+51 1 2754523,5112754522,valid_format_only,Modern/official website found,https://www.inca.it/,https://www.openstreetmap.org/node/4143184490
Saqra,Restaurante boutique,Peru,Lima,Miraflores/San Isidro/Surco/La Molina/Barranco,+511 6508884,5116508884,valid_format_only,Modern/official website found,https://www.saqra.pe/,https://www.openstreetmap.org/node/4152194291
Punto Azul,Restaurante boutique,Peru,Lima,Miraflores/San Isidro/Surco/La Molina/Barranco,+51 1 224 8755,5112248755,valid_format_only,No website found,,https://www.openstreetmap.org/node/4160245960
Chancho al Palo de Juanito,Restaurante boutique,Peru,Lima,Miraflores/San Isidro/Surco/La Molina/Barranco,+51 991206816,51991206816,valid_format_only,No website found,,https://www.openstreetmap.org/node/4172024690
Opticas SANTA LUCIA,Óptica/Oftalmología premium,Peru,Lima,Miraflores/San Isidro/Surco/La Molina/Barranco,+51 1 3464207,5113464207,valid_format_only,No website found,,https://www.openstreetmap.org/node/4174844478
Embarcadero 41,Restaurante boutique,Peru,Lima,Miraflores/San Isidro/Surco/La Molina/Barranco,+51 1 4216144,5114216144,valid_format_only,Modern/official website found,https://embarcadero41.com/,https://www.openstreetmap.org/node/4180718797
Pardos Chicken,Restaurante boutique,Peru,Lima,Miraflores/San Isidro/Surco/La Molina/Barranco,+511 4442126,5114442126,valid_format_only,Modern/official website found,https://www.pardoschicken.pe/restaurantes/pardos-chicken-benavides/,https://www.openstreetmap.org/node/4181890872
Instituto Nacional Cardiovascular,Clínica estética,Peru,Lima,Miraflores/San Isidro/Surco/La Molina/Barranco,+51 1 4111560,5114111560,valid_format_only,Modern/official website found,http://portal.essalud.gob.pe/incor/index.html,https://www.openstreetmap.org/node/4203505990
Los Vitrales,Restaurante boutique,Peru,Lima,Miraflores/San Isidro/Surco/La Molina/Barranco,+51 1 4262954,5114262954,valid_format_only,No website found,,https://www.openstreetmap.org/node/4207922066
La Cuadra de Salvador,Restaurante boutique,Peru,Lima,Miraflores/San Isidro/Surco/La Molina/Barranco,+51 1 2478670,5112478670,valid_format_only,Modern/official website found,https://lacuadradesalvador.com/,https://www.openstreetmap.org/node/4213310396
Chifa Fu Jou,Restaurante boutique,Peru,Lima,Miraflores/San Isidro/Surco/La Molina/Barranco,+511 4444500,5114444500,valid_format_only,Modern/official website found,http://www.fujougourmet.com/,https://www.openstreetmap.org/node/4216074095
Clinica Inmater,Clínica estética,Peru,Lima,Miraflores/San Isidro/Surco/La Molina/Barranco,+51 1 4762727,5114762727,valid_format_only,Modern/official website found,https://inmater.pe/portal/,https://www.openstreetmap.org/node/4216263790
Cafe La Paz,Restaurante boutique,Peru,Lima,Miraflores/San Isidro/Surco/La Molina/Barranco,+511 2416043,5112416043,valid_format_only,Modern/official website found,https://www.cafedelapazperu.com/,https://www.openstreetmap.org/node/4216572990
El Parquetito,Restaurante boutique,Peru,Lima,Miraflores/San Isidro/Surco/La Molina/Barranco,+511 4440490,5114440490,valid_format_only,Modern/official website found,https://www.elparquetito.com/,https://www.openstreetmap.org/node/4216576289
Tanuki,Restaurante boutique,Peru,Lima,Miraflores/San Isidro/Surco/La Molina/Barranco,+511 2068800,5112068800,valid_format_only,Modern/official website found,https://allpahotel.com/,https://www.openstreetmap.org/node/4219054189
Lima Canela,Restaurante boutique,Peru,Lima,Miraflores/San Isidro/Surco/La Molina/Barranco,+51 444 0731,51514440731,valid_format_only,No website found,,https://www.openstreetmap.org/node/4253770990
Macarena,Restaurante boutique,Peru,Lima,Miraflores/San Isidro/Surco/La Molina/Barranco,+511 4964079,5114964079,valid_format_only,No website found,,https://www.openstreetmap.org/node/4261061890
La Bodega Verde,Restaurante boutique,Peru,Lima,Miraflores/San Isidro/Surco/La Molina/Barranco,+511 2478804,5112478804,valid_format_only,Modern/official website found,http://labodegaverde.blogspot.com/,https://www.openstreetmap.org/node/4264082491
Casagrande Daviá,Restaurante boutique,Peru,Lima,Miraflores/San Isidro/Surco/La Molina/Barranco,+511 4442612,5114442612,valid_format_only,No website found,,https://www.openstreetmap.org/node/4265005529
Refilo Sanguchería,Restaurante boutique,Peru,Lima,Miraflores/San Isidro/Surco/La Molina/Barranco,+51 1 273 4499,5112734499,valid_format_only,No website found,,https://www.openstreetmap.org/node/4286257889
El 10,Restaurante boutique,Peru,Lima,Miraflores/San Isidro/Surco/La Molina/Barranco,+511 7176610,5117176610,valid_format_only,Modern/official website found,http://www.el10.pe/miraflores.php,https://www.openstreetmap.org/node/4308219753
Onaka Suita Sushi,Restaurante boutique,Peru,Lima,Miraflores/San Isidro/Surco/La Molina/Barranco,+51 986083992,51986083992,valid_format_only,No website found,,https://www.openstreetmap.org/node/4311851895
Trattoria dei Prati,Restaurante boutique,Peru,Lima,Miraflores/San Isidro/Surco/La Molina/Barranco,+511 2423382,5112423382,valid_format_only,No website found,,https://www.openstreetmap.org/node/4311916891
Ohashi Maki,Restaurante boutique,Peru,Lima,Miraflores/San Isidro/Surco/La Molina/Barranco,+51 1 5923284,5115923284,valid_format_only,No website found,,https://www.openstreetmap.org/node/4311926193
Café de la Paz,Restaurante boutique,Peru,Lima,Miraflores/San Isidro/Surco/La Molina/Barranco,+51 1 241 8073,5112418073,valid_format_only,Modern/official website found,https://www.cafedelapazperu.com,https://www.openstreetmap.org/node/4313395389
Wa Lok,Restaurante boutique,Peru,Lima,Miraflores/San Isidro/Surco/La Molina/Barranco,+511 4471329,5114471329,valid_format_only,Modern/official website found,https://walok.com.pe/,https://www.openstreetmap.org/node/4332775622
Centro de Idiomas,Academia privada,Peru,Lima,Miraflores/San Isidro/Surco/La Molina/Barranco,+51 1 4601122,5114601122,valid_format_only,Modern/official website found,http://www.usmp.edu.pe/idiomas,https://www.openstreetmap.org/node/4334033102
Las Canastas,Restaurante boutique,Peru,Lima,Miraflores/San Isidro/Surco/La Molina/Barranco,+51943100521,51943100521,valid_format_only,Modern/official website found,https://www.lascanastas.com/,https://www.openstreetmap.org/node/4334125527
Houlihan's,Restaurante boutique,Peru,Lima,Miraflores/San Isidro/Surco/La Molina/Barranco,+511 4457969,5114457969,valid_format_only,Modern/official website found,http://www.houlihansperu.com/,https://www.openstreetmap.org/node/4336091220
Estadio FC,Restaurante boutique,Peru,Lima,Miraflores/San Isidro/Surco/La Molina/Barranco,+511 4279609,5114279609,valid_format_only,Modern/official website found,https://www.estadio.com.pe/,https://www.openstreetmap.org/node/4336154416
Salsa's,Restaurante boutique,Peru,Lima,Miraflores/San Isidro/Surco/La Molina/Barranco,+511 6104151,5116104151,valid_format_only,No website found,,https://www.openstreetmap.org/node/4336218119
El fogón del asador,Restaurante boutique,Peru,Lima,Miraflores/San Isidro/Surco/La Molina/Barranco,+51 1 2615643,5112615643,valid_format_only,Modern/official website found,http://www.elfogondelasador.com.pe/,https://www.openstreetmap.org/node/4338790192
Las Palmeras - La Cúpula,Restaurante boutique,Peru,Lima,Miraflores/San Isidro/Surco/La Molina/Barranco,+5113155055,5113155055,valid_format_only,No website found,,https://www.openstreetmap.org/node/4338842898
Costa Delicioza,Restaurante boutique,Peru,Lima,Miraflores/San Isidro/Surco/La Molina/Barranco,+51 1 4378762,5114378762,valid_format_only,Modern/official website found,http://www.costadelicioza.com,https://www.openstreetmap.org/node/4340233197
Pizza Hut,Restaurante boutique,Peru,Lima,Miraflores/San Isidro/Surco/La Molina/Barranco,+51 1 505 1111,5115051111,valid_format_only,No website found,,https://www.openstreetmap.org/node/4341305396
Centro Odontológico Americano,Dental,Peru,Lima,Miraflores/San Isidro/Surco/La Molina/Barranco,+51989254923,51989254923,valid_format_only,Modern/official website found,https://coa.pe/,https://www.openstreetmap.org/node/4341714335
Dental House,Dental,Peru,Lima,Miraflores/San Isidro/Surco/La Molina/Barranco,+51 1 460 5965,5114605965,valid_format_only,Modern/official website found,https://www.dental-house.com/,https://www.openstreetmap.org/node/4341737524
Centro Odontológico Dly Dent,Dental,Peru,Lima,Miraflores/San Isidro/Surco/La Molina/Barranco,+51 1 240 0553,5112400553,valid_format_only,No website found,,https://www.openstreetmap.org/node/4341765619
Pollería El Abuelo,Restaurante boutique,Peru,Lima,Miraflores/San Isidro/Surco/La Molina/Barranco,+51 1 3438143,5113438143,valid_format_only,No website found,,https://www.openstreetmap.org/node/4343324889
Rústica,Restaurante boutique,Peru,Lima,Miraflores/San Isidro/Surco/La Molina/Barranco,+511 4440888,5114440888,valid_format_only,Modern/official website found,https://www.rustica.com.pe/,https://www.openstreetmap.org/node/4343704617
San Marcelo,Restaurante boutique,Peru,Lima,Miraflores/San Isidro/Surco/La Molina/Barranco,+511 3966355,5113966355,valid_format_only,No website found,,https://www.openstreetmap.org/node/4343704618
Chifa Men Hong,Restaurante boutique,Peru,Lima,Miraflores/San Isidro/Surco/La Molina/Barranco,+51 1 4717570,5114717570,valid_format_only,No website found,,https://www.openstreetmap.org/node/4344769630
Infinity,Dental,Peru,Lima,Miraflores/San Isidro/Surco/La Molina/Barranco,+51 948581954;+511 2099700,51948581954,valid_format_only,No website found,,https://www.openstreetmap.org/node/4344925245
Chifa Titi,Restaurante boutique,Peru,Lima,Miraflores/San Isidro/Surco/La Molina/Barranco,+511 2241050,5112241050,valid_format_only,Modern/official website found,https://www.chifatiti.com/,https://www.openstreetmap.org/node/4344960260
Centro Odontologico Sonrie Dent,Dental,Peru,Lima,Miraflores/San Isidro/Surco/La Molina/Barranco,+51 959318382,51959318382,valid_format_only,No website found,,https://www.openstreetmap.org/node/4344969040
Juicy Lusy,Restaurante boutique,Peru,Lima,Miraflores/San Isidro/Surco/La Molina/Barranco,+511 2215590,5112215590,valid_format_only,Modern/official website found,https://juicylucy.pe/,https://www.openstreetmap.org/node/4346194320
Matria Restaurante,Restaurante boutique,Peru,Lima,Miraflores/San Isidro/Surco/La Molina/Barranco,+511 4222784,5114222784,valid_format_only,Modern/official website found,https://www.matriarestaurante.com/,https://www.openstreetmap.org/node/4346246257
Mykonos,Restaurante boutique,Peru,Lima,Miraflores/San Isidro/Surco/La Molina/Barranco,+511 4460671,5114460671,valid_format_only,No website found,,https://www.openstreetmap.org/node/4346419508
Capirena,Restaurante boutique,Peru,Lima,Miraflores/San Isidro/Surco/La Molina/Barranco,+51 1 271 0360,5112710360,valid_format_only,No website found,,https://www.openstreetmap.org/node/4346432475
Veterinaría San Bernado,Veterinaria,Peru,Lima,Miraflores/San Isidro/Surco/La Molina/Barranco,+51 1 2514092,5112514092,valid_format_only,No website found,,https://www.openstreetmap.org/node/4346560795
Al Tavolo,Restaurante boutique,Peru,Lima,Miraflores/San Isidro/Surco/La Molina/Barranco,+51 1 7154555,5117154555,valid_format_only,No website found,,https://www.openstreetmap.org/node/4347791167
Il Pastifico,Restaurante boutique,Peru,Lima,Miraflores/San Isidro/Surco/La Molina/Barranco,+51 942416051,51942416051,valid_format_only,Modern/official website found,https://www.ilpastificio.com/,https://www.openstreetmap.org/node/4347829135
Sanahoria,Restaurante boutique,Peru,Lima,Miraflores/San Isidro/Surco/La Molina/Barranco,913733367,51913733367,valid_format_only,No website found,,https://www.openstreetmap.org/node/4347880037
SOS Mascotas,Veterinaria,Peru,Lima,Miraflores/San Isidro/Surco/La Molina/Barranco,+51 1 7956565,5117956565,valid_format_only,No website found,,https://www.openstreetmap.org/node/4347954536
PoloVet,Veterinaria,Peru,Lima,Miraflores/San Isidro/Surco/La Molina/Barranco,+51 1 4370290,5114370290,valid_format_only,Modern/official website found,https://polovet.com.pe/,https://www.openstreetmap.org/node/4353255096
Mr. Sushi,Restaurante boutique,Peru,Lima,Miraflores/San Isidro/Surco/La Molina/Barranco,+511 4368282,5114368282,valid_format_only,Modern/official website found,https://www.mrsushiperu.com/,https://www.openstreetmap.org/node/4356642924
La Glorietta,Restaurante boutique,Peru,Lima,Miraflores/San Isidro/Surco/La Molina/Barranco,+511 2436461,5112436461,valid_format_only,No website found,,https://www.openstreetmap.org/node/4356675696
Choco,Restaurante boutique,Peru,Lima,Miraflores/San Isidro/Surco/La Molina/Barranco,+51 1 2418847,5112418847,valid_format_only,No website found,,https://www.openstreetmap.org/node/4356675791
Chifa Heng Fong,Restaurante boutique,Peru,Lima,Miraflores/San Isidro/Surco/La Molina/Barranco,+51 1 2561177,5112561177,valid_format_only,No website found,,https://www.openstreetmap.org/node/4356677419
OSensei Sushi Bar,Restaurante boutique,Peru,Lima,Miraflores/San Isidro/Surco/La Molina/Barranco,+511 3757669,5113757669,valid_format_only,No website found,,https://www.openstreetmap.org/node/4361939399
MM Dent,Dental,Peru,Lima,Miraflores/San Isidro/Surco/La Molina/Barranco,+51 1 497 9569,5114979569,valid_format_only,No website found,,https://www.openstreetmap.org/node/4361996753
Dental Vieira,Dental,Peru,Lima,Miraflores/San Isidro/Surco/La Molina/Barranco,+51 1 257 7833,5112577833,valid_format_only,No website found,,https://www.openstreetmap.org/node/4363561559
Odontomalla,Dental,Peru,Lima,Miraflores/San Isidro/Surco/La Molina/Barranco,+51 1 274 3385,5112743385,valid_format_only,No website found,,https://www.openstreetmap.org/node/4363803043
La Bistecca,Restaurante boutique,Peru,Lima,Miraflores/San Isidro/Surco/La Molina/Barranco,+511 3722250,5113722250,valid_format_only,Modern/official website found,https://www.labisteccalima.com,https://www.openstreetmap.org/node/4365330953
Odontología Especializada e Integral,Dental,Peru,Lima,Miraflores/San Isidro/Surco/La Molina/Barranco,+51 1 344 1594,5113441594,valid_format_only,No website found,,https://www.openstreetmap.org/node/4366597037
Pet's Place,Veterinaria,Peru,Lima,Miraflores/San Isidro/Surco/La Molina/Barranco,+51 1 944302535,,invalid_phone,Modern/official website found,https://petsplaceperu.com/,https://www.openstreetmap.org/node/4366817510
Chifa Jin Ying,Restaurante boutique,Peru,Lima,Miraflores/San Isidro/Surco/La Molina/Barranco,+51 987752278,51987752278,valid_format_only,No website found,,https://www.openstreetmap.org/node/4368229107
Naruto,Restaurante boutique,Peru,Lima,Miraflores/San Isidro/Surco/La Molina/Barranco,+51 1 5935689,5115935689,valid_format_only,No website found,,https://www.openstreetmap.org/node/4368674750
Cavero & Valverde,Dental,Peru,Lima,Miraflores/San Isidro/Surco/La Molina/Barranco,+51 1 344 0797,5113440797,valid_format_only,No website found,,https://www.openstreetmap.org/node/4372817515
Punto Azul,Restaurante boutique,Peru,Lima,Miraflores/San Isidro/Surco/La Molina/Barranco,+51 1 445 8078,5114458078,valid_format_only,Modern/official website found,https://puntoazulrestaurante.com/,https://www.openstreetmap.org/node/4382389659
La Plaza Bar & Grill,Restaurante boutique,Peru,Lima,Miraflores/San Isidro/Surco/La Molina/Barranco,+51 1 3916500,5113916500,valid_format_only,Modern/official website found,https://www.casa-andina.com/destinos/miraflores/hotel-miraflores-lima_casa-andina-select-miraflores/,https://www.openstreetmap.org/node/4393170727
Chez Wong,Restaurante boutique,Peru,Lima,Miraflores/San Isidro/Surco/La Molina/Barranco,+51 1 4706217,5114706217,valid_format_only,No website found,,https://www.openstreetmap.org/node/4407041390
Cevicheria,Restaurante boutique,Peru,Lima,Miraflores/San Isidro/Surco/La Molina/Barranco,+51 995602647,51995602647,valid_format_only,No website found,,https://www.openstreetmap.org/node/4419664191
Restaurante Tarboüsh,Restaurante boutique,Peru,Lima,Miraflores/San Isidro/Surco/La Molina/Barranco,+511 2426994,5112426994,valid_format_only,No website found,,https://www.openstreetmap.org/node/4419765591
Rama Designer,Arquitectura/interiorismo,Peru,Lima,Miraflores/San Isidro/Surco/La Molina/Barranco,+51999003100,51999003100,valid_format_only,Modern/official website found,http://renemaguiña.xyz,https://www.openstreetmap.org/node/4419800803
Tomás Gourmet,Restaurante boutique,Peru,Lima,Miraflores/San Isidro/Surco/La Molina/Barranco,+511 2414866,5112414866,valid_format_only,Modern/official website found,https://menutomas.com/,https://www.openstreetmap.org/node/4419840797
J&R Consulting,Abogado migratorio,Peru,Lima,Miraflores/San Isidro/Surco/La Molina/Barranco,+51 997813866,51997813866,valid_format_only,No website found,,https://www.openstreetmap.org/node/4424587191
Renova Salud,Clínica estética,Peru,Lima,Miraflores/San Isidro/Surco/La Molina/Barranco,+511 3438264,5113438264,valid_format_only,Modern/official website found,https://renovasalud.com/,https://www.openstreetmap.org/node/4433073625
Restaurante Los Manglares de Tumbes,Restaurante boutique,Peru,Lima,Miraflores/San Isidro/Surco/La Molina/Barranco,+514265056,51514265056,valid_format_only,No website found,,https://www.openstreetmap.org/node/4438108500
Embarcadero 41,Restaurante boutique,Peru,Lima,Miraflores/San Isidro/Surco/La Molina/Barranco,+51 1 4263493,5114263493,valid_format_only,Modern/official website found,https://embarcadero41.com/restaurantes/,https://www.openstreetmap.org/node/4451126488
Museo Larco Café Restaurant,Restaurante boutique,Peru,Lima,Miraflores/San Isidro/Surco/La Molina/Barranco,+511 4624757,5114624757,valid_format_only,Modern/official website found,https://cafe.museolarco.org/,https://www.openstreetmap.org/node/4457042838
L'Eau Vive del Perú,Restaurante boutique,Peru,Lima,Miraflores/San Isidro/Surco/La Molina/Barranco,+51 1 4275612,5114275612,valid_format_only,No website found,,https://www.openstreetmap.org/node/4457079132
Terminal 1 Fusión,Restaurante boutique,Peru,Lima,Miraflores/San Isidro/Surco/La Molina/Barranco,+51 1 6337365,5116337365,valid_format_only,No website found,,https://www.openstreetmap.org/node/4465666589
La Tapada,Restaurante boutique,Peru,Lima,Miraflores/San Isidro/Surco/La Molina/Barranco,+51 1 4262412,5114262412,valid_format_only,Modern/official website found,https://latapada.negocio.site/,https://www.openstreetmap.org/node/4486045726
Anticuchos Bran,Restaurante boutique,Peru,Lima,Miraflores/San Isidro/Surco/La Molina/Barranco,+51 1 5551227,5115551227,valid_format_only,No website found,,https://www.openstreetmap.org/node/4497671091
Clinica Happy Dents,Dental,Peru,Lima,Miraflores/San Isidro/Surco/La Molina/Barranco,+51 967915708,51967915708,valid_format_only,Modern/official website found,http://www.happydents.gob.pe/,https://www.openstreetmap.org/node/4515306396
Mi Buen Gusto,Restaurante boutique,Peru,Lima,Miraflores/San Isidro/Surco/La Molina/Barranco,+51 1 4343698,5114343698,valid_format_only,Modern/official website found,http://www.mibuengusto.com,https://www.openstreetmap.org/node/4518245794
Centro Odontológico César Anchiraico Cosquillo,Dental,Peru,Lima,Miraflores/San Isidro/Surco/La Molina/Barranco,+51 1 2250160,5112250160,valid_format_only,No website found,,https://www.openstreetmap.org/node/4526967489
IK Restaurante,Restaurante boutique,Peru,Lima,Miraflores/San Isidro/Surco/La Molina/Barranco,+511 6521692,5116521692,valid_format_only,Modern/official website found,http://www.ivankisic.pe/,https://www.openstreetmap.org/node/4527179089
Tzuru Restaurant Nikkei,Restaurante boutique,Peru,Lima,Miraflores/San Isidro/Surco/La Molina/Barranco,+511 225219,51511225219,valid_format_only,Modern/official website found,http://www.tzururestaurante.com/,https://www.openstreetmap.org/node/4553480902
Don de Peter,Restaurante boutique,Peru,Lima,Miraflores/San Isidro/Surco/La Molina/Barranco,+51 1 6205226,5116205226,valid_format_only,No website found,,https://www.openstreetmap.org/node/4555674790
CentrOral estética Dental Laser,Dental,Peru,Lima,Miraflores/San Isidro/Surco/La Molina/Barranco,+51 1 3721080,5113721080,valid_format_only,Modern/official website found,https://www.centroral.com/,https://www.openstreetmap.org/node/4558333191
Pollería Amill,Restaurante boutique,Peru,Lima,Miraflores/San Isidro/Surco/La Molina/Barranco,+51 1 2812376,5112812376,valid_format_only,No website found,,https://www.openstreetmap.org/node/4559227395
Sayel Restaurante Vegetariano,Restaurante boutique,Peru,Lima,Miraflores/San Isidro/Surco/La Molina/Barranco,+51 1 4456503,5114456503,valid_format_only,Modern/official website found,https://www.elvegetarianosayel.com,https://www.openstreetmap.org/node/4563641589
El Rosedal,Restaurante boutique,Peru,Lima,Miraflores/San Isidro/Surco/La Molina/Barranco,+51 1 4771560,5114771560,valid_format_only,Modern/official website found,http://elrosedaldesurco.com/,https://www.openstreetmap.org/node/4600943389
d'Mary Stylos Saloon Hair,Clínica estética,Peru,Lima,Miraflores/San Isidro/Surco/La Molina/Barranco,+5112496232,5112496232,valid_format_only,No website found,,https://www.openstreetmap.org/node/4602089789
Clínica NATCLAR,Clínica estética,Peru,Lima,Miraflores/San Isidro/Surco/La Molina/Barranco,+511 2134141,5112134141,valid_format_only,Modern/official website found,https://www.natclar.com.pe/,https://www.openstreetmap.org/node/4674945690
Chifa choi yi,Restaurante boutique,Peru,Lima,Miraflores/San Isidro/Surco/La Molina/Barranco,+51 1 4615105,5114615105,valid_format_only,No website found,,https://www.openstreetmap.org/node/4676801792
Veggie Pizza,Restaurante boutique,Peru,Lima,Miraflores/San Isidro/Surco/La Molina/Barranco,+51 146 98709,5114698709,valid_format_only,Modern/official website found,https://www.veggiepizza.pe,https://www.openstreetmap.org/node/4685747789
Fem Salud S.A.C,Clínica estética,Peru,Lima,Miraflores/San Isidro/Surco/La Molina/Barranco,+51 1 5685069,5115685069,valid_format_only,No website found,,https://www.openstreetmap.org/node/4699602789
Bon Ami,Veterinaria,Peru,Lima,Miraflores/San Isidro/Surco/La Molina/Barranco,+51 1 2657373,5112657373,valid_format_only,No website found,,https://www.openstreetmap.org/node/4715660989
La Choza Náutica,Restaurante boutique,Peru,Lima,Miraflores/San Isidro/Surco/La Molina/Barranco,+51 987598027,51987598027,valid_format_only,No website found,,https://www.openstreetmap.org/node/4724769493
La Choza Náutica,Restaurante boutique,Peru,Lima,Miraflores/San Isidro/Surco/La Molina/Barranco,+51 946541646,51946541646,valid_format_only,No website found,,https://www.openstreetmap.org/node/4724781197
La Choza Náutica,Restaurante boutique,Peru,Lima,Miraflores/San Isidro/Surco/La Molina/Barranco,+51 1 2499680,5112499680,valid_format_only,No website found,,https://www.openstreetmap.org/node/4724808489
El Rincón de Bigote,Restaurante boutique,Peru,Lima,Miraflores/San Isidro/Surco/La Molina/Barranco,+511 2346021,5112346021,valid_format_only,No website found,,https://www.openstreetmap.org/node/4725852296
Chifa Chun Yion (Unión de Barranco),Restaurante boutique,Peru,Lima,Miraflores/San Isidro/Surco/La Molina/Barranco,+511 2476919,5112476919,valid_format_only,Modern/official website found,http://chifachungyiondebarranco.com/,https://www.openstreetmap.org/node/4760706121
Misi Vet,Veterinaria,Peru,Lima,Miraflores/San Isidro/Surco/La Molina/Barranco,+51994990636,51994990636,valid_format_only,No website found,,https://www.openstreetmap.org/node/4760927321
Notaría Carlos Herrera Carrera,Abogado migratorio,Peru,Lima,Miraflores/San Isidro/Surco/La Molina/Barranco,+5116521200,5116521200,valid_format_only,Modern/official website found,https://notariaherreracarrera.com/,https://www.openstreetmap.org/node/4764175947
Bao?,Restaurante boutique,Peru,Lima,Miraflores/San Isidro/Surco/La Molina/Barranco,+511 4834180,5114834180,valid_format_only,No website found,,https://www.openstreetmap.org/node/4764219905
Costazul Seafood,Restaurante boutique,Peru,Lima,Miraflores/San Isidro/Surco/La Molina/Barranco,+51 1 4078536,5114078536,valid_format_only,Modern/official website found,https://costazulseafood.com/,https://www.openstreetmap.org/node/4764975721
Isolina Taberna,Restaurante boutique,Peru,Lima,Miraflores/San Isidro/Surco/La Molina/Barranco,+51 1 2475075,5112475075,valid_format_only,Modern/official website found,https://isolina.pe,https://www.openstreetmap.org/node/4764975921
Veterinaria The Pet's Corner,Veterinaria,Peru,Lima,Miraflores/San Isidro/Surco/La Molina/Barranco,+51 1 2527526,5112527526,valid_format_only,No website found,,https://www.openstreetmap.org/node/4765719522
Gama Pets Care,Veterinaria,Peru,Lima,Miraflores/San Isidro/Surco/La Molina/Barranco,+511 249 6467; +51 992154022,5112496467,valid_format_only,No website found,,https://www.openstreetmap.org/node/4765731521
La curva azul,Restaurante boutique,Peru,Lima,Miraflores/San Isidro/Surco/La Molina/Barranco,+51 1 5647536,5115647536,valid_format_only,No website found,,https://www.openstreetmap.org/node/4795240921
Las Zarzas,Restaurante boutique,Peru,Lima,Miraflores/San Isidro/Surco/La Molina/Barranco,+51 1 2265135,5112265135,valid_format_only,No website found,,https://www.openstreetmap.org/node/4799874621
Luminaris Spa,Clínica estética,Peru,Lima,Miraflores/San Isidro/Surco/La Molina/Barranco,+51 1 7471245,5117471245,valid_format_only,Modern/official website found,https://bienestarluminaris.com/,https://www.openstreetmap.org/node/4806752121
Clinica Pablo Bermudez,Clínica estética,Peru,Lima,Miraflores/San Isidro/Surco/La Molina/Barranco,+51 1 4337933;+51 1 3309817;+51 1 3303330,5114337933,valid_format_only,No website found,,https://www.openstreetmap.org/node/4808012782
Sushi Pop,Restaurante boutique,Peru,Lima,Miraflores/San Isidro/Surco/La Molina/Barranco,+511 7062927,5117062927,valid_format_only,Modern/official website found,https://www.sushipop.pe/,https://www.openstreetmap.org/node/4849841121
Clínica Municipal Santa Anita,Clínica estética,Peru,Lima,Miraflores/San Isidro/Surco/La Molina/Barranco,+51 1 6371438,5116371438,valid_format_only,Modern/official website found,https://clinica-municipal-santa-anita.negocio.site/,https://www.openstreetmap.org/node/4850387121
El Charrúa,Restaurante boutique,Peru,Lima,Miraflores/San Isidro/Surco/La Molina/Barranco,+511 4345503,5114345503,valid_format_only,Modern/official website found,https://www.elcharrua.com/,https://www.openstreetmap.org/node/4858864494
Namu,Restaurante boutique,Peru,Lima,Miraflores/San Isidro/Surco/La Molina/Barranco,+51 952373931,51952373931,valid_format_only,No website found,,https://www.openstreetmap.org/node/4879348721
La Cabrera,Restaurante boutique,Peru,Lima,Miraflores/San Isidro/Surco/La Molina/Barranco,+511 4473799,5114473799,valid_format_only,Modern/official website found,https://lacabreraperu.com/,https://www.openstreetmap.org/node/4880787724
Mis engreidos Veterinaria Pet shop,Veterinaria,Peru,Lima,Miraflores/San Isidro/Surco/La Molina/Barranco,+51 998495549,51998495549,valid_format_only,Modern/official website found,http://www.veterinariamisengreidos.com/,https://www.openstreetmap.org/node/4880939923
Meridiano Lima,Restaurante boutique,Peru,Lima,Miraflores/San Isidro/Surco/La Molina/Barranco,+511 4445026,5114445026,valid_format_only,No website found,,https://www.openstreetmap.org/node/4880940222
Social.,Restaurante boutique,Peru,Lima,Miraflores/San Isidro/Surco/La Molina/Barranco,+511 2008070,5112008070,valid_format_only,No website found,,https://www.openstreetmap.org/node/4882102722
Policlínico Peruano-Japonés,Clínica estética,Peru,Lima,Miraflores/San Isidro/Surco/La Molina/Barranco,+51 1 2042100,5112042100,valid_format_only,No website found,,https://www.openstreetmap.org/node/4888683521
Black Maki Bar,Restaurante boutique,Peru,Lima,Miraflores/San Isidro/Surco/La Molina/Barranco,+51 1 5970939,5115970939,valid_format_only,No website found,,https://www.openstreetmap.org/node/4889001524
Optica Rivera,Óptica/Oftalmología premium,Peru,Lima,Miraflores/San Isidro/Surco/La Molina/Barranco,+51 1 7824849,5117824849,valid_format_only,No website found,,https://www.openstreetmap.org/node/4890209822
Optica Rivera,Óptica/Oftalmología premium,Peru,Lima,Miraflores/San Isidro/Surco/La Molina/Barranco,+51 1 7824849,5117824849,valid_format_only,No website found,,https://www.openstreetmap.org/node/4890209921
La Vista Restaurant,Restaurante boutique,Peru,Lima,Miraflores/San Isidro/Surco/La Molina/Barranco,+51 1 2177009,5112177009,valid_format_only,Modern/official website found,https://www.espanol.marriott.com/hotels/hotel-information/restaurant/limdt-jw-marriott-hotel-lima/,https://www.openstreetmap.org/node/4890540929
Chifa Jumbo,Restaurante boutique,Peru,Lima,Miraflores/San Isidro/Surco/La Molina/Barranco,+5113751370,5113751370,valid_format_only,Modern/official website found,http://chifajumbo.com,https://www.openstreetmap.org/node/4894077142
Yao Ling Spa,Clínica estética,Peru,Lima,Miraflores/San Isidro/Surco/La Molina/Barranco,+51 1 263227,51511263227,valid_format_only,Modern/official website found,https://yaolingspa.com/,https://www.openstreetmap.org/node/4906629134
Tu Chinindro,Restaurante boutique,Peru,Lima,Miraflores/San Isidro/Surco/La Molina/Barranco,+511 4185428,5114185428,valid_format_only,No website found,,https://www.openstreetmap.org/node/4929408021
El parque,Restaurante boutique,Peru,Lima,Miraflores/San Isidro/Surco/La Molina/Barranco,+51 1 4701016,5114701016,valid_format_only,No website found,,https://www.openstreetmap.org/node/4973644772
Kametsa Spa,Clínica estética,Peru,Lima,Miraflores/San Isidro/Surco/La Molina/Barranco,+51 1 3457780,5113457780,valid_format_only,No website found,,https://www.openstreetmap.org/node/4981536921
Tragaluz,Restaurante boutique,Peru,Lima,Miraflores/San Isidro/Surco/La Molina/Barranco,+511 6104018,5116104018,valid_format_only,Modern/official website found,https://www.belmond.com/es/miraflores-park-lima/restaurants_lima,https://www.openstreetmap.org/node/4990723113
Sangucheria El Chinito,Restaurante boutique,Peru,Lima,Miraflores/San Isidro/Surco/La Molina/Barranco,+51 (01) 340 9427,51013409427,valid_format_only,Modern/official website found,https://elchinito.com.pe,https://www.openstreetmap.org/node/4995543123
San Ceferino,Restaurante boutique,Peru,Lima,Miraflores/San Isidro/Surco/La Molina/Barranco,+511 4228242,5114228242,valid_format_only,Modern/official website found,https://restaurantsanceferino.com,https://www.openstreetmap.org/node/4997758921
Osteria Gianfranco,Restaurante boutique,Peru,Lima,Miraflores/San Isidro/Surco/La Molina/Barranco,+51 1 4469518,5114469518,valid_format_only,Modern/official website found,http://www.gianfrancocaffe.com,https://www.openstreetmap.org/node/5004995721
Tierra Santa,Restaurante boutique,Peru,Lima,Miraflores/San Isidro/Surco/La Molina/Barranco,+511 2430970,5112430970,valid_format_only,No website found,,https://www.openstreetmap.org/node/5005805759
Odontoled,Dental,Peru,Lima,Miraflores/San Isidro/Surco/La Molina/Barranco,+51 1 5601616,5115601616,valid_format_only,No website found,,https://www.openstreetmap.org/node/5010407404
Paseo Colón,Restaurante boutique,Peru,Lima,Miraflores/San Isidro/Surco/La Molina/Barranco,+51 1 4225555,5114225555,valid_format_only,Modern/official website found,https://paseocolon.com/,https://www.openstreetmap.org/node/5015691321
Mirada Glamour,Clínica estética,Peru,Lima,Miraflores/San Isidro/Surco/La Molina/Barranco,+51 1 4631678,5114631678,valid_format_only,Modern/official website found,https://www.miradaglamour.com/,https://www.openstreetmap.org/node/5071636622
Lima Estudio Arquitectos,Arquitectura/interiorismo,Peru,Lima,Miraflores/San Isidro/Surco/La Molina/Barranco,+51 1 724 1120,5117241120,valid_format_only,No website found,,https://www.openstreetmap.org/node/5076423087
Lourdes Flores Nano,Abogado migratorio,Peru,Lima,Miraflores/San Isidro/Surco/La Molina/Barranco,+51 1 2255885,5112255885,valid_format_only,Modern/official website found,https://lfnabogados.com.pe/,https://www.openstreetmap.org/node/5076423088
Giorgio Dalla Pieta,Arquitectura/interiorismo,Peru,Lima,Miraflores/San Isidro/Surco/La Molina/Barranco,+51 1 2221590,5112221590,valid_format_only,No website found,,https://www.openstreetmap.org/node/5076423509
Clínica hogar de Maria,Clínica estética,Peru,Lima,Miraflores/San Isidro/Surco/La Molina/Barranco,+51 1 4633132,5114633132,valid_format_only,No website found,,https://www.openstreetmap.org/node/5076423515
Veterinaria Benavides,Veterinaria,Peru,Lima,Miraflores/San Isidro/Surco/La Molina/Barranco,+51 1 2754981,5112754981,valid_format_only,Modern/official website found,http://veterinariabenavides.got.to/,https://www.openstreetmap.org/node/5076423938
La Baratura,Clínica estética,Peru,Lima,Miraflores/San Isidro/Surco/La Molina/Barranco,+51 1 2612585,5112612585,valid_format_only,No website found,,https://www.openstreetmap.org/node/5084261164
Costanera 700,Restaurante boutique,Peru,Lima,Miraflores/San Isidro/Surco/La Molina/Barranco,+511 4217508,5114217508,valid_format_only,Modern/official website found,https://costanera700.pe/,https://www.openstreetmap.org/node/5099439821
El Chanchito,Restaurante boutique,Peru,Lima,Miraflores/San Isidro/Surco/La Molina/Barranco,+51 1 2265358,5112265358,valid_format_only,Modern/official website found,http://www.chicharroneria-elchanchito.com,https://www.openstreetmap.org/node/5108348021
Estrella fu lai,Restaurante boutique,Peru,Lima,Miraflores/San Isidro/Surco/La Molina/Barranco,+51 1 4262980,5114262980,valid_format_only,No website found,,https://www.openstreetmap.org/node/5140690321
Destellos Ópticos,Óptica/Oftalmología premium,Peru,Lima,Miraflores/San Isidro/Surco/La Molina/Barranco,+5112421626,5112421626,valid_format_only,No website found,,https://www.openstreetmap.org/node/5148690722
Donde Jaimito,Restaurante boutique,Peru,Lima,Miraflores/San Isidro/Surco/La Molina/Barranco,+51 1 2852381,5112852381,valid_format_only,No website found,,https://www.openstreetmap.org/node/5168318421
Policlínico Esperanza,Clínica estética,Peru,Lima,Miraflores/San Isidro/Surco/La Molina/Barranco,+51 1 2911945,5112911945,valid_format_only,No website found,,https://www.openstreetmap.org/node/5176549021
health pet,Veterinaria,Peru,Lima,Miraflores/San Isidro/Surco/La Molina/Barranco,+51 1 5588254,5115588254,valid_format_only,No website found,,https://www.openstreetmap.org/node/5186361122
La choza nática,Restaurante boutique,Peru,Lima,Miraflores/San Isidro/Surco/La Molina/Barranco,+51 910346085,51910346085,valid_format_only,No website found,,https://www.openstreetmap.org/node/5223706765
DSdental,Dental,Peru,Lima,Miraflores/San Isidro/Surco/La Molina/Barranco,+51 941484023,51941484023,valid_format_only,No website found,,https://www.openstreetmap.org/node/5243346622
Puquina Qocha,Restaurante boutique,Peru,Lima,Miraflores/San Isidro/Surco/La Molina/Barranco,+511 7156960,5117156960,valid_format_only,Modern/official website found,http://brisasdeltiticaca.com/puquina-qocha/,https://www.openstreetmap.org/node/5258634721
restaurant cevichería Santiago,Restaurante boutique,Peru,Lima,Miraflores/San Isidro/Surco/La Molina/Barranco,+51 948050012,51948050012,valid_format_only,No website found,,https://www.openstreetmap.org/node/5266970022
China Town,Restaurante boutique,Peru,Lima,Miraflores/San Isidro/Surco/La Molina/Barranco,+51 1 5879521,5115879521,valid_format_only,No website found,,https://www.openstreetmap.org/node/5335117716
El Bodegón,Restaurante boutique,Peru,Lima,Miraflores/San Isidro/Surco/La Molina/Barranco,+51 1 4456222,5114456222,valid_format_only,Modern/official website found,https://www.elbodegon.com.pe,https://www.openstreetmap.org/node/5335214022
Veterinaria CielitoVet,Veterinaria,Peru,Lima,Miraflores/San Isidro/Surco/La Molina/Barranco,+51 944798603,51944798603,valid_format_only,No website found,,https://www.openstreetmap.org/node/5380014121
Viet,Restaurante boutique,Peru,Lima,Miraflores/San Isidro/Surco/La Molina/Barranco,+5112251884,5112251884,valid_format_only,Modern/official website found,https://viet.pe/,https://www.openstreetmap.org/node/5396324321
Bazar,Restaurante boutique,Peru,Lima,Miraflores/San Isidro/Surco/La Molina/Barranco,+511 4478833,5114478833,valid_format_only,Modern/official website found,http://bazarlima.com/,https://www.openstreetmap.org/node/5402792721
Euroidiomas,Academia privada,Peru,Lima,Miraflores/San Isidro/Surco/La Molina/Barranco,+51 1 2155593,5112155593,valid_format_only,No website found,,https://www.openstreetmap.org/node/5476898855
Detecta,Clínica estética,Peru,Lima,Miraflores/San Isidro/Surco/La Molina/Barranco,+51 1 217 5100,5112175100,valid_format_only,Modern/official website found,http://www.detecta.pe/,https://www.openstreetmap.org/node/5481482098
SISOL Salud Centro Quirúrgico,Clínica estética,Peru,Lima,Miraflores/San Isidro/Surco/La Molina/Barranco,+511 495 6004,5114956004,valid_format_only,Modern/official website found,https://www.sisol.gob.pe/,https://www.openstreetmap.org/node/5485493582
Clínica María Huarhua,Clínica estética,Peru,Lima,Miraflores/San Isidro/Surco/La Molina/Barranco,+511 01 2831689,,invalid_phone,Modern/official website found,https://www.clinicamariahuarhua.com/,https://www.openstreetmap.org/node/5569642261
Mácula D&T,Clínica estética,Peru,Lima,Miraflores/San Isidro/Surco/La Molina/Barranco,+51 01 2050908,51012050908,valid_format_only,Modern/official website found,http://www.maculadt.com/,https://www.openstreetmap.org/node/5577497869
Aida Sushi Bar,Restaurante boutique,Peru,Lima,Miraflores/San Isidro/Surco/La Molina/Barranco,+511 5937360,5115937360,valid_format_only,No website found,,https://www.openstreetmap.org/node/5579429321
Clínica Odontomédica Galla,Clínica estética,Peru,Lima,Miraflores/San Isidro/Surco/La Molina/Barranco,+511 475 0113,5114750113,valid_format_only,Modern/official website found,http://www.odontomedicagalla.com/,https://www.openstreetmap.org/node/5605942363
Andromed,Clínica estética,Peru,Lima,Miraflores/San Isidro/Surco/La Molina/Barranco,+511 6373034;637-3232;224-4105,5116373034,valid_format_only,Modern/official website found,https://andromed.com.pe/,https://www.openstreetmap.org/node/5612802334
Inmuno Vax,Clínica estética,Peru,Lima,Miraflores/San Isidro/Surco/La Molina/Barranco,+511 225-9347,5112259347,valid_format_only,Modern/official website found,http://www.inmunovax.com.pe/,https://www.openstreetmap.org/node/5612802339
IBN Sina,Clínica estética,Peru,Lima,Miraflores/San Isidro/Surco/La Molina/Barranco,+511 223-2742,5112232742,valid_format_only,No website found,,https://www.openstreetmap.org/node/5612802358
La Norteñita Restaurant Turístico,Restaurante boutique,Peru,Lima,Miraflores/San Isidro/Surco/La Molina/Barranco,+51 1 4818487,5114818487,valid_format_only,Modern/official website found,https://lanortenitarestaurantturistico.business.site/,https://www.openstreetmap.org/node/5726780132
Canta Ranita,Restaurante boutique,Peru,Lima,Miraflores/San Isidro/Surco/La Molina/Barranco,+51 970213200,51970213200,valid_format_only,No website found,,https://www.openstreetmap.org/node/5821590753
La Bodega de la Trattoria,Restaurante boutique,Peru,Lima,Miraflores/San Isidro/Surco/La Molina/Barranco,+51 1 4371156,5114371156,valid_format_only,Modern/official website found,https://labodegadelatrattoria.com/,https://www.openstreetmap.org/node/5837072005
Eyes Illusion,Óptica/Oftalmología premium,Peru,Lima,Miraflores/San Isidro/Surco/La Molina/Barranco,+51 1 7156490,5117156490,valid_format_only,Modern/official website found,https://eyesillusion.com/,https://www.openstreetmap.org/node/5837072017
Dánica,Restaurante boutique,Peru,Lima,Miraflores/San Isidro/Surco/La Molina/Barranco,+51 1 4186920,5114186920,valid_format_only,Modern/official website found,https://www.danica.pe/,https://www.openstreetmap.org/node/5837109188
Clínica veterinaria PetCenter,Veterinaria,Peru,Lima,Miraflores/San Isidro/Surco/La Molina/Barranco,+51 1 7177777,5117177777,valid_format_only,Modern/official website found,https://www.petcenter.com.pe/,https://www.openstreetmap.org/node/5876946117
La Gloria,Restaurante boutique,Peru,Lima,Miraflores/San Isidro/Surco/La Molina/Barranco,+511 4466504,5114466504,valid_format_only,Modern/official website found,https://lagloriarestaurant.com/,https://www.openstreetmap.org/node/5892067685
El Pez On,Restaurante boutique,Peru,Lima,Miraflores/San Isidro/Surco/La Molina/Barranco,+51 1 7130866,5117130866,valid_format_only,Modern/official website found,https://elpez-on.com/,https://www.openstreetmap.org/node/5931759685
Osaka Pardo and Aliaga,Restaurante boutique,Peru,Lima,Miraflores/San Isidro/Surco/La Molina/Barranco,+51 1 2220405,5112220405,valid_format_only,Modern/official website found,https://www.osaka.com.pe/,https://www.openstreetmap.org/node/5952574543
ámaZ,Restaurante boutique,Peru,Lima,Miraflores/San Isidro/Surco/La Molina/Barranco,+51 1 501 3122,5115013122,valid_format_only,Modern/official website found,http://amaz.com.pe/,https://www.openstreetmap.org/node/5967438124
1087 Restaurante,Restaurante boutique,Peru,Lima,Miraflores/San Isidro/Surco/La Molina/Barranco,+51 977 741 746,51977741746,valid_format_only,No website found,,https://www.openstreetmap.org/node/5967542306
Osso El Restaurante,Restaurante boutique,Peru,Lima,Miraflores/San Isidro/Surco/La Molina/Barranco,+51 1 4697438,5114697438,valid_format_only,Modern/official website found,https://www.osso.pe/menu/,https://www.openstreetmap.org/node/5967750564
Estudio Leguía Normand,Abogado migratorio,Peru,Lima,Miraflores/San Isidro/Surco/La Molina/Barranco,+511 208300,51511208300,valid_format_only,Modern/official website found,https://www.rubio.pe/,https://www.openstreetmap.org/node/5980207955
Don Rosalino,Restaurante boutique,Peru,Lima,Miraflores/San Isidro/Surco/La Molina/Barranco,+511 4476805,5114476805,valid_format_only,Modern/official website found,https://donrosalino.com/,https://www.openstreetmap.org/node/5980220893
La Calesa,Restaurante boutique,Peru,Lima,Miraflores/San Isidro/Surco/La Molina/Barranco,+511 4405568,5114405568,valid_format_only,No website found,,https://www.openstreetmap.org/node/5980554688
Spa Mónica Cabrera,Clínica estética,Peru,Lima,Miraflores/San Isidro/Surco/La Molina/Barranco,+511 2729247,5112729247,valid_format_only,Modern/official website found,https://spamonicacabrera.com/,https://www.openstreetmap.org/node/5982096136
Makoto Sushi Bar Miraflores,Restaurante boutique,Peru,Lima,Miraflores/San Isidro/Surco/La Molina/Barranco,+511 4463625,5114463625,valid_format_only,Modern/official website found,https://makotosushibar.com/,https://www.openstreetmap.org/node/5992164842
Catalina 555,Restaurante boutique,Peru,Lima,Miraflores/San Isidro/Surco/La Molina/Barranco,+511 6378292,5116378292,valid_format_only,No website found,,https://www.openstreetmap.org/node/5996414685
Chifa Bravos,Restaurante boutique,Peru,Lima,Miraflores/San Isidro/Surco/La Molina/Barranco,+51 950571789,51950571789,valid_format_only,No website found,,https://www.openstreetmap.org/node/6018423586
Recavarren,Restaurante boutique,Peru,Lima,Miraflores/San Isidro/Surco/La Molina/Barranco,+511 2436595,5112436595,valid_format_only,No website found,,https://www.openstreetmap.org/node/6045054053
Nanka,Restaurante boutique,Peru,Lima,Miraflores/San Isidro/Surco/La Molina/Barranco,+511 4678417,5114678417,valid_format_only,Modern/official website found,https://www.nanka.pe/,https://www.openstreetmap.org/node/6049705755
Edo Sushi Bar,Restaurante boutique,Peru,Lima,Miraflores/San Isidro/Surco/La Molina/Barranco,+511 2250881,5112250881,valid_format_only,Modern/official website found,https://edosushibar.com/,https://www.openstreetmap.org/node/6049737543
Terra Cuina,Restaurante boutique,Peru,Lima,Miraflores/San Isidro/Surco/La Molina/Barranco,+511 2995745,5112995745,valid_format_only,No website found,,https://www.openstreetmap.org/node/6049767591
La Terraza del Pardo,Restaurante boutique,Peru,Lima,Miraflores/San Isidro/Surco/La Molina/Barranco,+511 6171000,5116171000,valid_format_only,No website found,,https://www.openstreetmap.org/node/6049797584
Barra Maretazo,Restaurante boutique,Peru,Lima,Miraflores/San Isidro/Surco/La Molina/Barranco,+511 2378385,5112378385,valid_format_only,Modern/official website found,https://www.barramaretazo.com,https://www.openstreetmap.org/node/6049824084
Maras Restaurantes,Restaurante boutique,Peru,Lima,Miraflores/San Isidro/Surco/La Molina/Barranco,+51 1 2015023,5112015023,valid_format_only,Modern/official website found,https://marasrestaurante.com.pe/,https://www.openstreetmap.org/node/6049895224
La Fondue by Swissôtel,Restaurante boutique,Peru,Lima,Miraflores/San Isidro/Surco/La Molina/Barranco,+511 4214400,5114214400,valid_format_only,Modern/official website found,https://www.swissotel.com/hotels/lima/dining/la-fondue/,https://www.openstreetmap.org/node/6049899182
Aji 555,Restaurante boutique,Peru,Lima,Miraflores/San Isidro/Surco/La Molina/Barranco,+511 6771571,5116771571,valid_format_only,Modern/official website found,http://aji555.com/,https://www.openstreetmap.org/node/6049908006
Chabuca Restaurant & Bar,Restaurante boutique,Peru,Lima,Miraflores/San Isidro/Surco/La Molina/Barranco,+51 1 2081200,5112081200,valid_format_only,Modern/official website found,https://www.atton.com/hoteles/atton-san-isidro/,https://www.openstreetmap.org/node/6050054942
Wallqa Restaurant,Restaurante boutique,Peru,Lima,Miraflores/San Isidro/Surco/La Molina/Barranco,+511 2428222,5112428222,valid_format_only,Modern/official website found,http://wallqa.com.pe,https://www.openstreetmap.org/node/6050082570
Quimera,Restaurante boutique,Peru,Lima,Miraflores/San Isidro/Surco/La Molina/Barranco,+511 3195333,5113195333,valid_format_only,Modern/official website found,https://www.quimera.com.pe/,https://www.openstreetmap.org/node/6050106432
La Locanda by Swissôtel,Restaurante boutique,Peru,Lima,Miraflores/San Isidro/Surco/La Molina/Barranco,+511 4214400,5114214400,valid_format_only,Modern/official website found,https://www.swissotel.com/hotels/lima/dining/la-locanda/,https://www.openstreetmap.org/node/6050139958
Market 770,Restaurante boutique,Peru,Lima,Miraflores/San Isidro/Surco/La Molina/Barranco,+51 2015000,51512015000,valid_format_only,Modern/official website found,https://www.marriott.com/hotels/hotel-information/restaurant/details/limwi-the-westin-lima-hotel-and-convention-center/5974628/,https://www.openstreetmap.org/node/6050160640
JW Sushi Ceviche Lounge,Restaurante boutique,Peru,Lima,Miraflores/San Isidro/Surco/La Molina/Barranco,+51 1 2177000,5112177000,valid_format_only,Modern/official website found,https://www.espanol.marriott.com/hotels/hotel-information/restaurant/limdt-jw-marriott-hotel-lima/,https://www.openstreetmap.org/node/6051672147
La Eñe,Restaurante boutique,Peru,Lima,Miraflores/San Isidro/Surco/La Molina/Barranco,+511 4474807,5114474807,valid_format_only,Modern/official website found,http://www.restaurante-laene.com/,https://www.openstreetmap.org/node/6051739010
The Observatory,Restaurante boutique,Peru,Lima,Miraflores/San Isidro/Surco/La Molina/Barranco,+511 610 4018,5116104018,valid_format_only,Modern/official website found,https://www.belmond.com/es/miraflores-park-lima/restaurants_lima,https://www.openstreetmap.org/node/6051852144
Al Asador,Restaurante boutique,Peru,Lima,Miraflores/San Isidro/Surco/La Molina/Barranco,+511 3722590,5113722590,valid_format_only,Modern/official website found,https://www.alasador.com/,https://www.openstreetmap.org/node/6051890809
Statera,Restaurante boutique,Peru,Lima,Miraflores/San Isidro/Surco/La Molina/Barranco,+511 3060628,5113060628,valid_format_only,Modern/official website found,https://staterarestaurante.pe/,https://www.openstreetmap.org/node/6051902999
Isidro Bistró Limeño,Restaurante boutique,Peru,Lima,Miraflores/San Isidro/Surco/La Molina/Barranco,+511 6111234,5116111234,valid_format_only,Modern/official website found,https://www.hyatt.com/en-US/hotel/peru/hyatt-centric-san-isidro-lima/limct/dining,https://www.openstreetmap.org/node/6053329810
Ramada Encore Restaurante & Bar,Restaurante boutique,Peru,Lima,Miraflores/San Isidro/Surco/La Molina/Barranco,+511 2014200,5112014200,valid_format_only,Modern/official website found,https://ramadaencoresanisidro.pe/,https://www.openstreetmap.org/node/6053341920
Siam Thai Cuisine,Restaurante boutique,Peru,Lima,Miraflores/San Isidro/Surco/La Molina/Barranco,+511 3720680,5113720680,valid_format_only,Modern/official website found,https://www.siamthaicuisine.com.pe/,https://www.openstreetmap.org/node/6053512901
El Bosque,Restaurante boutique,Peru,Lima,Miraflores/San Isidro/Surco/La Molina/Barranco,+511 6161818.,5116161818,valid_format_only,Modern/official website found,http://www.plazadelbosque.com/dining-es.html,https://www.openstreetmap.org/node/6056095555
Barra Lima Restaurante,Restaurante boutique,Peru,Lima,Miraflores/San Isidro/Surco/La Molina/Barranco,+51 963160474,51963160474,valid_format_only,No website found,,https://www.openstreetmap.org/node/6056114337
21.02 Resto & Lounge,Restaurante boutique,Peru,Lima,Miraflores/San Isidro/Surco/La Molina/Barranco,+511 6344002,5116344002,valid_format_only,Modern/official website found,https://www.dazzlerlima.com/es/servicios/restaurant/,https://www.openstreetmap.org/node/6056169175
Amore,Restaurante boutique,Peru,Lima,Miraflores/San Isidro/Surco/La Molina/Barranco,+51 914175895,51914175895,valid_format_only,No website found,,https://www.openstreetmap.org/node/6094347270
Restaurante Miso,Restaurante boutique,Peru,Lima,Miraflores/San Isidro/Surco/La Molina/Barranco,+51 1 6251200,5116251200,valid_format_only,Modern/official website found,https://www.decameron.com/es/otr-destinos/peru/miraflores/radisson-decapolis-miraflores,https://www.openstreetmap.org/node/6129494956
La Picada Cevichería Valle Hermoso,Restaurante boutique,Peru,Lima,Miraflores/San Isidro/Surco/La Molina/Barranco,+51 1 3404577,5113404577,valid_format_only,No website found,,https://www.openstreetmap.org/node/6239134088
Acuatika Valle Hermoso,Restaurante boutique,Peru,Lima,Miraflores/San Isidro/Surco/La Molina/Barranco,+51 1 7623910,5117623910,valid_format_only,No website found,,https://www.openstreetmap.org/node/6239134385
Della Nonna Pastas Valle Hermoso,Restaurante boutique,Peru,Lima,Miraflores/San Isidro/Surco/La Molina/Barranco,+51 1 2927603,5112927603,valid_format_only,Modern/official website found,https://www.dellanonna.com.pe/,https://www.openstreetmap.org/node/6239134387
Restaurant Peña Turística Surquillana,Restaurante boutique,Peru,Lima,Miraflores/San Isidro/Surco/La Molina/Barranco,+51 1 583 1196,5115831196,valid_format_only,No website found,,https://www.openstreetmap.org/node/6341175386
Chifa Dao,Restaurante boutique,Peru,Lima,Miraflores/San Isidro/Surco/La Molina/Barranco,+51 1 7630904,5117630904,valid_format_only,No website found,,https://www.openstreetmap.org/node/6348594886
Criollazo,Restaurante boutique,Peru,Lima,Miraflores/San Isidro/Surco/La Molina/Barranco,+51 993752165,51993752165,valid_format_only,No website found,,https://www.openstreetmap.org/node/6427100586
La Barra de Ramiro - Cevicheria,Restaurante boutique,Peru,Lima,Miraflores/San Isidro/Surco/La Molina/Barranco,+51 984327646,51984327646,valid_format_only,No website found,,https://www.openstreetmap.org/node/6459415385
Osteoperu,Clínica estética,Peru,Lima,Miraflores/San Isidro/Surco/La Molina/Barranco,+51 968864110,51968864110,valid_format_only,Modern/official website found,https://osteoperu.com/,https://www.openstreetmap.org/node/6476468286
Punto Italiano,Restaurante boutique,Peru,Lima,Miraflores/San Isidro/Surco/La Molina/Barranco,+51 1 3492278,5113492278,valid_format_only,No website found,,https://www.openstreetmap.org/node/6517008296
Clínica Santa María,Clínica estética,Peru,Lima,Miraflores/San Isidro/Surco/La Molina/Barranco,+511 4216860,5114216860,valid_format_only,Modern/official website found,https://clinicasantamaria.pe/,https://www.openstreetmap.org/node/6571278172
Instituto de Oncología & Radioterapia,Clínica estética,Peru,Lima,Miraflores/San Isidro/Surco/La Molina/Barranco,+511 2241598,5112241598,valid_format_only,Modern/official website found,https://www.oncologiaricardopalma.com/,https://www.openstreetmap.org/node/6577890321
Snarios La Academia,Academia privada,Peru,Lima,Miraflores/San Isidro/Surco/La Molina/Barranco,+51 1 2781134,5112781134,valid_format_only,No website found,,https://www.openstreetmap.org/node/6606177526
Pollos Bunny's,Restaurante boutique,Peru,Lima,Miraflores/San Isidro/Surco/La Molina/Barranco,+51 1 2745096,5112745096,valid_format_only,No website found,,https://www.openstreetmap.org/node/6606177532
Dentalanders,Dental,Peru,Lima,Miraflores/San Isidro/Surco/La Molina/Barranco,+51 1 4800040,5114800040,valid_format_only,No website found,,https://www.openstreetmap.org/node/6606177579
Centro Optico Expert Lens,Óptica/Oftalmología premium,Peru,Lima,Miraflores/San Isidro/Surco/La Molina/Barranco,+51 1 4574903,5114574903,valid_format_only,No website found,,https://www.openstreetmap.org/node/6606190486
Veterinaria San Roque,Veterinaria,Peru,Lima,Miraflores/San Isidro/Surco/La Molina/Barranco,+51 1 2822054,5112822054,valid_format_only,No website found,,https://www.openstreetmap.org/node/6606190496
El Pez Nuestro de Cada Día,Restaurante boutique,Peru,Lima,Miraflores/San Isidro/Surco/La Molina/Barranco,+51 995 638 935,51995638935,valid_format_only,No website found,,https://www.openstreetmap.org/node/6634674507
Clínica La Luz,Clínica estética,Peru,Lima,Miraflores/San Isidro/Surco/La Molina/Barranco,+511 6139292,5116139292,valid_format_only,Modern/official website found,https://clinicalaluz.pe/,https://www.openstreetmap.org/node/6652462590
Cevicheria Mingos 326,Restaurante boutique,Peru,Lima,Miraflores/San Isidro/Surco/La Molina/Barranco,+51 964367193;+51 1 2218241,51964367193,valid_format_only,No website found,,https://www.openstreetmap.org/node/6653394286
Awicha,Restaurante boutique,Peru,Lima,Miraflores/San Isidro/Surco/La Molina/Barranco,+51 993251446,51993251446,valid_format_only,Modern/official website found,https://www.awicharestaurante.com,https://www.openstreetmap.org/node/6677535785
Clínica Santa Martha del Sur,Clínica estética,Peru,Lima,Miraflores/San Isidro/Surco/La Molina/Barranco,+511 6156767,5116156767,valid_format_only,Modern/official website found,https://www.santamarthadelsur.com.pe/,https://www.openstreetmap.org/node/6696066081
Barra Cevichera Sonrie Pez,Restaurante boutique,Peru,Lima,Miraflores/San Isidro/Surco/La Molina/Barranco,+51 955346551,51955346551,valid_format_only,Modern/official website found,http://www.barracevichera-sonriepez.com,https://www.openstreetmap.org/node/6744673850
Mayta,Restaurante boutique,Peru,Lima,Miraflores/San Isidro/Surco/La Molina/Barranco,+51 1 4226708,5114226708,valid_format_only,Modern/official website found,https://maytalima.com/,https://www.openstreetmap.org/node/6797001589
Bethania,Clínica estética,Peru,Lima,Miraflores/San Isidro/Surco/La Molina/Barranco,+511 3851197,5113851197,valid_format_only,No website found,,https://www.openstreetmap.org/node/6867741574
El Sillar,Restaurante boutique,Peru,Lima,Miraflores/San Isidro/Surco/La Molina/Barranco,+51 1 4462727,5114462727,valid_format_only,No website found,,https://www.openstreetmap.org/node/6873375185
Dios Town,Restaurante boutique,Peru,Lima,Miraflores/San Isidro/Surco/La Molina/Barranco,+51 1 4271637,5114271637,valid_format_only,No website found,,https://www.openstreetmap.org/node/7002871187
Restaurant Snack Bar - Mr. Koala,Restaurante boutique,Peru,Lima,Miraflores/San Isidro/Surco/La Molina/Barranco,+51 1 4288878,5114288878,valid_format_only,No website found,,https://www.openstreetmap.org/node/7004766686
Kasamama Buffet Criollo,Restaurante boutique,Peru,Lima,Miraflores/San Isidro/Surco/La Molina/Barranco,+51 1 3915060,5113915060,valid_format_only,Modern/official website found,https://www.kasamama.com/,https://www.openstreetmap.org/node/7060357086
Clinica San Juan de Dios de Piura,Clínica estética,Peru,Lima,Miraflores/San Isidro/Surco/La Molina/Barranco,+51 73 310874,5173310874,valid_format_only,No website found,,https://www.openstreetmap.org/node/7064559509
Raw Cafe,Restaurante boutique,Peru,Lima,Miraflores/San Isidro/Surco/La Molina/Barranco,+511 3447987,5113447987,valid_format_only,Modern/official website found,https://www.rawcafe.com.pe/,https://www.openstreetmap.org/node/7064590485
Posta de Saud Valle Sharon,Clínica estética,Peru,Lima,Miraflores/San Isidro/Surco/La Molina/Barranco,+511 4508368,5114508368,valid_format_only,No website found,,https://www.openstreetmap.org/node/7072950120
P.S. Las Flores,Clínica estética,Peru,Lima,Miraflores/San Isidro/Surco/La Molina/Barranco,+511 4366962,5114366962,valid_format_only,No website found,,https://www.openstreetmap.org/node/7080261750
Centro de Salud Santiago de Surco,Clínica estética,Peru,Lima,Miraflores/San Isidro/Surco/La Molina/Barranco,+511 2477793; +511 2479043,5112477793,valid_format_only,No website found,,https://www.openstreetmap.org/node/7080291989
Policlinico El Palmar S.A.,Clínica estética,Peru,Lima,Miraflores/San Isidro/Surco/La Molina/Barranco,+511 4770422,5114770422,valid_format_only,No website found,,https://www.openstreetmap.org/node/7080291991
Policlinico Pnp Walter Rosales,Clínica estética,Peru,Lima,Miraflores/San Isidro/Surco/La Molina/Barranco,+511 2226318,5112226318,valid_format_only,No website found,,https://www.openstreetmap.org/node/7082518484
Puesto de Salud Juan Carlos Soberón,Clínica estética,Peru,Lima,Miraflores/San Isidro/Surco/La Molina/Barranco,+51 963534805,51963534805,valid_format_only,No website found,,https://www.openstreetmap.org/node/7112840621
Medi Clinic,Clínica estética,Peru,Lima,Miraflores/San Isidro/Surco/La Molina/Barranco,+51979671663,51979671663,valid_format_only,No website found,,https://www.openstreetmap.org/node/7129698885
Kinjo Ramen,Restaurante boutique,Peru,Lima,Miraflores/San Isidro/Surco/La Molina/Barranco,+51981554345,51981554345,valid_format_only,Modern/official website found,https://kinjoramen.com/,https://www.openstreetmap.org/node/7201178185
S'Concha Barriada Cevichera,Restaurante boutique,Peru,Lima,Miraflores/San Isidro/Surco/La Molina/Barranco,+51 1 5954858,5115954858,valid_format_only,No website found,,https://www.openstreetmap.org/node/7507277046
Centro de Emergencias San Pedro de los Chorrillos,Clínica estética,Peru,Lima,Miraflores/San Isidro/Surco/La Molina/Barranco,+51 1 4670684,5114670684,valid_format_only,No website found,,https://www.openstreetmap.org/node/7541812701
Cala,Restaurante boutique,Peru,Lima,Miraflores/San Isidro/Surco/La Molina/Barranco,+511 4772020,5114772020,valid_format_only,Modern/official website found,https://calarestaurante.com/,https://www.openstreetmap.org/node/7546559119
Tanta,Restaurante boutique,Peru,Lima,Miraflores/San Isidro/Surco/La Molina/Barranco,+51 1 4445231,5114445231,valid_format_only,Modern/official website found,https://tantaperu.com/,https://www.openstreetmap.org/node/7550189071
Implantodonto,Dental,Peru,Lima,Miraflores/San Isidro/Surco/La Molina/Barranco,+51 1 2411071,5112411071,valid_format_only,Modern/official website found,https://www.implantodonto.com.pe/,https://www.openstreetmap.org/node/7550245998
Holomedic Servicios Integrales S.A.C,Clínica estética,Peru,Lima,Miraflores/San Isidro/Surco/La Molina/Barranco,+51 1 4800217,5114800217,valid_format_only,Modern/official website found,https://www.holomedic.com.pe/,https://www.openstreetmap.org/node/7552520836
Jocathex,Arquitectura/interiorismo,Peru,Lima,Miraflores/San Isidro/Surco/La Molina/Barranco,+51 1 4769809,5114769809,valid_format_only,Modern/official website found,https://jocathex.com/,https://www.openstreetmap.org/node/7557798924
Rosa Negra Salón & Spa,Clínica estética,Peru,Lima,Miraflores/San Isidro/Surco/La Molina/Barranco,+51 1 2643942,5112643942,valid_format_only,Modern/official website found,http://www.salonsparosanegra.com/,https://www.openstreetmap.org/node/7563882292
Spizza,Restaurante boutique,Peru,Lima,Miraflores/San Isidro/Surco/La Molina/Barranco,+5116832842,5116832842,valid_format_only,No website found,,https://www.openstreetmap.org/node/7668121041
Surito Maketto,Restaurante boutique,Peru,Lima,Miraflores/San Isidro/Surco/La Molina/Barranco,+51 914720767,51914720767,valid_format_only,No website found,,https://www.openstreetmap.org/node/7668125949
Restaurante Chifa Vietnam,Restaurante boutique,Peru,Lima,Miraflores/San Isidro/Surco/La Molina/Barranco,+51 7651813;+51 999 996 199,51517651813,valid_format_only,Modern/official website found,https://restchifavietnam.wixsite.com/barranco,https://www.openstreetmap.org/node/7681338077
Pizza Party,Restaurante boutique,Peru,Lima,Miraflores/San Isidro/Surco/La Molina/Barranco,+51 973 942 055,51973942055,valid_format_only,No website found,,https://www.openstreetmap.org/node/7729107031
Limamarc,Abogado migratorio,Peru,Lima,Miraflores/San Isidro/Surco/La Molina/Barranco,+51 1 3475606,5113475606,valid_format_only,Modern/official website found,https://limamarc.com.pe/,https://www.openstreetmap.org/node/7799160044
El Chotano,Restaurante boutique,Peru,Lima,Miraflores/San Isidro/Surco/La Molina/Barranco,+51 947101712,51947101712,valid_format_only,No website found,,https://www.openstreetmap.org/node/7873594127
Policlinico Sagrada Familia,Clínica estética,Peru,Lima,Miraflores/San Isidro/Surco/La Molina/Barranco,+511 4661310;+51 922 175 545,5114661310,valid_format_only,Modern/official website found,http://www.solidaridadenmarcha.org/,https://www.openstreetmap.org/node/7947754879
Citoved,Veterinaria,Peru,Lima,Miraflores/San Isidro/Surco/La Molina/Barranco,+511 577 7803;+51 995510962,5115777803,valid_format_only,No website found,,https://www.openstreetmap.org/node/7993524807
Hospivet Sur,Veterinaria,Peru,Lima,Miraflores/San Isidro/Surco/La Molina/Barranco,+511 4504450;+51 990957645,5114504450,valid_format_only,Modern/official website found,https://hospivetsur.com/,https://www.openstreetmap.org/node/8013656965
Estudio Raul Canelo,Abogado migratorio,Peru,Lima,Miraflores/San Isidro/Surco/La Molina/Barranco,+51 223 0550; +51 223 0555,51512230550,valid_format_only,Modern/official website found,http://estudioraulcanelo.pe/,https://www.openstreetmap.org/node/8347297391
500 Grados,Restaurante boutique,Peru,Lima,Miraflores/San Isidro/Surco/La Molina/Barranco,+51 954 604 536,51954604536,valid_format_only,Modern/official website found,https://500grados.com,https://www.openstreetmap.org/node/8359166417
Chifa Palacio Cristal,Restaurante boutique,Peru,Lima,Miraflores/San Isidro/Surco/La Molina/Barranco,+51 1 393 7117,5113937117,valid_format_only,No website found,,https://www.openstreetmap.org/node/8400126840
Restaurant Moche,Restaurante boutique,Peru,Lima,Miraflores/San Isidro/Surco/La Molina/Barranco,+5115713618,5115713618,valid_format_only,No website found,,https://www.openstreetmap.org/node/8407315998
Chifa Yin Dou,Restaurante boutique,Peru,Lima,Miraflores/San Isidro/Surco/La Molina/Barranco,+51 1 3292129,5113292129,valid_format_only,No website found,,https://www.openstreetmap.org/node/8462583667
Vale Vet,Veterinaria,Peru,Lima,Miraflores/San Isidro/Surco/La Molina/Barranco,+51 1 2684596;+51 994 004 345,5112684596,valid_format_only,No website found,,https://www.openstreetmap.org/node/8467787518
Consultorio Dental Suarez Dent,Dental,Peru,Lima,Miraflores/San Isidro/Surco/La Molina/Barranco,+51995271953,51995271953,valid_format_only,No website found,,https://www.openstreetmap.org/node/8498385112
Cevichería Jackili,Restaurante boutique,Peru,Lima,Miraflores/San Isidro/Surco/La Molina/Barranco,+51949041249,51949041249,valid_format_only,No website found,,https://www.openstreetmap.org/node/8498385113
Gala Pets,Veterinaria,Peru,Lima,Miraflores/San Isidro/Surco/La Molina/Barranco,+51 943788544;+51 1 2887133,51943788544,valid_format_only,No website found,,https://www.openstreetmap.org/node/8681055028
Pet Love,Veterinaria,Peru,Lima,Miraflores/San Isidro/Surco/La Molina/Barranco,+51 1 4336160;+51 993888860,5114336160,valid_format_only,No website found,,https://www.openstreetmap.org/node/8699377509
Chifa Guo Sheng,Restaurante boutique,Peru,Lima,Miraflores/San Isidro/Surco/La Molina/Barranco,+51 1 2613553,5112613553,valid_format_only,No website found,,https://www.openstreetmap.org/node/8699516517
E-Nails - Uñas Acrílicas,Clínica estética,Peru,Lima,Miraflores/San Isidro/Surco/La Molina/Barranco,+51 916873208,51916873208,valid_format_only,No website found,,https://www.openstreetmap.org/node/8779456850
Popolo Pizza Miraflores,Restaurante boutique,Peru,Lima,Miraflores/San Isidro/Surco/La Molina/Barranco,+51 1 4800476,5114800476,valid_format_only,Modern/official website found,https://www.popolopizzeria.com/,https://www.openstreetmap.org/node/8968784271
Popolo Pizza San Isidro,Restaurante boutique,Peru,Lima,Miraflores/San Isidro/Surco/La Molina/Barranco,+51 1 4800476,5114800476,valid_format_only,Modern/official website found,https://www.popolopizzeria.com/,https://www.openstreetmap.org/node/8968829467
Popolo Pizza Chacarilla,Restaurante boutique,Peru,Lima,Miraflores/San Isidro/Surco/La Molina/Barranco,+51 1 4800476,5114800476,valid_format_only,Modern/official website found,https://www.popolopizzeria.com/,https://www.openstreetmap.org/node/8968829468
Popolo Pizza La Molina,Restaurante boutique,Peru,Lima,Miraflores/San Isidro/Surco/La Molina/Barranco,+51 1 4800476,5114800476,valid_format_only,Modern/official website found,https://www.popolopizzeria.com/,https://www.openstreetmap.org/node/8968829470
Instituto de Imágenes Médicas,Clínica estética,Peru,Lima,Miraflores/San Isidro/Surco/La Molina/Barranco,+5114232309,5114232309,valid_format_only,Modern/official website found,https://www.institutodeimagenesmedicas.com/,https://www.openstreetmap.org/node/9268171962
Proyectos Ingeniería Perú,Arquitectura/interiorismo,Peru,Lima,Miraflores/San Isidro/Surco/La Molina/Barranco,+51 977307528,51977307528,valid_format_only,Modern/official website found,https://proyectosperu.negocio.site/,https://www.openstreetmap.org/node/9275173704
Clinica Plastica Kalieska Arroyo,Clínica estética,Peru,Lima,Miraflores/San Isidro/Surco/La Molina/Barranco,+51 1 2500707,5112500707,valid_format_only,Modern/official website found,https://clinicaplastica.com.pe/,https://www.openstreetmap.org/node/9311289839
Don Meme Chicken,Restaurante boutique,Peru,Lima,Miraflores/San Isidro/Surco/La Molina/Barranco,+51 970 530 481;+51 1 2203823,51970530481,valid_format_only,Modern/official website found,https://donmemechicken.com/,https://www.openstreetmap.org/node/9375286078
Chifa Tai Ga,Restaurante boutique,Peru,Lima,Miraflores/San Isidro/Surco/La Molina/Barranco,+51 1 4953250,5114953250,valid_format_only,No website found,,https://www.openstreetmap.org/node/9448605862
L' Tagliatelle,Restaurante boutique,Peru,Lima,Miraflores/San Isidro/Surco/La Molina/Barranco,+51 956 055 901,51956055901,valid_format_only,No website found,,https://www.openstreetmap.org/node/9467677993
Cacie,Óptica/Oftalmología premium,Peru,Lima,Miraflores/San Isidro/Surco/La Molina/Barranco,+51 1 5976584;+51 98430264,5115976584,valid_format_only,No website found,,https://www.openstreetmap.org/node/9611665399
Seitan - Urban Bistro,Restaurante boutique,Peru,Lima,Miraflores/San Isidro/Surco/La Molina/Barranco,+51 1 3405077,5113405077,valid_format_only,No website found,,https://www.openstreetmap.org/node/9702210379
Tolichy,Restaurante boutique,Peru,Lima,Miraflores/San Isidro/Surco/La Molina/Barranco,+51967274071,51967274071,valid_format_only,No website found,,https://www.openstreetmap.org/node/9824133062
Villa Natura,Restaurante boutique,Peru,Lima,Miraflores/San Isidro/Surco/La Molina/Barranco,+51 1 4263944,5114263944,valid_format_only,No website found,,https://www.openstreetmap.org/node/10174732144
Centro de Salud Mental Comunitario La Molina,Clínica estética,Peru,Lima,Miraflores/San Isidro/Surco/La Molina/Barranco,+51 1 7659964,5117659964,valid_format_only,No website found,,https://www.openstreetmap.org/node/10281072218
Chifa Delicasa,Restaurante boutique,Peru,Lima,Miraflores/San Isidro/Surco/La Molina/Barranco,+5113588877,5113588877,valid_format_only,No website found,,https://www.openstreetmap.org/node/10573688823
Optica Alpiste Optilens La Molina,Óptica/Oftalmología premium,Peru,Lima,Miraflores/San Isidro/Surco/La Molina/Barranco,+51 949767539,51949767539,valid_format_only,No website found,,https://www.openstreetmap.org/node/10837249920
Medi Esthetic,Clínica estética,Peru,Lima,Miraflores/San Isidro/Surco/La Molina/Barranco,+ 51 14483600;+51 1 4483660,5114483600,valid_format_only,Modern/official website found,https://www.mediesthetic.com.pe/,https://www.openstreetmap.org/node/11023041254
Café Risso,Restaurante boutique,Peru,Lima,Miraflores/San Isidro/Surco/La Molina/Barranco,+51 1 4726442,5114726442,valid_format_only,Modern/official website found,https://www.caferisso.com/,https://www.openstreetmap.org/node/11070224806
La Picada Cebicheria - Magdalena,Restaurante boutique,Peru,Lima,Miraflores/San Isidro/Surco/La Molina/Barranco,+511 6860685,5116860685,valid_format_only,No website found,,https://www.openstreetmap.org/node/11358652570
Estudio Jurídico Bohórquez,Abogado migratorio,Peru,Lima,Miraflores/San Isidro/Surco/La Molina/Barranco,+51984234699,51984234699,valid_format_only,No website found,,https://www.openstreetmap.org/node/11364692614
La Cacerola,Restaurante boutique,Peru,Lima,Miraflores/San Isidro/Surco/La Molina/Barranco,+51 931 175 351,51931175351,valid_format_only,No website found,,https://www.openstreetmap.org/node/11450850056
Panadería Cultivo,Restaurante boutique,Peru,Lima,Miraflores/San Isidro/Surco/La Molina/Barranco,+51 970734753,51970734753,valid_format_only,Only Instagram/Facebook,https://linktr.ee/PanaderiaCultivo,https://www.openstreetmap.org/node/12032169368
Amankaya,Restaurante boutique,Peru,Lima,Miraflores/San Isidro/Surco/La Molina/Barranco,+51 936 354 615,51936354615,valid_format_only,No website found,,https://www.openstreetmap.org/node/12123349301
LA COCHERA DEL CHINO,Restaurante boutique,Peru,Lima,Miraflores/San Isidro/Surco/La Molina/Barranco,944035148,51944035148,valid_format_only,No website found,,https://www.openstreetmap.org/node/12349087678
ADRRA Taberna Criolla Peruana,Restaurante boutique,Peru,Lima,Miraflores/San Isidro/Surco/La Molina/Barranco,+51975023983,51975023983,valid_format_only,Only Instagram/Facebook,https://www.facebook.com/p/Addra-Criollo-61553038713025/,https://www.openstreetmap.org/node/12829302152
Loving Hut,Restaurante boutique,Peru,Lima,Miraflores/San Isidro/Surco/La Molina/Barranco,+51989327996,51989327996,valid_format_only,Modern/official website found,https://lovinghut.com/pe/,https://www.openstreetmap.org/node/12832263301
MIRAMAR,Restaurante boutique,Peru,Lima,Miraflores/San Isidro/Surco/La Molina/Barranco,+51912689011,51912689011,valid_format_only,Only Instagram/Facebook,https://www.facebook.com/MiramarAmigos/menu,https://www.openstreetmap.org/node/12844725125
CHIFA YANG CHENG,Restaurante boutique,Peru,Lima,Miraflores/San Isidro/Surco/La Molina/Barranco,+017190724,51017190724,valid_format_only,No website found,,https://www.openstreetmap.org/node/12844725126
Ethernal Raven,Clínica estética,Peru,Lima,Miraflores/San Isidro/Surco/La Molina/Barranco,+51 958755547,51958755547,valid_format_only,No website found,,https://www.openstreetmap.org/node/12908518687
Taxi Gallegos,Abogado migratorio,Peru,Lima,Miraflores/San Isidro/Surco/La Molina/Barranco,+51 934993218,51934993218,valid_format_only,No website found,,https://www.openstreetmap.org/node/12952723335
Dra. Cristina Soto,Abogado migratorio,Peru,Lima,Miraflores/San Isidro/Surco/La Molina/Barranco,+51 934993218,51934993218,valid_format_only,No website found,,https://www.openstreetmap.org/node/12952723336
Roel Pizza y pastas,Restaurante boutique,Peru,Lima,Miraflores/San Isidro/Surco/La Molina/Barranco,+51 1 945122133,,invalid_phone,No website found,,https://www.openstreetmap.org/node/12968650434
Koi Sushi Bar,Restaurante boutique,Peru,Lima,Miraflores/San Isidro/Surco/La Molina/Barranco,+51 1 914934800,,invalid_phone,No website found,,https://www.openstreetmap.org/node/12990987477
Centro de Análisis de la Conducta (CAC),Psicología premium,Peru,Lima,Miraflores/San Isidro/Surco/La Molina/Barranco,963 727 365,51963727365,valid_format_only,Modern/official website found,https://www.atom.bio/cacespecialistasenconductadual,https://www.openstreetmap.org/node/13016293402
Miku Sushi & Pub,Restaurante boutique,Peru,Lima,Miraflores/San Isidro/Surco/La Molina/Barranco,+51 989 257 812,51989257812,valid_format_only,Modern/official website found,https://www.mikusushipub.com,https://www.openstreetmap.org/node/13141690164
Policlinico Oftalmo Vista,Óptica/Oftalmología premium,Peru,Lima,Miraflores/San Isidro/Surco/La Molina/Barranco,+51 943578986,51943578986,valid_format_only,No website found,,https://www.openstreetmap.org/node/13158543837
Clínica Dental Cano,Dental,Peru,Lima,Miraflores/San Isidro/Surco/La Molina/Barranco,+51981399306 | +51922761637,,invalid_phone,Modern/official website found,https://clinicadentalcano.pe,https://www.openstreetmap.org/node/13248872925
Dental gma,Dental,Peru,Lima,Miraflores/San Isidro/Surco/La Molina/Barranco,902030713,51902030713,valid_format_only,Only Instagram/Facebook,https://www.instagram.com/gma_dental?igsh=Nm8zYzNkMHoxMXd4,https://www.openstreetmap.org/node/13709812301
Optica Vitallents,Óptica/Oftalmología premium,Peru,Lima,Miraflores/San Isidro/Surco/La Molina/Barranco,+51 983267342,51983267342,valid_format_only,No website found,,https://www.openstreetmap.org/node/13807061244
Clínica El Golf,Clínica estética,Peru,Lima,Miraflores/San Isidro/Surco/La Molina/Barranco,+511 6355000,5116355000,valid_format_only,Modern/official website found,https://www.sanna.pe/clinicas/el-golf-lima/informacion-general/,https://www.openstreetmap.org/way/129197997
Clinica Ricardo Palma,Clínica estética,Peru,Lima,Miraflores/San Isidro/Surco/La Molina/Barranco,+51 1 2242224,5112242224,valid_format_only,Modern/official website found,https://www.crp.com.pe/,https://www.openstreetmap.org/way/289515700
Centro de Salud Alicia Lastres de la Torre,Clínica estética,Peru,Lima,Miraflores/San Isidro/Surco/La Molina/Barranco,+51 01 2477779,51012477779,valid_format_only,No website found,,https://www.openstreetmap.org/way/320576261
Centro de Salud Chacra Colorada,Clínica estética,Peru,Lima,Miraflores/San Isidro/Surco/La Molina/Barranco,+51 01 4231180;+51 01 3321256,51014231180,valid_format_only,No website found,,https://www.openstreetmap.org/way/320580690
Norky's,Restaurante boutique,Peru,Lima,Miraflores/San Isidro/Surco/La Molina/Barranco,+511 2423104,5112423104,valid_format_only,Modern/official website found,https://norkys.pe/,https://www.openstreetmap.org/way/361995976
Panchita,Restaurante boutique,Peru,Lima,Miraflores/San Isidro/Surco/La Molina/Barranco,+51 1 2425957,5112425957,valid_format_only,Modern/official website found,https://www.panchita.pe/,https://www.openstreetmap.org/way/361996067
La Mar,Restaurante boutique,Peru,Lima,Miraflores/San Isidro/Surco/La Molina/Barranco,+51 1 4213365,5114213365,valid_format_only,Modern/official website found,https://www.lamarcebicheria.com/es/Lima,https://www.openstreetmap.org/way/368855108
Rosa Náutica,Restaurante boutique,Peru,Lima,Miraflores/San Isidro/Surco/La Molina/Barranco,+51 1 2427235,5112427235,valid_format_only,Modern/official website found,https://larosanautica.com/,https://www.openstreetmap.org/way/384435929
El Parquesito D'ONOFRIO,Restaurante boutique,Peru,Lima,Miraflores/San Isidro/Surco/La Molina/Barranco,+511 4441311,5114441311,valid_format_only,No website found,,https://www.openstreetmap.org/way/384435933
Centro de Salud Leoncio Prado,Clínica estética,Peru,Lima,Miraflores/San Isidro/Surco/La Molina/Barranco,+51 1 4822474,5114822474,valid_format_only,No website found,,https://www.openstreetmap.org/way/393487906
Centro de Salud Piedra Liza,Clínica estética,Peru,Lima,Miraflores/San Isidro/Surco/La Molina/Barranco,+51 1 4819920;+51 1 3820328,5114819920,valid_format_only,No website found,,https://www.openstreetmap.org/way/393491232
Centro de Salud Zárate,Clínica estética,Peru,Lima,Miraflores/San Isidro/Surco/La Molina/Barranco,+51 1 4598400,5114598400,valid_format_only,No website found,,https://www.openstreetmap.org/way/397376012
Clínica Santa Isabel,Clínica estética,Peru,Lima,Miraflores/San Isidro/Surco/La Molina/Barranco,+51 1 417 4100,5114174100,valid_format_only,Modern/official website found,https://www.clinicasantaisabel.com/,https://www.openstreetmap.org/way/399538210
Clínica Javier Prado,Clínica estética,Peru,Lima,Miraflores/San Isidro/Surco/La Molina/Barranco,+511 2114141,5112114141,valid_format_only,Modern/official website found,https://www.clinicajavierprado.com.pe/Inicio.aspx,https://www.openstreetmap.org/way/400891961
Mi Divorcio,Abogado migratorio,Peru,Lima,Miraflores/San Isidro/Surco/La Molina/Barranco,+51 1 637 8570,5116378570,valid_format_only,Modern/official website found,https://www.midivorcio.com.pe/,https://www.openstreetmap.org/way/400896937
Centro Materno Infantil José Carlos Mariátegui,Clínica estética,Peru,Lima,Miraflores/San Isidro/Surco/La Molina/Barranco,+511 2835952,5112835952,valid_format_only,No website found,,https://www.openstreetmap.org/way/403547791
Clínica Delgado,Clínica estética,Peru,Lima,Miraflores/San Isidro/Surco/La Molina/Barranco,+51 1 3777000,5113777000,valid_format_only,Modern/official website found,https://clinicadelgado.pe/,https://www.openstreetmap.org/way/405565200
Clínica Good Hope,Clínica estética,Peru,Lima,Miraflores/San Isidro/Surco/La Molina/Barranco,+51 1 6107300,5116107300,valid_format_only,Modern/official website found,https://www.goodhope.org.pe/,https://www.openstreetmap.org/way/406006942
Centro de Salud San Luis,Clínica estética,Peru,Lima,Miraflores/San Isidro/Surco/La Molina/Barranco,+511 4743865,5114743865,valid_format_only,No website found,,https://www.openstreetmap.org/way/415936150
José Antonio,Restaurante boutique,Peru,Lima,Miraflores/San Isidro/Surco/La Molina/Barranco,+511 3726868,5113726868,valid_format_only,Modern/official website found,https://www.joseantonio.com.pe/,https://www.openstreetmap.org/way/416304156
Munisalud San Borja,Clínica estética,Peru,Lima,Miraflores/San Isidro/Surco/La Molina/Barranco,+51 1 6125555,5116125555,valid_format_only,No website found,,https://www.openstreetmap.org/way/416304605
Hospital de La Humanidad Sur,Clínica estética,Peru,Lima,Miraflores/San Isidro/Surco/La Molina/Barranco,+511 7178060,5117178060,valid_format_only,Modern/official website found,http://www.humanidadsalud.com/,https://www.openstreetmap.org/way/429401693
Notaría Urrutia,Abogado migratorio,Peru,Lima,Miraflores/San Isidro/Surco/La Molina/Barranco,+51 1 2416124,5112416124,valid_format_only,Modern/official website found,http://www.notariaurrutia.com.pe/,https://www.openstreetmap.org/way/434789862
Las Canastas Miraflores,Restaurante boutique,Peru,Lima,Miraflores/San Isidro/Surco/La Molina/Barranco,+51 1 518 3000,5115183000,valid_format_only,Modern/official website found,https://www.lascanastas.com/,https://www.openstreetmap.org/way/435185148
Pescados Capitales,Restaurante boutique,Peru,Lima,Miraflores/San Isidro/Surco/La Molina/Barranco,+511 4218808,5114218808,valid_format_only,Modern/official website found,https://www.pescadoscapitales.com/,https://www.openstreetmap.org/way/435196861
Punto Marino,Restaurante boutique,Peru,Lima,Miraflores/San Isidro/Surco/La Molina/Barranco,+511 2212293,5112212293,valid_format_only,Modern/official website found,https://puntomarino.com/,https://www.openstreetmap.org/way/435197714
Sachún,Restaurante boutique,Peru,Lima,Miraflores/San Isidro/Surco/La Molina/Barranco,+511 4414465,5114414465,valid_format_only,No website found,,https://www.openstreetmap.org/way/435197715
Rason,Restaurante boutique,Peru,Lima,Miraflores/San Isidro/Surco/La Molina/Barranco,+511 4229239,5114229239,valid_format_only,Modern/official website found,https://www.rasson.com.pe/,https://www.openstreetmap.org/way/435319545
El Mercado,Restaurante boutique,Peru,Lima,Miraflores/San Isidro/Surco/La Molina/Barranco,+51 2211322,51512211322,valid_format_only,Modern/official website found,http://www.rafaelosterling.pe/es/el-mercado.html,https://www.openstreetmap.org/way/435319546
La Preferida La Mar,Restaurante boutique,Peru,Lima,Miraflores/San Isidro/Surco/La Molina/Barranco,+51982265249,51982265249,valid_format_only,Modern/official website found,https://www.restaurantelapreferida.com/index.php,https://www.openstreetmap.org/way/435319548
La Bodega de la Trattoria,Restaurante boutique,Peru,Lima,Miraflores/San Isidro/Surco/La Molina/Barranco,+511 2416899,5112416899,valid_format_only,Modern/official website found,https://labodegadelatrattoria.com/,https://www.openstreetmap.org/way/435325973
Sabor Pez,Restaurante boutique,Peru,Lima,Miraflores/San Isidro/Surco/La Molina/Barranco,+511 2630058,5112630058,valid_format_only,No website found,,https://www.openstreetmap.org/way/435341455
Alfresco: Pescados,Restaurante boutique,Peru,Lima,Miraflores/San Isidro/Surco/La Molina/Barranco,+51 979701279,51979701279,valid_format_only,No website found,,https://www.openstreetmap.org/way/435344459
Hanzo,Restaurante boutique,Peru,Lima,Miraflores/San Isidro/Surco/La Molina/Barranco,+511 4226367,5114226367,valid_format_only,Modern/official website found,http://hanzo.com.pe/,https://www.openstreetmap.org/way/435346081
El Pichito,Restaurante boutique,Peru,Lima,Miraflores/San Isidro/Surco/La Molina/Barranco,+51 1 330 4732,5113304732,valid_format_only,Modern/official website found,http://www.elpichito.pe,https://www.openstreetmap.org/way/435362245
Gladys,Restaurante boutique,Peru,Lima,Miraflores/San Isidro/Surco/La Molina/Barranco,+51 1 331 0753,5113310753,valid_format_only,No website found,,https://www.openstreetmap.org/way/435388433
Chifa Express,Restaurante boutique,Peru,Lima,Miraflores/San Isidro/Surco/La Molina/Barranco,+51 1 213 6688,5112136688,valid_format_only,No website found,,https://www.openstreetmap.org/way/435392439
Mr. Sushi,Restaurante boutique,Peru,Lima,Miraflores/San Isidro/Surco/La Molina/Barranco,+51 1 436 8282,5114368282,valid_format_only,No website found,,https://www.openstreetmap.org/way/435392441
Centro Odontológico,Dental,Peru,Lima,Miraflores/San Isidro/Surco/La Molina/Barranco,+51 1 6106400,5116106400,valid_format_only,Modern/official website found,http://centro.odontologico.cientifica.edu.pe/,https://www.openstreetmap.org/way/435673747
Tai-I vegetariano,Restaurante boutique,Peru,Lima,Miraflores/San Isidro/Surco/La Molina/Barranco,+511 4444625,5114444625,valid_format_only,No website found,,https://www.openstreetmap.org/way/435677046
Morelia,Restaurante boutique,Peru,Lima,Miraflores/San Isidro/Surco/La Molina/Barranco,+511 2427730,5112427730,valid_format_only,Modern/official website found,https://morelia.pe/,https://www.openstreetmap.org/way/435682725
Restaurante La Tranquera,Restaurante boutique,Peru,Lima,Miraflores/San Isidro/Surco/La Molina/Barranco,+511 44475111,51144475111,valid_format_only,Modern/official website found,https://www.restaurantelatranquera.com/,https://www.openstreetmap.org/way/435682726
Señor Limón,Restaurante boutique,Peru,Lima,Miraflores/San Isidro/Surco/La Molina/Barranco,+511 2218327,5112218327,valid_format_only,Modern/official website found,https://senorlimon.com/,https://www.openstreetmap.org/way/435684439
La Gorda,Restaurante boutique,Peru,Lima,Miraflores/San Isidro/Surco/La Molina/Barranco,+511 4474941,5114474941,valid_format_only,No website found,,https://www.openstreetmap.org/way/435685818
Punto Marisko,Restaurante boutique,Peru,Lima,Miraflores/San Isidro/Surco/La Molina/Barranco,+511 5213987,5115213987,valid_format_only,Modern/official website found,https://www.puntomarisko.com/,https://www.openstreetmap.org/way/435695415
La Casa del Ceviche,Restaurante boutique,Peru,Lima,Miraflores/San Isidro/Surco/La Molina/Barranco,+511 5587874,5115587874,valid_format_only,No website found,,https://www.openstreetmap.org/way/435709535
Pizzeria Tockyn,Restaurante boutique,Peru,Lima,Miraflores/San Isidro/Surco/La Molina/Barranco,+511 2426974,5112426974,valid_format_only,No website found,,https://www.openstreetmap.org/way/435709536
El Fogón,Restaurante boutique,Peru,Lima,Miraflores/San Isidro/Surco/La Molina/Barranco,+511 2426701,5112426701,valid_format_only,Modern/official website found,http://www.tradicioneselfogon.com/,https://www.openstreetmap.org/way/435709542
Tip Top,Restaurante boutique,Peru,Lima,Miraflores/San Isidro/Surco/La Molina/Barranco,+511 2215810,5112215810,valid_format_only,Modern/official website found,https://www.tiptop.com.pe/,https://www.openstreetmap.org/way/435710204
Carnal Prime Steakhouse,Restaurante boutique,Peru,Lima,Miraflores/San Isidro/Surco/La Molina/Barranco,+511 2433088,5112433088,valid_format_only,Modern/official website found,https://www.carnalprime.com/,https://www.openstreetmap.org/way/435710338
El Señorio de Sulco,Restaurante boutique,Peru,Lima,Miraflores/San Isidro/Surco/La Molina/Barranco,+51 1 441 0183,5114410183,valid_format_only,Modern/official website found,https://www.senoriodesulco.com,https://www.openstreetmap.org/way/435713846
Punta Sal,Restaurante boutique,Peru,Lima,Miraflores/San Isidro/Surco/La Molina/Barranco,+511 2424524,5112424524,valid_format_only,Modern/official website found,http://www.puntasal.com/,https://www.openstreetmap.org/way/435715513
Edo Sushi Bar,Restaurante boutique,Peru,Lima,Miraflores/San Isidro/Surco/La Molina/Barranco,+511 4344545,5114344545,valid_format_only,Modern/official website found,https://edosushibar.com/,https://www.openstreetmap.org/way/435716700
Taiken Sushi Lounge,Restaurante boutique,Peru,Lima,Miraflores/San Isidro/Surco/La Molina/Barranco,+511 5129612,5115129612,valid_format_only,No website found,,https://www.openstreetmap.org/way/435716702
Chifa Palacio,Restaurante boutique,Peru,Lima,Miraflores/San Isidro/Surco/La Molina/Barranco,+511 222 0833,5112220833,valid_format_only,Modern/official website found,https://www.chifapalacio.com.pe/,https://www.openstreetmap.org/way/435841451
Baco y Vaca,Restaurante boutique,Peru,Lima,Miraflores/San Isidro/Surco/La Molina/Barranco,+511 2215586,5112215586,valid_format_only,Modern/official website found,https://bacoyvaca.pe/,https://www.openstreetmap.org/way/436257380
Chifa Haiya,Restaurante boutique,Peru,Lima,Miraflores/San Isidro/Surco/La Molina/Barranco,5023018,515023018,valid_format_only,No website found,,https://www.openstreetmap.org/way/436290273
El Chinito,Restaurante boutique,Peru,Lima,Miraflores/San Isidro/Surco/La Molina/Barranco,+51 1 4472447,5114472447,valid_format_only,Modern/official website found,https://elchinito.com.pe/locales.html,https://www.openstreetmap.org/way/436300790
Don Belisario,Restaurante boutique,Peru,Lima,Miraflores/San Isidro/Surco/La Molina/Barranco,+51 1 611 3333,5116113333,valid_format_only,No website found,,https://www.openstreetmap.org/way/436304460
Familia Chicken House,Restaurante boutique,Peru,Lima,Miraflores/San Isidro/Surco/La Molina/Barranco,+51 1 5964747,5115964747,valid_format_only,No website found,,https://www.openstreetmap.org/way/436448706
Piqo's,Restaurante boutique,Peru,Lima,Miraflores/San Isidro/Surco/La Molina/Barranco,+511 7151937,5117151937,valid_format_only,No website found,,https://www.openstreetmap.org/way/436456536
La Pagoda,Restaurante boutique,Peru,Lima,Miraflores/San Isidro/Surco/La Molina/Barranco,+511 4210800,5114210800,valid_format_only,No website found,,https://www.openstreetmap.org/way/436465809
Pappas Grill,Restaurante boutique,Peru,Lima,Miraflores/San Isidro/Surco/La Molina/Barranco,+51 1 683 2450,5116832450,valid_format_only,No website found,,https://www.openstreetmap.org/way/436483326
Restaurant Chifa Asia,Restaurante boutique,Peru,Lima,Miraflores/San Isidro/Surco/La Molina/Barranco,+511 2494582,5112494582,valid_format_only,No website found,,https://www.openstreetmap.org/way/436570285
Las Tinajas,Restaurante boutique,Peru,Lima,Miraflores/San Isidro/Surco/La Molina/Barranco,+511 477 0988,5114770988,valid_format_only,Modern/official website found,https://lastinajas.pe/,https://www.openstreetmap.org/way/436570373
Mis Costillas,Restaurante boutique,Peru,Lima,Miraflores/San Isidro/Surco/La Molina/Barranco,+511 7149091,5117149091,valid_format_only,Modern/official website found,http://www.miscostillitas.com/,https://www.openstreetmap.org/way/436572143
Mary Punto,Restaurante boutique,Peru,Lima,Miraflores/San Isidro/Surco/La Molina/Barranco,+51 1 448 1286,5114481286,valid_format_only,No website found,,https://www.openstreetmap.org/way/436581959
Clinica del INCA,Clínica estética,Peru,Lima,Miraflores/San Isidro/Surco/La Molina/Barranco,+51 1 610 6666,5116106666,valid_format_only,Modern/official website found,https://www.inca.org.pe,https://www.openstreetmap.org/way/436592962
Don Mamino,Restaurante boutique,Peru,Lima,Miraflores/San Isidro/Surco/La Molina/Barranco,+51 1 719-7000,5117197000,valid_format_only,Modern/official website found,https://www.donmamino.com/,https://www.openstreetmap.org/way/436592963
El Sillar,Restaurante boutique,Peru,Lima,Miraflores/San Isidro/Surco/La Molina/Barranco,+511 4462727,5114462727,valid_format_only,Modern/official website found,http://www.restauranteelsillar.com/,https://www.openstreetmap.org/way/436593037
Pancho Cavero,Veterinaria,Peru,Lima,Miraflores/San Isidro/Surco/La Molina/Barranco,+51 998 195 193,51998195193,valid_format_only,Modern/official website found,http://www.panchovavero.com,https://www.openstreetmap.org/way/436608998
Los Yutes,Restaurante boutique,Peru,Lima,Miraflores/San Isidro/Surco/La Molina/Barranco,+511 4472572,5114472572,valid_format_only,No website found,,https://www.openstreetmap.org/way/436609392
Moche,Restaurante boutique,Peru,Lima,Miraflores/San Isidro/Surco/La Molina/Barranco,+511 2426955,5112426955,valid_format_only,Modern/official website found,http://www.restaurantemoche.com.pe/,https://www.openstreetmap.org/way/436632175
Chifa Hou Wha,Restaurante boutique,Peru,Lima,Miraflores/San Isidro/Surco/La Molina/Barranco,+51 1 4400442,5114400442,valid_format_only,Modern/official website found,https://chifahouwha.com.pe/,https://www.openstreetmap.org/way/436738984
Las Delicias,Restaurante boutique,Peru,Lima,Miraflores/San Isidro/Surco/La Molina/Barranco,+511 2220104,5112220104,valid_format_only,Modern/official website found,http://www.juguerialasdelicias.com/,https://www.openstreetmap.org/way/436743176
Mi Causa,Restaurante boutique,Peru,Lima,Miraflores/San Isidro/Surco/La Molina/Barranco,+511 2216955,5112216955,valid_format_only,No website found,,https://www.openstreetmap.org/way/436743177
Wasabi,Restaurante boutique,Peru,Lima,Miraflores/San Isidro/Surco/La Molina/Barranco,+511 4218882,5114218882,valid_format_only,Modern/official website found,https://www.wasabi.pe/,https://www.openstreetmap.org/way/436746389
Centro Medico Municipal Santa Cruz,Clínica estética,Peru,Lima,Miraflores/San Isidro/Surco/La Molina/Barranco,+511 2216698,5112216698,valid_format_only,No website found,,https://www.openstreetmap.org/way/436746393
Centro Médico Las Palmeras,Clínica estética,Peru,Lima,Miraflores/San Isidro/Surco/La Molina/Barranco,+511 4417140,5114417140,valid_format_only,No website found,,https://www.openstreetmap.org/way/436781698
Corralito,Restaurante boutique,Peru,Lima,Miraflores/San Isidro/Surco/La Molina/Barranco,+51 1 5643685,5115643685,valid_format_only,No website found,,https://www.openstreetmap.org/way/436787781
La Casa de España,Restaurante boutique,Peru,Lima,Miraflores/San Isidro/Surco/La Molina/Barranco,+51 1 4703456,5114703456,valid_format_only,Modern/official website found,http://www.lacasadeespana.com,https://www.openstreetmap.org/way/436788647
Pizza Hut,Restaurante boutique,Peru,Lima,Miraflores/San Isidro/Surco/La Molina/Barranco,+51 1 505 1111,5115051111,valid_format_only,No website found,,https://www.openstreetmap.org/way/436794482
Chifa Internacional,Restaurante boutique,Peru,Lima,Miraflores/San Isidro/Surco/La Molina/Barranco,+511 4453997,5114453997,valid_format_only,Modern/official website found,http://www.chifainternacional.com/,https://www.openstreetmap.org/way/436795242
La Bodega de la Trattoria,Restaurante boutique,Peru,Lima,Miraflores/San Isidro/Surco/La Molina/Barranco,+51 1 4213638,5114213638,valid_format_only,Modern/official website found,https://labodegadelatrattoria.com/,https://www.openstreetmap.org/way/436797581
Elit,Dental,Peru,Lima,Miraflores/San Isidro/Surco/La Molina/Barranco,+51 1 261 8115,5112618115,valid_format_only,Modern/official website found,http://www.elitodontologico.com,https://www.openstreetmap.org/way/436905811
Chifa Dragon,Restaurante boutique,Peru,Lima,Miraflores/San Isidro/Surco/La Molina/Barranco,+511 2219851,5112219851,valid_format_only,No website found,,https://www.openstreetmap.org/way/436924639
La Concha Nostra,Restaurante boutique,Peru,Lima,Miraflores/San Isidro/Surco/La Molina/Barranco,+51 992784340,51992784340,valid_format_only,No website found,,https://www.openstreetmap.org/way/436924642
La Fara,Restaurante boutique,Peru,Lima,Miraflores/San Isidro/Surco/La Molina/Barranco,+51 1 252 1790,5112521790,valid_format_only,No website found,,https://www.openstreetmap.org/way/437313863
El Pez On,Restaurante boutique,Peru,Lima,Miraflores/San Isidro/Surco/La Molina/Barranco,+511 7130860,5117130860,valid_format_only,Modern/official website found,https://elpez-on.com/,https://www.openstreetmap.org/way/437328680
Panda Garden,Restaurante boutique,Peru,Lima,Miraflores/San Isidro/Surco/La Molina/Barranco,+51 1 4896418,5114896418,valid_format_only,Modern/official website found,https://www.pandagarden.pe/,https://www.openstreetmap.org/way/437347948
La Chalupa,Restaurante boutique,Peru,Lima,Miraflores/San Isidro/Surco/La Molina/Barranco,+51 1 257 1073,5112571073,valid_format_only,No website found,,https://www.openstreetmap.org/way/437353137
Asakusa Sushi Bar,Restaurante boutique,Peru,Lima,Miraflores/San Isidro/Surco/La Molina/Barranco,+51 1 3460222,5113460222,valid_format_only,No website found,,https://www.openstreetmap.org/way/437375626
Policlínico Próceres,Clínica estética,Peru,Lima,Miraflores/San Isidro/Surco/La Molina/Barranco,+511 2743391;+511 2740455;+511 2743800,5112743391,valid_format_only,No website found,,https://www.openstreetmap.org/way/437382370
Las Canastas,Restaurante boutique,Peru,Lima,Miraflores/San Isidro/Surco/La Molina/Barranco,+51943138069,51943138069,valid_format_only,Modern/official website found,https://www.lascanastas.com/,https://www.openstreetmap.org/way/437466083
Punto Azul,Restaurante boutique,Peru,Lima,Miraflores/San Isidro/Surco/La Molina/Barranco,+511 2608943,5112608943,valid_format_only,Modern/official website found,https://puntoazulrestaurante.com/index.php/punto-azul-local-miraflores-benavides/,https://www.openstreetmap.org/way/437544897
Chifa Yahong,Restaurante boutique,Peru,Lima,Miraflores/San Isidro/Surco/La Molina/Barranco,+51 1 345 1138,5113451138,valid_format_only,No website found,,https://www.openstreetmap.org/way/437624655
L'impasto,Restaurante boutique,Peru,Lima,Miraflores/San Isidro/Surco/La Molina/Barranco,+511 2415044,5112415044,valid_format_only,Modern/official website found,https://limpasto.com/,https://www.openstreetmap.org/way/437649443
Clínica SANNA San Borja,Clínica estética,Peru,Lima,Miraflores/San Isidro/Surco/La Molina/Barranco,+51 1 6355000,5116355000,valid_format_only,Modern/official website found,https://www.sanna.pe/clinicas/san-borja-lima/informacion-general/,https://www.openstreetmap.org/way/437671128
Clínica Internacional,Clínica estética,Peru,Lima,Miraflores/San Isidro/Surco/La Molina/Barranco,+51 1 619 6161,5116196161,valid_format_only,Modern/official website found,https://www.clinicainternacional.com.pe/sede/san-borja/,https://www.openstreetmap.org/way/437671129
El Sabor de Royer,Restaurante boutique,Peru,Lima,Miraflores/San Isidro/Surco/La Molina/Barranco,+51 1 2762753,5112762753,valid_format_only,No website found,,https://www.openstreetmap.org/way/437831403
Clínica Montefiori,Clínica estética,Peru,Lima,Miraflores/San Isidro/Surco/La Molina/Barranco,+51 1 4375151,5114375151,valid_format_only,Modern/official website found,https://www.montefiori.com.pe/,https://www.openstreetmap.org/way/437986336
Pet's Place,Veterinaria,Peru,Lima,Miraflores/San Isidro/Surco/La Molina/Barranco,+51 1 349 4484,5113494484,valid_format_only,No website found,,https://www.openstreetmap.org/way/438009520
Las Canastas,Restaurante boutique,Peru,Lima,Miraflores/San Isidro/Surco/La Molina/Barranco,+51943102474,51943102474,valid_format_only,Modern/official website found,https://www.lascanastas.com/,https://www.openstreetmap.org/way/438011132
Las Tinajas,Restaurante boutique,Peru,Lima,Miraflores/San Isidro/Surco/La Molina/Barranco,+51 1 495 1842,5114951842,valid_format_only,No website found,,https://www.openstreetmap.org/way/438011670
Kilimanjaro,Restaurante boutique,Peru,Lima,Miraflores/San Isidro/Surco/La Molina/Barranco,+511 3727985,5113727985,valid_format_only,Modern/official website found,https://kilimanjarorestaurant.com/,https://www.openstreetmap.org/way/438428107
La Basílica 640,Restaurante boutique,Peru,Lima,Miraflores/San Isidro/Surco/La Molina/Barranco,+51 981427596,51981427596,valid_format_only,Modern/official website found,https://labasilica640.pe/,https://www.openstreetmap.org/way/438428855
El Piombino,Restaurante boutique,Peru,Lima,Miraflores/San Isidro/Surco/La Molina/Barranco,+51 979 782 716,51979782716,valid_format_only,Modern/official website found,https://elpiombino.com/,https://www.openstreetmap.org/way/438447250
Futuro Visión,Clínica estética,Peru,Lima,Miraflores/San Isidro/Surco/La Molina/Barranco,+511 417 5230,5114175230,valid_format_only,Modern/official website found,https://www.futurovision.com/,https://www.openstreetmap.org/way/438468188
Marbacoa,Restaurante boutique,Peru,Lima,Miraflores/San Isidro/Surco/La Molina/Barranco,+511 2609554,5112609554,valid_format_only,Modern/official website found,https://marbacoa.com/,https://www.openstreetmap.org/way/438592072
Il Piccolo Pomodoro,Restaurante boutique,Peru,Lima,Miraflores/San Isidro/Surco/La Molina/Barranco,+511 2755355,5112755355,valid_format_only,No website found,,https://www.openstreetmap.org/way/438736823
Pescados Capitales,Restaurante boutique,Peru,Lima,Miraflores/San Isidro/Surco/La Molina/Barranco,+511 7179470,5117179470,valid_format_only,Modern/official website found,https://www.pescadoscapitales.com/,https://www.openstreetmap.org/way/438877774
Panchita,Restaurante boutique,Peru,Lima,Miraflores/San Isidro/Surco/La Molina/Barranco,+511 2425957,5112425957,valid_format_only,Modern/official website found,https://www.panchita.pe/,https://www.openstreetmap.org/way/438884699
La Bodega de la Trattoria,Restaurante boutique,Peru,Lima,Miraflores/San Isidro/Surco/La Molina/Barranco,+511 3727572,5113727572,valid_format_only,Modern/official website found,https://labodegadelatrattoria.com/,https://www.openstreetmap.org/way/438888991
Pizza Hut,Restaurante boutique,Peru,Lima,Miraflores/San Isidro/Surco/La Molina/Barranco,+51 1 505 1111,5115051111,valid_format_only,No website found,,https://www.openstreetmap.org/way/438913890
Chifa Los Álamos,Restaurante boutique,Peru,Lima,Miraflores/San Isidro/Surco/La Molina/Barranco,+51 1 345 2500,5113452500,valid_format_only,No website found,,https://www.openstreetmap.org/way/439034560
东江餐馆自助餐,Restaurante boutique,Peru,Lima,Miraflores/San Isidro/Surco/La Molina/Barranco,+51 991472529,51991472529,valid_format_only,No website found,,https://www.openstreetmap.org/way/439054701
Mamma Tomato,Restaurante boutique,Peru,Lima,Miraflores/San Isidro/Surco/La Molina/Barranco,+51 1 364 8059,5113648059,valid_format_only,No website found,,https://www.openstreetmap.org/way/439084963
Clínica Montesur,Clínica estética,Peru,Lima,Miraflores/San Isidro/Surco/La Molina/Barranco,+511 3174000,5113174000,valid_format_only,Modern/official website found,https://www.clinicamontesur.com.pe/,https://www.openstreetmap.org/way/439098243
Embarcadero 41,Restaurante boutique,Peru,Lima,Miraflores/San Isidro/Surco/La Molina/Barranco,+51 1 4344104,5114344104,valid_format_only,Modern/official website found,https://embarcadero41.com/restaurantes/,https://www.openstreetmap.org/way/439100117
Las Tinajas,Restaurante boutique,Peru,Lima,Miraflores/San Isidro/Surco/La Molina/Barranco,+511 4750383,5114750383,valid_format_only,Modern/official website found,https://lastinajas.pe/,https://www.openstreetmap.org/way/439235127
El Lomito,Restaurante boutique,Peru,Lima,Miraflores/San Isidro/Surco/La Molina/Barranco,+5112258044,5112258044,valid_format_only,No website found,,https://www.openstreetmap.org/way/439755721
Policlínico Guillermo Kaelín,Clínica estética,Peru,Lima,Miraflores/San Isidro/Surco/La Molina/Barranco,+511 2051200,5112051200,valid_format_only,Modern/official website found,https://www.vmtsalud.com.pe/policlinico,https://www.openstreetmap.org/way/442136621
Policlínico San José Rodriguez Lazo,Clínica estética,Peru,Lima,Miraflores/San Isidro/Surco/La Molina/Barranco,+511 4671453,5114671453,valid_format_only,No website found,,https://www.openstreetmap.org/way/443079883
Pappa's,Restaurante boutique,Peru,Lima,Miraflores/San Isidro/Surco/La Molina/Barranco,+511 6523650,5116523650,valid_format_only,Modern/official website found,http://restaurantes.pappas.pe/,https://www.openstreetmap.org/way/443870559
Policlinico San Juan,Clínica estética,Peru,Lima,Miraflores/San Isidro/Surco/La Molina/Barranco,+511 4509604,5114509604,valid_format_only,Modern/official website found,http://policlinicosanjuan.com/,https://www.openstreetmap.org/way/455610176
Clinica Santa Lucía,Clínica estética,Peru,Lima,Miraflores/San Isidro/Surco/La Molina/Barranco,+511 475240,51511475240,valid_format_only,Modern/official website found,https://www.clinicasantalucia.com.pe/,https://www.openstreetmap.org/way/465984932
Pizzeria La Romana,Restaurante boutique,Peru,Lima,Miraflores/San Isidro/Surco/La Molina/Barranco,+511 4766746,5114766746,valid_format_only,Modern/official website found,http://www.laromana.com.pe/laromana.htm,https://www.openstreetmap.org/way/485613865
DON DINO Pizzas y Pastas,Restaurante boutique,Peru,Lima,Miraflores/San Isidro/Surco/La Molina/Barranco,+51 1 2750806,5112750806,valid_format_only,No website found,,https://www.openstreetmap.org/way/486276335
Clínica San Juan de Dios,Clínica estética,Peru,Lima,Miraflores/San Isidro/Surco/La Molina/Barranco,+51 1 3191400;+51 944 576 008,5113191400,valid_format_only,Modern/official website found,http://clinicasanjuandedioslima.pe/,https://www.openstreetmap.org/way/503587132
La Panka,Restaurante boutique,Peru,Lima,Miraflores/San Isidro/Surco/La Molina/Barranco,+511 4800208,5114800208,valid_format_only,Modern/official website found,http://lapanka.com,https://www.openstreetmap.org/way/511806556
Segundo Muelle,Restaurante boutique,Peru,Lima,Miraflores/San Isidro/Surco/La Molina/Barranco,+511 6355555,5116355555,valid_format_only,Modern/official website found,https://segundomuelle.com/perusite/,https://www.openstreetmap.org/way/511806557
Entre Patas,Veterinaria,Peru,Lima,Miraflores/San Isidro/Surco/La Molina/Barranco,+51 1 275 4935,5112754935,valid_format_only,No website found,,https://www.openstreetmap.org/way/512633613
Chifa Nuevo Mundo,Restaurante boutique,Peru,Lima,Miraflores/San Isidro/Surco/La Molina/Barranco,+511 4485965,5114485965,valid_format_only,Modern/official website found,http://www.chifanuevomundo.com/,https://www.openstreetmap.org/way/512921865
Clínica Continental,Clínica estética,Peru,Lima,Miraflores/San Isidro/Surco/La Molina/Barranco,+511 2251665,5112251665,valid_format_only,Modern/official website found,https://clinicacontinental.com,https://www.openstreetmap.org/way/586436230
El Kapallaq,Restaurante boutique,Peru,Lima,Miraflores/San Isidro/Surco/La Molina/Barranco,+511 5179932,5115179932,valid_format_only,Modern/official website found,https://www.elkapallaq.pe/,https://www.openstreetmap.org/way/617647925
Puputi Restobart,Restaurante boutique,Peru,Lima,Miraflores/San Isidro/Surco/La Molina/Barranco,+51964942626,51964942626,valid_format_only,No website found,,https://www.openstreetmap.org/way/645030115
Centro de Atención Primaria III Surquillo,Clínica estética,Peru,Lima,Miraflores/San Isidro/Surco/La Molina/Barranco,+511 2656000,5112656000,valid_format_only,No website found,,https://www.openstreetmap.org/way/706744342
La Choza Náutica,Restaurante boutique,Peru,Lima,Miraflores/San Isidro/Surco/La Molina/Barranco,+51 1 4238087,5114238087,valid_format_only,No website found,,https://www.openstreetmap.org/way/721155563
La Choza Náutica,Restaurante boutique,Peru,Lima,Miraflores/San Isidro/Surco/La Molina/Barranco,+51 1 4238087,5114238087,valid_format_only,No website found,,https://www.openstreetmap.org/way/721155568
Centro de Salud Base San Martín de Porres,Clínica estética,Peru,Lima,Miraflores/San Isidro/Surco/La Molina/Barranco,+511 4825580,5114825580,valid_format_only,No website found,,https://www.openstreetmap.org/way/780603279
Peperonni,Restaurante boutique,Peru,Lima,Miraflores/San Isidro/Surco/La Molina/Barranco,+51 991986696,51991986696,valid_format_only,No website found,,https://www.openstreetmap.org/way/814363798
Pizza Hut,Restaurante boutique,Peru,Lima,Miraflores/San Isidro/Surco/La Molina/Barranco,+51 5051111,51515051111,valid_format_only,No website found,,https://www.openstreetmap.org/way/821142032
Policlínico Militar de Chorrillos,Clínica estética,Peru,Lima,Miraflores/San Isidro/Surco/La Molina/Barranco,+511 2510236;+511 2524522,5112510236,valid_format_only,No website found,,https://www.openstreetmap.org/way/831296770
Centro de Salud Caja de Agua,Clínica estética,Peru,Lima,Miraflores/San Isidro/Surco/La Molina/Barranco,+51 1 4583445,5114583445,valid_format_only,No website found,,https://www.openstreetmap.org/way/835157220
Centro de Salud Mirones,Clínica estética,Peru,Lima,Miraflores/San Isidro/Surco/La Molina/Barranco,+51 1 4253590,5114253590,valid_format_only,No website found,,https://www.openstreetmap.org/way/835384750
Centro de Salud San Atanacio de Pedregal,Clínica estética,Peru,Lima,Miraflores/San Isidro/Surco/La Molina/Barranco,+511 4493449,5114493449,valid_format_only,No website found,,https://www.openstreetmap.org/way/835913959
Centro de Salud - Chancas de Andahuaylas,Clínica estética,Peru,Lima,Miraflores/San Isidro/Surco/La Molina/Barranco,+511 3625980,5113625980,valid_format_only,No website found,,https://www.openstreetmap.org/way/835919192
Centro de Salud San Sebastián,Clínica estética,Peru,Lima,Miraflores/San Isidro/Surco/La Molina/Barranco,+511 4251830,5114251830,valid_format_only,No website found,,https://www.openstreetmap.org/way/836187325
La Piuranita,Restaurante boutique,Peru,Lima,Miraflores/San Isidro/Surco/La Molina/Barranco,+51 964768437;+51 966442280,51964768437,valid_format_only,No website found,,https://www.openstreetmap.org/way/914777241
Clínica Morillas,Clínica estética,Peru,Lima,Miraflores/San Isidro/Surco/La Molina/Barranco,+51 1 435 1137,5114351137,valid_format_only,No website found,,https://www.openstreetmap.org/way/948030636
Restaurante Nodaji,Restaurante boutique,Peru,Lima,Miraflores/San Isidro/Surco/La Molina/Barranco,+511 4760093,5114760093,valid_format_only,Modern/official website found,https://www.perunodaji.com/,https://www.openstreetmap.org/way/967694943
Dental 505 S.A.C.,Dental,Peru,Lima,Miraflores/San Isidro/Surco/La Molina/Barranco,+51 953 077 636,51953077636,valid_format_only,Only Instagram/Facebook,https://linktr.ee/dental505.pe,https://www.openstreetmap.org/way/968534394
Corralito,Restaurante boutique,Peru,Lima,Miraflores/San Isidro/Surco/La Molina/Barranco,+51 1 3375335,5113375335,valid_format_only,No website found,,https://www.openstreetmap.org/way/1316556554
Clínica Anglo Americana,Clínica estética,Peru,Lima,Miraflores/San Isidro/Surco/La Molina/Barranco,(511) 616 8900,5116168900,valid_format_only,Modern/official website found,https://clinicaangloamericana.pe/,https://www.openstreetmap.org/way/1333389497
Insituto Médico de Lenguaje y Aprendizaje,Clínica estética,Peru,Lima,Miraflores/San Isidro/Surco/La Molina/Barranco,+51 1 2716436,5112716436,valid_format_only,Modern/official website found,https://imlaperu.com/,https://www.openstreetmap.org/way/1413605209
Chifa Win Wai,Restaurante boutique,Peru,Lima,Miraflores/San Isidro/Surco/La Molina/Barranco,+5112618131,5112618131,valid_format_only,No website found,,https://www.openstreetmap.org/way/1464862911
Clinica Santa Teresa,Clínica estética,Peru,Lima,San Borja/Magdalena/Pueblo Libre,+511 2212027,5112212027,valid_format_only,Modern/official website found,http://www.clinicasantateresa.com.pe/,https://www.openstreetmap.org/node/565876567
Clinica San Judas Tadeo,Clínica estética,Peru,Lima,San Borja/Magdalena/Pueblo Libre,+511 2191100,5112191100,valid_format_only,Modern/official website found,https://www.clinicasanjudastadeo.com.pe/,https://www.openstreetmap.org/node/606936954
Mis costillitas,Restaurante boutique,Peru,Lima,San Borja/Magdalena/Pueblo Libre,+51 1 7149091,5117149091,valid_format_only,Modern/official website found,http://www.miscostillitas.com,https://www.openstreetmap.org/node/1273982015
Haiti,Restaurante boutique,Peru,Lima,San Borja/Magdalena/Pueblo Libre,+511 4463816,5114463816,valid_format_only,Modern/official website found,https://www.haitimiraflores.pe/,https://www.openstreetmap.org/node/1429504073
La Tiendecita Blanca,Restaurante boutique,Peru,Lima,San Borja/Magdalena/Pueblo Libre,+511 4459797,5114459797,valid_format_only,Modern/official website found,https://latiendecitablanca.com.pe/,https://www.openstreetmap.org/node/1429504323
Mavery,Restaurante boutique,Peru,Lima,San Borja/Magdalena/Pueblo Libre,+511 4413134,5114413134,valid_format_only,No website found,,https://www.openstreetmap.org/node/1431212641
Chifa Jin,Restaurante boutique,Peru,Lima,San Borja/Magdalena/Pueblo Libre,+511 2417630,5112417630,valid_format_only,No website found,,https://www.openstreetmap.org/node/1545385601
El Patio de Mendiburu,Restaurante boutique,Peru,Lima,San Borja/Magdalena/Pueblo Libre,+511 2216990,5112216990,valid_format_only,No website found,,https://www.openstreetmap.org/node/1546270221
Policlínico Pronto Salud Solidario,Clínica estética,Peru,Lima,San Borja/Magdalena/Pueblo Libre,+511 6372129,5116372129,valid_format_only,Modern/official website found,http://clinicaprontosaludsolidario.godaddysites.com/,https://www.openstreetmap.org/node/1904507986
Los Piuranos,Restaurante boutique,Peru,Lima,San Borja/Magdalena/Pueblo Libre,+51 1 4214705,5114214705,valid_format_only,No website found,,https://www.openstreetmap.org/node/1922787042
Centro de Estudios Idiomas del Mundo,Academia privada,Peru,Lima,San Borja/Magdalena/Pueblo Libre,+511 4220738,5114220738,valid_format_only,No website found,,https://www.openstreetmap.org/node/2090582864
Tanta,Restaurante boutique,Peru,Lima,San Borja/Magdalena/Pueblo Libre,+51 1 4377623,5114377623,valid_format_only,Modern/official website found,https://tantaperu.com/,https://www.openstreetmap.org/node/2170092982
La Romana,Restaurante boutique,Peru,Lima,San Borja/Magdalena/Pueblo Libre,+51 1 4606573,5114606573,valid_format_only,Modern/official website found,https://laromana.com.pe/,https://www.openstreetmap.org/node/2172999993
La Bistecca,Restaurante boutique,Peru,Lima,San Borja/Magdalena/Pueblo Libre,+51 1 4217555,5114217555,valid_format_only,Modern/official website found,https://www.labisteccalima.com/,https://www.openstreetmap.org/node/2256264234
DonDoh,Restaurante boutique,Peru,Lima,San Borja/Magdalena/Pueblo Libre,+511 4212929,5114212929,valid_format_only,Modern/official website found,https://www.dondoh.com/,https://www.openstreetmap.org/node/2279947626
Punta Sal,Restaurante boutique,Peru,Lima,San Borja/Magdalena/Pueblo Libre,+511 4417431,5114417431,valid_format_only,No website found,,https://www.openstreetmap.org/node/2279952714
Tanta,Restaurante boutique,Peru,Lima,San Borja/Magdalena/Pueblo Libre,+511 4219708,5114219708,valid_format_only,Modern/official website found,https://tantaperu.com/,https://www.openstreetmap.org/node/2279964904
Lima27,Restaurante boutique,Peru,Lima,San Borja/Magdalena/Pueblo Libre,+511 4228915,5114228915,valid_format_only,Modern/official website found,https://www.lima27.com/,https://www.openstreetmap.org/node/2512307097
Como Agua para Chocolate,Restaurante boutique,Peru,Lima,San Borja/Magdalena/Pueblo Libre,+511 2220297,5112220297,valid_format_only,No website found,,https://www.openstreetmap.org/node/2512307098
Il Postino,Restaurante boutique,Peru,Lima,San Borja/Magdalena/Pueblo Libre,+511 4458856,5114458856,valid_format_only,No website found,,https://www.openstreetmap.org/node/2760052954
El Rocoto,Restaurante boutique,Peru,Lima,San Borja/Magdalena/Pueblo Libre,+51 1 4483040,5114483040,valid_format_only,Modern/official website found,https://www.elrocoto.com.pe/,https://www.openstreetmap.org/node/2854486801
Jerónimo,Restaurante boutique,Peru,Lima,San Borja/Magdalena/Pueblo Libre,+511 4947336,5114947336,valid_format_only,No website found,,https://www.openstreetmap.org/node/2854537001
La Romántica,Restaurante boutique,Peru,Lima,San Borja/Magdalena/Pueblo Libre,+511 4218549,5114218549,valid_format_only,Modern/official website found,https://laromantica.pe/,https://www.openstreetmap.org/node/2906551601
Madam Tusan,Restaurante boutique,Peru,Lima,San Borja/Magdalena/Pueblo Libre,+511 5055000,5115055000,valid_format_only,Modern/official website found,http://madamtusan.pe/,https://www.openstreetmap.org/node/2906590101
La Picantería,Restaurante boutique,Peru,Lima,San Borja/Magdalena/Pueblo Libre,+51 1 2416676,5112416676,valid_format_only,Modern/official website found,https://picanteriasdelperu.com/,https://www.openstreetmap.org/node/2942706012
EsSalud Policlínico San Luis,Clínica estética,Peru,Lima,San Borja/Magdalena/Pueblo Libre,+511 3262599,5113262599,valid_format_only,No website found,,https://www.openstreetmap.org/node/3063482681
José Urteaga Calderón,Abogado migratorio,Peru,Lima,San Borja/Magdalena/Pueblo Libre,+5112619188;+5112619678,5112619188,valid_format_only,Modern/official website found,http://www.notariaurteagacalderon.com/inicio.html,https://www.openstreetmap.org/node/3077648491
Centro Nacional de Salud Renal,Clínica estética,Peru,Lima,San Borja/Magdalena/Pueblo Libre,+51 1 4719999,5114719999,valid_format_only,Modern/official website found,http://www.essalud.gob.pe/centro-nacional-de-salud-renal/,https://www.openstreetmap.org/node/3230315412
Perroquet,Restaurante boutique,Peru,Lima,San Borja/Magdalena/Pueblo Libre,+511 6119000,5116119000,valid_format_only,Modern/official website found,https://www.countryclublimahotel.com/es/dinning/perroquet-restaurant,https://www.openstreetmap.org/node/3246793795
MundoCan,Veterinaria,Peru,Lima,San Borja/Magdalena/Pueblo Libre,+51 1 6610446,5116610446,valid_format_only,No website found,,https://www.openstreetmap.org/node/3293614190
Dental Zegarra,Dental,Peru,Lima,San Borja/Magdalena/Pueblo Libre,+51 1 4366986,5114366986,valid_format_only,No website found,,https://www.openstreetmap.org/node/3293618076
Pizzería Massima,Restaurante boutique,Peru,Lima,San Borja/Magdalena/Pueblo Libre,+51 1 4376184,5114376184,valid_format_only,No website found,,https://www.openstreetmap.org/node/3293749567
Kabelo,Clínica estética,Peru,Lima,San Borja/Magdalena/Pueblo Libre,+51 1 4361807,5114361807,valid_format_only,No website found,,https://www.openstreetmap.org/node/3293750407
viPets,Veterinaria,Peru,Lima,San Borja/Magdalena/Pueblo Libre,+51 1 4346058,5114346058,valid_format_only,No website found,,https://www.openstreetmap.org/node/3293803526
Ellas Spa,Clínica estética,Peru,Lima,San Borja/Magdalena/Pueblo Libre,+51 1 3588119,5113588119,valid_format_only,No website found,,https://www.openstreetmap.org/node/3293814177
Clinica Dental ODONTOBELL'E,Dental,Peru,Lima,San Borja/Magdalena/Pueblo Libre,+51 1 4372982,5114372982,valid_format_only,No website found,,https://www.openstreetmap.org/node/3293868638
Raw Café,Restaurante boutique,Peru,Lima,San Borja/Magdalena/Pueblo Libre,+51 1 4469456,5114469456,valid_format_only,Modern/official website found,https://www.rawcafe.com.pe,https://www.openstreetmap.org/node/3497806095
Canis,Veterinaria,Peru,Lima,San Borja/Magdalena/Pueblo Libre,+51 6337099,51516337099,valid_format_only,No website found,,https://www.openstreetmap.org/node/3840334357
Salón de la Felicidad,Restaurante boutique,Peru,Lima,San Borja/Magdalena/Pueblo Libre,+51 1 4262190,5114262190,valid_format_only,No website found,,https://www.openstreetmap.org/node/4034986709
Centro de Salud San Isidro,Clínica estética,Peru,Lima,San Borja/Magdalena/Pueblo Libre,+511 2643125,5112643125,valid_format_only,No website found,,https://www.openstreetmap.org/node/4077392666
Kuo Wha,Restaurante boutique,Peru,Lima,San Borja/Magdalena/Pueblo Libre,+511 4459482,5114459482,valid_format_only,No website found,,https://www.openstreetmap.org/node/4081647461
Clinica San Felipe,Clínica estética,Peru,Lima,San Borja/Magdalena/Pueblo Libre,+511 2190000,5112190000,valid_format_only,Modern/official website found,https://www.clinicasanfelipe.com,https://www.openstreetmap.org/node/4109575491
Mai Liu,Óptica/Oftalmología premium,Peru,Lima,San Borja/Magdalena/Pueblo Libre,+511 4275858,5114275858,valid_format_only,Modern/official website found,http://fulltiendas.com/mailiu/,https://www.openstreetmap.org/node/4119559023
Puro Corazón,Restaurante boutique,Peru,Lima,San Borja/Magdalena/Pueblo Libre,+51 1 2635058,5112635058,valid_format_only,No website found,,https://www.openstreetmap.org/node/4136767800
Adelgace Perú,Clínica estética,Peru,Lima,San Borja/Magdalena/Pueblo Libre,+51 1 4613245,5114613245,valid_format_only,Modern/official website found,https://www.drolaya.com/,https://www.openstreetmap.org/node/4139697957
Punto Azul,Restaurante boutique,Peru,Lima,San Borja/Magdalena/Pueblo Libre,+51 1 224 8755,5112248755,valid_format_only,No website found,,https://www.openstreetmap.org/node/4160245960
Opticas SANTA LUCIA,Óptica/Oftalmología premium,Peru,Lima,San Borja/Magdalena/Pueblo Libre,+51 1 3464207,5113464207,valid_format_only,No website found,,https://www.openstreetmap.org/node/4174844478
Embarcadero 41,Restaurante boutique,Peru,Lima,San Borja/Magdalena/Pueblo Libre,+51 1 4216144,5114216144,valid_format_only,Modern/official website found,https://embarcadero41.com/,https://www.openstreetmap.org/node/4180718797
Instituto Nacional Cardiovascular,Clínica estética,Peru,Lima,San Borja/Magdalena/Pueblo Libre,+51 1 4111560,5114111560,valid_format_only,Modern/official website found,http://portal.essalud.gob.pe/incor/index.html,https://www.openstreetmap.org/node/4203505990
Los Vitrales,Restaurante boutique,Peru,Lima,San Borja/Magdalena/Pueblo Libre,+51 1 4262954,5114262954,valid_format_only,No website found,,https://www.openstreetmap.org/node/4207922066
Chifa Fu Jou,Restaurante boutique,Peru,Lima,San Borja/Magdalena/Pueblo Libre,+511 4444500,5114444500,valid_format_only,Modern/official website found,http://www.fujougourmet.com/,https://www.openstreetmap.org/node/4216074095
Clinica Inmater,Clínica estética,Peru,Lima,San Borja/Magdalena/Pueblo Libre,+51 1 4762727,5114762727,valid_format_only,Modern/official website found,https://inmater.pe/portal/,https://www.openstreetmap.org/node/4216263790
Tanuki,Restaurante boutique,Peru,Lima,San Borja/Magdalena/Pueblo Libre,+511 2068800,5112068800,valid_format_only,Modern/official website found,https://allpahotel.com/,https://www.openstreetmap.org/node/4219054189
Lima Canela,Restaurante boutique,Peru,Lima,San Borja/Magdalena/Pueblo Libre,+51 444 0731,51514440731,valid_format_only,No website found,,https://www.openstreetmap.org/node/4253770990
El 10,Restaurante boutique,Peru,Lima,San Borja/Magdalena/Pueblo Libre,+511 7176610,5117176610,valid_format_only,Modern/official website found,http://www.el10.pe/miraflores.php,https://www.openstreetmap.org/node/4308219753
Ohashi Maki,Restaurante boutique,Peru,Lima,San Borja/Magdalena/Pueblo Libre,+51 1 5923284,5115923284,valid_format_only,No website found,,https://www.openstreetmap.org/node/4311926193
Marjorie Spa,Clínica estética,Peru,Lima,San Borja/Magdalena/Pueblo Libre,+51 999124343,51999124343,valid_format_only,No website found,,https://www.openstreetmap.org/node/4331324197
Sam & Sab,Restaurante boutique,Peru,Lima,San Borja/Magdalena/Pueblo Libre,+51 1 496 9907,5114969907,valid_format_only,No website found,,https://www.openstreetmap.org/node/4331467898
Wa Lok,Restaurante boutique,Peru,Lima,San Borja/Magdalena/Pueblo Libre,+511 4471329,5114471329,valid_format_only,Modern/official website found,https://walok.com.pe/,https://www.openstreetmap.org/node/4332775622
Centro de Idiomas,Academia privada,Peru,Lima,San Borja/Magdalena/Pueblo Libre,+51 1 4601122,5114601122,valid_format_only,Modern/official website found,http://www.usmp.edu.pe/idiomas,https://www.openstreetmap.org/node/4334033102
Las Canastas,Restaurante boutique,Peru,Lima,San Borja/Magdalena/Pueblo Libre,+51943100521,51943100521,valid_format_only,Modern/official website found,https://www.lascanastas.com/,https://www.openstreetmap.org/node/4334125527
Estadio FC,Restaurante boutique,Peru,Lima,San Borja/Magdalena/Pueblo Libre,+511 4279609,5114279609,valid_format_only,Modern/official website found,https://www.estadio.com.pe/,https://www.openstreetmap.org/node/4336154416
El fogón del asador,Restaurante boutique,Peru,Lima,San Borja/Magdalena/Pueblo Libre,+51 1 2615643,5112615643,valid_format_only,Modern/official website found,http://www.elfogondelasador.com.pe/,https://www.openstreetmap.org/node/4338790192
Las Palmeras - La Cúpula,Restaurante boutique,Peru,Lima,San Borja/Magdalena/Pueblo Libre,+5113155055,5113155055,valid_format_only,No website found,,https://www.openstreetmap.org/node/4338842898
Costa Delicioza,Restaurante boutique,Peru,Lima,San Borja/Magdalena/Pueblo Libre,+51 1 4378762,5114378762,valid_format_only,Modern/official website found,http://www.costadelicioza.com,https://www.openstreetmap.org/node/4340233197
Pizza Hut,Restaurante boutique,Peru,Lima,San Borja/Magdalena/Pueblo Libre,+51 1 505 1111,5115051111,valid_format_only,No website found,,https://www.openstreetmap.org/node/4341305396
Centro Odontológico Americano,Dental,Peru,Lima,San Borja/Magdalena/Pueblo Libre,+51989254923,51989254923,valid_format_only,Modern/official website found,https://coa.pe/,https://www.openstreetmap.org/node/4341714335
Dental House,Dental,Peru,Lima,San Borja/Magdalena/Pueblo Libre,+51 1 460 5965,5114605965,valid_format_only,Modern/official website found,https://www.dental-house.com/,https://www.openstreetmap.org/node/4341737524
Centro Odontológico Dly Dent,Dental,Peru,Lima,San Borja/Magdalena/Pueblo Libre,+51 1 240 0553,5112400553,valid_format_only,No website found,,https://www.openstreetmap.org/node/4341765619
Chifa Men Hong,Restaurante boutique,Peru,Lima,San Borja/Magdalena/Pueblo Libre,+51 1 4717570,5114717570,valid_format_only,No website found,,https://www.openstreetmap.org/node/4344769630
Chifa Titi,Restaurante boutique,Peru,Lima,San Borja/Magdalena/Pueblo Libre,+511 2241050,5112241050,valid_format_only,Modern/official website found,https://www.chifatiti.com/,https://www.openstreetmap.org/node/4344960260
Juicy Lusy,Restaurante boutique,Peru,Lima,San Borja/Magdalena/Pueblo Libre,+511 2215590,5112215590,valid_format_only,Modern/official website found,https://juicylucy.pe/,https://www.openstreetmap.org/node/4346194320
Matria Restaurante,Restaurante boutique,Peru,Lima,San Borja/Magdalena/Pueblo Libre,+511 4222784,5114222784,valid_format_only,Modern/official website found,https://www.matriarestaurante.com/,https://www.openstreetmap.org/node/4346246257
Al Tavolo,Restaurante boutique,Peru,Lima,San Borja/Magdalena/Pueblo Libre,+51 1 7154555,5117154555,valid_format_only,No website found,,https://www.openstreetmap.org/node/4347791167
Il Pastifico,Restaurante boutique,Peru,Lima,San Borja/Magdalena/Pueblo Libre,+51 942416051,51942416051,valid_format_only,Modern/official website found,https://www.ilpastificio.com/,https://www.openstreetmap.org/node/4347829135
Sanahoria,Restaurante boutique,Peru,Lima,San Borja/Magdalena/Pueblo Libre,913733367,51913733367,valid_format_only,No website found,,https://www.openstreetmap.org/node/4347880037
OSensei Sushi Bar,Restaurante boutique,Peru,Lima,San Borja/Magdalena/Pueblo Libre,+511 3757669,5113757669,valid_format_only,No website found,,https://www.openstreetmap.org/node/4361939399
La Bistecca,Restaurante boutique,Peru,Lima,San Borja/Magdalena/Pueblo Libre,+511 3722250,5113722250,valid_format_only,Modern/official website found,https://www.labisteccalima.com,https://www.openstreetmap.org/node/4365330953
Chifa Jin Ying,Restaurante boutique,Peru,Lima,San Borja/Magdalena/Pueblo Libre,+51 987752278,51987752278,valid_format_only,No website found,,https://www.openstreetmap.org/node/4368229107
Naruto,Restaurante boutique,Peru,Lima,San Borja/Magdalena/Pueblo Libre,+51 1 5935689,5115935689,valid_format_only,No website found,,https://www.openstreetmap.org/node/4368674750
Chez Wong,Restaurante boutique,Peru,Lima,San Borja/Magdalena/Pueblo Libre,+51 1 4706217,5114706217,valid_format_only,No website found,,https://www.openstreetmap.org/node/4407041390
J&R Consulting,Abogado migratorio,Peru,Lima,San Borja/Magdalena/Pueblo Libre,+51 997813866,51997813866,valid_format_only,No website found,,https://www.openstreetmap.org/node/4424587191
Restaurante Los Manglares de Tumbes,Restaurante boutique,Peru,Lima,San Borja/Magdalena/Pueblo Libre,+514265056,51514265056,valid_format_only,No website found,,https://www.openstreetmap.org/node/4438108500
Embarcadero 41,Restaurante boutique,Peru,Lima,San Borja/Magdalena/Pueblo Libre,+51 1 4263493,5114263493,valid_format_only,Modern/official website found,https://embarcadero41.com/restaurantes/,https://www.openstreetmap.org/node/4451126488
Museo Larco Café Restaurant,Restaurante boutique,Peru,Lima,San Borja/Magdalena/Pueblo Libre,+511 4624757,5114624757,valid_format_only,Modern/official website found,https://cafe.museolarco.org/,https://www.openstreetmap.org/node/4457042838
L'Eau Vive del Perú,Restaurante boutique,Peru,Lima,San Borja/Magdalena/Pueblo Libre,+51 1 4275612,5114275612,valid_format_only,No website found,,https://www.openstreetmap.org/node/4457079132
La Tapada,Restaurante boutique,Peru,Lima,San Borja/Magdalena/Pueblo Libre,+51 1 4262412,5114262412,valid_format_only,Modern/official website found,https://latapada.negocio.site/,https://www.openstreetmap.org/node/4486045726
Anticuchos Bran,Restaurante boutique,Peru,Lima,San Borja/Magdalena/Pueblo Libre,+51 1 5551227,5115551227,valid_format_only,No website found,,https://www.openstreetmap.org/node/4497671091
Centro Odontológico César Anchiraico Cosquillo,Dental,Peru,Lima,San Borja/Magdalena/Pueblo Libre,+51 1 2250160,5112250160,valid_format_only,No website found,,https://www.openstreetmap.org/node/4526967489
IK Restaurante,Restaurante boutique,Peru,Lima,San Borja/Magdalena/Pueblo Libre,+511 6521692,5116521692,valid_format_only,Modern/official website found,http://www.ivankisic.pe/,https://www.openstreetmap.org/node/4527179089
Tzuru Restaurant Nikkei,Restaurante boutique,Peru,Lima,San Borja/Magdalena/Pueblo Libre,+511 225219,51511225219,valid_format_only,Modern/official website found,http://www.tzururestaurante.com/,https://www.openstreetmap.org/node/4553480902
Don de Peter,Restaurante boutique,Peru,Lima,San Borja/Magdalena/Pueblo Libre,+51 1 6205226,5116205226,valid_format_only,No website found,,https://www.openstreetmap.org/node/4555674790
Chifa choi yi,Restaurante boutique,Peru,Lima,San Borja/Magdalena/Pueblo Libre,+51 1 4615105,5114615105,valid_format_only,No website found,,https://www.openstreetmap.org/node/4676801792
Veggie Pizza,Restaurante boutique,Peru,Lima,San Borja/Magdalena/Pueblo Libre,+51 146 98709,5114698709,valid_format_only,Modern/official website found,https://www.veggiepizza.pe,https://www.openstreetmap.org/node/4685747789
Bon Ami,Veterinaria,Peru,Lima,San Borja/Magdalena/Pueblo Libre,+51 1 2657373,5112657373,valid_format_only,No website found,,https://www.openstreetmap.org/node/4715660989
La Choza Náutica,Restaurante boutique,Peru,Lima,San Borja/Magdalena/Pueblo Libre,+51 1 4522829,5114522829,valid_format_only,No website found,,https://www.openstreetmap.org/node/4724769492
La Choza Náutica,Restaurante boutique,Peru,Lima,San Borja/Magdalena/Pueblo Libre,+51 987598027,51987598027,valid_format_only,No website found,,https://www.openstreetmap.org/node/4724769493
La Choza Náutica,Restaurante boutique,Peru,Lima,San Borja/Magdalena/Pueblo Libre,+51 946541646,51946541646,valid_format_only,No website found,,https://www.openstreetmap.org/node/4724781197
Klidents,Dental,Peru,Lima,San Borja/Magdalena/Pueblo Libre,+51997387898,51997387898,valid_format_only,No website found,,https://www.openstreetmap.org/node/4755688381
Muñoz,Dental,Peru,Lima,San Borja/Magdalena/Pueblo Libre,+51986736583,51986736583,valid_format_only,No website found,,https://www.openstreetmap.org/node/4755700882
Notaría Carlos Herrera Carrera,Abogado migratorio,Peru,Lima,San Borja/Magdalena/Pueblo Libre,+5116521200,5116521200,valid_format_only,Modern/official website found,https://notariaherreracarrera.com/,https://www.openstreetmap.org/node/4764175947
Bao?,Restaurante boutique,Peru,Lima,San Borja/Magdalena/Pueblo Libre,+511 4834180,5114834180,valid_format_only,No website found,,https://www.openstreetmap.org/node/4764219905
La curva azul,Restaurante boutique,Peru,Lima,San Borja/Magdalena/Pueblo Libre,+51 1 5647536,5115647536,valid_format_only,No website found,,https://www.openstreetmap.org/node/4795240921
Las Zarzas,Restaurante boutique,Peru,Lima,San Borja/Magdalena/Pueblo Libre,+51 1 2265135,5112265135,valid_format_only,No website found,,https://www.openstreetmap.org/node/4799874621
Luminaris Spa,Clínica estética,Peru,Lima,San Borja/Magdalena/Pueblo Libre,+51 1 7471245,5117471245,valid_format_only,Modern/official website found,https://bienestarluminaris.com/,https://www.openstreetmap.org/node/4806752121
Clinica Pablo Bermudez,Clínica estética,Peru,Lima,San Borja/Magdalena/Pueblo Libre,+51 1 4337933;+51 1 3309817;+51 1 3303330,5114337933,valid_format_only,No website found,,https://www.openstreetmap.org/node/4808012782
Sushi Pop,Restaurante boutique,Peru,Lima,San Borja/Magdalena/Pueblo Libre,+511 7062927,5117062927,valid_format_only,Modern/official website found,https://www.sushipop.pe/,https://www.openstreetmap.org/node/4849841121
Namu,Restaurante boutique,Peru,Lima,San Borja/Magdalena/Pueblo Libre,+51 952373931,51952373931,valid_format_only,No website found,,https://www.openstreetmap.org/node/4879348721
La Cabrera,Restaurante boutique,Peru,Lima,San Borja/Magdalena/Pueblo Libre,+511 4473799,5114473799,valid_format_only,Modern/official website found,https://lacabreraperu.com/,https://www.openstreetmap.org/node/4880787724
Mis engreidos Veterinaria Pet shop,Veterinaria,Peru,Lima,San Borja/Magdalena/Pueblo Libre,+51 998495549,51998495549,valid_format_only,Modern/official website found,http://www.veterinariamisengreidos.com/,https://www.openstreetmap.org/node/4880939923
Meridiano Lima,Restaurante boutique,Peru,Lima,San Borja/Magdalena/Pueblo Libre,+511 4445026,5114445026,valid_format_only,No website found,,https://www.openstreetmap.org/node/4880940222
Policlínico Peruano-Japonés,Clínica estética,Peru,Lima,San Borja/Magdalena/Pueblo Libre,+51 1 2042100,5112042100,valid_format_only,No website found,,https://www.openstreetmap.org/node/4888683521
Black Maki Bar,Restaurante boutique,Peru,Lima,San Borja/Magdalena/Pueblo Libre,+51 1 5970939,5115970939,valid_format_only,No website found,,https://www.openstreetmap.org/node/4889001524
Yao Ling Spa,Clínica estética,Peru,Lima,San Borja/Magdalena/Pueblo Libre,+51 1 263227,51511263227,valid_format_only,Modern/official website found,https://yaolingspa.com/,https://www.openstreetmap.org/node/4906629134
El parque,Restaurante boutique,Peru,Lima,San Borja/Magdalena/Pueblo Libre,+51 1 4701016,5114701016,valid_format_only,No website found,,https://www.openstreetmap.org/node/4973644772
Sangucheria El Chinito,Restaurante boutique,Peru,Lima,San Borja/Magdalena/Pueblo Libre,+51 (01) 340 9427,51013409427,valid_format_only,Modern/official website found,https://elchinito.com.pe,https://www.openstreetmap.org/node/4995543123
San Ceferino,Restaurante boutique,Peru,Lima,San Borja/Magdalena/Pueblo Libre,+511 4228242,5114228242,valid_format_only,Modern/official website found,https://restaurantsanceferino.com,https://www.openstreetmap.org/node/4997758921
Osteria Gianfranco,Restaurante boutique,Peru,Lima,San Borja/Magdalena/Pueblo Libre,+51 1 4469518,5114469518,valid_format_only,Modern/official website found,http://www.gianfrancocaffe.com,https://www.openstreetmap.org/node/5004995721
Paseo Colón,Restaurante boutique,Peru,Lima,San Borja/Magdalena/Pueblo Libre,+51 1 4225555,5114225555,valid_format_only,Modern/official website found,https://paseocolon.com/,https://www.openstreetmap.org/node/5015691321
Mirada Glamour,Clínica estética,Peru,Lima,San Borja/Magdalena/Pueblo Libre,+51 1 4631678,5114631678,valid_format_only,Modern/official website found,https://www.miradaglamour.com/,https://www.openstreetmap.org/node/5071636622
Lourdes Flores Nano,Abogado migratorio,Peru,Lima,San Borja/Magdalena/Pueblo Libre,+51 1 2255885,5112255885,valid_format_only,Modern/official website found,https://lfnabogados.com.pe/,https://www.openstreetmap.org/node/5076423088
Giorgio Dalla Pieta,Arquitectura/interiorismo,Peru,Lima,San Borja/Magdalena/Pueblo Libre,+51 1 2221590,5112221590,valid_format_only,No website found,,https://www.openstreetmap.org/node/5076423509
Clínica hogar de Maria,Clínica estética,Peru,Lima,San Borja/Magdalena/Pueblo Libre,+51 1 4633132,5114633132,valid_format_only,No website found,,https://www.openstreetmap.org/node/5076423515
La Baratura,Clínica estética,Peru,Lima,San Borja/Magdalena/Pueblo Libre,+51 1 2612585,5112612585,valid_format_only,No website found,,https://www.openstreetmap.org/node/5084261164
Costanera 700,Restaurante boutique,Peru,Lima,San Borja/Magdalena/Pueblo Libre,+511 4217508,5114217508,valid_format_only,Modern/official website found,https://costanera700.pe/,https://www.openstreetmap.org/node/5099439821
El Chanchito,Restaurante boutique,Peru,Lima,San Borja/Magdalena/Pueblo Libre,+51 1 2265358,5112265358,valid_format_only,Modern/official website found,http://www.chicharroneria-elchanchito.com,https://www.openstreetmap.org/node/5108348021
Estrella fu lai,Restaurante boutique,Peru,Lima,San Borja/Magdalena/Pueblo Libre,+51 1 4262980,5114262980,valid_format_only,No website found,,https://www.openstreetmap.org/node/5140690321
Destellos Ópticos,Óptica/Oftalmología premium,Peru,Lima,San Borja/Magdalena/Pueblo Libre,+5112421626,5112421626,valid_format_only,No website found,,https://www.openstreetmap.org/node/5148690722
health pet,Veterinaria,Peru,Lima,San Borja/Magdalena/Pueblo Libre,+51 1 5588254,5115588254,valid_format_only,No website found,,https://www.openstreetmap.org/node/5186361122
Puquina Qocha,Restaurante boutique,Peru,Lima,San Borja/Magdalena/Pueblo Libre,+511 7156960,5117156960,valid_format_only,Modern/official website found,http://brisasdeltiticaca.com/puquina-qocha/,https://www.openstreetmap.org/node/5258634721
China Town,Restaurante boutique,Peru,Lima,San Borja/Magdalena/Pueblo Libre,+51 1 5879521,5115879521,valid_format_only,No website found,,https://www.openstreetmap.org/node/5335117716
El Bodegón,Restaurante boutique,Peru,Lima,San Borja/Magdalena/Pueblo Libre,+51 1 4456222,5114456222,valid_format_only,Modern/official website found,https://www.elbodegon.com.pe,https://www.openstreetmap.org/node/5335214022
Viet,Restaurante boutique,Peru,Lima,San Borja/Magdalena/Pueblo Libre,+5112251884,5112251884,valid_format_only,Modern/official website found,https://viet.pe/,https://www.openstreetmap.org/node/5396324321
Euroidiomas,Academia privada,Peru,Lima,San Borja/Magdalena/Pueblo Libre,+51 1 2155593,5112155593,valid_format_only,No website found,,https://www.openstreetmap.org/node/5476898855
Detecta,Clínica estética,Peru,Lima,San Borja/Magdalena/Pueblo Libre,+51 1 217 5100,5112175100,valid_format_only,Modern/official website found,http://www.detecta.pe/,https://www.openstreetmap.org/node/5481482098
SISOL Salud Centro Quirúrgico,Clínica estética,Peru,Lima,San Borja/Magdalena/Pueblo Libre,+511 495 6004,5114956004,valid_format_only,Modern/official website found,https://www.sisol.gob.pe/,https://www.openstreetmap.org/node/5485493582
Mácula D&T,Clínica estética,Peru,Lima,San Borja/Magdalena/Pueblo Libre,+51 01 2050908,51012050908,valid_format_only,Modern/official website found,http://www.maculadt.com/,https://www.openstreetmap.org/node/5577497869
Clínica Odontomédica Galla,Clínica estética,Peru,Lima,San Borja/Magdalena/Pueblo Libre,+511 475 0113,5114750113,valid_format_only,Modern/official website found,http://www.odontomedicagalla.com/,https://www.openstreetmap.org/node/5605942363
Andromed,Clínica estética,Peru,Lima,San Borja/Magdalena/Pueblo Libre,+511 6373034;637-3232;224-4105,5116373034,valid_format_only,Modern/official website found,https://andromed.com.pe/,https://www.openstreetmap.org/node/5612802334
Inmuno Vax,Clínica estética,Peru,Lima,San Borja/Magdalena/Pueblo Libre,+511 225-9347,5112259347,valid_format_only,Modern/official website found,http://www.inmunovax.com.pe/,https://www.openstreetmap.org/node/5612802339
IBN Sina,Clínica estética,Peru,Lima,San Borja/Magdalena/Pueblo Libre,+511 223-2742,5112232742,valid_format_only,No website found,,https://www.openstreetmap.org/node/5612802358
Clínica veterinaria PetCenter,Veterinaria,Peru,Lima,San Borja/Magdalena/Pueblo Libre,+51 1 7177777,5117177777,valid_format_only,Modern/official website found,https://www.petcenter.com.pe/,https://www.openstreetmap.org/node/5876946117
La Gloria,Restaurante boutique,Peru,Lima,San Borja/Magdalena/Pueblo Libre,+511 4466504,5114466504,valid_format_only,Modern/official website found,https://lagloriarestaurant.com/,https://www.openstreetmap.org/node/5892067685
El Pez On,Restaurante boutique,Peru,Lima,San Borja/Magdalena/Pueblo Libre,+51 1 7130866,5117130866,valid_format_only,Modern/official website found,https://elpez-on.com/,https://www.openstreetmap.org/node/5931759685
Osaka Pardo and Aliaga,Restaurante boutique,Peru,Lima,San Borja/Magdalena/Pueblo Libre,+51 1 2220405,5112220405,valid_format_only,Modern/official website found,https://www.osaka.com.pe/,https://www.openstreetmap.org/node/5952574543
1087 Restaurante,Restaurante boutique,Peru,Lima,San Borja/Magdalena/Pueblo Libre,+51 977 741 746,51977741746,valid_format_only,No website found,,https://www.openstreetmap.org/node/5967542306
Osso El Restaurante,Restaurante boutique,Peru,Lima,San Borja/Magdalena/Pueblo Libre,+51 1 4697438,5114697438,valid_format_only,Modern/official website found,https://www.osso.pe/menu/,https://www.openstreetmap.org/node/5967750564
Estudio Leguía Normand,Abogado migratorio,Peru,Lima,San Borja/Magdalena/Pueblo Libre,+511 208300,51511208300,valid_format_only,Modern/official website found,https://www.rubio.pe/,https://www.openstreetmap.org/node/5980207955
La Calesa,Restaurante boutique,Peru,Lima,San Borja/Magdalena/Pueblo Libre,+511 4405568,5114405568,valid_format_only,No website found,,https://www.openstreetmap.org/node/5980554688
Makoto Sushi Bar Miraflores,Restaurante boutique,Peru,Lima,San Borja/Magdalena/Pueblo Libre,+511 4463625,5114463625,valid_format_only,Modern/official website found,https://makotosushibar.com/,https://www.openstreetmap.org/node/5992164842
Catalina 555,Restaurante boutique,Peru,Lima,San Borja/Magdalena/Pueblo Libre,+511 6378292,5116378292,valid_format_only,No website found,,https://www.openstreetmap.org/node/5996414685
Recavarren,Restaurante boutique,Peru,Lima,San Borja/Magdalena/Pueblo Libre,+511 2436595,5112436595,valid_format_only,No website found,,https://www.openstreetmap.org/node/6045054053
Nanka,Restaurante boutique,Peru,Lima,San Borja/Magdalena/Pueblo Libre,+511 4678417,5114678417,valid_format_only,Modern/official website found,https://www.nanka.pe/,https://www.openstreetmap.org/node/6049705755
Edo Sushi Bar,Restaurante boutique,Peru,Lima,San Borja/Magdalena/Pueblo Libre,+511 2250881,5112250881,valid_format_only,Modern/official website found,https://edosushibar.com/,https://www.openstreetmap.org/node/6049737543
La Terraza del Pardo,Restaurante boutique,Peru,Lima,San Borja/Magdalena/Pueblo Libre,+511 6171000,5116171000,valid_format_only,No website found,,https://www.openstreetmap.org/node/6049797584
Maras Restaurantes,Restaurante boutique,Peru,Lima,San Borja/Magdalena/Pueblo Libre,+51 1 2015023,5112015023,valid_format_only,Modern/official website found,https://marasrestaurante.com.pe/,https://www.openstreetmap.org/node/6049895224
La Fondue by Swissôtel,Restaurante boutique,Peru,Lima,San Borja/Magdalena/Pueblo Libre,+511 4214400,5114214400,valid_format_only,Modern/official website found,https://www.swissotel.com/hotels/lima/dining/la-fondue/,https://www.openstreetmap.org/node/6049899182
Aji 555,Restaurante boutique,Peru,Lima,San Borja/Magdalena/Pueblo Libre,+511 6771571,5116771571,valid_format_only,Modern/official website found,http://aji555.com/,https://www.openstreetmap.org/node/6049908006
Chabuca Restaurant & Bar,Restaurante boutique,Peru,Lima,San Borja/Magdalena/Pueblo Libre,+51 1 2081200,5112081200,valid_format_only,Modern/official website found,https://www.atton.com/hoteles/atton-san-isidro/,https://www.openstreetmap.org/node/6050054942
Quimera,Restaurante boutique,Peru,Lima,San Borja/Magdalena/Pueblo Libre,+511 3195333,5113195333,valid_format_only,Modern/official website found,https://www.quimera.com.pe/,https://www.openstreetmap.org/node/6050106432
La Locanda by Swissôtel,Restaurante boutique,Peru,Lima,San Borja/Magdalena/Pueblo Libre,+511 4214400,5114214400,valid_format_only,Modern/official website found,https://www.swissotel.com/hotels/lima/dining/la-locanda/,https://www.openstreetmap.org/node/6050139958
Market 770,Restaurante boutique,Peru,Lima,San Borja/Magdalena/Pueblo Libre,+51 2015000,51512015000,valid_format_only,Modern/official website found,https://www.marriott.com/hotels/hotel-information/restaurant/details/limwi-the-westin-lima-hotel-and-convention-center/5974628/,https://www.openstreetmap.org/node/6050160640
La Eñe,Restaurante boutique,Peru,Lima,San Borja/Magdalena/Pueblo Libre,+511 4474807,5114474807,valid_format_only,Modern/official website found,http://www.restaurante-laene.com/,https://www.openstreetmap.org/node/6051739010
Al Asador,Restaurante boutique,Peru,Lima,San Borja/Magdalena/Pueblo Libre,+511 3722590,5113722590,valid_format_only,Modern/official website found,https://www.alasador.com/,https://www.openstreetmap.org/node/6051890809
Statera,Restaurante boutique,Peru,Lima,San Borja/Magdalena/Pueblo Libre,+511 3060628,5113060628,valid_format_only,Modern/official website found,https://staterarestaurante.pe/,https://www.openstreetmap.org/node/6051902999
Isidro Bistró Limeño,Restaurante boutique,Peru,Lima,San Borja/Magdalena/Pueblo Libre,+511 6111234,5116111234,valid_format_only,Modern/official website found,https://www.hyatt.com/en-US/hotel/peru/hyatt-centric-san-isidro-lima/limct/dining,https://www.openstreetmap.org/node/6053329810
Ramada Encore Restaurante & Bar,Restaurante boutique,Peru,Lima,San Borja/Magdalena/Pueblo Libre,+511 2014200,5112014200,valid_format_only,Modern/official website found,https://ramadaencoresanisidro.pe/,https://www.openstreetmap.org/node/6053341920
Siam Thai Cuisine,Restaurante boutique,Peru,Lima,San Borja/Magdalena/Pueblo Libre,+511 3720680,5113720680,valid_format_only,Modern/official website found,https://www.siamthaicuisine.com.pe/,https://www.openstreetmap.org/node/6053512901
El Bosque,Restaurante boutique,Peru,Lima,San Borja/Magdalena/Pueblo Libre,+511 6161818.,5116161818,valid_format_only,Modern/official website found,http://www.plazadelbosque.com/dining-es.html,https://www.openstreetmap.org/node/6056095555
Barra Lima Restaurante,Restaurante boutique,Peru,Lima,San Borja/Magdalena/Pueblo Libre,+51 963160474,51963160474,valid_format_only,No website found,,https://www.openstreetmap.org/node/6056114337
21.02 Resto & Lounge,Restaurante boutique,Peru,Lima,San Borja/Magdalena/Pueblo Libre,+511 6344002,5116344002,valid_format_only,Modern/official website found,https://www.dazzlerlima.com/es/servicios/restaurant/,https://www.openstreetmap.org/node/6056169175
Amore,Restaurante boutique,Peru,Lima,San Borja/Magdalena/Pueblo Libre,+51 914175895,51914175895,valid_format_only,No website found,,https://www.openstreetmap.org/node/6094347270
Restaurant Peña Turística Surquillana,Restaurante boutique,Peru,Lima,San Borja/Magdalena/Pueblo Libre,+51 1 583 1196,5115831196,valid_format_only,No website found,,https://www.openstreetmap.org/node/6341175386
Chifa Dao,Restaurante boutique,Peru,Lima,San Borja/Magdalena/Pueblo Libre,+51 1 7630904,5117630904,valid_format_only,No website found,,https://www.openstreetmap.org/node/6348594886
La Barra de Ramiro - Cevicheria,Restaurante boutique,Peru,Lima,San Borja/Magdalena/Pueblo Libre,+51 984327646,51984327646,valid_format_only,No website found,,https://www.openstreetmap.org/node/6459415385
Osteoperu,Clínica estética,Peru,Lima,San Borja/Magdalena/Pueblo Libre,+51 968864110,51968864110,valid_format_only,Modern/official website found,https://osteoperu.com/,https://www.openstreetmap.org/node/6476468286
Clínica Santa María,Clínica estética,Peru,Lima,San Borja/Magdalena/Pueblo Libre,+511 4216860,5114216860,valid_format_only,Modern/official website found,https://clinicasantamaria.pe/,https://www.openstreetmap.org/node/6571278172
Instituto de Oncología & Radioterapia,Clínica estética,Peru,Lima,San Borja/Magdalena/Pueblo Libre,+511 2241598,5112241598,valid_format_only,Modern/official website found,https://www.oncologiaricardopalma.com/,https://www.openstreetmap.org/node/6577890321
El Pez Nuestro de Cada Día,Restaurante boutique,Peru,Lima,San Borja/Magdalena/Pueblo Libre,+51 995 638 935,51995638935,valid_format_only,No website found,,https://www.openstreetmap.org/node/6634674507
Clínica La Luz,Clínica estética,Peru,Lima,San Borja/Magdalena/Pueblo Libre,+511 6139292,5116139292,valid_format_only,Modern/official website found,https://clinicalaluz.pe/,https://www.openstreetmap.org/node/6652462590
Cevicheria Mingos 326,Restaurante boutique,Peru,Lima,San Borja/Magdalena/Pueblo Libre,+51 964367193;+51 1 2218241,51964367193,valid_format_only,No website found,,https://www.openstreetmap.org/node/6653394286
Mayta,Restaurante boutique,Peru,Lima,San Borja/Magdalena/Pueblo Libre,+51 1 4226708,5114226708,valid_format_only,Modern/official website found,https://maytalima.com/,https://www.openstreetmap.org/node/6797001589
El Sillar,Restaurante boutique,Peru,Lima,San Borja/Magdalena/Pueblo Libre,+51 1 4462727,5114462727,valid_format_only,No website found,,https://www.openstreetmap.org/node/6873375185
Dios Town,Restaurante boutique,Peru,Lima,San Borja/Magdalena/Pueblo Libre,+51 1 4271637,5114271637,valid_format_only,No website found,,https://www.openstreetmap.org/node/7002871187
Restaurant Snack Bar - Mr. Koala,Restaurante boutique,Peru,Lima,San Borja/Magdalena/Pueblo Libre,+51 1 4288878,5114288878,valid_format_only,No website found,,https://www.openstreetmap.org/node/7004766686
Kasamama Buffet Criollo,Restaurante boutique,Peru,Lima,San Borja/Magdalena/Pueblo Libre,+51 1 3915060,5113915060,valid_format_only,Modern/official website found,https://www.kasamama.com/,https://www.openstreetmap.org/node/7060357086
Clinica San Juan de Dios de Piura,Clínica estética,Peru,Lima,San Borja/Magdalena/Pueblo Libre,+51 73 310874,5173310874,valid_format_only,No website found,,https://www.openstreetmap.org/node/7064559509
Huaca Pando,Clínica estética,Peru,Lima,San Borja/Magdalena/Pueblo Libre,+511 4520272,5114520272,valid_format_only,No website found,,https://www.openstreetmap.org/node/7073265073
Policlinico Pnp Walter Rosales,Clínica estética,Peru,Lima,San Borja/Magdalena/Pueblo Libre,+511 2226318,5112226318,valid_format_only,No website found,,https://www.openstreetmap.org/node/7082518484
Medi Clinic,Clínica estética,Peru,Lima,San Borja/Magdalena/Pueblo Libre,+51979671663,51979671663,valid_format_only,No website found,,https://www.openstreetmap.org/node/7129698885
S'Concha Barriada Cevichera,Restaurante boutique,Peru,Lima,San Borja/Magdalena/Pueblo Libre,+51 1 5954858,5115954858,valid_format_only,No website found,,https://www.openstreetmap.org/node/7507277046
Holomedic Servicios Integrales S.A.C,Clínica estética,Peru,Lima,San Borja/Magdalena/Pueblo Libre,+51 1 4800217,5114800217,valid_format_only,Modern/official website found,https://www.holomedic.com.pe/,https://www.openstreetmap.org/node/7552520836
Jocathex,Arquitectura/interiorismo,Peru,Lima,San Borja/Magdalena/Pueblo Libre,+51 1 4769809,5114769809,valid_format_only,Modern/official website found,https://jocathex.com/,https://www.openstreetmap.org/node/7557798924
Rosa Negra Salón & Spa,Clínica estética,Peru,Lima,San Borja/Magdalena/Pueblo Libre,+51 1 2643942,5112643942,valid_format_only,Modern/official website found,http://www.salonsparosanegra.com/,https://www.openstreetmap.org/node/7563882292
Surito Maketto,Restaurante boutique,Peru,Lima,San Borja/Magdalena/Pueblo Libre,+51 914720767,51914720767,valid_format_only,No website found,,https://www.openstreetmap.org/node/7668125949
Pizza Party,Restaurante boutique,Peru,Lima,San Borja/Magdalena/Pueblo Libre,+51 973 942 055,51973942055,valid_format_only,No website found,,https://www.openstreetmap.org/node/7729107031
Limamarc,Abogado migratorio,Peru,Lima,San Borja/Magdalena/Pueblo Libre,+51 1 3475606,5113475606,valid_format_only,Modern/official website found,https://limamarc.com.pe/,https://www.openstreetmap.org/node/7799160044
El Chotano,Restaurante boutique,Peru,Lima,San Borja/Magdalena/Pueblo Libre,+51 947101712,51947101712,valid_format_only,No website found,,https://www.openstreetmap.org/node/7873594127
Estudio Raul Canelo,Abogado migratorio,Peru,Lima,San Borja/Magdalena/Pueblo Libre,+51 223 0550; +51 223 0555,51512230550,valid_format_only,Modern/official website found,http://estudioraulcanelo.pe/,https://www.openstreetmap.org/node/8347297391
500 Grados,Restaurante boutique,Peru,Lima,San Borja/Magdalena/Pueblo Libre,+51 954 604 536,51954604536,valid_format_only,Modern/official website found,https://500grados.com,https://www.openstreetmap.org/node/8359166417
Chifa Palacio Cristal,Restaurante boutique,Peru,Lima,San Borja/Magdalena/Pueblo Libre,+51 1 393 7117,5113937117,valid_format_only,No website found,,https://www.openstreetmap.org/node/8400126840
Vale Vet,Veterinaria,Peru,Lima,San Borja/Magdalena/Pueblo Libre,+51 1 2684596;+51 994 004 345,5112684596,valid_format_only,No website found,,https://www.openstreetmap.org/node/8467787518
Gala Pets,Veterinaria,Peru,Lima,San Borja/Magdalena/Pueblo Libre,+51 943788544;+51 1 2887133,51943788544,valid_format_only,No website found,,https://www.openstreetmap.org/node/8681055028
Pet Love,Veterinaria,Peru,Lima,San Borja/Magdalena/Pueblo Libre,+51 1 4336160;+51 993888860,5114336160,valid_format_only,No website found,,https://www.openstreetmap.org/node/8699377509
Chifa Guo Sheng,Restaurante boutique,Peru,Lima,San Borja/Magdalena/Pueblo Libre,+51 1 2613553,5112613553,valid_format_only,No website found,,https://www.openstreetmap.org/node/8699516517
E-Nails - Uñas Acrílicas,Clínica estética,Peru,Lima,San Borja/Magdalena/Pueblo Libre,+51 916873208,51916873208,valid_format_only,No website found,,https://www.openstreetmap.org/node/8779456850
Aquibaz,Restaurante boutique,Peru,Lima,San Borja/Magdalena/Pueblo Libre,"+51930455864,+517507625",51930455864,valid_format_only,No website found,,https://www.openstreetmap.org/node/8889170718
Popolo Pizza San Isidro,Restaurante boutique,Peru,Lima,San Borja/Magdalena/Pueblo Libre,+51 1 4800476,5114800476,valid_format_only,Modern/official website found,https://www.popolopizzeria.com/,https://www.openstreetmap.org/node/8968829467
Popolo Pizza Chacarilla,Restaurante boutique,Peru,Lima,San Borja/Magdalena/Pueblo Libre,+51 1 4800476,5114800476,valid_format_only,Modern/official website found,https://www.popolopizzeria.com/,https://www.openstreetmap.org/node/8968829468
Instituto de Imágenes Médicas,Clínica estética,Peru,Lima,San Borja/Magdalena/Pueblo Libre,+5114232309,5114232309,valid_format_only,Modern/official website found,https://www.institutodeimagenesmedicas.com/,https://www.openstreetmap.org/node/9268171962
Proyectos Ingeniería Perú,Arquitectura/interiorismo,Peru,Lima,San Borja/Magdalena/Pueblo Libre,+51 977307528,51977307528,valid_format_only,Modern/official website found,https://proyectosperu.negocio.site/,https://www.openstreetmap.org/node/9275173704
Cacie,Óptica/Oftalmología premium,Peru,Lima,San Borja/Magdalena/Pueblo Libre,+51 1 5976584;+51 98430264,5115976584,valid_format_only,No website found,,https://www.openstreetmap.org/node/9611665399
La Robusta,Restaurante boutique,Peru,Lima,San Borja/Magdalena/Pueblo Libre,+51 922 080 100,51922080100,valid_format_only,No website found,,https://www.openstreetmap.org/node/9898221017
Villa Natura,Restaurante boutique,Peru,Lima,San Borja/Magdalena/Pueblo Libre,+51 1 4263944,5114263944,valid_format_only,No website found,,https://www.openstreetmap.org/node/10174732144
Café Risso,Restaurante boutique,Peru,Lima,San Borja/Magdalena/Pueblo Libre,+51 1 4726442,5114726442,valid_format_only,Modern/official website found,https://www.caferisso.com/,https://www.openstreetmap.org/node/11070224806
Santuara,Clínica estética,Peru,Lima,San Borja/Magdalena/Pueblo Libre,+51923238402,51923238402,valid_format_only,No website found,,https://www.openstreetmap.org/node/11211454474
La Picada Cebicheria - Magdalena,Restaurante boutique,Peru,Lima,San Borja/Magdalena/Pueblo Libre,+511 6860685,5116860685,valid_format_only,No website found,,https://www.openstreetmap.org/node/11358652570
Estudio Jurídico Bohórquez,Abogado migratorio,Peru,Lima,San Borja/Magdalena/Pueblo Libre,+51984234699,51984234699,valid_format_only,No website found,,https://www.openstreetmap.org/node/11364692614
La Cacerola,Restaurante boutique,Peru,Lima,San Borja/Magdalena/Pueblo Libre,+51 931 175 351,51931175351,valid_format_only,No website found,,https://www.openstreetmap.org/node/11450850056
Panadería Cultivo,Restaurante boutique,Peru,Lima,San Borja/Magdalena/Pueblo Libre,+51 970734753,51970734753,valid_format_only,Only Instagram/Facebook,https://linktr.ee/PanaderiaCultivo,https://www.openstreetmap.org/node/12032169368
ADRRA Taberna Criolla Peruana,Restaurante boutique,Peru,Lima,San Borja/Magdalena/Pueblo Libre,+51975023983,51975023983,valid_format_only,Only Instagram/Facebook,https://www.facebook.com/p/Addra-Criollo-61553038713025/,https://www.openstreetmap.org/node/12829302152
Loving Hut,Restaurante boutique,Peru,Lima,San Borja/Magdalena/Pueblo Libre,+51989327996,51989327996,valid_format_only,Modern/official website found,https://lovinghut.com/pe/,https://www.openstreetmap.org/node/12832263301
MIRAMAR,Restaurante boutique,Peru,Lima,San Borja/Magdalena/Pueblo Libre,+51912689011,51912689011,valid_format_only,Only Instagram/Facebook,https://www.facebook.com/MiramarAmigos/menu,https://www.openstreetmap.org/node/12844725125
CHIFA YANG CHENG,Restaurante boutique,Peru,Lima,San Borja/Magdalena/Pueblo Libre,+017190724,51017190724,valid_format_only,No website found,,https://www.openstreetmap.org/node/12844725126
Ethernal Raven,Clínica estética,Peru,Lima,San Borja/Magdalena/Pueblo Libre,+51 958755547,51958755547,valid_format_only,No website found,,https://www.openstreetmap.org/node/12908518687
Taxi Gallegos,Abogado migratorio,Peru,Lima,San Borja/Magdalena/Pueblo Libre,+51 934993218,51934993218,valid_format_only,No website found,,https://www.openstreetmap.org/node/12952723335
Dra. Cristina Soto,Abogado migratorio,Peru,Lima,San Borja/Magdalena/Pueblo Libre,+51 934993218,51934993218,valid_format_only,No website found,,https://www.openstreetmap.org/node/12952723336
Miku Sushi & Pub,Restaurante boutique,Peru,Lima,San Borja/Magdalena/Pueblo Libre,+51 989 257 812,51989257812,valid_format_only,Modern/official website found,https://www.mikusushipub.com,https://www.openstreetmap.org/node/13141690164
Policlinico Oftalmo Vista,Óptica/Oftalmología premium,Peru,Lima,San Borja/Magdalena/Pueblo Libre,+51 943578986,51943578986,valid_format_only,No website found,,https://www.openstreetmap.org/node/13158543837
Optica Vitallents,Óptica/Oftalmología premium,Peru,Lima,San Borja/Magdalena/Pueblo Libre,+51 983267342,51983267342,valid_format_only,No website found,,https://www.openstreetmap.org/node/13807061244
Clínica El Golf,Clínica estética,Peru,Lima,San Borja/Magdalena/Pueblo Libre,+511 6355000,5116355000,valid_format_only,Modern/official website found,https://www.sanna.pe/clinicas/el-golf-lima/informacion-general/,https://www.openstreetmap.org/way/129197997
Clinica Ricardo Palma,Clínica estética,Peru,Lima,San Borja/Magdalena/Pueblo Libre,+51 1 2242224,5112242224,valid_format_only,Modern/official website found,https://www.crp.com.pe/,https://www.openstreetmap.org/way/289515700
Centro de Salud Chacra Colorada,Clínica estética,Peru,Lima,San Borja/Magdalena/Pueblo Libre,+51 01 4231180;+51 01 3321256,51014231180,valid_format_only,No website found,,https://www.openstreetmap.org/way/320580690
Norky's,Restaurante boutique,Peru,Lima,San Borja/Magdalena/Pueblo Libre,+511 2423104,5112423104,valid_format_only,Modern/official website found,https://norkys.pe/,https://www.openstreetmap.org/way/361995976
Panchita,Restaurante boutique,Peru,Lima,San Borja/Magdalena/Pueblo Libre,+51 1 2425957,5112425957,valid_format_only,Modern/official website found,https://www.panchita.pe/,https://www.openstreetmap.org/way/361996067
La Mar,Restaurante boutique,Peru,Lima,San Borja/Magdalena/Pueblo Libre,+51 1 4213365,5114213365,valid_format_only,Modern/official website found,https://www.lamarcebicheria.com/es/Lima,https://www.openstreetmap.org/way/368855108
Clínica Santa Isabel,Clínica estética,Peru,Lima,San Borja/Magdalena/Pueblo Libre,+51 1 417 4100,5114174100,valid_format_only,Modern/official website found,https://www.clinicasantaisabel.com/,https://www.openstreetmap.org/way/399538210
Clínica Javier Prado,Clínica estética,Peru,Lima,San Borja/Magdalena/Pueblo Libre,+511 2114141,5112114141,valid_format_only,Modern/official website found,https://www.clinicajavierprado.com.pe/Inicio.aspx,https://www.openstreetmap.org/way/400891961
Mi Divorcio,Abogado migratorio,Peru,Lima,San Borja/Magdalena/Pueblo Libre,+51 1 637 8570,5116378570,valid_format_only,Modern/official website found,https://www.midivorcio.com.pe/,https://www.openstreetmap.org/way/400896937
Clínica Delgado,Clínica estética,Peru,Lima,San Borja/Magdalena/Pueblo Libre,+51 1 3777000,5113777000,valid_format_only,Modern/official website found,https://clinicadelgado.pe/,https://www.openstreetmap.org/way/405565200
Centro de Salud San Luis,Clínica estética,Peru,Lima,San Borja/Magdalena/Pueblo Libre,+511 4743865,5114743865,valid_format_only,No website found,,https://www.openstreetmap.org/way/415936150
José Antonio,Restaurante boutique,Peru,Lima,San Borja/Magdalena/Pueblo Libre,+511 3726868,5113726868,valid_format_only,Modern/official website found,https://www.joseantonio.com.pe/,https://www.openstreetmap.org/way/416304156
Munisalud San Borja,Clínica estética,Peru,Lima,San Borja/Magdalena/Pueblo Libre,+51 1 6125555,5116125555,valid_format_only,No website found,,https://www.openstreetmap.org/way/416304605
Las Canastas Miraflores,Restaurante boutique,Peru,Lima,San Borja/Magdalena/Pueblo Libre,+51 1 518 3000,5115183000,valid_format_only,Modern/official website found,https://www.lascanastas.com/,https://www.openstreetmap.org/way/435185148
Pescados Capitales,Restaurante boutique,Peru,Lima,San Borja/Magdalena/Pueblo Libre,+511 4218808,5114218808,valid_format_only,Modern/official website found,https://www.pescadoscapitales.com/,https://www.openstreetmap.org/way/435196861
Punto Marino,Restaurante boutique,Peru,Lima,San Borja/Magdalena/Pueblo Libre,+511 2212293,5112212293,valid_format_only,Modern/official website found,https://puntomarino.com/,https://www.openstreetmap.org/way/435197714
Sachún,Restaurante boutique,Peru,Lima,San Borja/Magdalena/Pueblo Libre,+511 4414465,5114414465,valid_format_only,No website found,,https://www.openstreetmap.org/way/435197715
Chifa He,Restaurante boutique,Peru,Lima,San Borja/Magdalena/Pueblo Libre,+51993545128,51993545128,valid_format_only,No website found,,https://www.openstreetmap.org/way/435208810
Restaurant Pecao Frito,Restaurante boutique,Peru,Lima,San Borja/Magdalena/Pueblo Libre,+51983410175,51983410175,valid_format_only,No website found,,https://www.openstreetmap.org/way/435210028
Rason,Restaurante boutique,Peru,Lima,San Borja/Magdalena/Pueblo Libre,+511 4229239,5114229239,valid_format_only,Modern/official website found,https://www.rasson.com.pe/,https://www.openstreetmap.org/way/435319545
El Mercado,Restaurante boutique,Peru,Lima,San Borja/Magdalena/Pueblo Libre,+51 2211322,51512211322,valid_format_only,Modern/official website found,http://www.rafaelosterling.pe/es/el-mercado.html,https://www.openstreetmap.org/way/435319546
La Preferida La Mar,Restaurante boutique,Peru,Lima,San Borja/Magdalena/Pueblo Libre,+51982265249,51982265249,valid_format_only,Modern/official website found,https://www.restaurantelapreferida.com/index.php,https://www.openstreetmap.org/way/435319548
Sabor Pez,Restaurante boutique,Peru,Lima,San Borja/Magdalena/Pueblo Libre,+511 2630058,5112630058,valid_format_only,No website found,,https://www.openstreetmap.org/way/435341455
Hanzo,Restaurante boutique,Peru,Lima,San Borja/Magdalena/Pueblo Libre,+511 4226367,5114226367,valid_format_only,Modern/official website found,http://hanzo.com.pe/,https://www.openstreetmap.org/way/435346081
El Pichito,Restaurante boutique,Peru,Lima,San Borja/Magdalena/Pueblo Libre,+51 1 330 4732,5113304732,valid_format_only,Modern/official website found,http://www.elpichito.pe,https://www.openstreetmap.org/way/435362245
Gladys,Restaurante boutique,Peru,Lima,San Borja/Magdalena/Pueblo Libre,+51 1 331 0753,5113310753,valid_format_only,No website found,,https://www.openstreetmap.org/way/435388433
Chifa Express,Restaurante boutique,Peru,Lima,San Borja/Magdalena/Pueblo Libre,+51 1 213 6688,5112136688,valid_format_only,No website found,,https://www.openstreetmap.org/way/435392439
Mr. Sushi,Restaurante boutique,Peru,Lima,San Borja/Magdalena/Pueblo Libre,+51 1 436 8282,5114368282,valid_format_only,No website found,,https://www.openstreetmap.org/way/435392441
Centro Odontológico,Dental,Peru,Lima,San Borja/Magdalena/Pueblo Libre,+51 1 6106400,5116106400,valid_format_only,Modern/official website found,http://centro.odontologico.cientifica.edu.pe/,https://www.openstreetmap.org/way/435673747
Tai-I vegetariano,Restaurante boutique,Peru,Lima,San Borja/Magdalena/Pueblo Libre,+511 4444625,5114444625,valid_format_only,No website found,,https://www.openstreetmap.org/way/435677046
Morelia,Restaurante boutique,Peru,Lima,San Borja/Magdalena/Pueblo Libre,+511 2427730,5112427730,valid_format_only,Modern/official website found,https://morelia.pe/,https://www.openstreetmap.org/way/435682725
Restaurante La Tranquera,Restaurante boutique,Peru,Lima,San Borja/Magdalena/Pueblo Libre,+511 44475111,51144475111,valid_format_only,Modern/official website found,https://www.restaurantelatranquera.com/,https://www.openstreetmap.org/way/435682726
Señor Limón,Restaurante boutique,Peru,Lima,San Borja/Magdalena/Pueblo Libre,+511 2218327,5112218327,valid_format_only,Modern/official website found,https://senorlimon.com/,https://www.openstreetmap.org/way/435684439
La Gorda,Restaurante boutique,Peru,Lima,San Borja/Magdalena/Pueblo Libre,+511 4474941,5114474941,valid_format_only,No website found,,https://www.openstreetmap.org/way/435685818
Punto Marisko,Restaurante boutique,Peru,Lima,San Borja/Magdalena/Pueblo Libre,+511 5213987,5115213987,valid_format_only,Modern/official website found,https://www.puntomarisko.com/,https://www.openstreetmap.org/way/435695415
Carnal Prime Steakhouse,Restaurante boutique,Peru,Lima,San Borja/Magdalena/Pueblo Libre,+511 2433088,5112433088,valid_format_only,Modern/official website found,https://www.carnalprime.com/,https://www.openstreetmap.org/way/435710338
El Señorio de Sulco,Restaurante boutique,Peru,Lima,San Borja/Magdalena/Pueblo Libre,+51 1 441 0183,5114410183,valid_format_only,Modern/official website found,https://www.senoriodesulco.com,https://www.openstreetmap.org/way/435713846
Chifa Palacio,Restaurante boutique,Peru,Lima,San Borja/Magdalena/Pueblo Libre,+511 222 0833,5112220833,valid_format_only,Modern/official website found,https://www.chifapalacio.com.pe/,https://www.openstreetmap.org/way/435841451
Baco y Vaca,Restaurante boutique,Peru,Lima,San Borja/Magdalena/Pueblo Libre,+511 2215586,5112215586,valid_format_only,Modern/official website found,https://bacoyvaca.pe/,https://www.openstreetmap.org/way/436257380
Chifa Haiya,Restaurante boutique,Peru,Lima,San Borja/Magdalena/Pueblo Libre,5023018,515023018,valid_format_only,No website found,,https://www.openstreetmap.org/way/436290273
Don Belisario,Restaurante boutique,Peru,Lima,San Borja/Magdalena/Pueblo Libre,+51 1 611 3333,5116113333,valid_format_only,No website found,,https://www.openstreetmap.org/way/436304460
Familia Chicken House,Restaurante boutique,Peru,Lima,San Borja/Magdalena/Pueblo Libre,+51 1 5964747,5115964747,valid_format_only,No website found,,https://www.openstreetmap.org/way/436448706
ICPNA - San Miguel,Academia privada,Peru,Lima,San Borja/Magdalena/Pueblo Libre,+51 1 7067000,5117067000,valid_format_only,Modern/official website found,https://www.icpna.edu.pe/,https://www.openstreetmap.org/way/436454980
Clínica San Gabriel,Clínica estética,Peru,Lima,San Borja/Magdalena/Pueblo Libre,+511 6142200,5116142200,valid_format_only,Modern/official website found,http://www.clinicasangabriel.com.pe/,https://www.openstreetmap.org/way/436457015
La Pagoda,Restaurante boutique,Peru,Lima,San Borja/Magdalena/Pueblo Libre,+511 4210800,5114210800,valid_format_only,No website found,,https://www.openstreetmap.org/way/436465809
Mis Costillas,Restaurante boutique,Peru,Lima,San Borja/Magdalena/Pueblo Libre,+511 7149091,5117149091,valid_format_only,Modern/official website found,http://www.miscostillitas.com/,https://www.openstreetmap.org/way/436572143
El Sillar,Restaurante boutique,Peru,Lima,San Borja/Magdalena/Pueblo Libre,+511 4462727,5114462727,valid_format_only,Modern/official website found,http://www.restauranteelsillar.com/,https://www.openstreetmap.org/way/436593037
Los Yutes,Restaurante boutique,Peru,Lima,San Borja/Magdalena/Pueblo Libre,+511 4472572,5114472572,valid_format_only,No website found,,https://www.openstreetmap.org/way/436609392
Chifa Hou Wha,Restaurante boutique,Peru,Lima,San Borja/Magdalena/Pueblo Libre,+51 1 4400442,5114400442,valid_format_only,Modern/official website found,https://chifahouwha.com.pe/,https://www.openstreetmap.org/way/436738984
Las Delicias,Restaurante boutique,Peru,Lima,San Borja/Magdalena/Pueblo Libre,+511 2220104,5112220104,valid_format_only,Modern/official website found,http://www.juguerialasdelicias.com/,https://www.openstreetmap.org/way/436743176
Mi Causa,Restaurante boutique,Peru,Lima,San Borja/Magdalena/Pueblo Libre,+511 2216955,5112216955,valid_format_only,No website found,,https://www.openstreetmap.org/way/436743177
Wasabi,Restaurante boutique,Peru,Lima,San Borja/Magdalena/Pueblo Libre,+511 4218882,5114218882,valid_format_only,Modern/official website found,https://www.wasabi.pe/,https://www.openstreetmap.org/way/436746389
Centro Medico Municipal Santa Cruz,Clínica estética,Peru,Lima,San Borja/Magdalena/Pueblo Libre,+511 2216698,5112216698,valid_format_only,No website found,,https://www.openstreetmap.org/way/436746393
Centro Médico Las Palmeras,Clínica estética,Peru,Lima,San Borja/Magdalena/Pueblo Libre,+511 4417140,5114417140,valid_format_only,No website found,,https://www.openstreetmap.org/way/436781698
Corralito,Restaurante boutique,Peru,Lima,San Borja/Magdalena/Pueblo Libre,+51 1 5643685,5115643685,valid_format_only,No website found,,https://www.openstreetmap.org/way/436787781
La Casa de España,Restaurante boutique,Peru,Lima,San Borja/Magdalena/Pueblo Libre,+51 1 4703456,5114703456,valid_format_only,Modern/official website found,http://www.lacasadeespana.com,https://www.openstreetmap.org/way/436788647
La Bodega de la Trattoria,Restaurante boutique,Peru,Lima,San Borja/Magdalena/Pueblo Libre,+51 1 4213638,5114213638,valid_format_only,Modern/official website found,https://labodegadelatrattoria.com/,https://www.openstreetmap.org/way/436797581
Elit,Dental,Peru,Lima,San Borja/Magdalena/Pueblo Libre,+51 1 261 8115,5112618115,valid_format_only,Modern/official website found,http://www.elitodontologico.com,https://www.openstreetmap.org/way/436905811
Chifa Dragon,Restaurante boutique,Peru,Lima,San Borja/Magdalena/Pueblo Libre,+511 2219851,5112219851,valid_format_only,No website found,,https://www.openstreetmap.org/way/436924639
La Concha Nostra,Restaurante boutique,Peru,Lima,San Borja/Magdalena/Pueblo Libre,+51 992784340,51992784340,valid_format_only,No website found,,https://www.openstreetmap.org/way/436924642
Asakusa Sushi Bar,Restaurante boutique,Peru,Lima,San Borja/Magdalena/Pueblo Libre,+51 1 3460222,5113460222,valid_format_only,No website found,,https://www.openstreetmap.org/way/437375626
Clínica SANNA San Borja,Clínica estética,Peru,Lima,San Borja/Magdalena/Pueblo Libre,+51 1 6355000,5116355000,valid_format_only,Modern/official website found,https://www.sanna.pe/clinicas/san-borja-lima/informacion-general/,https://www.openstreetmap.org/way/437671128
Clínica Internacional,Clínica estética,Peru,Lima,San Borja/Magdalena/Pueblo Libre,+51 1 619 6161,5116196161,valid_format_only,Modern/official website found,https://www.clinicainternacional.com.pe/sede/san-borja/,https://www.openstreetmap.org/way/437671129
Kilimanjaro,Restaurante boutique,Peru,Lima,San Borja/Magdalena/Pueblo Libre,+511 3727985,5113727985,valid_format_only,Modern/official website found,https://kilimanjarorestaurant.com/,https://www.openstreetmap.org/way/438428107
La Basílica 640,Restaurante boutique,Peru,Lima,San Borja/Magdalena/Pueblo Libre,+51 981427596,51981427596,valid_format_only,Modern/official website found,https://labasilica640.pe/,https://www.openstreetmap.org/way/438428855
Futuro Visión,Clínica estética,Peru,Lima,San Borja/Magdalena/Pueblo Libre,+511 417 5230,5114175230,valid_format_only,Modern/official website found,https://www.futurovision.com/,https://www.openstreetmap.org/way/438468188
Pescados Capitales,Restaurante boutique,Peru,Lima,San Borja/Magdalena/Pueblo Libre,+511 7179470,5117179470,valid_format_only,Modern/official website found,https://www.pescadoscapitales.com/,https://www.openstreetmap.org/way/438877774
Panchita,Restaurante boutique,Peru,Lima,San Borja/Magdalena/Pueblo Libre,+511 2425957,5112425957,valid_format_only,Modern/official website found,https://www.panchita.pe/,https://www.openstreetmap.org/way/438884699
La Bodega de la Trattoria,Restaurante boutique,Peru,Lima,San Borja/Magdalena/Pueblo Libre,+511 3727572,5113727572,valid_format_only,Modern/official website found,https://labodegadelatrattoria.com/,https://www.openstreetmap.org/way/438888991
东江餐馆自助餐,Restaurante boutique,Peru,Lima,San Borja/Magdalena/Pueblo Libre,+51 991472529,51991472529,valid_format_only,No website found,,https://www.openstreetmap.org/way/439054701
Las Tinajas,Restaurante boutique,Peru,Lima,San Borja/Magdalena/Pueblo Libre,+511 4750383,5114750383,valid_format_only,Modern/official website found,https://lastinajas.pe/,https://www.openstreetmap.org/way/439235127
El Lomito,Restaurante boutique,Peru,Lima,San Borja/Magdalena/Pueblo Libre,+5112258044,5112258044,valid_format_only,No website found,,https://www.openstreetmap.org/way/439755721
Clinica Santa Lucía,Clínica estética,Peru,Lima,San Borja/Magdalena/Pueblo Libre,+511 475240,51511475240,valid_format_only,Modern/official website found,https://www.clinicasantalucia.com.pe/,https://www.openstreetmap.org/way/465984932
Pizzeria La Romana,Restaurante boutique,Peru,Lima,San Borja/Magdalena/Pueblo Libre,+511 4766746,5114766746,valid_format_only,Modern/official website found,http://www.laromana.com.pe/laromana.htm,https://www.openstreetmap.org/way/485613865
Clínica San Juan de Dios,Clínica estética,Peru,Lima,San Borja/Magdalena/Pueblo Libre,+51 1 3191400;+51 944 576 008,5113191400,valid_format_only,Modern/official website found,http://clinicasanjuandedioslima.pe/,https://www.openstreetmap.org/way/503587132
Clínica Continental,Clínica estética,Peru,Lima,San Borja/Magdalena/Pueblo Libre,+511 2251665,5112251665,valid_format_only,Modern/official website found,https://clinicacontinental.com,https://www.openstreetmap.org/way/586436230
El Kapallaq,Restaurante boutique,Peru,Lima,San Borja/Magdalena/Pueblo Libre,+511 5179932,5115179932,valid_format_only,Modern/official website found,https://www.elkapallaq.pe/,https://www.openstreetmap.org/way/617647925
Puputi Restobart,Restaurante boutique,Peru,Lima,San Borja/Magdalena/Pueblo Libre,+51964942626,51964942626,valid_format_only,No website found,,https://www.openstreetmap.org/way/645030115
Centro de Atención Primaria III Surquillo,Clínica estética,Peru,Lima,San Borja/Magdalena/Pueblo Libre,+511 2656000,5112656000,valid_format_only,No website found,,https://www.openstreetmap.org/way/706744342
La Choza Náutica,Restaurante boutique,Peru,Lima,San Borja/Magdalena/Pueblo Libre,+51 1 4238087,5114238087,valid_format_only,No website found,,https://www.openstreetmap.org/way/721155563
La Choza Náutica,Restaurante boutique,Peru,Lima,San Borja/Magdalena/Pueblo Libre,+51 1 4238087,5114238087,valid_format_only,No website found,,https://www.openstreetmap.org/way/721155568
Centro de Salud Mirones,Clínica estética,Peru,Lima,San Borja/Magdalena/Pueblo Libre,+51 1 4253590,5114253590,valid_format_only,No website found,,https://www.openstreetmap.org/way/835384750
Centro de Salud San Sebastián,Clínica estética,Peru,Lima,San Borja/Magdalena/Pueblo Libre,+511 4251830,5114251830,valid_format_only,No website found,,https://www.openstreetmap.org/way/836187325
Restaurante Nodaji,Restaurante boutique,Peru,Lima,San Borja/Magdalena/Pueblo Libre,+511 4760093,5114760093,valid_format_only,Modern/official website found,https://www.perunodaji.com/,https://www.openstreetmap.org/way/967694943
Dental 505 S.A.C.,Dental,Peru,Lima,San Borja/Magdalena/Pueblo Libre,+51 953 077 636,51953077636,valid_format_only,Only Instagram/Facebook,https://linktr.ee/dental505.pe,https://www.openstreetmap.org/way/968534394
Corralito,Restaurante boutique,Peru,Lima,San Borja/Magdalena/Pueblo Libre,+51 1 3375335,5113375335,valid_format_only,No website found,,https://www.openstreetmap.org/way/1316556554
Clínica Anglo Americana,Clínica estética,Peru,Lima,San Borja/Magdalena/Pueblo Libre,(511) 616 8900,5116168900,valid_format_only,Modern/official website found,https://clinicaangloamericana.pe/,https://www.openstreetmap.org/way/1333389497
Chifa Win Wai,Restaurante boutique,Peru,Lima,San Borja/Magdalena/Pueblo Libre,+5112618131,5112618131,valid_format_only,No website found,,https://www.openstreetmap.org/way/1464862911
Sakura Express,Restaurante boutique,Chile,Santiago,Las Condes/Vitacura/Providencia/Ñuñoa,+5622170856,5622170856,valid_format_only,No website found,,https://www.openstreetmap.org/node/412332887
Liguria,Restaurante boutique,Chile,Santiago,Las Condes/Vitacura/Providencia/Ñuñoa,+56 2 22311393,56222311393,valid_format_only,No website found,,https://www.openstreetmap.org/node/474712677
Miguel Torres,Restaurante boutique,Chile,Santiago,Las Condes/Vitacura/Providencia/Ñuñoa,+56222429711,56222429711,valid_format_only,No website found,,https://www.openstreetmap.org/node/491450562
Mizu,Restaurante boutique,Chile,Santiago,Las Condes/Vitacura/Providencia/Ñuñoa,+5699340908,5699340908,valid_format_only,No website found,,https://www.openstreetmap.org/node/573689514
Cocoa,Restaurante boutique,Chile,Santiago,Las Condes/Vitacura/Providencia/Ñuñoa,+56222164833,56222164833,valid_format_only,No website found,,https://www.openstreetmap.org/node/595301317
Sakura,Restaurante boutique,Chile,Santiago,Las Condes/Vitacura/Providencia/Ñuñoa,+5622180130,5622180130,valid_format_only,No website found,,https://www.openstreetmap.org/node/600621180
