priority,score,business_name,niche,country,city,zone,normalized_phone,verification_status,message,homepage_url,whatsapp_url,message_char_count,encoded_url_length,url_validation_status,status,last_contacted,follow_up_date,response_status,notes
A,15,CADEVI,Clínica estética,Mexico,Ciudad de México,Lomas/Bosques/Polanco/Nápoles/San Ángel/Pedregal,525540692133,pending_manual_check,"Hola, buen día.

Somos Nexo Local Studio. Hacemos páginas web profesionales para negocios que quieren mostrar servicios, ubicación y contacto de forma clara desde el celular.

También podemos integrar un asistente con IA que responde preguntas frecuentes y guía al cliente hacia WhatsApp.

Pueden ver nuestra página aquí:
https://nexo-local-studio-public.vercel.app

Tenemos precios de lanzamiento desde $2,500 MXN. Si les interesa, podemos enviarles una propuesta breve.

Si prefieren no recibir más mensajes, respondan “baja”.",https://nexo-local-studio-public.vercel.app,https://wa.me/525540692133?text=Hola%2C%20buen%20d%C3%ADa.%0A%0ASomos%20Nexo%20Local%20Studio.%20Hacemos%20p%C3%A1ginas%20web%20profesionales%20para%20negocios%20que%20quieren%20mostrar%20servicios%2C%20ubicaci%C3%B3n%20y%20contacto%20de%20forma%20clara%20desde%20el%20celular.%0A%0ATambi%C3%A9n%20podemos%20integrar%20un%20asistente%20con%20IA%20que%20responde%20preguntas%20frecuentes%20y%20gu%C3%ADa%20al%20cliente%20hacia%20WhatsApp.%0A%0APueden%20ver%20nuestra%20p%C3%A1gina%20aqu%C3%AD%3A%0Ahttps%3A%2F%2Fnexo-local-studio-public.vercel.app%0A%0ATenemos%20precios%20de%20lanzamiento%20desde%20%242%2C500%20MXN.%20Si%20les%20interesa%2C%20podemos%20enviarles%20una%20propuesta%20breve.%0A%0ASi%20prefieren%20no%20recibir%20m%C3%A1s%20mensajes%2C%20respondan%20%E2%80%9Cbaja%E2%80%9D.,528,788,url_valid,blocked_not_verified,,,,El registro público de OpenStreetMap no incluye sitio web oficial. Fuente: OpenStreetMap. Rating/reseñas no disponibles en esta fuente.
A,15,Maternidad Santisima Trinidad,Clínica estética,Mexico,Ciudad de México,Lomas/Bosques/Polanco/Nápoles/San Ángel/Pedregal,525553018930,pending_manual_check,"Hola, buen día.

Somos Nexo Local Studio. Hacemos páginas web profesionales para negocios que quieren mostrar servicios, ubicación y contacto de forma clara desde el celular.

También podemos integrar un asistente con IA que responde preguntas frecuentes y guía al cliente hacia WhatsApp.

Pueden ver nuestra página aquí:
https://nexo-local-studio-public.vercel.app

Tenemos precios de lanzamiento desde $2,500 MXN. Si les interesa, podemos enviarles una propuesta breve.

Si prefieren no recibir más mensajes, respondan “baja”.",https://nexo-local-studio-public.vercel.app,https://wa.me/525553018930?text=Hola%2C%20buen%20d%C3%ADa.%0A%0ASomos%20Nexo%20Local%20Studio.%20Hacemos%20p%C3%A1ginas%20web%20profesionales%20para%20negocios%20que%20quieren%20mostrar%20servicios%2C%20ubicaci%C3%B3n%20y%20contacto%20de%20forma%20clara%20desde%20el%20celular.%0A%0ATambi%C3%A9n%20podemos%20integrar%20un%20asistente%20con%20IA%20que%20responde%20preguntas%20frecuentes%20y%20gu%C3%ADa%20al%20cliente%20hacia%20WhatsApp.%0A%0APueden%20ver%20nuestra%20p%C3%A1gina%20aqu%C3%AD%3A%0Ahttps%3A%2F%2Fnexo-local-studio-public.vercel.app%0A%0ATenemos%20precios%20de%20lanzamiento%20desde%20%242%2C500%20MXN.%20Si%20les%20interesa%2C%20podemos%20enviarles%20una%20propuesta%20breve.%0A%0ASi%20prefieren%20no%20recibir%20m%C3%A1s%20mensajes%2C%20respondan%20%E2%80%9Cbaja%E2%80%9D.,528,788,url_valid,blocked_not_verified,,,,El registro público de OpenStreetMap no incluye sitio web oficial. Fuente: OpenStreetMap. Rating/reseñas no disponibles en esta fuente.
A,15,Clinica San Martin De Porres,Clínica estética,Mexico,Ciudad de México,Lomas/Bosques/Polanco/Nápoles/San Ángel/Pedregal,525532697565,pending_manual_check,"Hola, buen día.

Somos Nexo Local Studio. Hacemos páginas web profesionales para negocios que quieren mostrar servicios, ubicación y contacto de forma clara desde el celular.

También podemos integrar un asistente con IA que responde preguntas frecuentes y guía al cliente hacia WhatsApp.

Pueden ver nuestra página aquí:
https://nexo-local-studio-public.vercel.app

Tenemos precios de lanzamiento desde $2,500 MXN. Si les interesa, podemos enviarles una propuesta breve.

Si prefieren no recibir más mensajes, respondan “baja”.",https://nexo-local-studio-public.vercel.app,https://wa.me/525532697565?text=Hola%2C%20buen%20d%C3%ADa.%0A%0ASomos%20Nexo%20Local%20Studio.%20Hacemos%20p%C3%A1ginas%20web%20profesionales%20para%20negocios%20que%20quieren%20mostrar%20servicios%2C%20ubicaci%C3%B3n%20y%20contacto%20de%20forma%20clara%20desde%20el%20celular.%0A%0ATambi%C3%A9n%20podemos%20integrar%20un%20asistente%20con%20IA%20que%20responde%20preguntas%20frecuentes%20y%20gu%C3%ADa%20al%20cliente%20hacia%20WhatsApp.%0A%0APueden%20ver%20nuestra%20p%C3%A1gina%20aqu%C3%AD%3A%0Ahttps%3A%2F%2Fnexo-local-studio-public.vercel.app%0A%0ATenemos%20precios%20de%20lanzamiento%20desde%20%242%2C500%20MXN.%20Si%20les%20interesa%2C%20podemos%20enviarles%20una%20propuesta%20breve.%0A%0ASi%20prefieren%20no%20recibir%20m%C3%A1s%20mensajes%2C%20respondan%20%E2%80%9Cbaja%E2%80%9D.,528,788,url_valid,blocked_not_verified,,,,El registro público de OpenStreetMap no incluye sitio web oficial. Fuente: OpenStreetMap. Rating/reseñas no disponibles en esta fuente.
A,15,Consultorio dental estética,Dental,Mexico,Ciudad de México,Lomas/Bosques/Polanco/Nápoles/San Ángel/Pedregal,525526416589,pending_manual_check,"Hola, buen día.

Somos Nexo Local Studio. Hacemos páginas web profesionales para negocios que quieren mostrar servicios, ubicación y contacto de forma clara desde el celular.

También podemos integrar un asistente con IA que responde preguntas frecuentes y guía al cliente hacia WhatsApp.

Pueden ver nuestra página aquí:
https://nexo-local-studio-public.vercel.app

Tenemos precios de lanzamiento desde $2,500 MXN. Si les interesa, podemos enviarles una propuesta breve.

Si prefieren no recibir más mensajes, respondan “baja”.",https://nexo-local-studio-public.vercel.app,https://wa.me/525526416589?text=Hola%2C%20buen%20d%C3%ADa.%0A%0ASomos%20Nexo%20Local%20Studio.%20Hacemos%20p%C3%A1ginas%20web%20profesionales%20para%20negocios%20que%20quieren%20mostrar%20servicios%2C%20ubicaci%C3%B3n%20y%20contacto%20de%20forma%20clara%20desde%20el%20celular.%0A%0ATambi%C3%A9n%20podemos%20integrar%20un%20asistente%20con%20IA%20que%20responde%20preguntas%20frecuentes%20y%20gu%C3%ADa%20al%20cliente%20hacia%20WhatsApp.%0A%0APueden%20ver%20nuestra%20p%C3%A1gina%20aqu%C3%AD%3A%0Ahttps%3A%2F%2Fnexo-local-studio-public.vercel.app%0A%0ATenemos%20precios%20de%20lanzamiento%20desde%20%242%2C500%20MXN.%20Si%20les%20interesa%2C%20podemos%20enviarles%20una%20propuesta%20breve.%0A%0ASi%20prefieren%20no%20recibir%20m%C3%A1s%20mensajes%2C%20respondan%20%E2%80%9Cbaja%E2%80%9D.,528,788,url_valid,blocked_not_verified,,,,El registro público de OpenStreetMap no incluye sitio web oficial. Fuente: OpenStreetMap. Rating/reseñas no disponibles en esta fuente.
A,15,Consultorio Dental Armenta,Dental,Mexico,Ciudad de México,Lomas/Bosques/Polanco/Nápoles/San Ángel/Pedregal,525526578032,pending_manual_check,"Hola, buen día.

Somos Nexo Local Studio. Hacemos páginas web profesionales para negocios que quieren mostrar servicios, ubicación y contacto de forma clara desde el celular.

También podemos integrar un asistente con IA que responde preguntas frecuentes y guía al cliente hacia WhatsApp.

Pueden ver nuestra página aquí:
https://nexo-local-studio-public.vercel.app

Tenemos precios de lanzamiento desde $2,500 MXN. Si les interesa, podemos enviarles una propuesta breve.

Si prefieren no recibir más mensajes, respondan “baja”.",https://nexo-local-studio-public.vercel.app,https://wa.me/525526578032?text=Hola%2C%20buen%20d%C3%ADa.%0A%0ASomos%20Nexo%20Local%20Studio.%20Hacemos%20p%C3%A1ginas%20web%20profesionales%20para%20negocios%20que%20quieren%20mostrar%20servicios%2C%20ubicaci%C3%B3n%20y%20contacto%20de%20forma%20clara%20desde%20el%20celular.%0A%0ATambi%C3%A9n%20podemos%20integrar%20un%20asistente%20con%20IA%20que%20responde%20preguntas%20frecuentes%20y%20gu%C3%ADa%20al%20cliente%20hacia%20WhatsApp.%0A%0APueden%20ver%20nuestra%20p%C3%A1gina%20aqu%C3%AD%3A%0Ahttps%3A%2F%2Fnexo-local-studio-public.vercel.app%0A%0ATenemos%20precios%20de%20lanzamiento%20desde%20%242%2C500%20MXN.%20Si%20les%20interesa%2C%20podemos%20enviarles%20una%20propuesta%20breve.%0A%0ASi%20prefieren%20no%20recibir%20m%C3%A1s%20mensajes%2C%20respondan%20%E2%80%9Cbaja%E2%80%9D.,528,788,url_valid,blocked_not_verified,,,,El registro público de OpenStreetMap no incluye sitio web oficial. Fuente: OpenStreetMap. Rating/reseñas no disponibles en esta fuente.
A,15,Campos,Dental,Mexico,Ciudad de México,Lomas/Bosques/Polanco/Nápoles/San Ángel/Pedregal,525555307843,pending_manual_check,"Hola, buen día.

Somos Nexo Local Studio. Hacemos páginas web profesionales para negocios que quieren mostrar servicios, ubicación y contacto de forma clara desde el celular.

También podemos integrar un asistente con IA que responde preguntas frecuentes y guía al cliente hacia WhatsApp.

Pueden ver nuestra página aquí:
https://nexo-local-studio-public.vercel.app

Tenemos precios de lanzamiento desde $2,500 MXN. Si les interesa, podemos enviarles una propuesta breve.

Si prefieren no recibir más mensajes, respondan “baja”.",https://nexo-local-studio-public.vercel.app,https://wa.me/525555307843?text=Hola%2C%20buen%20d%C3%ADa.%0A%0ASomos%20Nexo%20Local%20Studio.%20Hacemos%20p%C3%A1ginas%20web%20profesionales%20para%20negocios%20que%20quieren%20mostrar%20servicios%2C%20ubicaci%C3%B3n%20y%20contacto%20de%20forma%20clara%20desde%20el%20celular.%0A%0ATambi%C3%A9n%20podemos%20integrar%20un%20asistente%20con%20IA%20que%20responde%20preguntas%20frecuentes%20y%20gu%C3%ADa%20al%20cliente%20hacia%20WhatsApp.%0A%0APueden%20ver%20nuestra%20p%C3%A1gina%20aqu%C3%AD%3A%0Ahttps%3A%2F%2Fnexo-local-studio-public.vercel.app%0A%0ATenemos%20precios%20de%20lanzamiento%20desde%20%242%2C500%20MXN.%20Si%20les%20interesa%2C%20podemos%20enviarles%20una%20propuesta%20breve.%0A%0ASi%20prefieren%20no%20recibir%20m%C3%A1s%20mensajes%2C%20respondan%20%E2%80%9Cbaja%E2%80%9D.,528,788,url_valid,blocked_not_verified,,,,El registro público de OpenStreetMap no incluye sitio web oficial. Fuente: OpenStreetMap. Rating/reseñas no disponibles en esta fuente.
A,15,Consultorio Medico El Divino Redentor,Clínica estética,Mexico,Ciudad de México,Lomas/Bosques/Polanco/Nápoles/San Ángel/Pedregal,525553003102,pending_manual_check,"Hola, buen día.

Somos Nexo Local Studio. Hacemos páginas web profesionales para negocios que quieren mostrar servicios, ubicación y contacto de forma clara desde el celular.

También podemos integrar un asistente con IA que responde preguntas frecuentes y guía al cliente hacia WhatsApp.

Pueden ver nuestra página aquí:
https://nexo-local-studio-public.vercel.app

Tenemos precios de lanzamiento desde $2,500 MXN. Si les interesa, podemos enviarles una propuesta breve.

Si prefieren no recibir más mensajes, respondan “baja”.",https://nexo-local-studio-public.vercel.app,https://wa.me/525553003102?text=Hola%2C%20buen%20d%C3%ADa.%0A%0ASomos%20Nexo%20Local%20Studio.%20Hacemos%20p%C3%A1ginas%20web%20profesionales%20para%20negocios%20que%20quieren%20mostrar%20servicios%2C%20ubicaci%C3%B3n%20y%20contacto%20de%20forma%20clara%20desde%20el%20celular.%0A%0ATambi%C3%A9n%20podemos%20integrar%20un%20asistente%20con%20IA%20que%20responde%20preguntas%20frecuentes%20y%20gu%C3%ADa%20al%20cliente%20hacia%20WhatsApp.%0A%0APueden%20ver%20nuestra%20p%C3%A1gina%20aqu%C3%AD%3A%0Ahttps%3A%2F%2Fnexo-local-studio-public.vercel.app%0A%0ATenemos%20precios%20de%20lanzamiento%20desde%20%242%2C500%20MXN.%20Si%20les%20interesa%2C%20podemos%20enviarles%20una%20propuesta%20breve.%0A%0ASi%20prefieren%20no%20recibir%20m%C3%A1s%20mensajes%2C%20respondan%20%E2%80%9Cbaja%E2%80%9D.,528,788,url_valid,blocked_not_verified,,,,El registro público de OpenStreetMap no incluye sitio web oficial. Fuente: OpenStreetMap. Rating/reseñas no disponibles en esta fuente.
A,15,Clinica Milenium,Clínica estética,Mexico,Ciudad de México,Lomas/Bosques/Polanco/Nápoles/San Ángel/Pedregal,525553042495,pending_manual_check,"Hola, buen día.

Somos Nexo Local Studio. Hacemos páginas web profesionales para negocios que quieren mostrar servicios, ubicación y contacto de forma clara desde el celular.

También podemos integrar un asistente con IA que responde preguntas frecuentes y guía al cliente hacia WhatsApp.

Pueden ver nuestra página aquí:
https://nexo-local-studio-public.vercel.app

Tenemos precios de lanzamiento desde $2,500 MXN. Si les interesa, podemos enviarles una propuesta breve.

Si prefieren no recibir más mensajes, respondan “baja”.",https://nexo-local-studio-public.vercel.app,https://wa.me/525553042495?text=Hola%2C%20buen%20d%C3%ADa.%0A%0ASomos%20Nexo%20Local%20Studio.%20Hacemos%20p%C3%A1ginas%20web%20profesionales%20para%20negocios%20que%20quieren%20mostrar%20servicios%2C%20ubicaci%C3%B3n%20y%20contacto%20de%20forma%20clara%20desde%20el%20celular.%0A%0ATambi%C3%A9n%20podemos%20integrar%20un%20asistente%20con%20IA%20que%20responde%20preguntas%20frecuentes%20y%20gu%C3%ADa%20al%20cliente%20hacia%20WhatsApp.%0A%0APueden%20ver%20nuestra%20p%C3%A1gina%20aqu%C3%AD%3A%0Ahttps%3A%2F%2Fnexo-local-studio-public.vercel.app%0A%0ATenemos%20precios%20de%20lanzamiento%20desde%20%242%2C500%20MXN.%20Si%20les%20interesa%2C%20podemos%20enviarles%20una%20propuesta%20breve.%0A%0ASi%20prefieren%20no%20recibir%20m%C3%A1s%20mensajes%2C%20respondan%20%E2%80%9Cbaja%E2%80%9D.,528,788,url_valid,blocked_not_verified,,,,El registro público de OpenStreetMap no incluye sitio web oficial. Fuente: OpenStreetMap. Rating/reseñas no disponibles en esta fuente.
A,15,Consultorio dental Nami,Dental,Mexico,Ciudad de México,Lomas/Bosques/Polanco/Nápoles/San Ángel/Pedregal,525535521501,pending_manual_check,"Hola, buen día.

Somos Nexo Local Studio. Hacemos páginas web profesionales para negocios que quieren mostrar servicios, ubicación y contacto de forma clara desde el celular.

También podemos integrar un asistente con IA que responde preguntas frecuentes y guía al cliente hacia WhatsApp.

Pueden ver nuestra página aquí:
https://nexo-local-studio-public.vercel.app

Tenemos precios de lanzamiento desde $2,500 MXN. Si les interesa, podemos enviarles una propuesta breve.

Si prefieren no recibir más mensajes, respondan “baja”.",https://nexo-local-studio-public.vercel.app,https://wa.me/525535521501?text=Hola%2C%20buen%20d%C3%ADa.%0A%0ASomos%20Nexo%20Local%20Studio.%20Hacemos%20p%C3%A1ginas%20web%20profesionales%20para%20negocios%20que%20quieren%20mostrar%20servicios%2C%20ubicaci%C3%B3n%20y%20contacto%20de%20forma%20clara%20desde%20el%20celular.%0A%0ATambi%C3%A9n%20podemos%20integrar%20un%20asistente%20con%20IA%20que%20responde%20preguntas%20frecuentes%20y%20gu%C3%ADa%20al%20cliente%20hacia%20WhatsApp.%0A%0APueden%20ver%20nuestra%20p%C3%A1gina%20aqu%C3%AD%3A%0Ahttps%3A%2F%2Fnexo-local-studio-public.vercel.app%0A%0ATenemos%20precios%20de%20lanzamiento%20desde%20%242%2C500%20MXN.%20Si%20les%20interesa%2C%20podemos%20enviarles%20una%20propuesta%20breve.%0A%0ASi%20prefieren%20no%20recibir%20m%C3%A1s%20mensajes%2C%20respondan%20%E2%80%9Cbaja%E2%80%9D.,528,788,url_valid,blocked_not_verified,,,,El registro público de OpenStreetMap no incluye sitio web oficial. Fuente: OpenStreetMap. Rating/reseñas no disponibles en esta fuente.
A,15,Clinica de unidad médica integral,Clínica estética,Mexico,Ciudad de México,Lomas/Bosques/Polanco/Nápoles/San Ángel/Pedregal,525553041280,pending_manual_check,"Hola, buen día.

Somos Nexo Local Studio. Hacemos páginas web profesionales para negocios que quieren mostrar servicios, ubicación y contacto de forma clara desde el celular.

También podemos integrar un asistente con IA que responde preguntas frecuentes y guía al cliente hacia WhatsApp.

Pueden ver nuestra página aquí:
https://nexo-local-studio-public.vercel.app

Tenemos precios de lanzamiento desde $2,500 MXN. Si les interesa, podemos enviarles una propuesta breve.

Si prefieren no recibir más mensajes, respondan “baja”.",https://nexo-local-studio-public.vercel.app,https://wa.me/525553041280?text=Hola%2C%20buen%20d%C3%ADa.%0A%0ASomos%20Nexo%20Local%20Studio.%20Hacemos%20p%C3%A1ginas%20web%20profesionales%20para%20negocios%20que%20quieren%20mostrar%20servicios%2C%20ubicaci%C3%B3n%20y%20contacto%20de%20forma%20clara%20desde%20el%20celular.%0A%0ATambi%C3%A9n%20podemos%20integrar%20un%20asistente%20con%20IA%20que%20responde%20preguntas%20frecuentes%20y%20gu%C3%ADa%20al%20cliente%20hacia%20WhatsApp.%0A%0APueden%20ver%20nuestra%20p%C3%A1gina%20aqu%C3%AD%3A%0Ahttps%3A%2F%2Fnexo-local-studio-public.vercel.app%0A%0ATenemos%20precios%20de%20lanzamiento%20desde%20%242%2C500%20MXN.%20Si%20les%20interesa%2C%20podemos%20enviarles%20una%20propuesta%20breve.%0A%0ASi%20prefieren%20no%20recibir%20m%C3%A1s%20mensajes%2C%20respondan%20%E2%80%9Cbaja%E2%80%9D.,528,788,url_valid,blocked_not_verified,,,,El registro público de OpenStreetMap no incluye sitio web oficial. Fuente: OpenStreetMap. Rating/reseñas no disponibles en esta fuente.
A,15,Consultorio Medico Homeopatico,Clínica estética,Mexico,Ciudad de México,Lomas/Bosques/Polanco/Nápoles/San Ángel/Pedregal,525532026600,pending_manual_check,"Hola, buen día.

Somos Nexo Local Studio. Hacemos páginas web profesionales para negocios que quieren mostrar servicios, ubicación y contacto de forma clara desde el celular.

También podemos integrar un asistente con IA que responde preguntas frecuentes y guía al cliente hacia WhatsApp.

Pueden ver nuestra página aquí:
https://nexo-local-studio-public.vercel.app

Tenemos precios de lanzamiento desde $2,500 MXN. Si les interesa, podemos enviarles una propuesta breve.

Si prefieren no recibir más mensajes, respondan “baja”.",https://nexo-local-studio-public.vercel.app,https://wa.me/525532026600?text=Hola%2C%20buen%20d%C3%ADa.%0A%0ASomos%20Nexo%20Local%20Studio.%20Hacemos%20p%C3%A1ginas%20web%20profesionales%20para%20negocios%20que%20quieren%20mostrar%20servicios%2C%20ubicaci%C3%B3n%20y%20contacto%20de%20forma%20clara%20desde%20el%20celular.%0A%0ATambi%C3%A9n%20podemos%20integrar%20un%20asistente%20con%20IA%20que%20responde%20preguntas%20frecuentes%20y%20gu%C3%ADa%20al%20cliente%20hacia%20WhatsApp.%0A%0APueden%20ver%20nuestra%20p%C3%A1gina%20aqu%C3%AD%3A%0Ahttps%3A%2F%2Fnexo-local-studio-public.vercel.app%0A%0ATenemos%20precios%20de%20lanzamiento%20desde%20%242%2C500%20MXN.%20Si%20les%20interesa%2C%20podemos%20enviarles%20una%20propuesta%20breve.%0A%0ASi%20prefieren%20no%20recibir%20m%C3%A1s%20mensajes%2C%20respondan%20%E2%80%9Cbaja%E2%80%9D.,528,788,url_valid,blocked_not_verified,,,,El registro público de OpenStreetMap no incluye sitio web oficial. Fuente: OpenStreetMap. Rating/reseñas no disponibles en esta fuente.
A,15,Botiquín Médico Parroquia De Nuestra Señora De Guadalupe,Clínica estética,Mexico,Ciudad de México,Lomas/Bosques/Polanco/Nápoles/San Ángel/Pedregal,525552950199,pending_manual_check,"Hola, buen día.

Somos Nexo Local Studio. Hacemos páginas web profesionales para negocios que quieren mostrar servicios, ubicación y contacto de forma clara desde el celular.

También podemos integrar un asistente con IA que responde preguntas frecuentes y guía al cliente hacia WhatsApp.

Pueden ver nuestra página aquí:
https://nexo-local-studio-public.vercel.app

Tenemos precios de lanzamiento desde $2,500 MXN. Si les interesa, podemos enviarles una propuesta breve.

Si prefieren no recibir más mensajes, respondan “baja”.",https://nexo-local-studio-public.vercel.app,https://wa.me/525552950199?text=Hola%2C%20buen%20d%C3%ADa.%0A%0ASomos%20Nexo%20Local%20Studio.%20Hacemos%20p%C3%A1ginas%20web%20profesionales%20para%20negocios%20que%20quieren%20mostrar%20servicios%2C%20ubicaci%C3%B3n%20y%20contacto%20de%20forma%20clara%20desde%20el%20celular.%0A%0ATambi%C3%A9n%20podemos%20integrar%20un%20asistente%20con%20IA%20que%20responde%20preguntas%20frecuentes%20y%20gu%C3%ADa%20al%20cliente%20hacia%20WhatsApp.%0A%0APueden%20ver%20nuestra%20p%C3%A1gina%20aqu%C3%AD%3A%0Ahttps%3A%2F%2Fnexo-local-studio-public.vercel.app%0A%0ATenemos%20precios%20de%20lanzamiento%20desde%20%242%2C500%20MXN.%20Si%20les%20interesa%2C%20podemos%20enviarles%20una%20propuesta%20breve.%0A%0ASi%20prefieren%20no%20recibir%20m%C3%A1s%20mensajes%2C%20respondan%20%E2%80%9Cbaja%E2%80%9D.,528,788,url_valid,blocked_not_verified,,,,El registro público de OpenStreetMap no incluye sitio web oficial. Fuente: OpenStreetMap. Rating/reseñas no disponibles en esta fuente.
A,15,Consultorio Dental Salud Dental,Dental,Mexico,Ciudad de México,Lomas/Bosques/Polanco/Nápoles/San Ángel/Pedregal,525571137640,pending_manual_check,"Hola, buen día.

Somos Nexo Local Studio. Hacemos páginas web profesionales para negocios que quieren mostrar servicios, ubicación y contacto de forma clara desde el celular.

También podemos integrar un asistente con IA que responde preguntas frecuentes y guía al cliente hacia WhatsApp.

Pueden ver nuestra página aquí:
https://nexo-local-studio-public.vercel.app

Tenemos precios de lanzamiento desde $2,500 MXN. Si les interesa, podemos enviarles una propuesta breve.

Si prefieren no recibir más mensajes, respondan “baja”.",https://nexo-local-studio-public.vercel.app,https://wa.me/525571137640?text=Hola%2C%20buen%20d%C3%ADa.%0A%0ASomos%20Nexo%20Local%20Studio.%20Hacemos%20p%C3%A1ginas%20web%20profesionales%20para%20negocios%20que%20quieren%20mostrar%20servicios%2C%20ubicaci%C3%B3n%20y%20contacto%20de%20forma%20clara%20desde%20el%20celular.%0A%0ATambi%C3%A9n%20podemos%20integrar%20un%20asistente%20con%20IA%20que%20responde%20preguntas%20frecuentes%20y%20gu%C3%ADa%20al%20cliente%20hacia%20WhatsApp.%0A%0APueden%20ver%20nuestra%20p%C3%A1gina%20aqu%C3%AD%3A%0Ahttps%3A%2F%2Fnexo-local-studio-public.vercel.app%0A%0ATenemos%20precios%20de%20lanzamiento%20desde%20%242%2C500%20MXN.%20Si%20les%20interesa%2C%20podemos%20enviarles%20una%20propuesta%20breve.%0A%0ASi%20prefieren%20no%20recibir%20m%C3%A1s%20mensajes%2C%20respondan%20%E2%80%9Cbaja%E2%80%9D.,528,788,url_valid,blocked_not_verified,,,,El registro público de OpenStreetMap no incluye sitio web oficial. Fuente: OpenStreetMap. Rating/reseñas no disponibles en esta fuente.
A,15,Consultorio Dental La Loma,Dental,Mexico,Ciudad de México,Lomas/Bosques/Polanco/Nápoles/San Ángel/Pedregal,525523005216,pending_manual_check,"Hola, buen día.

Somos Nexo Local Studio. Hacemos páginas web profesionales para negocios que quieren mostrar servicios, ubicación y contacto de forma clara desde el celular.

También podemos integrar un asistente con IA que responde preguntas frecuentes y guía al cliente hacia WhatsApp.

Pueden ver nuestra página aquí:
https://nexo-local-studio-public.vercel.app

Tenemos precios de lanzamiento desde $2,500 MXN. Si les interesa, podemos enviarles una propuesta breve.

Si prefieren no recibir más mensajes, respondan “baja”.",https://nexo-local-studio-public.vercel.app,https://wa.me/525523005216?text=Hola%2C%20buen%20d%C3%ADa.%0A%0ASomos%20Nexo%20Local%20Studio.%20Hacemos%20p%C3%A1ginas%20web%20profesionales%20para%20negocios%20que%20quieren%20mostrar%20servicios%2C%20ubicaci%C3%B3n%20y%20contacto%20de%20forma%20clara%20desde%20el%20celular.%0A%0ATambi%C3%A9n%20podemos%20integrar%20un%20asistente%20con%20IA%20que%20responde%20preguntas%20frecuentes%20y%20gu%C3%ADa%20al%20cliente%20hacia%20WhatsApp.%0A%0APueden%20ver%20nuestra%20p%C3%A1gina%20aqu%C3%AD%3A%0Ahttps%3A%2F%2Fnexo-local-studio-public.vercel.app%0A%0ATenemos%20precios%20de%20lanzamiento%20desde%20%242%2C500%20MXN.%20Si%20les%20interesa%2C%20podemos%20enviarles%20una%20propuesta%20breve.%0A%0ASi%20prefieren%20no%20recibir%20m%C3%A1s%20mensajes%2C%20respondan%20%E2%80%9Cbaja%E2%80%9D.,528,788,url_valid,blocked_not_verified,,,,El registro público de OpenStreetMap no incluye sitio web oficial. Fuente: OpenStreetMap. Rating/reseñas no disponibles en esta fuente.
A,15,Consultorio Medico Country,Clínica estética,Mexico,Ciudad de México,Lomas/Bosques/Polanco/Nápoles/San Ángel/Pedregal,525554547182,pending_manual_check,"Hola, buen día.

Somos Nexo Local Studio. Hacemos páginas web profesionales para negocios que quieren mostrar servicios, ubicación y contacto de forma clara desde el celular.

También podemos integrar un asistente con IA que responde preguntas frecuentes y guía al cliente hacia WhatsApp.

Pueden ver nuestra página aquí:
https://nexo-local-studio-public.vercel.app

Tenemos precios de lanzamiento desde $2,500 MXN. Si les interesa, podemos enviarles una propuesta breve.

Si prefieren no recibir más mensajes, respondan “baja”.",https://nexo-local-studio-public.vercel.app,https://wa.me/525554547182?text=Hola%2C%20buen%20d%C3%ADa.%0A%0ASomos%20Nexo%20Local%20Studio.%20Hacemos%20p%C3%A1ginas%20web%20profesionales%20para%20negocios%20que%20quieren%20mostrar%20servicios%2C%20ubicaci%C3%B3n%20y%20contacto%20de%20forma%20clara%20desde%20el%20celular.%0A%0ATambi%C3%A9n%20podemos%20integrar%20un%20asistente%20con%20IA%20que%20responde%20preguntas%20frecuentes%20y%20gu%C3%ADa%20al%20cliente%20hacia%20WhatsApp.%0A%0APueden%20ver%20nuestra%20p%C3%A1gina%20aqu%C3%AD%3A%0Ahttps%3A%2F%2Fnexo-local-studio-public.vercel.app%0A%0ATenemos%20precios%20de%20lanzamiento%20desde%20%242%2C500%20MXN.%20Si%20les%20interesa%2C%20podemos%20enviarles%20una%20propuesta%20breve.%0A%0ASi%20prefieren%20no%20recibir%20m%C3%A1s%20mensajes%2C%20respondan%20%E2%80%9Cbaja%E2%80%9D.,528,788,url_valid,blocked_not_verified,,,,El registro público de OpenStreetMap no incluye sitio web oficial. Fuente: OpenStreetMap. Rating/reseñas no disponibles en esta fuente.
A,15,Consultorio Dental Juarez,Dental,Mexico,Ciudad de México,Lomas/Bosques/Polanco/Nápoles/San Ángel/Pedregal,525553120846,pending_manual_check,"Hola, buen día.

Somos Nexo Local Studio. Hacemos páginas web profesionales para negocios que quieren mostrar servicios, ubicación y contacto de forma clara desde el celular.

También podemos integrar un asistente con IA que responde preguntas frecuentes y guía al cliente hacia WhatsApp.

Pueden ver nuestra página aquí:
https://nexo-local-studio-public.vercel.app

Tenemos precios de lanzamiento desde $2,500 MXN. Si les interesa, podemos enviarles una propuesta breve.

Si prefieren no recibir más mensajes, respondan “baja”.",https://nexo-local-studio-public.vercel.app,https://wa.me/525553120846?text=Hola%2C%20buen%20d%C3%ADa.%0A%0ASomos%20Nexo%20Local%20Studio.%20Hacemos%20p%C3%A1ginas%20web%20profesionales%20para%20negocios%20que%20quieren%20mostrar%20servicios%2C%20ubicaci%C3%B3n%20y%20contacto%20de%20forma%20clara%20desde%20el%20celular.%0A%0ATambi%C3%A9n%20podemos%20integrar%20un%20asistente%20con%20IA%20que%20responde%20preguntas%20frecuentes%20y%20gu%C3%ADa%20al%20cliente%20hacia%20WhatsApp.%0A%0APueden%20ver%20nuestra%20p%C3%A1gina%20aqu%C3%AD%3A%0Ahttps%3A%2F%2Fnexo-local-studio-public.vercel.app%0A%0ATenemos%20precios%20de%20lanzamiento%20desde%20%242%2C500%20MXN.%20Si%20les%20interesa%2C%20podemos%20enviarles%20una%20propuesta%20breve.%0A%0ASi%20prefieren%20no%20recibir%20m%C3%A1s%20mensajes%2C%20respondan%20%E2%80%9Cbaja%E2%80%9D.,528,788,url_valid,blocked_not_verified,,,,El registro público de OpenStreetMap no incluye sitio web oficial. Fuente: OpenStreetMap. Rating/reseñas no disponibles en esta fuente.
A,14,Óptica Aris Visión,Óptica/Oftalmología premium,Mexico,Ciudad de México,Lomas/Bosques/Polanco/Nápoles/San Ángel/Pedregal,525553044557,pending_manual_check,"Hola, buen día.

Somos Nexo Local Studio. Hacemos páginas web profesionales para negocios que quieren mostrar servicios, ubicación y contacto de forma clara desde el celular.

También podemos integrar un asistente con IA que responde preguntas frecuentes y guía al cliente hacia WhatsApp.

Pueden ver nuestra página aquí:
https://nexo-local-studio-public.vercel.app

Tenemos precios de lanzamiento desde $2,500 MXN. Si les interesa, podemos enviarles una propuesta breve.

Si prefieren no recibir más mensajes, respondan “baja”.",https://nexo-local-studio-public.vercel.app,https://wa.me/525553044557?text=Hola%2C%20buen%20d%C3%ADa.%0A%0ASomos%20Nexo%20Local%20Studio.%20Hacemos%20p%C3%A1ginas%20web%20profesionales%20para%20negocios%20que%20quieren%20mostrar%20servicios%2C%20ubicaci%C3%B3n%20y%20contacto%20de%20forma%20clara%20desde%20el%20celular.%0A%0ATambi%C3%A9n%20podemos%20integrar%20un%20asistente%20con%20IA%20que%20responde%20preguntas%20frecuentes%20y%20gu%C3%ADa%20al%20cliente%20hacia%20WhatsApp.%0A%0APueden%20ver%20nuestra%20p%C3%A1gina%20aqu%C3%AD%3A%0Ahttps%3A%2F%2Fnexo-local-studio-public.vercel.app%0A%0ATenemos%20precios%20de%20lanzamiento%20desde%20%242%2C500%20MXN.%20Si%20les%20interesa%2C%20podemos%20enviarles%20una%20propuesta%20breve.%0A%0ASi%20prefieren%20no%20recibir%20m%C3%A1s%20mensajes%2C%20respondan%20%E2%80%9Cbaja%E2%80%9D.,528,788,url_valid,blocked_not_verified,,,,El registro público de OpenStreetMap no incluye sitio web oficial. Fuente: OpenStreetMap. Rating/reseñas no disponibles en esta fuente.
B,12,Taquería El Pastorcito Suzo,Restaurante boutique,Mexico,Ciudad de México,Lomas/Bosques/Polanco/Nápoles/San Ángel/Pedregal,525555166955,pending_manual_check,"Hola, buen día.

Somos Nexo Local Studio. Hacemos páginas web profesionales para negocios que quieren mostrar servicios, ubicación y contacto de forma clara desde el celular.

También podemos integrar un asistente con IA que responde preguntas frecuentes y guía al cliente hacia WhatsApp.

Pueden ver nuestra página aquí:
https://nexo-local-studio-public.vercel.app

Tenemos precios de lanzamiento desde $2,500 MXN. Si les interesa, podemos enviarles una propuesta breve.

Si prefieren no recibir más mensajes, respondan “baja”.",https://nexo-local-studio-public.vercel.app,https://wa.me/525555166955?text=Hola%2C%20buen%20d%C3%ADa.%0A%0ASomos%20Nexo%20Local%20Studio.%20Hacemos%20p%C3%A1ginas%20web%20profesionales%20para%20negocios%20que%20quieren%20mostrar%20servicios%2C%20ubicaci%C3%B3n%20y%20contacto%20de%20forma%20clara%20desde%20el%20celular.%0A%0ATambi%C3%A9n%20podemos%20integrar%20un%20asistente%20con%20IA%20que%20responde%20preguntas%20frecuentes%20y%20gu%C3%ADa%20al%20cliente%20hacia%20WhatsApp.%0A%0APueden%20ver%20nuestra%20p%C3%A1gina%20aqu%C3%AD%3A%0Ahttps%3A%2F%2Fnexo-local-studio-public.vercel.app%0A%0ATenemos%20precios%20de%20lanzamiento%20desde%20%242%2C500%20MXN.%20Si%20les%20interesa%2C%20podemos%20enviarles%20una%20propuesta%20breve.%0A%0ASi%20prefieren%20no%20recibir%20m%C3%A1s%20mensajes%2C%20respondan%20%E2%80%9Cbaja%E2%80%9D.,528,788,url_valid,blocked_not_verified,,,,El registro público de OpenStreetMap no incluye sitio web oficial. Fuente: OpenStreetMap. Rating/reseñas no disponibles en esta fuente.
B,12,El Habanerito,Restaurante boutique,Mexico,Ciudad de México,Lomas/Bosques/Polanco/Nápoles/San Ángel/Pedregal,525573145653,pending_manual_check,"Hola, buen día.

Somos Nexo Local Studio. Hacemos páginas web profesionales para negocios que quieren mostrar servicios, ubicación y contacto de forma clara desde el celular.

También podemos integrar un asistente con IA que responde preguntas frecuentes y guía al cliente hacia WhatsApp.

Pueden ver nuestra página aquí:
https://nexo-local-studio-public.vercel.app

Tenemos precios de lanzamiento desde $2,500 MXN. Si les interesa, podemos enviarles una propuesta breve.

Si prefieren no recibir más mensajes, respondan “baja”.",https://nexo-local-studio-public.vercel.app,https://wa.me/525573145653?text=Hola%2C%20buen%20d%C3%ADa.%0A%0ASomos%20Nexo%20Local%20Studio.%20Hacemos%20p%C3%A1ginas%20web%20profesionales%20para%20negocios%20que%20quieren%20mostrar%20servicios%2C%20ubicaci%C3%B3n%20y%20contacto%20de%20forma%20clara%20desde%20el%20celular.%0A%0ATambi%C3%A9n%20podemos%20integrar%20un%20asistente%20con%20IA%20que%20responde%20preguntas%20frecuentes%20y%20gu%C3%ADa%20al%20cliente%20hacia%20WhatsApp.%0A%0APueden%20ver%20nuestra%20p%C3%A1gina%20aqu%C3%AD%3A%0Ahttps%3A%2F%2Fnexo-local-studio-public.vercel.app%0A%0ATenemos%20precios%20de%20lanzamiento%20desde%20%242%2C500%20MXN.%20Si%20les%20interesa%2C%20podemos%20enviarles%20una%20propuesta%20breve.%0A%0ASi%20prefieren%20no%20recibir%20m%C3%A1s%20mensajes%2C%20respondan%20%E2%80%9Cbaja%E2%80%9D.,528,788,url_valid,blocked_not_verified,,,,El registro público de OpenStreetMap no incluye sitio web oficial. Fuente: OpenStreetMap. Rating/reseñas no disponibles en esta fuente.
B,12,Optica Mili,Óptica/Oftalmología premium,Mexico,Huixquilucan,Interlomas/Zona Esmeralda,525518450207,pending_manual_check,"Hola, buen día.

Somos Nexo Local Studio. Hacemos páginas web profesionales para negocios que quieren mostrar servicios, ubicación y contacto de forma clara desde el celular.

También podemos integrar un asistente con IA que responde preguntas frecuentes y guía al cliente hacia WhatsApp.

Pueden ver nuestra página aquí:
https://nexo-local-studio-public.vercel.app

Tenemos precios de lanzamiento desde $2,500 MXN. Si les interesa, podemos enviarles una propuesta breve.

Si prefieren no recibir más mensajes, respondan “baja”.",https://nexo-local-studio-public.vercel.app,https://wa.me/525518450207?text=Hola%2C%20buen%20d%C3%ADa.%0A%0ASomos%20Nexo%20Local%20Studio.%20Hacemos%20p%C3%A1ginas%20web%20profesionales%20para%20negocios%20que%20quieren%20mostrar%20servicios%2C%20ubicaci%C3%B3n%20y%20contacto%20de%20forma%20clara%20desde%20el%20celular.%0A%0ATambi%C3%A9n%20podemos%20integrar%20un%20asistente%20con%20IA%20que%20responde%20preguntas%20frecuentes%20y%20gu%C3%ADa%20al%20cliente%20hacia%20WhatsApp.%0A%0APueden%20ver%20nuestra%20p%C3%A1gina%20aqu%C3%AD%3A%0Ahttps%3A%2F%2Fnexo-local-studio-public.vercel.app%0A%0ATenemos%20precios%20de%20lanzamiento%20desde%20%242%2C500%20MXN.%20Si%20les%20interesa%2C%20podemos%20enviarles%20una%20propuesta%20breve.%0A%0ASi%20prefieren%20no%20recibir%20m%C3%A1s%20mensajes%2C%20respondan%20%E2%80%9Cbaja%E2%80%9D.,528,788,url_valid,blocked_not_verified,,,,El registro público de OpenStreetMap no incluye sitio web oficial. Fuente: OpenStreetMap. Rating/reseñas no disponibles en esta fuente.
B,12,Optica Creacion Visual,Óptica/Oftalmología premium,Mexico,Huixquilucan,Interlomas/Zona Esmeralda,525553026968,pending_manual_check,"Hola, buen día.

Somos Nexo Local Studio. Hacemos páginas web profesionales para negocios que quieren mostrar servicios, ubicación y contacto de forma clara desde el celular.

También podemos integrar un asistente con IA que responde preguntas frecuentes y guía al cliente hacia WhatsApp.

Pueden ver nuestra página aquí:
https://nexo-local-studio-public.vercel.app

Tenemos precios de lanzamiento desde $2,500 MXN. Si les interesa, podemos enviarles una propuesta breve.

Si prefieren no recibir más mensajes, respondan “baja”.",https://nexo-local-studio-public.vercel.app,https://wa.me/525553026968?text=Hola%2C%20buen%20d%C3%ADa.%0A%0ASomos%20Nexo%20Local%20Studio.%20Hacemos%20p%C3%A1ginas%20web%20profesionales%20para%20negocios%20que%20quieren%20mostrar%20servicios%2C%20ubicaci%C3%B3n%20y%20contacto%20de%20forma%20clara%20desde%20el%20celular.%0A%0ATambi%C3%A9n%20podemos%20integrar%20un%20asistente%20con%20IA%20que%20responde%20preguntas%20frecuentes%20y%20gu%C3%ADa%20al%20cliente%20hacia%20WhatsApp.%0A%0APueden%20ver%20nuestra%20p%C3%A1gina%20aqu%C3%AD%3A%0Ahttps%3A%2F%2Fnexo-local-studio-public.vercel.app%0A%0ATenemos%20precios%20de%20lanzamiento%20desde%20%242%2C500%20MXN.%20Si%20les%20interesa%2C%20podemos%20enviarles%20una%20propuesta%20breve.%0A%0ASi%20prefieren%20no%20recibir%20m%C3%A1s%20mensajes%2C%20respondan%20%E2%80%9Cbaja%E2%80%9D.,528,788,url_valid,blocked_not_verified,,,,El registro público de OpenStreetMap no incluye sitio web oficial. Fuente: OpenStreetMap. Rating/reseñas no disponibles en esta fuente.
B,13,Dental Familiar Angeles,Dental,Mexico,Huixquilucan,Interlomas/Zona Esmeralda,525514767073,pending_manual_check,"Hola, buen día.

Somos Nexo Local Studio. Hacemos páginas web profesionales para negocios que quieren mostrar servicios, ubicación y contacto de forma clara desde el celular.

También podemos integrar un asistente con IA que responde preguntas frecuentes y guía al cliente hacia WhatsApp.

Pueden ver nuestra página aquí:
https://nexo-local-studio-public.vercel.app

Tenemos precios de lanzamiento desde $2,500 MXN. Si les interesa, podemos enviarles una propuesta breve.

Si prefieren no recibir más mensajes, respondan “baja”.",https://nexo-local-studio-public.vercel.app,https://wa.me/525514767073?text=Hola%2C%20buen%20d%C3%ADa.%0A%0ASomos%20Nexo%20Local%20Studio.%20Hacemos%20p%C3%A1ginas%20web%20profesionales%20para%20negocios%20que%20quieren%20mostrar%20servicios%2C%20ubicaci%C3%B3n%20y%20contacto%20de%20forma%20clara%20desde%20el%20celular.%0A%0ATambi%C3%A9n%20podemos%20integrar%20un%20asistente%20con%20IA%20que%20responde%20preguntas%20frecuentes%20y%20gu%C3%ADa%20al%20cliente%20hacia%20WhatsApp.%0A%0APueden%20ver%20nuestra%20p%C3%A1gina%20aqu%C3%AD%3A%0Ahttps%3A%2F%2Fnexo-local-studio-public.vercel.app%0A%0ATenemos%20precios%20de%20lanzamiento%20desde%20%242%2C500%20MXN.%20Si%20les%20interesa%2C%20podemos%20enviarles%20una%20propuesta%20breve.%0A%0ASi%20prefieren%20no%20recibir%20m%C3%A1s%20mensajes%2C%20respondan%20%E2%80%9Cbaja%E2%80%9D.,528,788,url_valid,blocked_not_verified,,,,El registro público de OpenStreetMap no incluye sitio web oficial. Fuente: OpenStreetMap. Rating/reseñas no disponibles en esta fuente.
B,13,Consultorio Dental Smle Dental,Dental,Mexico,Huixquilucan,Interlomas/Zona Esmeralda,525534919881,pending_manual_check,"Hola, buen día.

Somos Nexo Local Studio. Hacemos páginas web profesionales para negocios que quieren mostrar servicios, ubicación y contacto de forma clara desde el celular.

También podemos integrar un asistente con IA que responde preguntas frecuentes y guía al cliente hacia WhatsApp.

Pueden ver nuestra página aquí:
https://nexo-local-studio-public.vercel.app

Tenemos precios de lanzamiento desde $2,500 MXN. Si les interesa, podemos enviarles una propuesta breve.

Si prefieren no recibir más mensajes, respondan “baja”.",https://nexo-local-studio-public.vercel.app,https://wa.me/525534919881?text=Hola%2C%20buen%20d%C3%ADa.%0A%0ASomos%20Nexo%20Local%20Studio.%20Hacemos%20p%C3%A1ginas%20web%20profesionales%20para%20negocios%20que%20quieren%20mostrar%20servicios%2C%20ubicaci%C3%B3n%20y%20contacto%20de%20forma%20clara%20desde%20el%20celular.%0A%0ATambi%C3%A9n%20podemos%20integrar%20un%20asistente%20con%20IA%20que%20responde%20preguntas%20frecuentes%20y%20gu%C3%ADa%20al%20cliente%20hacia%20WhatsApp.%0A%0APueden%20ver%20nuestra%20p%C3%A1gina%20aqu%C3%AD%3A%0Ahttps%3A%2F%2Fnexo-local-studio-public.vercel.app%0A%0ATenemos%20precios%20de%20lanzamiento%20desde%20%242%2C500%20MXN.%20Si%20les%20interesa%2C%20podemos%20enviarles%20una%20propuesta%20breve.%0A%0ASi%20prefieren%20no%20recibir%20m%C3%A1s%20mensajes%2C%20respondan%20%E2%80%9Cbaja%E2%80%9D.,528,788,url_valid,blocked_not_verified,,,,El registro público de OpenStreetMap no incluye sitio web oficial. Fuente: OpenStreetMap. Rating/reseñas no disponibles en esta fuente.
B,13,Clinica De Maternidad,Clínica estética,Mexico,Huixquilucan,Interlomas/Zona Esmeralda,525535990018,pending_manual_check,"Hola, buen día.

Somos Nexo Local Studio. Hacemos páginas web profesionales para negocios que quieren mostrar servicios, ubicación y contacto de forma clara desde el celular.

También podemos integrar un asistente con IA que responde preguntas frecuentes y guía al cliente hacia WhatsApp.

Pueden ver nuestra página aquí:
https://nexo-local-studio-public.vercel.app

Tenemos precios de lanzamiento desde $2,500 MXN. Si les interesa, podemos enviarles una propuesta breve.

Si prefieren no recibir más mensajes, respondan “baja”.",https://nexo-local-studio-public.vercel.app,https://wa.me/525535990018?text=Hola%2C%20buen%20d%C3%ADa.%0A%0ASomos%20Nexo%20Local%20Studio.%20Hacemos%20p%C3%A1ginas%20web%20profesionales%20para%20negocios%20que%20quieren%20mostrar%20servicios%2C%20ubicaci%C3%B3n%20y%20contacto%20de%20forma%20clara%20desde%20el%20celular.%0A%0ATambi%C3%A9n%20podemos%20integrar%20un%20asistente%20con%20IA%20que%20responde%20preguntas%20frecuentes%20y%20gu%C3%ADa%20al%20cliente%20hacia%20WhatsApp.%0A%0APueden%20ver%20nuestra%20p%C3%A1gina%20aqu%C3%AD%3A%0Ahttps%3A%2F%2Fnexo-local-studio-public.vercel.app%0A%0ATenemos%20precios%20de%20lanzamiento%20desde%20%242%2C500%20MXN.%20Si%20les%20interesa%2C%20podemos%20enviarles%20una%20propuesta%20breve.%0A%0ASi%20prefieren%20no%20recibir%20m%C3%A1s%20mensajes%2C%20respondan%20%E2%80%9Cbaja%E2%80%9D.,528,788,url_valid,blocked_not_verified,,,,El registro público de OpenStreetMap no incluye sitio web oficial. Fuente: OpenStreetMap. Rating/reseñas no disponibles en esta fuente.
B,13,Centro Terapeutico,Clínica estética,Mexico,Huixquilucan,Interlomas/Zona Esmeralda,525549977867,pending_manual_check,"Hola, buen día.

Somos Nexo Local Studio. Hacemos páginas web profesionales para negocios que quieren mostrar servicios, ubicación y contacto de forma clara desde el celular.

También podemos integrar un asistente con IA que responde preguntas frecuentes y guía al cliente hacia WhatsApp.

Pueden ver nuestra página aquí:
https://nexo-local-studio-public.vercel.app

Tenemos precios de lanzamiento desde $2,500 MXN. Si les interesa, podemos enviarles una propuesta breve.

Si prefieren no recibir más mensajes, respondan “baja”.",https://nexo-local-studio-public.vercel.app,https://wa.me/525549977867?text=Hola%2C%20buen%20d%C3%ADa.%0A%0ASomos%20Nexo%20Local%20Studio.%20Hacemos%20p%C3%A1ginas%20web%20profesionales%20para%20negocios%20que%20quieren%20mostrar%20servicios%2C%20ubicaci%C3%B3n%20y%20contacto%20de%20forma%20clara%20desde%20el%20celular.%0A%0ATambi%C3%A9n%20podemos%20integrar%20un%20asistente%20con%20IA%20que%20responde%20preguntas%20frecuentes%20y%20gu%C3%ADa%20al%20cliente%20hacia%20WhatsApp.%0A%0APueden%20ver%20nuestra%20p%C3%A1gina%20aqu%C3%AD%3A%0Ahttps%3A%2F%2Fnexo-local-studio-public.vercel.app%0A%0ATenemos%20precios%20de%20lanzamiento%20desde%20%242%2C500%20MXN.%20Si%20les%20interesa%2C%20podemos%20enviarles%20una%20propuesta%20breve.%0A%0ASi%20prefieren%20no%20recibir%20m%C3%A1s%20mensajes%2C%20respondan%20%E2%80%9Cbaja%E2%80%9D.,528,788,url_valid,blocked_not_verified,,,,El registro público de OpenStreetMap no incluye sitio web oficial. Fuente: OpenStreetMap. Rating/reseñas no disponibles en esta fuente.
B,12,Veterinario,Veterinaria,Mexico,Huixquilucan,Interlomas/Zona Esmeralda,525553027225,pending_manual_check,"Hola, buen día.

Somos Nexo Local Studio. Hacemos páginas web profesionales para negocios que quieren mostrar servicios, ubicación y contacto de forma clara desde el celular.

También podemos integrar un asistente con IA que responde preguntas frecuentes y guía al cliente hacia WhatsApp.

Pueden ver nuestra página aquí:
https://nexo-local-studio-public.vercel.app

Tenemos precios de lanzamiento desde $2,500 MXN. Si les interesa, podemos enviarles una propuesta breve.

Si prefieren no recibir más mensajes, respondan “baja”.",https://nexo-local-studio-public.vercel.app,https://wa.me/525553027225?text=Hola%2C%20buen%20d%C3%ADa.%0A%0ASomos%20Nexo%20Local%20Studio.%20Hacemos%20p%C3%A1ginas%20web%20profesionales%20para%20negocios%20que%20quieren%20mostrar%20servicios%2C%20ubicaci%C3%B3n%20y%20contacto%20de%20forma%20clara%20desde%20el%20celular.%0A%0ATambi%C3%A9n%20podemos%20integrar%20un%20asistente%20con%20IA%20que%20responde%20preguntas%20frecuentes%20y%20gu%C3%ADa%20al%20cliente%20hacia%20WhatsApp.%0A%0APueden%20ver%20nuestra%20p%C3%A1gina%20aqu%C3%AD%3A%0Ahttps%3A%2F%2Fnexo-local-studio-public.vercel.app%0A%0ATenemos%20precios%20de%20lanzamiento%20desde%20%242%2C500%20MXN.%20Si%20les%20interesa%2C%20podemos%20enviarles%20una%20propuesta%20breve.%0A%0ASi%20prefieren%20no%20recibir%20m%C3%A1s%20mensajes%2C%20respondan%20%E2%80%9Cbaja%E2%80%9D.,528,788,url_valid,blocked_not_verified,,,,El registro público de OpenStreetMap no incluye sitio web oficial. Fuente: OpenStreetMap. Rating/reseñas no disponibles en esta fuente.
B,13,Consultorio Dif,Clínica estética,Mexico,Huixquilucan,Interlomas/Zona Esmeralda,525528784133,pending_manual_check,"Hola, buen día.

Somos Nexo Local Studio. Hacemos páginas web profesionales para negocios que quieren mostrar servicios, ubicación y contacto de forma clara desde el celular.

También podemos integrar un asistente con IA que responde preguntas frecuentes y guía al cliente hacia WhatsApp.

Pueden ver nuestra página aquí:
https://nexo-local-studio-public.vercel.app

Tenemos precios de lanzamiento desde $2,500 MXN. Si les interesa, podemos enviarles una propuesta breve.

Si prefieren no recibir más mensajes, respondan “baja”.",https://nexo-local-studio-public.vercel.app,https://wa.me/525528784133?text=Hola%2C%20buen%20d%C3%ADa.%0A%0ASomos%20Nexo%20Local%20Studio.%20Hacemos%20p%C3%A1ginas%20web%20profesionales%20para%20negocios%20que%20quieren%20mostrar%20servicios%2C%20ubicaci%C3%B3n%20y%20contacto%20de%20forma%20clara%20desde%20el%20celular.%0A%0ATambi%C3%A9n%20podemos%20integrar%20un%20asistente%20con%20IA%20que%20responde%20preguntas%20frecuentes%20y%20gu%C3%ADa%20al%20cliente%20hacia%20WhatsApp.%0A%0APueden%20ver%20nuestra%20p%C3%A1gina%20aqu%C3%AD%3A%0Ahttps%3A%2F%2Fnexo-local-studio-public.vercel.app%0A%0ATenemos%20precios%20de%20lanzamiento%20desde%20%242%2C500%20MXN.%20Si%20les%20interesa%2C%20podemos%20enviarles%20una%20propuesta%20breve.%0A%0ASi%20prefieren%20no%20recibir%20m%C3%A1s%20mensajes%2C%20respondan%20%E2%80%9Cbaja%E2%80%9D.,528,788,url_valid,blocked_not_verified,,,,El registro público de OpenStreetMap no incluye sitio web oficial. Fuente: OpenStreetMap. Rating/reseñas no disponibles en esta fuente.
B,13,Centro Podológico Zavapieds,Clínica estética,Mexico,Huixquilucan,Interlomas/Zona Esmeralda,525526182636,pending_manual_check,"Hola, buen día.

Somos Nexo Local Studio. Hacemos páginas web profesionales para negocios que quieren mostrar servicios, ubicación y contacto de forma clara desde el celular.

También podemos integrar un asistente con IA que responde preguntas frecuentes y guía al cliente hacia WhatsApp.

Pueden ver nuestra página aquí:
https://nexo-local-studio-public.vercel.app

Tenemos precios de lanzamiento desde $2,500 MXN. Si les interesa, podemos enviarles una propuesta breve.

Si prefieren no recibir más mensajes, respondan “baja”.",https://nexo-local-studio-public.vercel.app,https://wa.me/525526182636?text=Hola%2C%20buen%20d%C3%ADa.%0A%0ASomos%20Nexo%20Local%20Studio.%20Hacemos%20p%C3%A1ginas%20web%20profesionales%20para%20negocios%20que%20quieren%20mostrar%20servicios%2C%20ubicaci%C3%B3n%20y%20contacto%20de%20forma%20clara%20desde%20el%20celular.%0A%0ATambi%C3%A9n%20podemos%20integrar%20un%20asistente%20con%20IA%20que%20responde%20preguntas%20frecuentes%20y%20gu%C3%ADa%20al%20cliente%20hacia%20WhatsApp.%0A%0APueden%20ver%20nuestra%20p%C3%A1gina%20aqu%C3%AD%3A%0Ahttps%3A%2F%2Fnexo-local-studio-public.vercel.app%0A%0ATenemos%20precios%20de%20lanzamiento%20desde%20%242%2C500%20MXN.%20Si%20les%20interesa%2C%20podemos%20enviarles%20una%20propuesta%20breve.%0A%0ASi%20prefieren%20no%20recibir%20m%C3%A1s%20mensajes%2C%20respondan%20%E2%80%9Cbaja%E2%80%9D.,528,788,url_valid,blocked_not_verified,,,,El registro público de OpenStreetMap no incluye sitio web oficial. Fuente: OpenStreetMap. Rating/reseñas no disponibles en esta fuente.
B,12,Vegan Munch,Restaurante boutique,Mexico,San Pedro Garza García,San Pedro/Valle Oriente/Centrito,528137157357,pending_manual_check,"Hola, buen día.

Somos Nexo Local Studio. Hacemos páginas web profesionales para negocios que quieren mostrar servicios, ubicación y contacto de forma clara desde el celular.

También podemos integrar un asistente con IA que responde preguntas frecuentes y guía al cliente hacia WhatsApp.

Pueden ver nuestra página aquí:
https://nexo-local-studio-public.vercel.app

Tenemos precios de lanzamiento desde $2,500 MXN. Si les interesa, podemos enviarles una propuesta breve.

Si prefieren no recibir más mensajes, respondan “baja”.",https://nexo-local-studio-public.vercel.app,https://wa.me/528137157357?text=Hola%2C%20buen%20d%C3%ADa.%0A%0ASomos%20Nexo%20Local%20Studio.%20Hacemos%20p%C3%A1ginas%20web%20profesionales%20para%20negocios%20que%20quieren%20mostrar%20servicios%2C%20ubicaci%C3%B3n%20y%20contacto%20de%20forma%20clara%20desde%20el%20celular.%0A%0ATambi%C3%A9n%20podemos%20integrar%20un%20asistente%20con%20IA%20que%20responde%20preguntas%20frecuentes%20y%20gu%C3%ADa%20al%20cliente%20hacia%20WhatsApp.%0A%0APueden%20ver%20nuestra%20p%C3%A1gina%20aqu%C3%AD%3A%0Ahttps%3A%2F%2Fnexo-local-studio-public.vercel.app%0A%0ATenemos%20precios%20de%20lanzamiento%20desde%20%242%2C500%20MXN.%20Si%20les%20interesa%2C%20podemos%20enviarles%20una%20propuesta%20breve.%0A%0ASi%20prefieren%20no%20recibir%20m%C3%A1s%20mensajes%2C%20respondan%20%E2%80%9Cbaja%E2%80%9D.,528,788,url_valid,blocked_not_verified,,,,El registro público de OpenStreetMap no incluye sitio web oficial. Fuente: OpenStreetMap. Rating/reseñas no disponibles en esta fuente.
B,12,Pizzarnik,Restaurante boutique,Mexico,San Pedro Garza García,San Pedro/Valle Oriente/Centrito,529999703390,pending_manual_check,"Hola, buen día.

Somos Nexo Local Studio. Hacemos páginas web profesionales para negocios que quieren mostrar servicios, ubicación y contacto de forma clara desde el celular.

También podemos integrar un asistente con IA que responde preguntas frecuentes y guía al cliente hacia WhatsApp.

Pueden ver nuestra página aquí:
https://nexo-local-studio-public.vercel.app

Tenemos precios de lanzamiento desde $2,500 MXN. Si les interesa, podemos enviarles una propuesta breve.

Si prefieren no recibir más mensajes, respondan “baja”.",https://nexo-local-studio-public.vercel.app,https://wa.me/529999703390?text=Hola%2C%20buen%20d%C3%ADa.%0A%0ASomos%20Nexo%20Local%20Studio.%20Hacemos%20p%C3%A1ginas%20web%20profesionales%20para%20negocios%20que%20quieren%20mostrar%20servicios%2C%20ubicaci%C3%B3n%20y%20contacto%20de%20forma%20clara%20desde%20el%20celular.%0A%0ATambi%C3%A9n%20podemos%20integrar%20un%20asistente%20con%20IA%20que%20responde%20preguntas%20frecuentes%20y%20gu%C3%ADa%20al%20cliente%20hacia%20WhatsApp.%0A%0APueden%20ver%20nuestra%20p%C3%A1gina%20aqu%C3%AD%3A%0Ahttps%3A%2F%2Fnexo-local-studio-public.vercel.app%0A%0ATenemos%20precios%20de%20lanzamiento%20desde%20%242%2C500%20MXN.%20Si%20les%20interesa%2C%20podemos%20enviarles%20una%20propuesta%20breve.%0A%0ASi%20prefieren%20no%20recibir%20m%C3%A1s%20mensajes%2C%20respondan%20%E2%80%9Cbaja%E2%80%9D.,528,788,url_valid,blocked_not_verified,,,,El registro público de OpenStreetMap no incluye sitio web oficial. Fuente: OpenStreetMap. Rating/reseñas no disponibles en esta fuente.
B,12,Northeast BBQ,Restaurante boutique,Mexico,San Pedro Garza García,San Pedro/Valle Oriente/Centrito,528131327619,pending_manual_check,"Hola, buen día.

Somos Nexo Local Studio. Hacemos páginas web profesionales para negocios que quieren mostrar servicios, ubicación y contacto de forma clara desde el celular.

También podemos integrar un asistente con IA que responde preguntas frecuentes y guía al cliente hacia WhatsApp.

Pueden ver nuestra página aquí:
https://nexo-local-studio-public.vercel.app

Tenemos precios de lanzamiento desde $2,500 MXN. Si les interesa, podemos enviarles una propuesta breve.

Si prefieren no recibir más mensajes, respondan “baja”.",https://nexo-local-studio-public.vercel.app,https://wa.me/528131327619?text=Hola%2C%20buen%20d%C3%ADa.%0A%0ASomos%20Nexo%20Local%20Studio.%20Hacemos%20p%C3%A1ginas%20web%20profesionales%20para%20negocios%20que%20quieren%20mostrar%20servicios%2C%20ubicaci%C3%B3n%20y%20contacto%20de%20forma%20clara%20desde%20el%20celular.%0A%0ATambi%C3%A9n%20podemos%20integrar%20un%20asistente%20con%20IA%20que%20responde%20preguntas%20frecuentes%20y%20gu%C3%ADa%20al%20cliente%20hacia%20WhatsApp.%0A%0APueden%20ver%20nuestra%20p%C3%A1gina%20aqu%C3%AD%3A%0Ahttps%3A%2F%2Fnexo-local-studio-public.vercel.app%0A%0ATenemos%20precios%20de%20lanzamiento%20desde%20%242%2C500%20MXN.%20Si%20les%20interesa%2C%20podemos%20enviarles%20una%20propuesta%20breve.%0A%0ASi%20prefieren%20no%20recibir%20m%C3%A1s%20mensajes%2C%20respondan%20%E2%80%9Cbaja%E2%80%9D.,528,788,url_valid,blocked_not_verified,,,,El registro público de OpenStreetMap no incluye sitio web oficial. Fuente: OpenStreetMap. Rating/reseñas no disponibles en esta fuente.
B,9,El Arbol,Restaurante boutique,Mexico,Mérida,Mérida Norte/Altabrisa/Montebello/Temozón,529999253849,pending_manual_check,"Hola, buen día.

Somos Nexo Local Studio. Hacemos páginas web profesionales para negocios que quieren mostrar servicios, ubicación y contacto de forma clara desde el celular.

También podemos integrar un asistente con IA que responde preguntas frecuentes y guía al cliente hacia WhatsApp.

Pueden ver nuestra página aquí:
https://nexo-local-studio-public.vercel.app

Tenemos precios de lanzamiento desde $2,500 MXN. Si les interesa, podemos enviarles una propuesta breve.

Si prefieren no recibir más mensajes, respondan “baja”.",https://nexo-local-studio-public.vercel.app,https://wa.me/529999253849?text=Hola%2C%20buen%20d%C3%ADa.%0A%0ASomos%20Nexo%20Local%20Studio.%20Hacemos%20p%C3%A1ginas%20web%20profesionales%20para%20negocios%20que%20quieren%20mostrar%20servicios%2C%20ubicaci%C3%B3n%20y%20contacto%20de%20forma%20clara%20desde%20el%20celular.%0A%0ATambi%C3%A9n%20podemos%20integrar%20un%20asistente%20con%20IA%20que%20responde%20preguntas%20frecuentes%20y%20gu%C3%ADa%20al%20cliente%20hacia%20WhatsApp.%0A%0APueden%20ver%20nuestra%20p%C3%A1gina%20aqu%C3%AD%3A%0Ahttps%3A%2F%2Fnexo-local-studio-public.vercel.app%0A%0ATenemos%20precios%20de%20lanzamiento%20desde%20%242%2C500%20MXN.%20Si%20les%20interesa%2C%20podemos%20enviarles%20una%20propuesta%20breve.%0A%0ASi%20prefieren%20no%20recibir%20m%C3%A1s%20mensajes%2C%20respondan%20%E2%80%9Cbaja%E2%80%9D.,528,788,url_valid,blocked_not_verified,,,,"El enlace público del registro apunta a red social/perfil, no a sitio web propio. Fuente: OpenStreetMap. Rating/reseñas no disponibles en esta fuente."
B,9,Amoroso,Restaurante boutique,Mexico,Mérida,Mérida Norte/Altabrisa/Montebello/Temozón,529991640608,pending_manual_check,"Hola, buen día.

Somos Nexo Local Studio. Hacemos páginas web profesionales para negocios que quieren mostrar servicios, ubicación y contacto de forma clara desde el celular.

También podemos integrar un asistente con IA que responde preguntas frecuentes y guía al cliente hacia WhatsApp.

Pueden ver nuestra página aquí:
https://nexo-local-studio-public.vercel.app

Tenemos precios de lanzamiento desde $2,500 MXN. Si les interesa, podemos enviarles una propuesta breve.

Si prefieren no recibir más mensajes, respondan “baja”.",https://nexo-local-studio-public.vercel.app,https://wa.me/529991640608?text=Hola%2C%20buen%20d%C3%ADa.%0A%0ASomos%20Nexo%20Local%20Studio.%20Hacemos%20p%C3%A1ginas%20web%20profesionales%20para%20negocios%20que%20quieren%20mostrar%20servicios%2C%20ubicaci%C3%B3n%20y%20contacto%20de%20forma%20clara%20desde%20el%20celular.%0A%0ATambi%C3%A9n%20podemos%20integrar%20un%20asistente%20con%20IA%20que%20responde%20preguntas%20frecuentes%20y%20gu%C3%ADa%20al%20cliente%20hacia%20WhatsApp.%0A%0APueden%20ver%20nuestra%20p%C3%A1gina%20aqu%C3%AD%3A%0Ahttps%3A%2F%2Fnexo-local-studio-public.vercel.app%0A%0ATenemos%20precios%20de%20lanzamiento%20desde%20%242%2C500%20MXN.%20Si%20les%20interesa%2C%20podemos%20enviarles%20una%20propuesta%20breve.%0A%0ASi%20prefieren%20no%20recibir%20m%C3%A1s%20mensajes%2C%20respondan%20%E2%80%9Cbaja%E2%80%9D.,528,788,url_valid,blocked_not_verified,,,,"El enlace público del registro apunta a red social/perfil, no a sitio web propio. Fuente: OpenStreetMap. Rating/reseñas no disponibles en esta fuente."
B,10,Italiannis,Restaurante boutique,Mexico,Cancún,Zona Hotelera/Cumbres/Av. Bonampak,529988482678,pending_manual_check,"Hola, buen día.

Somos Nexo Local Studio. Hacemos páginas web profesionales para negocios que quieren mostrar servicios, ubicación y contacto de forma clara desde el celular.

También podemos integrar un asistente con IA que responde preguntas frecuentes y guía al cliente hacia WhatsApp.

Pueden ver nuestra página aquí:
https://nexo-local-studio-public.vercel.app

Tenemos precios de lanzamiento desde $2,500 MXN. Si les interesa, podemos enviarles una propuesta breve.

Si prefieren no recibir más mensajes, respondan “baja”.",https://nexo-local-studio-public.vercel.app,https://wa.me/529988482678?text=Hola%2C%20buen%20d%C3%ADa.%0A%0ASomos%20Nexo%20Local%20Studio.%20Hacemos%20p%C3%A1ginas%20web%20profesionales%20para%20negocios%20que%20quieren%20mostrar%20servicios%2C%20ubicaci%C3%B3n%20y%20contacto%20de%20forma%20clara%20desde%20el%20celular.%0A%0ATambi%C3%A9n%20podemos%20integrar%20un%20asistente%20con%20IA%20que%20responde%20preguntas%20frecuentes%20y%20gu%C3%ADa%20al%20cliente%20hacia%20WhatsApp.%0A%0APueden%20ver%20nuestra%20p%C3%A1gina%20aqu%C3%AD%3A%0Ahttps%3A%2F%2Fnexo-local-studio-public.vercel.app%0A%0ATenemos%20precios%20de%20lanzamiento%20desde%20%242%2C500%20MXN.%20Si%20les%20interesa%2C%20podemos%20enviarles%20una%20propuesta%20breve.%0A%0ASi%20prefieren%20no%20recibir%20m%C3%A1s%20mensajes%2C%20respondan%20%E2%80%9Cbaja%E2%80%9D.,528,788,url_valid,blocked_not_verified,,,,El registro público de OpenStreetMap no incluye sitio web oficial. Fuente: OpenStreetMap. Rating/reseñas no disponibles en esta fuente.
B,10,Mandinga,Restaurante boutique,Mexico,Cancún,Zona Hotelera/Cumbres/Av. Bonampak,529988801771,pending_manual_check,"Hola, buen día.

Somos Nexo Local Studio. Hacemos páginas web profesionales para negocios que quieren mostrar servicios, ubicación y contacto de forma clara desde el celular.

También podemos integrar un asistente con IA que responde preguntas frecuentes y guía al cliente hacia WhatsApp.

Pueden ver nuestra página aquí:
https://nexo-local-studio-public.vercel.app

Tenemos precios de lanzamiento desde $2,500 MXN. Si les interesa, podemos enviarles una propuesta breve.

Si prefieren no recibir más mensajes, respondan “baja”.",https://nexo-local-studio-public.vercel.app,https://wa.me/529988801771?text=Hola%2C%20buen%20d%C3%ADa.%0A%0ASomos%20Nexo%20Local%20Studio.%20Hacemos%20p%C3%A1ginas%20web%20profesionales%20para%20negocios%20que%20quieren%20mostrar%20servicios%2C%20ubicaci%C3%B3n%20y%20contacto%20de%20forma%20clara%20desde%20el%20celular.%0A%0ATambi%C3%A9n%20podemos%20integrar%20un%20asistente%20con%20IA%20que%20responde%20preguntas%20frecuentes%20y%20gu%C3%ADa%20al%20cliente%20hacia%20WhatsApp.%0A%0APueden%20ver%20nuestra%20p%C3%A1gina%20aqu%C3%AD%3A%0Ahttps%3A%2F%2Fnexo-local-studio-public.vercel.app%0A%0ATenemos%20precios%20de%20lanzamiento%20desde%20%242%2C500%20MXN.%20Si%20les%20interesa%2C%20podemos%20enviarles%20una%20propuesta%20breve.%0A%0ASi%20prefieren%20no%20recibir%20m%C3%A1s%20mensajes%2C%20respondan%20%E2%80%9Cbaja%E2%80%9D.,528,788,url_valid,blocked_not_verified,,,,El registro público de OpenStreetMap no incluye sitio web oficial. Fuente: OpenStreetMap. Rating/reseñas no disponibles en esta fuente.
B,10,Pescaditos,Restaurante boutique,Mexico,Cancún,Zona Hotelera/Cumbres/Av. Bonampak,529983420261,pending_manual_check,"Hola, buen día.

Somos Nexo Local Studio. Hacemos páginas web profesionales para negocios que quieren mostrar servicios, ubicación y contacto de forma clara desde el celular.

También podemos integrar un asistente con IA que responde preguntas frecuentes y guía al cliente hacia WhatsApp.

Pueden ver nuestra página aquí:
https://nexo-local-studio-public.vercel.app

Tenemos precios de lanzamiento desde $2,500 MXN. Si les interesa, podemos enviarles una propuesta breve.

Si prefieren no recibir más mensajes, respondan “baja”.",https://nexo-local-studio-public.vercel.app,https://wa.me/529983420261?text=Hola%2C%20buen%20d%C3%ADa.%0A%0ASomos%20Nexo%20Local%20Studio.%20Hacemos%20p%C3%A1ginas%20web%20profesionales%20para%20negocios%20que%20quieren%20mostrar%20servicios%2C%20ubicaci%C3%B3n%20y%20contacto%20de%20forma%20clara%20desde%20el%20celular.%0A%0ATambi%C3%A9n%20podemos%20integrar%20un%20asistente%20con%20IA%20que%20responde%20preguntas%20frecuentes%20y%20gu%C3%ADa%20al%20cliente%20hacia%20WhatsApp.%0A%0APueden%20ver%20nuestra%20p%C3%A1gina%20aqu%C3%AD%3A%0Ahttps%3A%2F%2Fnexo-local-studio-public.vercel.app%0A%0ATenemos%20precios%20de%20lanzamiento%20desde%20%242%2C500%20MXN.%20Si%20les%20interesa%2C%20podemos%20enviarles%20una%20propuesta%20breve.%0A%0ASi%20prefieren%20no%20recibir%20m%C3%A1s%20mensajes%2C%20respondan%20%E2%80%9Cbaja%E2%80%9D.,528,788,url_valid,blocked_not_verified,,,,El registro público de OpenStreetMap no incluye sitio web oficial. Fuente: OpenStreetMap. Rating/reseñas no disponibles en esta fuente.
B,9,El Pescado Ciego,Restaurante boutique,Mexico,Cancún,Zona Hotelera/Cumbres/Av. Bonampak,529988981670,pending_manual_check,"Hola, buen día.

Somos Nexo Local Studio. Hacemos páginas web profesionales para negocios que quieren mostrar servicios, ubicación y contacto de forma clara desde el celular.

También podemos integrar un asistente con IA que responde preguntas frecuentes y guía al cliente hacia WhatsApp.

Pueden ver nuestra página aquí:
https://nexo-local-studio-public.vercel.app

Tenemos precios de lanzamiento desde $2,500 MXN. Si les interesa, podemos enviarles una propuesta breve.

Si prefieren no recibir más mensajes, respondan “baja”.",https://nexo-local-studio-public.vercel.app,https://wa.me/529988981670?text=Hola%2C%20buen%20d%C3%ADa.%0A%0ASomos%20Nexo%20Local%20Studio.%20Hacemos%20p%C3%A1ginas%20web%20profesionales%20para%20negocios%20que%20quieren%20mostrar%20servicios%2C%20ubicaci%C3%B3n%20y%20contacto%20de%20forma%20clara%20desde%20el%20celular.%0A%0ATambi%C3%A9n%20podemos%20integrar%20un%20asistente%20con%20IA%20que%20responde%20preguntas%20frecuentes%20y%20gu%C3%ADa%20al%20cliente%20hacia%20WhatsApp.%0A%0APueden%20ver%20nuestra%20p%C3%A1gina%20aqu%C3%AD%3A%0Ahttps%3A%2F%2Fnexo-local-studio-public.vercel.app%0A%0ATenemos%20precios%20de%20lanzamiento%20desde%20%242%2C500%20MXN.%20Si%20les%20interesa%2C%20podemos%20enviarles%20una%20propuesta%20breve.%0A%0ASi%20prefieren%20no%20recibir%20m%C3%A1s%20mensajes%2C%20respondan%20%E2%80%9Cbaja%E2%80%9D.,528,788,url_valid,blocked_not_verified,,,,"El enlace público del registro apunta a red social/perfil, no a sitio web propio. Fuente: OpenStreetMap. Rating/reseñas no disponibles en esta fuente."
B,10,Los Hochos Del Bro,Restaurante boutique,Mexico,Cancún,Zona Hotelera/Cumbres/Av. Bonampak,529981526215,pending_manual_check,"Hola, buen día.

Somos Nexo Local Studio. Hacemos páginas web profesionales para negocios que quieren mostrar servicios, ubicación y contacto de forma clara desde el celular.

También podemos integrar un asistente con IA que responde preguntas frecuentes y guía al cliente hacia WhatsApp.

Pueden ver nuestra página aquí:
https://nexo-local-studio-public.vercel.app

Tenemos precios de lanzamiento desde $2,500 MXN. Si les interesa, podemos enviarles una propuesta breve.

Si prefieren no recibir más mensajes, respondan “baja”.",https://nexo-local-studio-public.vercel.app,https://wa.me/529981526215?text=Hola%2C%20buen%20d%C3%ADa.%0A%0ASomos%20Nexo%20Local%20Studio.%20Hacemos%20p%C3%A1ginas%20web%20profesionales%20para%20negocios%20que%20quieren%20mostrar%20servicios%2C%20ubicaci%C3%B3n%20y%20contacto%20de%20forma%20clara%20desde%20el%20celular.%0A%0ATambi%C3%A9n%20podemos%20integrar%20un%20asistente%20con%20IA%20que%20responde%20preguntas%20frecuentes%20y%20gu%C3%ADa%20al%20cliente%20hacia%20WhatsApp.%0A%0APueden%20ver%20nuestra%20p%C3%A1gina%20aqu%C3%AD%3A%0Ahttps%3A%2F%2Fnexo-local-studio-public.vercel.app%0A%0ATenemos%20precios%20de%20lanzamiento%20desde%20%242%2C500%20MXN.%20Si%20les%20interesa%2C%20podemos%20enviarles%20una%20propuesta%20breve.%0A%0ASi%20prefieren%20no%20recibir%20m%C3%A1s%20mensajes%2C%20respondan%20%E2%80%9Cbaja%E2%80%9D.,528,788,url_valid,blocked_not_verified,,,,El registro público de OpenStreetMap no incluye sitio web oficial. Fuente: OpenStreetMap. Rating/reseñas no disponibles en esta fuente.
B,9,Taqueria Coapenitos,Restaurante boutique,Mexico,Cancún,Zona Hotelera/Cumbres/Av. Bonampak,529988108699,pending_manual_check,"Hola, buen día.

Somos Nexo Local Studio. Hacemos páginas web profesionales para negocios que quieren mostrar servicios, ubicación y contacto de forma clara desde el celular.

También podemos integrar un asistente con IA que responde preguntas frecuentes y guía al cliente hacia WhatsApp.

Pueden ver nuestra página aquí:
https://nexo-local-studio-public.vercel.app

Tenemos precios de lanzamiento desde $2,500 MXN. Si les interesa, podemos enviarles una propuesta breve.

Si prefieren no recibir más mensajes, respondan “baja”.",https://nexo-local-studio-public.vercel.app,https://wa.me/529988108699?text=Hola%2C%20buen%20d%C3%ADa.%0A%0ASomos%20Nexo%20Local%20Studio.%20Hacemos%20p%C3%A1ginas%20web%20profesionales%20para%20negocios%20que%20quieren%20mostrar%20servicios%2C%20ubicaci%C3%B3n%20y%20contacto%20de%20forma%20clara%20desde%20el%20celular.%0A%0ATambi%C3%A9n%20podemos%20integrar%20un%20asistente%20con%20IA%20que%20responde%20preguntas%20frecuentes%20y%20gu%C3%ADa%20al%20cliente%20hacia%20WhatsApp.%0A%0APueden%20ver%20nuestra%20p%C3%A1gina%20aqu%C3%AD%3A%0Ahttps%3A%2F%2Fnexo-local-studio-public.vercel.app%0A%0ATenemos%20precios%20de%20lanzamiento%20desde%20%242%2C500%20MXN.%20Si%20les%20interesa%2C%20podemos%20enviarles%20una%20propuesta%20breve.%0A%0ASi%20prefieren%20no%20recibir%20m%C3%A1s%20mensajes%2C%20respondan%20%E2%80%9Cbaja%E2%80%9D.,528,788,url_valid,blocked_not_verified,,,,"El enlace público del registro apunta a red social/perfil, no a sitio web propio. Fuente: OpenStreetMap. Rating/reseñas no disponibles en esta fuente."
B,10,Mammamia!,Restaurante boutique,Mexico,Cancún,Zona Hotelera/Cumbres/Av. Bonampak,529981798314,pending_manual_check,"Hola, buen día.

Somos Nexo Local Studio. Hacemos páginas web profesionales para negocios que quieren mostrar servicios, ubicación y contacto de forma clara desde el celular.

También podemos integrar un asistente con IA que responde preguntas frecuentes y guía al cliente hacia WhatsApp.

Pueden ver nuestra página aquí:
https://nexo-local-studio-public.vercel.app

Tenemos precios de lanzamiento desde $2,500 MXN. Si les interesa, podemos enviarles una propuesta breve.

Si prefieren no recibir más mensajes, respondan “baja”.",https://nexo-local-studio-public.vercel.app,https://wa.me/529981798314?text=Hola%2C%20buen%20d%C3%ADa.%0A%0ASomos%20Nexo%20Local%20Studio.%20Hacemos%20p%C3%A1ginas%20web%20profesionales%20para%20negocios%20que%20quieren%20mostrar%20servicios%2C%20ubicaci%C3%B3n%20y%20contacto%20de%20forma%20clara%20desde%20el%20celular.%0A%0ATambi%C3%A9n%20podemos%20integrar%20un%20asistente%20con%20IA%20que%20responde%20preguntas%20frecuentes%20y%20gu%C3%ADa%20al%20cliente%20hacia%20WhatsApp.%0A%0APueden%20ver%20nuestra%20p%C3%A1gina%20aqu%C3%AD%3A%0Ahttps%3A%2F%2Fnexo-local-studio-public.vercel.app%0A%0ATenemos%20precios%20de%20lanzamiento%20desde%20%242%2C500%20MXN.%20Si%20les%20interesa%2C%20podemos%20enviarles%20una%20propuesta%20breve.%0A%0ASi%20prefieren%20no%20recibir%20m%C3%A1s%20mensajes%2C%20respondan%20%E2%80%9Cbaja%E2%80%9D.,528,788,url_valid,blocked_not_verified,,,,El registro público de OpenStreetMap no incluye sitio web oficial. Fuente: OpenStreetMap. Rating/reseñas no disponibles en esta fuente.
B,10,Isla Contoy,Restaurante boutique,Mexico,Cancún,Zona Hotelera/Cumbres/Av. Bonampak,529988840172,pending_manual_check,"Hola, buen día.

Somos Nexo Local Studio. Hacemos páginas web profesionales para negocios que quieren mostrar servicios, ubicación y contacto de forma clara desde el celular.

También podemos integrar un asistente con IA que responde preguntas frecuentes y guía al cliente hacia WhatsApp.

Pueden ver nuestra página aquí:
https://nexo-local-studio-public.vercel.app

Tenemos precios de lanzamiento desde $2,500 MXN. Si les interesa, podemos enviarles una propuesta breve.

Si prefieren no recibir más mensajes, respondan “baja”.",https://nexo-local-studio-public.vercel.app,https://wa.me/529988840172?text=Hola%2C%20buen%20d%C3%ADa.%0A%0ASomos%20Nexo%20Local%20Studio.%20Hacemos%20p%C3%A1ginas%20web%20profesionales%20para%20negocios%20que%20quieren%20mostrar%20servicios%2C%20ubicaci%C3%B3n%20y%20contacto%20de%20forma%20clara%20desde%20el%20celular.%0A%0ATambi%C3%A9n%20podemos%20integrar%20un%20asistente%20con%20IA%20que%20responde%20preguntas%20frecuentes%20y%20gu%C3%ADa%20al%20cliente%20hacia%20WhatsApp.%0A%0APueden%20ver%20nuestra%20p%C3%A1gina%20aqu%C3%AD%3A%0Ahttps%3A%2F%2Fnexo-local-studio-public.vercel.app%0A%0ATenemos%20precios%20de%20lanzamiento%20desde%20%242%2C500%20MXN.%20Si%20les%20interesa%2C%20podemos%20enviarles%20una%20propuesta%20breve.%0A%0ASi%20prefieren%20no%20recibir%20m%C3%A1s%20mensajes%2C%20respondan%20%E2%80%9Cbaja%E2%80%9D.,528,788,url_valid,blocked_not_verified,,,,El registro público de OpenStreetMap no incluye sitio web oficial. Fuente: OpenStreetMap. Rating/reseñas no disponibles en esta fuente.
B,10,El Cejas,Restaurante boutique,Mexico,Cancún,Zona Hotelera/Cumbres/Av. Bonampak,529988840401,pending_manual_check,"Hola, buen día.

Somos Nexo Local Studio. Hacemos páginas web profesionales para negocios que quieren mostrar servicios, ubicación y contacto de forma clara desde el celular.

También podemos integrar un asistente con IA que responde preguntas frecuentes y guía al cliente hacia WhatsApp.

Pueden ver nuestra página aquí:
https://nexo-local-studio-public.vercel.app

Tenemos precios de lanzamiento desde $2,500 MXN. Si les interesa, podemos enviarles una propuesta breve.

Si prefieren no recibir más mensajes, respondan “baja”.",https://nexo-local-studio-public.vercel.app,https://wa.me/529988840401?text=Hola%2C%20buen%20d%C3%ADa.%0A%0ASomos%20Nexo%20Local%20Studio.%20Hacemos%20p%C3%A1ginas%20web%20profesionales%20para%20negocios%20que%20quieren%20mostrar%20servicios%2C%20ubicaci%C3%B3n%20y%20contacto%20de%20forma%20clara%20desde%20el%20celular.%0A%0ATambi%C3%A9n%20podemos%20integrar%20un%20asistente%20con%20IA%20que%20responde%20preguntas%20frecuentes%20y%20gu%C3%ADa%20al%20cliente%20hacia%20WhatsApp.%0A%0APueden%20ver%20nuestra%20p%C3%A1gina%20aqu%C3%AD%3A%0Ahttps%3A%2F%2Fnexo-local-studio-public.vercel.app%0A%0ATenemos%20precios%20de%20lanzamiento%20desde%20%242%2C500%20MXN.%20Si%20les%20interesa%2C%20podemos%20enviarles%20una%20propuesta%20breve.%0A%0ASi%20prefieren%20no%20recibir%20m%C3%A1s%20mensajes%2C%20respondan%20%E2%80%9Cbaja%E2%80%9D.,528,788,url_valid,blocked_not_verified,,,,El registro público de OpenStreetMap no incluye sitio web oficial. Fuente: OpenStreetMap. Rating/reseñas no disponibles en esta fuente.
B,10,Zun Ha Restaurante Bar by Tsunami Azul,Restaurante boutique,Mexico,Cancún,Zona Hotelera/Cumbres/Av. Bonampak,529985614105,pending_manual_check,"Hola, buen día.

Somos Nexo Local Studio. Hacemos páginas web profesionales para negocios que quieren mostrar servicios, ubicación y contacto de forma clara desde el celular.

También podemos integrar un asistente con IA que responde preguntas frecuentes y guía al cliente hacia WhatsApp.

Pueden ver nuestra página aquí:
https://nexo-local-studio-public.vercel.app

Tenemos precios de lanzamiento desde $2,500 MXN. Si les interesa, podemos enviarles una propuesta breve.

Si prefieren no recibir más mensajes, respondan “baja”.",https://nexo-local-studio-public.vercel.app,https://wa.me/529985614105?text=Hola%2C%20buen%20d%C3%ADa.%0A%0ASomos%20Nexo%20Local%20Studio.%20Hacemos%20p%C3%A1ginas%20web%20profesionales%20para%20negocios%20que%20quieren%20mostrar%20servicios%2C%20ubicaci%C3%B3n%20y%20contacto%20de%20forma%20clara%20desde%20el%20celular.%0A%0ATambi%C3%A9n%20podemos%20integrar%20un%20asistente%20con%20IA%20que%20responde%20preguntas%20frecuentes%20y%20gu%C3%ADa%20al%20cliente%20hacia%20WhatsApp.%0A%0APueden%20ver%20nuestra%20p%C3%A1gina%20aqu%C3%AD%3A%0Ahttps%3A%2F%2Fnexo-local-studio-public.vercel.app%0A%0ATenemos%20precios%20de%20lanzamiento%20desde%20%242%2C500%20MXN.%20Si%20les%20interesa%2C%20podemos%20enviarles%20una%20propuesta%20breve.%0A%0ASi%20prefieren%20no%20recibir%20m%C3%A1s%20mensajes%2C%20respondan%20%E2%80%9Cbaja%E2%80%9D.,528,788,url_valid,blocked_not_verified,,,,El registro público de OpenStreetMap no incluye sitio web oficial. Fuente: OpenStreetMap. Rating/reseñas no disponibles en esta fuente.
B,10,Konigs Bier Cancún,Restaurante boutique,Mexico,Cancún,Zona Hotelera/Cumbres/Av. Bonampak,529987536838,pending_manual_check,"Hola, buen día.

Somos Nexo Local Studio. Hacemos páginas web profesionales para negocios que quieren mostrar servicios, ubicación y contacto de forma clara desde el celular.

También podemos integrar un asistente con IA que responde preguntas frecuentes y guía al cliente hacia WhatsApp.

Pueden ver nuestra página aquí:
https://nexo-local-studio-public.vercel.app

Tenemos precios de lanzamiento desde $2,500 MXN. Si les interesa, podemos enviarles una propuesta breve.

Si prefieren no recibir más mensajes, respondan “baja”.",https://nexo-local-studio-public.vercel.app,https://wa.me/529987536838?text=Hola%2C%20buen%20d%C3%ADa.%0A%0ASomos%20Nexo%20Local%20Studio.%20Hacemos%20p%C3%A1ginas%20web%20profesionales%20para%20negocios%20que%20quieren%20mostrar%20servicios%2C%20ubicaci%C3%B3n%20y%20contacto%20de%20forma%20clara%20desde%20el%20celular.%0A%0ATambi%C3%A9n%20podemos%20integrar%20un%20asistente%20con%20IA%20que%20responde%20preguntas%20frecuentes%20y%20gu%C3%ADa%20al%20cliente%20hacia%20WhatsApp.%0A%0APueden%20ver%20nuestra%20p%C3%A1gina%20aqu%C3%AD%3A%0Ahttps%3A%2F%2Fnexo-local-studio-public.vercel.app%0A%0ATenemos%20precios%20de%20lanzamiento%20desde%20%242%2C500%20MXN.%20Si%20les%20interesa%2C%20podemos%20enviarles%20una%20propuesta%20breve.%0A%0ASi%20prefieren%20no%20recibir%20m%C3%A1s%20mensajes%2C%20respondan%20%E2%80%9Cbaja%E2%80%9D.,528,788,url_valid,blocked_not_verified,,,,El registro público de OpenStreetMap no incluye sitio web oficial. Fuente: OpenStreetMap. Rating/reseñas no disponibles en esta fuente.
B,13,Centro de Salud Urbano No. 9,Clínica estética,Mexico,Cancún,Zona Hotelera/Cumbres/Av. Bonampak,529988431021,pending_manual_check,"Hola, buen día.

Somos Nexo Local Studio. Hacemos páginas web profesionales para negocios que quieren mostrar servicios, ubicación y contacto de forma clara desde el celular.

También podemos integrar un asistente con IA que responde preguntas frecuentes y guía al cliente hacia WhatsApp.

Pueden ver nuestra página aquí:
https://nexo-local-studio-public.vercel.app

Tenemos precios de lanzamiento desde $2,500 MXN. Si les interesa, podemos enviarles una propuesta breve.

Si prefieren no recibir más mensajes, respondan “baja”.",https://nexo-local-studio-public.vercel.app,https://wa.me/529988431021?text=Hola%2C%20buen%20d%C3%ADa.%0A%0ASomos%20Nexo%20Local%20Studio.%20Hacemos%20p%C3%A1ginas%20web%20profesionales%20para%20negocios%20que%20quieren%20mostrar%20servicios%2C%20ubicaci%C3%B3n%20y%20contacto%20de%20forma%20clara%20desde%20el%20celular.%0A%0ATambi%C3%A9n%20podemos%20integrar%20un%20asistente%20con%20IA%20que%20responde%20preguntas%20frecuentes%20y%20gu%C3%ADa%20al%20cliente%20hacia%20WhatsApp.%0A%0APueden%20ver%20nuestra%20p%C3%A1gina%20aqu%C3%AD%3A%0Ahttps%3A%2F%2Fnexo-local-studio-public.vercel.app%0A%0ATenemos%20precios%20de%20lanzamiento%20desde%20%242%2C500%20MXN.%20Si%20les%20interesa%2C%20podemos%20enviarles%20una%20propuesta%20breve.%0A%0ASi%20prefieren%20no%20recibir%20m%C3%A1s%20mensajes%2C%20respondan%20%E2%80%9Cbaja%E2%80%9D.,528,788,url_valid,blocked_not_verified,,,,El registro público de OpenStreetMap no incluye sitio web oficial. Fuente: OpenStreetMap. Rating/reseñas no disponibles en esta fuente.
B,13,Consultorio Dental Bravo,Dental,Mexico,Metepec,Metepec/Toluca premium,527222147244,pending_manual_check,"Hola, buen día.

Somos Nexo Local Studio. Hacemos páginas web profesionales para negocios que quieren mostrar servicios, ubicación y contacto de forma clara desde el celular.

También podemos integrar un asistente con IA que responde preguntas frecuentes y guía al cliente hacia WhatsApp.

Pueden ver nuestra página aquí:
https://nexo-local-studio-public.vercel.app

Tenemos precios de lanzamiento desde $2,500 MXN. Si les interesa, podemos enviarles una propuesta breve.

Si prefieren no recibir más mensajes, respondan “baja”.",https://nexo-local-studio-public.vercel.app,https://wa.me/527222147244?text=Hola%2C%20buen%20d%C3%ADa.%0A%0ASomos%20Nexo%20Local%20Studio.%20Hacemos%20p%C3%A1ginas%20web%20profesionales%20para%20negocios%20que%20quieren%20mostrar%20servicios%2C%20ubicaci%C3%B3n%20y%20contacto%20de%20forma%20clara%20desde%20el%20celular.%0A%0ATambi%C3%A9n%20podemos%20integrar%20un%20asistente%20con%20IA%20que%20responde%20preguntas%20frecuentes%20y%20gu%C3%ADa%20al%20cliente%20hacia%20WhatsApp.%0A%0APueden%20ver%20nuestra%20p%C3%A1gina%20aqu%C3%AD%3A%0Ahttps%3A%2F%2Fnexo-local-studio-public.vercel.app%0A%0ATenemos%20precios%20de%20lanzamiento%20desde%20%242%2C500%20MXN.%20Si%20les%20interesa%2C%20podemos%20enviarles%20una%20propuesta%20breve.%0A%0ASi%20prefieren%20no%20recibir%20m%C3%A1s%20mensajes%2C%20respondan%20%E2%80%9Cbaja%E2%80%9D.,528,788,url_valid,blocked_not_verified,,,,El registro público de OpenStreetMap no incluye sitio web oficial. Fuente: OpenStreetMap. Rating/reseñas no disponibles en esta fuente.
B,10,La Papa,Restaurante boutique,Mexico,Metepec,Metepec/Toluca premium,527222134209,pending_manual_check,"Hola, buen día.

Somos Nexo Local Studio. Hacemos páginas web profesionales para negocios que quieren mostrar servicios, ubicación y contacto de forma clara desde el celular.

También podemos integrar un asistente con IA que responde preguntas frecuentes y guía al cliente hacia WhatsApp.

Pueden ver nuestra página aquí:
https://nexo-local-studio-public.vercel.app

Tenemos precios de lanzamiento desde $2,500 MXN. Si les interesa, podemos enviarles una propuesta breve.

Si prefieren no recibir más mensajes, respondan “baja”.",https://nexo-local-studio-public.vercel.app,https://wa.me/527222134209?text=Hola%2C%20buen%20d%C3%ADa.%0A%0ASomos%20Nexo%20Local%20Studio.%20Hacemos%20p%C3%A1ginas%20web%20profesionales%20para%20negocios%20que%20quieren%20mostrar%20servicios%2C%20ubicaci%C3%B3n%20y%20contacto%20de%20forma%20clara%20desde%20el%20celular.%0A%0ATambi%C3%A9n%20podemos%20integrar%20un%20asistente%20con%20IA%20que%20responde%20preguntas%20frecuentes%20y%20gu%C3%ADa%20al%20cliente%20hacia%20WhatsApp.%0A%0APueden%20ver%20nuestra%20p%C3%A1gina%20aqu%C3%AD%3A%0Ahttps%3A%2F%2Fnexo-local-studio-public.vercel.app%0A%0ATenemos%20precios%20de%20lanzamiento%20desde%20%242%2C500%20MXN.%20Si%20les%20interesa%2C%20podemos%20enviarles%20una%20propuesta%20breve.%0A%0ASi%20prefieren%20no%20recibir%20m%C3%A1s%20mensajes%2C%20respondan%20%E2%80%9Cbaja%E2%80%9D.,528,788,url_valid,blocked_not_verified,,,,El registro público de OpenStreetMap no incluye sitio web oficial. Fuente: OpenStreetMap. Rating/reseñas no disponibles en esta fuente.
B,10,Pizzería Vázquez,Restaurante boutique,Mexico,Metepec,Metepec/Toluca premium,527225268914,pending_manual_check,"Hola, buen día.

Somos Nexo Local Studio. Hacemos páginas web profesionales para negocios que quieren mostrar servicios, ubicación y contacto de forma clara desde el celular.

También podemos integrar un asistente con IA que responde preguntas frecuentes y guía al cliente hacia WhatsApp.

Pueden ver nuestra página aquí:
https://nexo-local-studio-public.vercel.app

Tenemos precios de lanzamiento desde $2,500 MXN. Si les interesa, podemos enviarles una propuesta breve.

Si prefieren no recibir más mensajes, respondan “baja”.",https://nexo-local-studio-public.vercel.app,https://wa.me/527225268914?text=Hola%2C%20buen%20d%C3%ADa.%0A%0ASomos%20Nexo%20Local%20Studio.%20Hacemos%20p%C3%A1ginas%20web%20profesionales%20para%20negocios%20que%20quieren%20mostrar%20servicios%2C%20ubicaci%C3%B3n%20y%20contacto%20de%20forma%20clara%20desde%20el%20celular.%0A%0ATambi%C3%A9n%20podemos%20integrar%20un%20asistente%20con%20IA%20que%20responde%20preguntas%20frecuentes%20y%20gu%C3%ADa%20al%20cliente%20hacia%20WhatsApp.%0A%0APueden%20ver%20nuestra%20p%C3%A1gina%20aqu%C3%AD%3A%0Ahttps%3A%2F%2Fnexo-local-studio-public.vercel.app%0A%0ATenemos%20precios%20de%20lanzamiento%20desde%20%242%2C500%20MXN.%20Si%20les%20interesa%2C%20podemos%20enviarles%20una%20propuesta%20breve.%0A%0ASi%20prefieren%20no%20recibir%20m%C3%A1s%20mensajes%2C%20respondan%20%E2%80%9Cbaja%E2%80%9D.,528,788,url_valid,blocked_not_verified,,,,El registro público de OpenStreetMap no incluye sitio web oficial. Fuente: OpenStreetMap. Rating/reseñas no disponibles en esta fuente.
B,13,Estética Alexandro,Clínica estética,Mexico,Metepec,Metepec/Toluca premium,527222375991,pending_manual_check,"Hola, buen día.

Somos Nexo Local Studio. Hacemos páginas web profesionales para negocios que quieren mostrar servicios, ubicación y contacto de forma clara desde el celular.

También podemos integrar un asistente con IA que responde preguntas frecuentes y guía al cliente hacia WhatsApp.

Pueden ver nuestra página aquí:
https://nexo-local-studio-public.vercel.app

Tenemos precios de lanzamiento desde $2,500 MXN. Si les interesa, podemos enviarles una propuesta breve.

Si prefieren no recibir más mensajes, respondan “baja”.",https://nexo-local-studio-public.vercel.app,https://wa.me/527222375991?text=Hola%2C%20buen%20d%C3%ADa.%0A%0ASomos%20Nexo%20Local%20Studio.%20Hacemos%20p%C3%A1ginas%20web%20profesionales%20para%20negocios%20que%20quieren%20mostrar%20servicios%2C%20ubicaci%C3%B3n%20y%20contacto%20de%20forma%20clara%20desde%20el%20celular.%0A%0ATambi%C3%A9n%20podemos%20integrar%20un%20asistente%20con%20IA%20que%20responde%20preguntas%20frecuentes%20y%20gu%C3%ADa%20al%20cliente%20hacia%20WhatsApp.%0A%0APueden%20ver%20nuestra%20p%C3%A1gina%20aqu%C3%AD%3A%0Ahttps%3A%2F%2Fnexo-local-studio-public.vercel.app%0A%0ATenemos%20precios%20de%20lanzamiento%20desde%20%242%2C500%20MXN.%20Si%20les%20interesa%2C%20podemos%20enviarles%20una%20propuesta%20breve.%0A%0ASi%20prefieren%20no%20recibir%20m%C3%A1s%20mensajes%2C%20respondan%20%E2%80%9Cbaja%E2%80%9D.,528,788,url_valid,blocked_not_verified,,,,El registro público de OpenStreetMap no incluye sitio web oficial. Fuente: OpenStreetMap. Rating/reseñas no disponibles en esta fuente.
B,10,Amaranta,Restaurante boutique,Mexico,Metepec,Metepec/Toluca premium,527222808265,pending_manual_check,"Hola, buen día.

Somos Nexo Local Studio. Hacemos páginas web profesionales para negocios que quieren mostrar servicios, ubicación y contacto de forma clara desde el celular.

También podemos integrar un asistente con IA que responde preguntas frecuentes y guía al cliente hacia WhatsApp.

Pueden ver nuestra página aquí:
https://nexo-local-studio-public.vercel.app

Tenemos precios de lanzamiento desde $2,500 MXN. Si les interesa, podemos enviarles una propuesta breve.

Si prefieren no recibir más mensajes, respondan “baja”.",https://nexo-local-studio-public.vercel.app,https://wa.me/527222808265?text=Hola%2C%20buen%20d%C3%ADa.%0A%0ASomos%20Nexo%20Local%20Studio.%20Hacemos%20p%C3%A1ginas%20web%20profesionales%20para%20negocios%20que%20quieren%20mostrar%20servicios%2C%20ubicaci%C3%B3n%20y%20contacto%20de%20forma%20clara%20desde%20el%20celular.%0A%0ATambi%C3%A9n%20podemos%20integrar%20un%20asistente%20con%20IA%20que%20responde%20preguntas%20frecuentes%20y%20gu%C3%ADa%20al%20cliente%20hacia%20WhatsApp.%0A%0APueden%20ver%20nuestra%20p%C3%A1gina%20aqu%C3%AD%3A%0Ahttps%3A%2F%2Fnexo-local-studio-public.vercel.app%0A%0ATenemos%20precios%20de%20lanzamiento%20desde%20%242%2C500%20MXN.%20Si%20les%20interesa%2C%20podemos%20enviarles%20una%20propuesta%20breve.%0A%0ASi%20prefieren%20no%20recibir%20m%C3%A1s%20mensajes%2C%20respondan%20%E2%80%9Cbaja%E2%80%9D.,528,788,url_valid,blocked_not_verified,,,,El registro público de OpenStreetMap no incluye sitio web oficial. Fuente: OpenStreetMap. Rating/reseñas no disponibles en esta fuente.
B,13,Dental Center,Dental,Mexico,Metepec,Metepec/Toluca premium,527221543815,pending_manual_check,"Hola, buen día.

Somos Nexo Local Studio. Hacemos páginas web profesionales para negocios que quieren mostrar servicios, ubicación y contacto de forma clara desde el celular.

También podemos integrar un asistente con IA que responde preguntas frecuentes y guía al cliente hacia WhatsApp.

Pueden ver nuestra página aquí:
https://nexo-local-studio-public.vercel.app

Tenemos precios de lanzamiento desde $2,500 MXN. Si les interesa, podemos enviarles una propuesta breve.

Si prefieren no recibir más mensajes, respondan “baja”.",https://nexo-local-studio-public.vercel.app,https://wa.me/527221543815?text=Hola%2C%20buen%20d%C3%ADa.%0A%0ASomos%20Nexo%20Local%20Studio.%20Hacemos%20p%C3%A1ginas%20web%20profesionales%20para%20negocios%20que%20quieren%20mostrar%20servicios%2C%20ubicaci%C3%B3n%20y%20contacto%20de%20forma%20clara%20desde%20el%20celular.%0A%0ATambi%C3%A9n%20podemos%20integrar%20un%20asistente%20con%20IA%20que%20responde%20preguntas%20frecuentes%20y%20gu%C3%ADa%20al%20cliente%20hacia%20WhatsApp.%0A%0APueden%20ver%20nuestra%20p%C3%A1gina%20aqu%C3%AD%3A%0Ahttps%3A%2F%2Fnexo-local-studio-public.vercel.app%0A%0ATenemos%20precios%20de%20lanzamiento%20desde%20%242%2C500%20MXN.%20Si%20les%20interesa%2C%20podemos%20enviarles%20una%20propuesta%20breve.%0A%0ASi%20prefieren%20no%20recibir%20m%C3%A1s%20mensajes%2C%20respondan%20%E2%80%9Cbaja%E2%80%9D.,528,788,url_valid,blocked_not_verified,,,,El registro público de OpenStreetMap no incluye sitio web oficial. Fuente: OpenStreetMap. Rating/reseñas no disponibles en esta fuente.
B,13,Consultorio dental del Angel,Dental,Mexico,Metepec,Metepec/Toluca premium,527221800772,pending_manual_check,"Hola, buen día.

Somos Nexo Local Studio. Hacemos páginas web profesionales para negocios que quieren mostrar servicios, ubicación y contacto de forma clara desde el celular.

También podemos integrar un asistente con IA que responde preguntas frecuentes y guía al cliente hacia WhatsApp.

Pueden ver nuestra página aquí:
https://nexo-local-studio-public.vercel.app

Tenemos precios de lanzamiento desde $2,500 MXN. Si les interesa, podemos enviarles una propuesta breve.

Si prefieren no recibir más mensajes, respondan “baja”.",https://nexo-local-studio-public.vercel.app,https://wa.me/527221800772?text=Hola%2C%20buen%20d%C3%ADa.%0A%0ASomos%20Nexo%20Local%20Studio.%20Hacemos%20p%C3%A1ginas%20web%20profesionales%20para%20negocios%20que%20quieren%20mostrar%20servicios%2C%20ubicaci%C3%B3n%20y%20contacto%20de%20forma%20clara%20desde%20el%20celular.%0A%0ATambi%C3%A9n%20podemos%20integrar%20un%20asistente%20con%20IA%20que%20responde%20preguntas%20frecuentes%20y%20gu%C3%ADa%20al%20cliente%20hacia%20WhatsApp.%0A%0APueden%20ver%20nuestra%20p%C3%A1gina%20aqu%C3%AD%3A%0Ahttps%3A%2F%2Fnexo-local-studio-public.vercel.app%0A%0ATenemos%20precios%20de%20lanzamiento%20desde%20%242%2C500%20MXN.%20Si%20les%20interesa%2C%20podemos%20enviarles%20una%20propuesta%20breve.%0A%0ASi%20prefieren%20no%20recibir%20m%C3%A1s%20mensajes%2C%20respondan%20%E2%80%9Cbaja%E2%80%9D.,528,788,url_valid,blocked_not_verified,,,,El registro público de OpenStreetMap no incluye sitio web oficial. Fuente: OpenStreetMap. Rating/reseñas no disponibles en esta fuente.
B,13,Consultorio Y Farmacia Homeopática,Clínica estética,Mexico,Metepec,Metepec/Toluca premium,527224808638,pending_manual_check,"Hola, buen día.

Somos Nexo Local Studio. Hacemos páginas web profesionales para negocios que quieren mostrar servicios, ubicación y contacto de forma clara desde el celular.

También podemos integrar un asistente con IA que responde preguntas frecuentes y guía al cliente hacia WhatsApp.

Pueden ver nuestra página aquí:
https://nexo-local-studio-public.vercel.app

Tenemos precios de lanzamiento desde $2,500 MXN. Si les interesa, podemos enviarles una propuesta breve.

Si prefieren no recibir más mensajes, respondan “baja”.",https://nexo-local-studio-public.vercel.app,https://wa.me/527224808638?text=Hola%2C%20buen%20d%C3%ADa.%0A%0ASomos%20Nexo%20Local%20Studio.%20Hacemos%20p%C3%A1ginas%20web%20profesionales%20para%20negocios%20que%20quieren%20mostrar%20servicios%2C%20ubicaci%C3%B3n%20y%20contacto%20de%20forma%20clara%20desde%20el%20celular.%0A%0ATambi%C3%A9n%20podemos%20integrar%20un%20asistente%20con%20IA%20que%20responde%20preguntas%20frecuentes%20y%20gu%C3%ADa%20al%20cliente%20hacia%20WhatsApp.%0A%0APueden%20ver%20nuestra%20p%C3%A1gina%20aqu%C3%AD%3A%0Ahttps%3A%2F%2Fnexo-local-studio-public.vercel.app%0A%0ATenemos%20precios%20de%20lanzamiento%20desde%20%242%2C500%20MXN.%20Si%20les%20interesa%2C%20podemos%20enviarles%20una%20propuesta%20breve.%0A%0ASi%20prefieren%20no%20recibir%20m%C3%A1s%20mensajes%2C%20respondan%20%E2%80%9Cbaja%E2%80%9D.,528,788,url_valid,blocked_not_verified,,,,El registro público de OpenStreetMap no incluye sitio web oficial. Fuente: OpenStreetMap. Rating/reseñas no disponibles en esta fuente.
B,13,Sante Du Corps,Clínica estética,Mexico,Metepec,Metepec/Toluca premium,525591705912,pending_manual_check,"Hola, buen día.

Somos Nexo Local Studio. Hacemos páginas web profesionales para negocios que quieren mostrar servicios, ubicación y contacto de forma clara desde el celular.

También podemos integrar un asistente con IA que responde preguntas frecuentes y guía al cliente hacia WhatsApp.

Pueden ver nuestra página aquí:
https://nexo-local-studio-public.vercel.app

Tenemos precios de lanzamiento desde $2,500 MXN. Si les interesa, podemos enviarles una propuesta breve.

Si prefieren no recibir más mensajes, respondan “baja”.",https://nexo-local-studio-public.vercel.app,https://wa.me/525591705912?text=Hola%2C%20buen%20d%C3%ADa.%0A%0ASomos%20Nexo%20Local%20Studio.%20Hacemos%20p%C3%A1ginas%20web%20profesionales%20para%20negocios%20que%20quieren%20mostrar%20servicios%2C%20ubicaci%C3%B3n%20y%20contacto%20de%20forma%20clara%20desde%20el%20celular.%0A%0ATambi%C3%A9n%20podemos%20integrar%20un%20asistente%20con%20IA%20que%20responde%20preguntas%20frecuentes%20y%20gu%C3%ADa%20al%20cliente%20hacia%20WhatsApp.%0A%0APueden%20ver%20nuestra%20p%C3%A1gina%20aqu%C3%AD%3A%0Ahttps%3A%2F%2Fnexo-local-studio-public.vercel.app%0A%0ATenemos%20precios%20de%20lanzamiento%20desde%20%242%2C500%20MXN.%20Si%20les%20interesa%2C%20podemos%20enviarles%20una%20propuesta%20breve.%0A%0ASi%20prefieren%20no%20recibir%20m%C3%A1s%20mensajes%2C%20respondan%20%E2%80%9Cbaja%E2%80%9D.,528,788,url_valid,blocked_not_verified,,,,El registro público de OpenStreetMap no incluye sitio web oficial. Fuente: OpenStreetMap. Rating/reseñas no disponibles en esta fuente.
B,13,Ms&ms Dental Clinic,Dental,Mexico,Metepec,Metepec/Toluca premium,527222131140,pending_manual_check,"Hola, buen día.

Somos Nexo Local Studio. Hacemos páginas web profesionales para negocios que quieren mostrar servicios, ubicación y contacto de forma clara desde el celular.

También podemos integrar un asistente con IA que responde preguntas frecuentes y guía al cliente hacia WhatsApp.

Pueden ver nuestra página aquí:
https://nexo-local-studio-public.vercel.app

Tenemos precios de lanzamiento desde $2,500 MXN. Si les interesa, podemos enviarles una propuesta breve.

Si prefieren no recibir más mensajes, respondan “baja”.",https://nexo-local-studio-public.vercel.app,https://wa.me/527222131140?text=Hola%2C%20buen%20d%C3%ADa.%0A%0ASomos%20Nexo%20Local%20Studio.%20Hacemos%20p%C3%A1ginas%20web%20profesionales%20para%20negocios%20que%20quieren%20mostrar%20servicios%2C%20ubicaci%C3%B3n%20y%20contacto%20de%20forma%20clara%20desde%20el%20celular.%0A%0ATambi%C3%A9n%20podemos%20integrar%20un%20asistente%20con%20IA%20que%20responde%20preguntas%20frecuentes%20y%20gu%C3%ADa%20al%20cliente%20hacia%20WhatsApp.%0A%0APueden%20ver%20nuestra%20p%C3%A1gina%20aqu%C3%AD%3A%0Ahttps%3A%2F%2Fnexo-local-studio-public.vercel.app%0A%0ATenemos%20precios%20de%20lanzamiento%20desde%20%242%2C500%20MXN.%20Si%20les%20interesa%2C%20podemos%20enviarles%20una%20propuesta%20breve.%0A%0ASi%20prefieren%20no%20recibir%20m%C3%A1s%20mensajes%2C%20respondan%20%E2%80%9Cbaja%E2%80%9D.,528,788,url_valid,blocked_not_verified,,,,El registro público de OpenStreetMap no incluye sitio web oficial. Fuente: OpenStreetMap. Rating/reseñas no disponibles en esta fuente.
B,13,Ube Dental,Dental,Mexico,Metepec,Metepec/Toluca premium,527222387307,pending_manual_check,"Hola, buen día.

Somos Nexo Local Studio. Hacemos páginas web profesionales para negocios que quieren mostrar servicios, ubicación y contacto de forma clara desde el celular.

También podemos integrar un asistente con IA que responde preguntas frecuentes y guía al cliente hacia WhatsApp.

Pueden ver nuestra página aquí:
https://nexo-local-studio-public.vercel.app

Tenemos precios de lanzamiento desde $2,500 MXN. Si les interesa, podemos enviarles una propuesta breve.

Si prefieren no recibir más mensajes, respondan “baja”.",https://nexo-local-studio-public.vercel.app,https://wa.me/527222387307?text=Hola%2C%20buen%20d%C3%ADa.%0A%0ASomos%20Nexo%20Local%20Studio.%20Hacemos%20p%C3%A1ginas%20web%20profesionales%20para%20negocios%20que%20quieren%20mostrar%20servicios%2C%20ubicaci%C3%B3n%20y%20contacto%20de%20forma%20clara%20desde%20el%20celular.%0A%0ATambi%C3%A9n%20podemos%20integrar%20un%20asistente%20con%20IA%20que%20responde%20preguntas%20frecuentes%20y%20gu%C3%ADa%20al%20cliente%20hacia%20WhatsApp.%0A%0APueden%20ver%20nuestra%20p%C3%A1gina%20aqu%C3%AD%3A%0Ahttps%3A%2F%2Fnexo-local-studio-public.vercel.app%0A%0ATenemos%20precios%20de%20lanzamiento%20desde%20%242%2C500%20MXN.%20Si%20les%20interesa%2C%20podemos%20enviarles%20una%20propuesta%20breve.%0A%0ASi%20prefieren%20no%20recibir%20m%C3%A1s%20mensajes%2C%20respondan%20%E2%80%9Cbaja%E2%80%9D.,528,788,url_valid,blocked_not_verified,,,,El registro público de OpenStreetMap no incluye sitio web oficial. Fuente: OpenStreetMap. Rating/reseñas no disponibles en esta fuente.
B,13,Clean,Dental,Mexico,Metepec,Metepec/Toluca premium,527221581136,pending_manual_check,"Hola, buen día.

Somos Nexo Local Studio. Hacemos páginas web profesionales para negocios que quieren mostrar servicios, ubicación y contacto de forma clara desde el celular.

También podemos integrar un asistente con IA que responde preguntas frecuentes y guía al cliente hacia WhatsApp.

Pueden ver nuestra página aquí:
https://nexo-local-studio-public.vercel.app

Tenemos precios de lanzamiento desde $2,500 MXN. Si les interesa, podemos enviarles una propuesta breve.

Si prefieren no recibir más mensajes, respondan “baja”.",https://nexo-local-studio-public.vercel.app,https://wa.me/527221581136?text=Hola%2C%20buen%20d%C3%ADa.%0A%0ASomos%20Nexo%20Local%20Studio.%20Hacemos%20p%C3%A1ginas%20web%20profesionales%20para%20negocios%20que%20quieren%20mostrar%20servicios%2C%20ubicaci%C3%B3n%20y%20contacto%20de%20forma%20clara%20desde%20el%20celular.%0A%0ATambi%C3%A9n%20podemos%20integrar%20un%20asistente%20con%20IA%20que%20responde%20preguntas%20frecuentes%20y%20gu%C3%ADa%20al%20cliente%20hacia%20WhatsApp.%0A%0APueden%20ver%20nuestra%20p%C3%A1gina%20aqu%C3%AD%3A%0Ahttps%3A%2F%2Fnexo-local-studio-public.vercel.app%0A%0ATenemos%20precios%20de%20lanzamiento%20desde%20%242%2C500%20MXN.%20Si%20les%20interesa%2C%20podemos%20enviarles%20una%20propuesta%20breve.%0A%0ASi%20prefieren%20no%20recibir%20m%C3%A1s%20mensajes%2C%20respondan%20%E2%80%9Cbaja%E2%80%9D.,528,788,url_valid,blocked_not_verified,,,,El registro público de OpenStreetMap no incluye sitio web oficial. Fuente: OpenStreetMap. Rating/reseñas no disponibles en esta fuente.
B,12,Grupo Medica Support,Óptica/Oftalmología premium,Mexico,Metepec,Metepec/Toluca premium,527223017892,pending_manual_check,"Hola, buen día.

Somos Nexo Local Studio. Hacemos páginas web profesionales para negocios que quieren mostrar servicios, ubicación y contacto de forma clara desde el celular.

También podemos integrar un asistente con IA que responde preguntas frecuentes y guía al cliente hacia WhatsApp.

Pueden ver nuestra página aquí:
https://nexo-local-studio-public.vercel.app

Tenemos precios de lanzamiento desde $2,500 MXN. Si les interesa, podemos enviarles una propuesta breve.

Si prefieren no recibir más mensajes, respondan “baja”.",https://nexo-local-studio-public.vercel.app,https://wa.me/527223017892?text=Hola%2C%20buen%20d%C3%ADa.%0A%0ASomos%20Nexo%20Local%20Studio.%20Hacemos%20p%C3%A1ginas%20web%20profesionales%20para%20negocios%20que%20quieren%20mostrar%20servicios%2C%20ubicaci%C3%B3n%20y%20contacto%20de%20forma%20clara%20desde%20el%20celular.%0A%0ATambi%C3%A9n%20podemos%20integrar%20un%20asistente%20con%20IA%20que%20responde%20preguntas%20frecuentes%20y%20gu%C3%ADa%20al%20cliente%20hacia%20WhatsApp.%0A%0APueden%20ver%20nuestra%20p%C3%A1gina%20aqu%C3%AD%3A%0Ahttps%3A%2F%2Fnexo-local-studio-public.vercel.app%0A%0ATenemos%20precios%20de%20lanzamiento%20desde%20%242%2C500%20MXN.%20Si%20les%20interesa%2C%20podemos%20enviarles%20una%20propuesta%20breve.%0A%0ASi%20prefieren%20no%20recibir%20m%C3%A1s%20mensajes%2C%20respondan%20%E2%80%9Cbaja%E2%80%9D.,528,788,url_valid,blocked_not_verified,,,,El registro público de OpenStreetMap no incluye sitio web oficial. Fuente: OpenStreetMap. Rating/reseñas no disponibles en esta fuente.
B,13,Clinica Medica San Juan,Clínica estética,Mexico,Metepec,Metepec/Toluca premium,527222128436,pending_manual_check,"Hola, buen día.

Somos Nexo Local Studio. Hacemos páginas web profesionales para negocios que quieren mostrar servicios, ubicación y contacto de forma clara desde el celular.

También podemos integrar un asistente con IA que responde preguntas frecuentes y guía al cliente hacia WhatsApp.

Pueden ver nuestra página aquí:
https://nexo-local-studio-public.vercel.app

Tenemos precios de lanzamiento desde $2,500 MXN. Si les interesa, podemos enviarles una propuesta breve.

Si prefieren no recibir más mensajes, respondan “baja”.",https://nexo-local-studio-public.vercel.app,https://wa.me/527222128436?text=Hola%2C%20buen%20d%C3%ADa.%0A%0ASomos%20Nexo%20Local%20Studio.%20Hacemos%20p%C3%A1ginas%20web%20profesionales%20para%20negocios%20que%20quieren%20mostrar%20servicios%2C%20ubicaci%C3%B3n%20y%20contacto%20de%20forma%20clara%20desde%20el%20celular.%0A%0ATambi%C3%A9n%20podemos%20integrar%20un%20asistente%20con%20IA%20que%20responde%20preguntas%20frecuentes%20y%20gu%C3%ADa%20al%20cliente%20hacia%20WhatsApp.%0A%0APueden%20ver%20nuestra%20p%C3%A1gina%20aqu%C3%AD%3A%0Ahttps%3A%2F%2Fnexo-local-studio-public.vercel.app%0A%0ATenemos%20precios%20de%20lanzamiento%20desde%20%242%2C500%20MXN.%20Si%20les%20interesa%2C%20podemos%20enviarles%20una%20propuesta%20breve.%0A%0ASi%20prefieren%20no%20recibir%20m%C3%A1s%20mensajes%2C%20respondan%20%E2%80%9Cbaja%E2%80%9D.,528,788,url_valid,blocked_not_verified,,,,El registro público de OpenStreetMap no incluye sitio web oficial. Fuente: OpenStreetMap. Rating/reseñas no disponibles en esta fuente.
B,13,Clinica De Rehabilitacion Fisica Sakti,Clínica estética,Mexico,Metepec,Metepec/Toluca premium,527226348316,pending_manual_check,"Hola, buen día.

Somos Nexo Local Studio. Hacemos páginas web profesionales para negocios que quieren mostrar servicios, ubicación y contacto de forma clara desde el celular.

También podemos integrar un asistente con IA que responde preguntas frecuentes y guía al cliente hacia WhatsApp.

Pueden ver nuestra página aquí:
https://nexo-local-studio-public.vercel.app

Tenemos precios de lanzamiento desde $2,500 MXN. Si les interesa, podemos enviarles una propuesta breve.

Si prefieren no recibir más mensajes, respondan “baja”.",https://nexo-local-studio-public.vercel.app,https://wa.me/527226348316?text=Hola%2C%20buen%20d%C3%ADa.%0A%0ASomos%20Nexo%20Local%20Studio.%20Hacemos%20p%C3%A1ginas%20web%20profesionales%20para%20negocios%20que%20quieren%20mostrar%20servicios%2C%20ubicaci%C3%B3n%20y%20contacto%20de%20forma%20clara%20desde%20el%20celular.%0A%0ATambi%C3%A9n%20podemos%20integrar%20un%20asistente%20con%20IA%20que%20responde%20preguntas%20frecuentes%20y%20gu%C3%ADa%20al%20cliente%20hacia%20WhatsApp.%0A%0APueden%20ver%20nuestra%20p%C3%A1gina%20aqu%C3%AD%3A%0Ahttps%3A%2F%2Fnexo-local-studio-public.vercel.app%0A%0ATenemos%20precios%20de%20lanzamiento%20desde%20%242%2C500%20MXN.%20Si%20les%20interesa%2C%20podemos%20enviarles%20una%20propuesta%20breve.%0A%0ASi%20prefieren%20no%20recibir%20m%C3%A1s%20mensajes%2C%20respondan%20%E2%80%9Cbaja%E2%80%9D.,528,788,url_valid,blocked_not_verified,,,,El registro público de OpenStreetMap no incluye sitio web oficial. Fuente: OpenStreetMap. Rating/reseñas no disponibles en esta fuente.
B,13,El Divan De Freud,Clínica estética,Mexico,Metepec,Metepec/Toluca premium,527221556811,pending_manual_check,"Hola, buen día.

Somos Nexo Local Studio. Hacemos páginas web profesionales para negocios que quieren mostrar servicios, ubicación y contacto de forma clara desde el celular.

También podemos integrar un asistente con IA que responde preguntas frecuentes y guía al cliente hacia WhatsApp.

Pueden ver nuestra página aquí:
https://nexo-local-studio-public.vercel.app

Tenemos precios de lanzamiento desde $2,500 MXN. Si les interesa, podemos enviarles una propuesta breve.

Si prefieren no recibir más mensajes, respondan “baja”.",https://nexo-local-studio-public.vercel.app,https://wa.me/527221556811?text=Hola%2C%20buen%20d%C3%ADa.%0A%0ASomos%20Nexo%20Local%20Studio.%20Hacemos%20p%C3%A1ginas%20web%20profesionales%20para%20negocios%20que%20quieren%20mostrar%20servicios%2C%20ubicaci%C3%B3n%20y%20contacto%20de%20forma%20clara%20desde%20el%20celular.%0A%0ATambi%C3%A9n%20podemos%20integrar%20un%20asistente%20con%20IA%20que%20responde%20preguntas%20frecuentes%20y%20gu%C3%ADa%20al%20cliente%20hacia%20WhatsApp.%0A%0APueden%20ver%20nuestra%20p%C3%A1gina%20aqu%C3%AD%3A%0Ahttps%3A%2F%2Fnexo-local-studio-public.vercel.app%0A%0ATenemos%20precios%20de%20lanzamiento%20desde%20%242%2C500%20MXN.%20Si%20les%20interesa%2C%20podemos%20enviarles%20una%20propuesta%20breve.%0A%0ASi%20prefieren%20no%20recibir%20m%C3%A1s%20mensajes%2C%20respondan%20%E2%80%9Cbaja%E2%80%9D.,528,788,url_valid,blocked_not_verified,,,,El registro público de OpenStreetMap no incluye sitio web oficial. Fuente: OpenStreetMap. Rating/reseñas no disponibles en esta fuente.
B,13,Dotor Dental,Dental,Mexico,Metepec,Metepec/Toluca premium,527222722013,pending_manual_check,"Hola, buen día.

Somos Nexo Local Studio. Hacemos páginas web profesionales para negocios que quieren mostrar servicios, ubicación y contacto de forma clara desde el celular.

También podemos integrar un asistente con IA que responde preguntas frecuentes y guía al cliente hacia WhatsApp.

Pueden ver nuestra página aquí:
https://nexo-local-studio-public.vercel.app

Tenemos precios de lanzamiento desde $2,500 MXN. Si les interesa, podemos enviarles una propuesta breve.

Si prefieren no recibir más mensajes, respondan “baja”.",https://nexo-local-studio-public.vercel.app,https://wa.me/527222722013?text=Hola%2C%20buen%20d%C3%ADa.%0A%0ASomos%20Nexo%20Local%20Studio.%20Hacemos%20p%C3%A1ginas%20web%20profesionales%20para%20negocios%20que%20quieren%20mostrar%20servicios%2C%20ubicaci%C3%B3n%20y%20contacto%20de%20forma%20clara%20desde%20el%20celular.%0A%0ATambi%C3%A9n%20podemos%20integrar%20un%20asistente%20con%20IA%20que%20responde%20preguntas%20frecuentes%20y%20gu%C3%ADa%20al%20cliente%20hacia%20WhatsApp.%0A%0APueden%20ver%20nuestra%20p%C3%A1gina%20aqu%C3%AD%3A%0Ahttps%3A%2F%2Fnexo-local-studio-public.vercel.app%0A%0ATenemos%20precios%20de%20lanzamiento%20desde%20%242%2C500%20MXN.%20Si%20les%20interesa%2C%20podemos%20enviarles%20una%20propuesta%20breve.%0A%0ASi%20prefieren%20no%20recibir%20m%C3%A1s%20mensajes%2C%20respondan%20%E2%80%9Cbaja%E2%80%9D.,528,788,url_valid,blocked_not_verified,,,,El registro público de OpenStreetMap no incluye sitio web oficial. Fuente: OpenStreetMap. Rating/reseñas no disponibles en esta fuente.
B,13,Consultorio Dental Esquivel,Dental,Mexico,Metepec,Metepec/Toluca premium,527223507464,pending_manual_check,"Hola, buen día.

Somos Nexo Local Studio. Hacemos páginas web profesionales para negocios que quieren mostrar servicios, ubicación y contacto de forma clara desde el celular.

También podemos integrar un asistente con IA que responde preguntas frecuentes y guía al cliente hacia WhatsApp.

Pueden ver nuestra página aquí:
https://nexo-local-studio-public.vercel.app

Tenemos precios de lanzamiento desde $2,500 MXN. Si les interesa, podemos enviarles una propuesta breve.

Si prefieren no recibir más mensajes, respondan “baja”.",https://nexo-local-studio-public.vercel.app,https://wa.me/527223507464?text=Hola%2C%20buen%20d%C3%ADa.%0A%0ASomos%20Nexo%20Local%20Studio.%20Hacemos%20p%C3%A1ginas%20web%20profesionales%20para%20negocios%20que%20quieren%20mostrar%20servicios%2C%20ubicaci%C3%B3n%20y%20contacto%20de%20forma%20clara%20desde%20el%20celular.%0A%0ATambi%C3%A9n%20podemos%20integrar%20un%20asistente%20con%20IA%20que%20responde%20preguntas%20frecuentes%20y%20gu%C3%ADa%20al%20cliente%20hacia%20WhatsApp.%0A%0APueden%20ver%20nuestra%20p%C3%A1gina%20aqu%C3%AD%3A%0Ahttps%3A%2F%2Fnexo-local-studio-public.vercel.app%0A%0ATenemos%20precios%20de%20lanzamiento%20desde%20%242%2C500%20MXN.%20Si%20les%20interesa%2C%20podemos%20enviarles%20una%20propuesta%20breve.%0A%0ASi%20prefieren%20no%20recibir%20m%C3%A1s%20mensajes%2C%20respondan%20%E2%80%9Cbaja%E2%80%9D.,528,788,url_valid,blocked_not_verified,,,,El registro público de OpenStreetMap no incluye sitio web oficial. Fuente: OpenStreetMap. Rating/reseñas no disponibles en esta fuente.
B,13,Consultorio dental Prudent,Dental,Mexico,Metepec,Metepec/Toluca premium,527222521359,pending_manual_check,"Hola, buen día.

Somos Nexo Local Studio. Hacemos páginas web profesionales para negocios que quieren mostrar servicios, ubicación y contacto de forma clara desde el celular.

También podemos integrar un asistente con IA que responde preguntas frecuentes y guía al cliente hacia WhatsApp.

Pueden ver nuestra página aquí:
https://nexo-local-studio-public.vercel.app

Tenemos precios de lanzamiento desde $2,500 MXN. Si les interesa, podemos enviarles una propuesta breve.

Si prefieren no recibir más mensajes, respondan “baja”.",https://nexo-local-studio-public.vercel.app,https://wa.me/527222521359?text=Hola%2C%20buen%20d%C3%ADa.%0A%0ASomos%20Nexo%20Local%20Studio.%20Hacemos%20p%C3%A1ginas%20web%20profesionales%20para%20negocios%20que%20quieren%20mostrar%20servicios%2C%20ubicaci%C3%B3n%20y%20contacto%20de%20forma%20clara%20desde%20el%20celular.%0A%0ATambi%C3%A9n%20podemos%20integrar%20un%20asistente%20con%20IA%20que%20responde%20preguntas%20frecuentes%20y%20gu%C3%ADa%20al%20cliente%20hacia%20WhatsApp.%0A%0APueden%20ver%20nuestra%20p%C3%A1gina%20aqu%C3%AD%3A%0Ahttps%3A%2F%2Fnexo-local-studio-public.vercel.app%0A%0ATenemos%20precios%20de%20lanzamiento%20desde%20%242%2C500%20MXN.%20Si%20les%20interesa%2C%20podemos%20enviarles%20una%20propuesta%20breve.%0A%0ASi%20prefieren%20no%20recibir%20m%C3%A1s%20mensajes%2C%20respondan%20%E2%80%9Cbaja%E2%80%9D.,528,788,url_valid,blocked_not_verified,,,,El registro público de OpenStreetMap no incluye sitio web oficial. Fuente: OpenStreetMap. Rating/reseñas no disponibles en esta fuente.
B,13,Dental Vilher,Dental,Mexico,Metepec,Metepec/Toluca premium,527226479760,pending_manual_check,"Hola, buen día.

Somos Nexo Local Studio. Hacemos páginas web profesionales para negocios que quieren mostrar servicios, ubicación y contacto de forma clara desde el celular.

También podemos integrar un asistente con IA que responde preguntas frecuentes y guía al cliente hacia WhatsApp.

Pueden ver nuestra página aquí:
https://nexo-local-studio-public.vercel.app

Tenemos precios de lanzamiento desde $2,500 MXN. Si les interesa, podemos enviarles una propuesta breve.

Si prefieren no recibir más mensajes, respondan “baja”.",https://nexo-local-studio-public.vercel.app,https://wa.me/527226479760?text=Hola%2C%20buen%20d%C3%ADa.%0A%0ASomos%20Nexo%20Local%20Studio.%20Hacemos%20p%C3%A1ginas%20web%20profesionales%20para%20negocios%20que%20quieren%20mostrar%20servicios%2C%20ubicaci%C3%B3n%20y%20contacto%20de%20forma%20clara%20desde%20el%20celular.%0A%0ATambi%C3%A9n%20podemos%20integrar%20un%20asistente%20con%20IA%20que%20responde%20preguntas%20frecuentes%20y%20gu%C3%ADa%20al%20cliente%20hacia%20WhatsApp.%0A%0APueden%20ver%20nuestra%20p%C3%A1gina%20aqu%C3%AD%3A%0Ahttps%3A%2F%2Fnexo-local-studio-public.vercel.app%0A%0ATenemos%20precios%20de%20lanzamiento%20desde%20%242%2C500%20MXN.%20Si%20les%20interesa%2C%20podemos%20enviarles%20una%20propuesta%20breve.%0A%0ASi%20prefieren%20no%20recibir%20m%C3%A1s%20mensajes%2C%20respondan%20%E2%80%9Cbaja%E2%80%9D.,528,788,url_valid,blocked_not_verified,,,,El registro público de OpenStreetMap no incluye sitio web oficial. Fuente: OpenStreetMap. Rating/reseñas no disponibles en esta fuente.
B,13,Consultorio Cirugia General,Clínica estética,Mexico,Metepec,Metepec/Toluca premium,527222125649,pending_manual_check,"Hola, buen día.

Somos Nexo Local Studio. Hacemos páginas web profesionales para negocios que quieren mostrar servicios, ubicación y contacto de forma clara desde el celular.

También podemos integrar un asistente con IA que responde preguntas frecuentes y guía al cliente hacia WhatsApp.

Pueden ver nuestra página aquí:
https://nexo-local-studio-public.vercel.app

Tenemos precios de lanzamiento desde $2,500 MXN. Si les interesa, podemos enviarles una propuesta breve.

Si prefieren no recibir más mensajes, respondan “baja”.",https://nexo-local-studio-public.vercel.app,https://wa.me/527222125649?text=Hola%2C%20buen%20d%C3%ADa.%0A%0ASomos%20Nexo%20Local%20Studio.%20Hacemos%20p%C3%A1ginas%20web%20profesionales%20para%20negocios%20que%20quieren%20mostrar%20servicios%2C%20ubicaci%C3%B3n%20y%20contacto%20de%20forma%20clara%20desde%20el%20celular.%0A%0ATambi%C3%A9n%20podemos%20integrar%20un%20asistente%20con%20IA%20que%20responde%20preguntas%20frecuentes%20y%20gu%C3%ADa%20al%20cliente%20hacia%20WhatsApp.%0A%0APueden%20ver%20nuestra%20p%C3%A1gina%20aqu%C3%AD%3A%0Ahttps%3A%2F%2Fnexo-local-studio-public.vercel.app%0A%0ATenemos%20precios%20de%20lanzamiento%20desde%20%242%2C500%20MXN.%20Si%20les%20interesa%2C%20podemos%20enviarles%20una%20propuesta%20breve.%0A%0ASi%20prefieren%20no%20recibir%20m%C3%A1s%20mensajes%2C%20respondan%20%E2%80%9Cbaja%E2%80%9D.,528,788,url_valid,blocked_not_verified,,,,El registro público de OpenStreetMap no incluye sitio web oficial. Fuente: OpenStreetMap. Rating/reseñas no disponibles en esta fuente.
B,13,Orientacion Psicologica,Clínica estética,Mexico,Metepec,Metepec/Toluca premium,527223810349,pending_manual_check,"Hola, buen día.

Somos Nexo Local Studio. Hacemos páginas web profesionales para negocios que quieren mostrar servicios, ubicación y contacto de forma clara desde el celular.

También podemos integrar un asistente con IA que responde preguntas frecuentes y guía al cliente hacia WhatsApp.

Pueden ver nuestra página aquí:
https://nexo-local-studio-public.vercel.app

Tenemos precios de lanzamiento desde $2,500 MXN. Si les interesa, podemos enviarles una propuesta breve.

Si prefieren no recibir más mensajes, respondan “baja”.",https://nexo-local-studio-public.vercel.app,https://wa.me/527223810349?text=Hola%2C%20buen%20d%C3%ADa.%0A%0ASomos%20Nexo%20Local%20Studio.%20Hacemos%20p%C3%A1ginas%20web%20profesionales%20para%20negocios%20que%20quieren%20mostrar%20servicios%2C%20ubicaci%C3%B3n%20y%20contacto%20de%20forma%20clara%20desde%20el%20celular.%0A%0ATambi%C3%A9n%20podemos%20integrar%20un%20asistente%20con%20IA%20que%20responde%20preguntas%20frecuentes%20y%20gu%C3%ADa%20al%20cliente%20hacia%20WhatsApp.%0A%0APueden%20ver%20nuestra%20p%C3%A1gina%20aqu%C3%AD%3A%0Ahttps%3A%2F%2Fnexo-local-studio-public.vercel.app%0A%0ATenemos%20precios%20de%20lanzamiento%20desde%20%242%2C500%20MXN.%20Si%20les%20interesa%2C%20podemos%20enviarles%20una%20propuesta%20breve.%0A%0ASi%20prefieren%20no%20recibir%20m%C3%A1s%20mensajes%2C%20respondan%20%E2%80%9Cbaja%E2%80%9D.,528,788,url_valid,blocked_not_verified,,,,El registro público de OpenStreetMap no incluye sitio web oficial. Fuente: OpenStreetMap. Rating/reseñas no disponibles en esta fuente.
B,13,Centro joshem,Clínica estética,Mexico,Metepec,Metepec/Toluca premium,527224575094,pending_manual_check,"Hola, buen día.

Somos Nexo Local Studio. Hacemos páginas web profesionales para negocios que quieren mostrar servicios, ubicación y contacto de forma clara desde el celular.

También podemos integrar un asistente con IA que responde preguntas frecuentes y guía al cliente hacia WhatsApp.

Pueden ver nuestra página aquí:
https://nexo-local-studio-public.vercel.app

Tenemos precios de lanzamiento desde $2,500 MXN. Si les interesa, podemos enviarles una propuesta breve.

Si prefieren no recibir más mensajes, respondan “baja”.",https://nexo-local-studio-public.vercel.app,https://wa.me/527224575094?text=Hola%2C%20buen%20d%C3%ADa.%0A%0ASomos%20Nexo%20Local%20Studio.%20Hacemos%20p%C3%A1ginas%20web%20profesionales%20para%20negocios%20que%20quieren%20mostrar%20servicios%2C%20ubicaci%C3%B3n%20y%20contacto%20de%20forma%20clara%20desde%20el%20celular.%0A%0ATambi%C3%A9n%20podemos%20integrar%20un%20asistente%20con%20IA%20que%20responde%20preguntas%20frecuentes%20y%20gu%C3%ADa%20al%20cliente%20hacia%20WhatsApp.%0A%0APueden%20ver%20nuestra%20p%C3%A1gina%20aqu%C3%AD%3A%0Ahttps%3A%2F%2Fnexo-local-studio-public.vercel.app%0A%0ATenemos%20precios%20de%20lanzamiento%20desde%20%242%2C500%20MXN.%20Si%20les%20interesa%2C%20podemos%20enviarles%20una%20propuesta%20breve.%0A%0ASi%20prefieren%20no%20recibir%20m%C3%A1s%20mensajes%2C%20respondan%20%E2%80%9Cbaja%E2%80%9D.,528,788,url_valid,blocked_not_verified,,,,El registro público de OpenStreetMap no incluye sitio web oficial. Fuente: OpenStreetMap. Rating/reseñas no disponibles en esta fuente.
B,13,Consultorio Homeopatico,Clínica estética,Mexico,Metepec,Metepec/Toluca premium,527224327883,pending_manual_check,"Hola, buen día.

Somos Nexo Local Studio. Hacemos páginas web profesionales para negocios que quieren mostrar servicios, ubicación y contacto de forma clara desde el celular.

También podemos integrar un asistente con IA que responde preguntas frecuentes y guía al cliente hacia WhatsApp.

Pueden ver nuestra página aquí:
https://nexo-local-studio-public.vercel.app

Tenemos precios de lanzamiento desde $2,500 MXN. Si les interesa, podemos enviarles una propuesta breve.

Si prefieren no recibir más mensajes, respondan “baja”.",https://nexo-local-studio-public.vercel.app,https://wa.me/527224327883?text=Hola%2C%20buen%20d%C3%ADa.%0A%0ASomos%20Nexo%20Local%20Studio.%20Hacemos%20p%C3%A1ginas%20web%20profesionales%20para%20negocios%20que%20quieren%20mostrar%20servicios%2C%20ubicaci%C3%B3n%20y%20contacto%20de%20forma%20clara%20desde%20el%20celular.%0A%0ATambi%C3%A9n%20podemos%20integrar%20un%20asistente%20con%20IA%20que%20responde%20preguntas%20frecuentes%20y%20gu%C3%ADa%20al%20cliente%20hacia%20WhatsApp.%0A%0APueden%20ver%20nuestra%20p%C3%A1gina%20aqu%C3%AD%3A%0Ahttps%3A%2F%2Fnexo-local-studio-public.vercel.app%0A%0ATenemos%20precios%20de%20lanzamiento%20desde%20%242%2C500%20MXN.%20Si%20les%20interesa%2C%20podemos%20enviarles%20una%20propuesta%20breve.%0A%0ASi%20prefieren%20no%20recibir%20m%C3%A1s%20mensajes%2C%20respondan%20%E2%80%9Cbaja%E2%80%9D.,528,788,url_valid,blocked_not_verified,,,,El registro público de OpenStreetMap no incluye sitio web oficial. Fuente: OpenStreetMap. Rating/reseñas no disponibles en esta fuente.
B,13,Consultorio de Nutriologa,Clínica estética,Mexico,Metepec,Metepec/Toluca premium,527225042139,pending_manual_check,"Hola, buen día.

Somos Nexo Local Studio. Hacemos páginas web profesionales para negocios que quieren mostrar servicios, ubicación y contacto de forma clara desde el celular.

También podemos integrar un asistente con IA que responde preguntas frecuentes y guía al cliente hacia WhatsApp.

Pueden ver nuestra página aquí:
https://nexo-local-studio-public.vercel.app

Tenemos precios de lanzamiento desde $2,500 MXN. Si les interesa, podemos enviarles una propuesta breve.

Si prefieren no recibir más mensajes, respondan “baja”.",https://nexo-local-studio-public.vercel.app,https://wa.me/527225042139?text=Hola%2C%20buen%20d%C3%ADa.%0A%0ASomos%20Nexo%20Local%20Studio.%20Hacemos%20p%C3%A1ginas%20web%20profesionales%20para%20negocios%20que%20quieren%20mostrar%20servicios%2C%20ubicaci%C3%B3n%20y%20contacto%20de%20forma%20clara%20desde%20el%20celular.%0A%0ATambi%C3%A9n%20podemos%20integrar%20un%20asistente%20con%20IA%20que%20responde%20preguntas%20frecuentes%20y%20gu%C3%ADa%20al%20cliente%20hacia%20WhatsApp.%0A%0APueden%20ver%20nuestra%20p%C3%A1gina%20aqu%C3%AD%3A%0Ahttps%3A%2F%2Fnexo-local-studio-public.vercel.app%0A%0ATenemos%20precios%20de%20lanzamiento%20desde%20%242%2C500%20MXN.%20Si%20les%20interesa%2C%20podemos%20enviarles%20una%20propuesta%20breve.%0A%0ASi%20prefieren%20no%20recibir%20m%C3%A1s%20mensajes%2C%20respondan%20%E2%80%9Cbaja%E2%80%9D.,528,788,url_valid,blocked_not_verified,,,,El registro público de OpenStreetMap no incluye sitio web oficial. Fuente: OpenStreetMap. Rating/reseñas no disponibles en esta fuente.
B,13,Consultorios Medicos Alvear,Clínica estética,Mexico,Metepec,Metepec/Toluca premium,527222152797,pending_manual_check,"Hola, buen día.

Somos Nexo Local Studio. Hacemos páginas web profesionales para negocios que quieren mostrar servicios, ubicación y contacto de forma clara desde el celular.

También podemos integrar un asistente con IA que responde preguntas frecuentes y guía al cliente hacia WhatsApp.

Pueden ver nuestra página aquí:
https://nexo-local-studio-public.vercel.app

Tenemos precios de lanzamiento desde $2,500 MXN. Si les interesa, podemos enviarles una propuesta breve.

Si prefieren no recibir más mensajes, respondan “baja”.",https://nexo-local-studio-public.vercel.app,https://wa.me/527222152797?text=Hola%2C%20buen%20d%C3%ADa.%0A%0ASomos%20Nexo%20Local%20Studio.%20Hacemos%20p%C3%A1ginas%20web%20profesionales%20para%20negocios%20que%20quieren%20mostrar%20servicios%2C%20ubicaci%C3%B3n%20y%20contacto%20de%20forma%20clara%20desde%20el%20celular.%0A%0ATambi%C3%A9n%20podemos%20integrar%20un%20asistente%20con%20IA%20que%20responde%20preguntas%20frecuentes%20y%20gu%C3%ADa%20al%20cliente%20hacia%20WhatsApp.%0A%0APueden%20ver%20nuestra%20p%C3%A1gina%20aqu%C3%AD%3A%0Ahttps%3A%2F%2Fnexo-local-studio-public.vercel.app%0A%0ATenemos%20precios%20de%20lanzamiento%20desde%20%242%2C500%20MXN.%20Si%20les%20interesa%2C%20podemos%20enviarles%20una%20propuesta%20breve.%0A%0ASi%20prefieren%20no%20recibir%20m%C3%A1s%20mensajes%2C%20respondan%20%E2%80%9Cbaja%E2%80%9D.,528,788,url_valid,blocked_not_verified,,,,El registro público de OpenStreetMap no incluye sitio web oficial. Fuente: OpenStreetMap. Rating/reseñas no disponibles en esta fuente.
B,13,Consultorio Y Laboratorio Dental,Dental,Mexico,Metepec,Metepec/Toluca premium,527223111151,pending_manual_check,"Hola, buen día.

Somos Nexo Local Studio. Hacemos páginas web profesionales para negocios que quieren mostrar servicios, ubicación y contacto de forma clara desde el celular.

También podemos integrar un asistente con IA que responde preguntas frecuentes y guía al cliente hacia WhatsApp.

Pueden ver nuestra página aquí:
https://nexo-local-studio-public.vercel.app

Tenemos precios de lanzamiento desde $2,500 MXN. Si les interesa, podemos enviarles una propuesta breve.

Si prefieren no recibir más mensajes, respondan “baja”.",https://nexo-local-studio-public.vercel.app,https://wa.me/527223111151?text=Hola%2C%20buen%20d%C3%ADa.%0A%0ASomos%20Nexo%20Local%20Studio.%20Hacemos%20p%C3%A1ginas%20web%20profesionales%20para%20negocios%20que%20quieren%20mostrar%20servicios%2C%20ubicaci%C3%B3n%20y%20contacto%20de%20forma%20clara%20desde%20el%20celular.%0A%0ATambi%C3%A9n%20podemos%20integrar%20un%20asistente%20con%20IA%20que%20responde%20preguntas%20frecuentes%20y%20gu%C3%ADa%20al%20cliente%20hacia%20WhatsApp.%0A%0APueden%20ver%20nuestra%20p%C3%A1gina%20aqu%C3%AD%3A%0Ahttps%3A%2F%2Fnexo-local-studio-public.vercel.app%0A%0ATenemos%20precios%20de%20lanzamiento%20desde%20%242%2C500%20MXN.%20Si%20les%20interesa%2C%20podemos%20enviarles%20una%20propuesta%20breve.%0A%0ASi%20prefieren%20no%20recibir%20m%C3%A1s%20mensajes%2C%20respondan%20%E2%80%9Cbaja%E2%80%9D.,528,788,url_valid,blocked_not_verified,,,,El registro público de OpenStreetMap no incluye sitio web oficial. Fuente: OpenStreetMap. Rating/reseñas no disponibles en esta fuente.
B,10,Inglés Individual,Academia privada,Mexico,Metepec,Metepec/Toluca premium,527223184809,pending_manual_check,"Hola, buen día.

Somos Nexo Local Studio. Hacemos páginas web profesionales para negocios que quieren mostrar servicios, ubicación y contacto de forma clara desde el celular.

También podemos integrar un asistente con IA que responde preguntas frecuentes y guía al cliente hacia WhatsApp.

Pueden ver nuestra página aquí:
https://nexo-local-studio-public.vercel.app

Tenemos precios de lanzamiento desde $2,500 MXN. Si les interesa, podemos enviarles una propuesta breve.

Si prefieren no recibir más mensajes, respondan “baja”.",https://nexo-local-studio-public.vercel.app,https://wa.me/527223184809?text=Hola%2C%20buen%20d%C3%ADa.%0A%0ASomos%20Nexo%20Local%20Studio.%20Hacemos%20p%C3%A1ginas%20web%20profesionales%20para%20negocios%20que%20quieren%20mostrar%20servicios%2C%20ubicaci%C3%B3n%20y%20contacto%20de%20forma%20clara%20desde%20el%20celular.%0A%0ATambi%C3%A9n%20podemos%20integrar%20un%20asistente%20con%20IA%20que%20responde%20preguntas%20frecuentes%20y%20gu%C3%ADa%20al%20cliente%20hacia%20WhatsApp.%0A%0APueden%20ver%20nuestra%20p%C3%A1gina%20aqu%C3%AD%3A%0Ahttps%3A%2F%2Fnexo-local-studio-public.vercel.app%0A%0ATenemos%20precios%20de%20lanzamiento%20desde%20%242%2C500%20MXN.%20Si%20les%20interesa%2C%20podemos%20enviarles%20una%20propuesta%20breve.%0A%0ASi%20prefieren%20no%20recibir%20m%C3%A1s%20mensajes%2C%20respondan%20%E2%80%9Cbaja%E2%80%9D.,528,788,url_valid,blocked_not_verified,,,,El registro público de OpenStreetMap no incluye sitio web oficial. Fuente: OpenStreetMap. Rating/reseñas no disponibles en esta fuente.
B,13,Quiropedistas,Clínica estética,Mexico,Metepec,Metepec/Toluca premium,527222138088,pending_manual_check,"Hola, buen día.

Somos Nexo Local Studio. Hacemos páginas web profesionales para negocios que quieren mostrar servicios, ubicación y contacto de forma clara desde el celular.

También podemos integrar un asistente con IA que responde preguntas frecuentes y guía al cliente hacia WhatsApp.

Pueden ver nuestra página aquí:
https://nexo-local-studio-public.vercel.app

Tenemos precios de lanzamiento desde $2,500 MXN. Si les interesa, podemos enviarles una propuesta breve.

Si prefieren no recibir más mensajes, respondan “baja”.",https://nexo-local-studio-public.vercel.app,https://wa.me/527222138088?text=Hola%2C%20buen%20d%C3%ADa.%0A%0ASomos%20Nexo%20Local%20Studio.%20Hacemos%20p%C3%A1ginas%20web%20profesionales%20para%20negocios%20que%20quieren%20mostrar%20servicios%2C%20ubicaci%C3%B3n%20y%20contacto%20de%20forma%20clara%20desde%20el%20celular.%0A%0ATambi%C3%A9n%20podemos%20integrar%20un%20asistente%20con%20IA%20que%20responde%20preguntas%20frecuentes%20y%20gu%C3%ADa%20al%20cliente%20hacia%20WhatsApp.%0A%0APueden%20ver%20nuestra%20p%C3%A1gina%20aqu%C3%AD%3A%0Ahttps%3A%2F%2Fnexo-local-studio-public.vercel.app%0A%0ATenemos%20precios%20de%20lanzamiento%20desde%20%242%2C500%20MXN.%20Si%20les%20interesa%2C%20podemos%20enviarles%20una%20propuesta%20breve.%0A%0ASi%20prefieren%20no%20recibir%20m%C3%A1s%20mensajes%2C%20respondan%20%E2%80%9Cbaja%E2%80%9D.,528,788,url_valid,blocked_not_verified,,,,El registro público de OpenStreetMap no incluye sitio web oficial. Fuente: OpenStreetMap. Rating/reseñas no disponibles en esta fuente.
B,13,Clinica Dental San Francisco,Dental,Mexico,Metepec,Metepec/Toluca premium,527222751830,pending_manual_check,"Hola, buen día.

Somos Nexo Local Studio. Hacemos páginas web profesionales para negocios que quieren mostrar servicios, ubicación y contacto de forma clara desde el celular.

También podemos integrar un asistente con IA que responde preguntas frecuentes y guía al cliente hacia WhatsApp.

Pueden ver nuestra página aquí:
https://nexo-local-studio-public.vercel.app

Tenemos precios de lanzamiento desde $2,500 MXN. Si les interesa, podemos enviarles una propuesta breve.

Si prefieren no recibir más mensajes, respondan “baja”.",https://nexo-local-studio-public.vercel.app,https://wa.me/527222751830?text=Hola%2C%20buen%20d%C3%ADa.%0A%0ASomos%20Nexo%20Local%20Studio.%20Hacemos%20p%C3%A1ginas%20web%20profesionales%20para%20negocios%20que%20quieren%20mostrar%20servicios%2C%20ubicaci%C3%B3n%20y%20contacto%20de%20forma%20clara%20desde%20el%20celular.%0A%0ATambi%C3%A9n%20podemos%20integrar%20un%20asistente%20con%20IA%20que%20responde%20preguntas%20frecuentes%20y%20gu%C3%ADa%20al%20cliente%20hacia%20WhatsApp.%0A%0APueden%20ver%20nuestra%20p%C3%A1gina%20aqu%C3%AD%3A%0Ahttps%3A%2F%2Fnexo-local-studio-public.vercel.app%0A%0ATenemos%20precios%20de%20lanzamiento%20desde%20%242%2C500%20MXN.%20Si%20les%20interesa%2C%20podemos%20enviarles%20una%20propuesta%20breve.%0A%0ASi%20prefieren%20no%20recibir%20m%C3%A1s%20mensajes%2C%20respondan%20%E2%80%9Cbaja%E2%80%9D.,528,788,url_valid,blocked_not_verified,,,,El registro público de OpenStreetMap no incluye sitio web oficial. Fuente: OpenStreetMap. Rating/reseñas no disponibles en esta fuente.
B,13,Atencion Psicoterapeutica Toluca,Clínica estética,Mexico,Metepec,Metepec/Toluca premium,527225977062,pending_manual_check,"Hola, buen día.

Somos Nexo Local Studio. Hacemos páginas web profesionales para negocios que quieren mostrar servicios, ubicación y contacto de forma clara desde el celular.

También podemos integrar un asistente con IA que responde preguntas frecuentes y guía al cliente hacia WhatsApp.

Pueden ver nuestra página aquí:
https://nexo-local-studio-public.vercel.app

Tenemos precios de lanzamiento desde $2,500 MXN. Si les interesa, podemos enviarles una propuesta breve.

Si prefieren no recibir más mensajes, respondan “baja”.",https://nexo-local-studio-public.vercel.app,https://wa.me/527225977062?text=Hola%2C%20buen%20d%C3%ADa.%0A%0ASomos%20Nexo%20Local%20Studio.%20Hacemos%20p%C3%A1ginas%20web%20profesionales%20para%20negocios%20que%20quieren%20mostrar%20servicios%2C%20ubicaci%C3%B3n%20y%20contacto%20de%20forma%20clara%20desde%20el%20celular.%0A%0ATambi%C3%A9n%20podemos%20integrar%20un%20asistente%20con%20IA%20que%20responde%20preguntas%20frecuentes%20y%20gu%C3%ADa%20al%20cliente%20hacia%20WhatsApp.%0A%0APueden%20ver%20nuestra%20p%C3%A1gina%20aqu%C3%AD%3A%0Ahttps%3A%2F%2Fnexo-local-studio-public.vercel.app%0A%0ATenemos%20precios%20de%20lanzamiento%20desde%20%242%2C500%20MXN.%20Si%20les%20interesa%2C%20podemos%20enviarles%20una%20propuesta%20breve.%0A%0ASi%20prefieren%20no%20recibir%20m%C3%A1s%20mensajes%2C%20respondan%20%E2%80%9Cbaja%E2%80%9D.,528,788,url_valid,blocked_not_verified,,,,El registro público de OpenStreetMap no incluye sitio web oficial. Fuente: OpenStreetMap. Rating/reseñas no disponibles en esta fuente.
B,10,Innovation English School,Academia privada,Mexico,Metepec,Metepec/Toluca premium,527221569341,pending_manual_check,"Hola, buen día.

Somos Nexo Local Studio. Hacemos páginas web profesionales para negocios que quieren mostrar servicios, ubicación y contacto de forma clara desde el celular.

También podemos integrar un asistente con IA que responde preguntas frecuentes y guía al cliente hacia WhatsApp.

Pueden ver nuestra página aquí:
https://nexo-local-studio-public.vercel.app

Tenemos precios de lanzamiento desde $2,500 MXN. Si les interesa, podemos enviarles una propuesta breve.

Si prefieren no recibir más mensajes, respondan “baja”.",https://nexo-local-studio-public.vercel.app,https://wa.me/527221569341?text=Hola%2C%20buen%20d%C3%ADa.%0A%0ASomos%20Nexo%20Local%20Studio.%20Hacemos%20p%C3%A1ginas%20web%20profesionales%20para%20negocios%20que%20quieren%20mostrar%20servicios%2C%20ubicaci%C3%B3n%20y%20contacto%20de%20forma%20clara%20desde%20el%20celular.%0A%0ATambi%C3%A9n%20podemos%20integrar%20un%20asistente%20con%20IA%20que%20responde%20preguntas%20frecuentes%20y%20gu%C3%ADa%20al%20cliente%20hacia%20WhatsApp.%0A%0APueden%20ver%20nuestra%20p%C3%A1gina%20aqu%C3%AD%3A%0Ahttps%3A%2F%2Fnexo-local-studio-public.vercel.app%0A%0ATenemos%20precios%20de%20lanzamiento%20desde%20%242%2C500%20MXN.%20Si%20les%20interesa%2C%20podemos%20enviarles%20una%20propuesta%20breve.%0A%0ASi%20prefieren%20no%20recibir%20m%C3%A1s%20mensajes%2C%20respondan%20%E2%80%9Cbaja%E2%80%9D.,528,788,url_valid,blocked_not_verified,,,,El registro público de OpenStreetMap no incluye sitio web oficial. Fuente: OpenStreetMap. Rating/reseñas no disponibles en esta fuente.
B,13,Fisioterapia,Clínica estética,Mexico,Metepec,Metepec/Toluca premium,527223501073,pending_manual_check,"Hola, buen día.

Somos Nexo Local Studio. Hacemos páginas web profesionales para negocios que quieren mostrar servicios, ubicación y contacto de forma clara desde el celular.

También podemos integrar un asistente con IA que responde preguntas frecuentes y guía al cliente hacia WhatsApp.

Pueden ver nuestra página aquí:
https://nexo-local-studio-public.vercel.app

Tenemos precios de lanzamiento desde $2,500 MXN. Si les interesa, podemos enviarles una propuesta breve.

Si prefieren no recibir más mensajes, respondan “baja”.",https://nexo-local-studio-public.vercel.app,https://wa.me/527223501073?text=Hola%2C%20buen%20d%C3%ADa.%0A%0ASomos%20Nexo%20Local%20Studio.%20Hacemos%20p%C3%A1ginas%20web%20profesionales%20para%20negocios%20que%20quieren%20mostrar%20servicios%2C%20ubicaci%C3%B3n%20y%20contacto%20de%20forma%20clara%20desde%20el%20celular.%0A%0ATambi%C3%A9n%20podemos%20integrar%20un%20asistente%20con%20IA%20que%20responde%20preguntas%20frecuentes%20y%20gu%C3%ADa%20al%20cliente%20hacia%20WhatsApp.%0A%0APueden%20ver%20nuestra%20p%C3%A1gina%20aqu%C3%AD%3A%0Ahttps%3A%2F%2Fnexo-local-studio-public.vercel.app%0A%0ATenemos%20precios%20de%20lanzamiento%20desde%20%242%2C500%20MXN.%20Si%20les%20interesa%2C%20podemos%20enviarles%20una%20propuesta%20breve.%0A%0ASi%20prefieren%20no%20recibir%20m%C3%A1s%20mensajes%2C%20respondan%20%E2%80%9Cbaja%E2%80%9D.,528,788,url_valid,blocked_not_verified,,,,El registro público de OpenStreetMap no incluye sitio web oficial. Fuente: OpenStreetMap. Rating/reseñas no disponibles en esta fuente.
B,13,Clinica Quiropedista Sandra,Clínica estética,Mexico,Metepec,Metepec/Toluca premium,527222804858,pending_manual_check,"Hola, buen día.

Somos Nexo Local Studio. Hacemos páginas web profesionales para negocios que quieren mostrar servicios, ubicación y contacto de forma clara desde el celular.

También podemos integrar un asistente con IA que responde preguntas frecuentes y guía al cliente hacia WhatsApp.

Pueden ver nuestra página aquí:
https://nexo-local-studio-public.vercel.app

Tenemos precios de lanzamiento desde $2,500 MXN. Si les interesa, podemos enviarles una propuesta breve.

Si prefieren no recibir más mensajes, respondan “baja”.",https://nexo-local-studio-public.vercel.app,https://wa.me/527222804858?text=Hola%2C%20buen%20d%C3%ADa.%0A%0ASomos%20Nexo%20Local%20Studio.%20Hacemos%20p%C3%A1ginas%20web%20profesionales%20para%20negocios%20que%20quieren%20mostrar%20servicios%2C%20ubicaci%C3%B3n%20y%20contacto%20de%20forma%20clara%20desde%20el%20celular.%0A%0ATambi%C3%A9n%20podemos%20integrar%20un%20asistente%20con%20IA%20que%20responde%20preguntas%20frecuentes%20y%20gu%C3%ADa%20al%20cliente%20hacia%20WhatsApp.%0A%0APueden%20ver%20nuestra%20p%C3%A1gina%20aqu%C3%AD%3A%0Ahttps%3A%2F%2Fnexo-local-studio-public.vercel.app%0A%0ATenemos%20precios%20de%20lanzamiento%20desde%20%242%2C500%20MXN.%20Si%20les%20interesa%2C%20podemos%20enviarles%20una%20propuesta%20breve.%0A%0ASi%20prefieren%20no%20recibir%20m%C3%A1s%20mensajes%2C%20respondan%20%E2%80%9Cbaja%E2%80%9D.,528,788,url_valid,blocked_not_verified,,,,El registro público de OpenStreetMap no incluye sitio web oficial. Fuente: OpenStreetMap. Rating/reseñas no disponibles en esta fuente.
B,13,Big Smile,Dental,Mexico,Metepec,Metepec/Toluca premium,527226542026,pending_manual_check,"Hola, buen día.

Somos Nexo Local Studio. Hacemos páginas web profesionales para negocios que quieren mostrar servicios, ubicación y contacto de forma clara desde el celular.

También podemos integrar un asistente con IA que responde preguntas frecuentes y guía al cliente hacia WhatsApp.

Pueden ver nuestra página aquí:
https://nexo-local-studio-public.vercel.app

Tenemos precios de lanzamiento desde $2,500 MXN. Si les interesa, podemos enviarles una propuesta breve.

Si prefieren no recibir más mensajes, respondan “baja”.",https://nexo-local-studio-public.vercel.app,https://wa.me/527226542026?text=Hola%2C%20buen%20d%C3%ADa.%0A%0ASomos%20Nexo%20Local%20Studio.%20Hacemos%20p%C3%A1ginas%20web%20profesionales%20para%20negocios%20que%20quieren%20mostrar%20servicios%2C%20ubicaci%C3%B3n%20y%20contacto%20de%20forma%20clara%20desde%20el%20celular.%0A%0ATambi%C3%A9n%20podemos%20integrar%20un%20asistente%20con%20IA%20que%20responde%20preguntas%20frecuentes%20y%20gu%C3%ADa%20al%20cliente%20hacia%20WhatsApp.%0A%0APueden%20ver%20nuestra%20p%C3%A1gina%20aqu%C3%AD%3A%0Ahttps%3A%2F%2Fnexo-local-studio-public.vercel.app%0A%0ATenemos%20precios%20de%20lanzamiento%20desde%20%242%2C500%20MXN.%20Si%20les%20interesa%2C%20podemos%20enviarles%20una%20propuesta%20breve.%0A%0ASi%20prefieren%20no%20recibir%20m%C3%A1s%20mensajes%2C%20respondan%20%E2%80%9Cbaja%E2%80%9D.,528,788,url_valid,blocked_not_verified,,,,El registro público de OpenStreetMap no incluye sitio web oficial. Fuente: OpenStreetMap. Rating/reseñas no disponibles en esta fuente.
B,13,Consultorio De Salud Bucal Atencion Integral Niños Y Adultos,Dental,Mexico,Metepec,Metepec/Toluca premium,527221608330,pending_manual_check,"Hola, buen día.

Somos Nexo Local Studio. Hacemos páginas web profesionales para negocios que quieren mostrar servicios, ubicación y contacto de forma clara desde el celular.

También podemos integrar un asistente con IA que responde preguntas frecuentes y guía al cliente hacia WhatsApp.

Pueden ver nuestra página aquí:
https://nexo-local-studio-public.vercel.app

Tenemos precios de lanzamiento desde $2,500 MXN. Si les interesa, podemos enviarles una propuesta breve.

Si prefieren no recibir más mensajes, respondan “baja”.",https://nexo-local-studio-public.vercel.app,https://wa.me/527221608330?text=Hola%2C%20buen%20d%C3%ADa.%0A%0ASomos%20Nexo%20Local%20Studio.%20Hacemos%20p%C3%A1ginas%20web%20profesionales%20para%20negocios%20que%20quieren%20mostrar%20servicios%2C%20ubicaci%C3%B3n%20y%20contacto%20de%20forma%20clara%20desde%20el%20celular.%0A%0ATambi%C3%A9n%20podemos%20integrar%20un%20asistente%20con%20IA%20que%20responde%20preguntas%20frecuentes%20y%20gu%C3%ADa%20al%20cliente%20hacia%20WhatsApp.%0A%0APueden%20ver%20nuestra%20p%C3%A1gina%20aqu%C3%AD%3A%0Ahttps%3A%2F%2Fnexo-local-studio-public.vercel.app%0A%0ATenemos%20precios%20de%20lanzamiento%20desde%20%242%2C500%20MXN.%20Si%20les%20interesa%2C%20podemos%20enviarles%20una%20propuesta%20breve.%0A%0ASi%20prefieren%20no%20recibir%20m%C3%A1s%20mensajes%2C%20respondan%20%E2%80%9Cbaja%E2%80%9D.,528,788,url_valid,blocked_not_verified,,,,El registro público de OpenStreetMap no incluye sitio web oficial. Fuente: OpenStreetMap. Rating/reseñas no disponibles en esta fuente.
B,13,Clinica Dental Dentastic,Dental,Mexico,Metepec,Metepec/Toluca premium,527224080031,pending_manual_check,"Hola, buen día.

Somos Nexo Local Studio. Hacemos páginas web profesionales para negocios que quieren mostrar servicios, ubicación y contacto de forma clara desde el celular.

También podemos integrar un asistente con IA que responde preguntas frecuentes y guía al cliente hacia WhatsApp.

Pueden ver nuestra página aquí:
https://nexo-local-studio-public.vercel.app

Tenemos precios de lanzamiento desde $2,500 MXN. Si les interesa, podemos enviarles una propuesta breve.

Si prefieren no recibir más mensajes, respondan “baja”.",https://nexo-local-studio-public.vercel.app,https://wa.me/527224080031?text=Hola%2C%20buen%20d%C3%ADa.%0A%0ASomos%20Nexo%20Local%20Studio.%20Hacemos%20p%C3%A1ginas%20web%20profesionales%20para%20negocios%20que%20quieren%20mostrar%20servicios%2C%20ubicaci%C3%B3n%20y%20contacto%20de%20forma%20clara%20desde%20el%20celular.%0A%0ATambi%C3%A9n%20podemos%20integrar%20un%20asistente%20con%20IA%20que%20responde%20preguntas%20frecuentes%20y%20gu%C3%ADa%20al%20cliente%20hacia%20WhatsApp.%0A%0APueden%20ver%20nuestra%20p%C3%A1gina%20aqu%C3%AD%3A%0Ahttps%3A%2F%2Fnexo-local-studio-public.vercel.app%0A%0ATenemos%20precios%20de%20lanzamiento%20desde%20%242%2C500%20MXN.%20Si%20les%20interesa%2C%20podemos%20enviarles%20una%20propuesta%20breve.%0A%0ASi%20prefieren%20no%20recibir%20m%C3%A1s%20mensajes%2C%20respondan%20%E2%80%9Cbaja%E2%80%9D.,528,788,url_valid,blocked_not_verified,,,,El registro público de OpenStreetMap no incluye sitio web oficial. Fuente: OpenStreetMap. Rating/reseñas no disponibles en esta fuente.
B,13,Consultorio Dental Angle,Dental,Mexico,Metepec,Metepec/Toluca premium,527222703307,pending_manual_check,"Hola, buen día.

Somos Nexo Local Studio. Hacemos páginas web profesionales para negocios que quieren mostrar servicios, ubicación y contacto de forma clara desde el celular.

También podemos integrar un asistente con IA que responde preguntas frecuentes y guía al cliente hacia WhatsApp.

Pueden ver nuestra página aquí:
https://nexo-local-studio-public.vercel.app

Tenemos precios de lanzamiento desde $2,500 MXN. Si les interesa, podemos enviarles una propuesta breve.

Si prefieren no recibir más mensajes, respondan “baja”.",https://nexo-local-studio-public.vercel.app,https://wa.me/527222703307?text=Hola%2C%20buen%20d%C3%ADa.%0A%0ASomos%20Nexo%20Local%20Studio.%20Hacemos%20p%C3%A1ginas%20web%20profesionales%20para%20negocios%20que%20quieren%20mostrar%20servicios%2C%20ubicaci%C3%B3n%20y%20contacto%20de%20forma%20clara%20desde%20el%20celular.%0A%0ATambi%C3%A9n%20podemos%20integrar%20un%20asistente%20con%20IA%20que%20responde%20preguntas%20frecuentes%20y%20gu%C3%ADa%20al%20cliente%20hacia%20WhatsApp.%0A%0APueden%20ver%20nuestra%20p%C3%A1gina%20aqu%C3%AD%3A%0Ahttps%3A%2F%2Fnexo-local-studio-public.vercel.app%0A%0ATenemos%20precios%20de%20lanzamiento%20desde%20%242%2C500%20MXN.%20Si%20les%20interesa%2C%20podemos%20enviarles%20una%20propuesta%20breve.%0A%0ASi%20prefieren%20no%20recibir%20m%C3%A1s%20mensajes%2C%20respondan%20%E2%80%9Cbaja%E2%80%9D.,528,788,url_valid,blocked_not_verified,,,,El registro público de OpenStreetMap no incluye sitio web oficial. Fuente: OpenStreetMap. Rating/reseñas no disponibles en esta fuente.
B,13,Karen,Dental,Mexico,Metepec,Metepec/Toluca premium,527224676373,pending_manual_check,"Hola, buen día.

Somos Nexo Local Studio. Hacemos páginas web profesionales para negocios que quieren mostrar servicios, ubicación y contacto de forma clara desde el celular.

También podemos integrar un asistente con IA que responde preguntas frecuentes y guía al cliente hacia WhatsApp.

Pueden ver nuestra página aquí:
https://nexo-local-studio-public.vercel.app

Tenemos precios de lanzamiento desde $2,500 MXN. Si les interesa, podemos enviarles una propuesta breve.

Si prefieren no recibir más mensajes, respondan “baja”.",https://nexo-local-studio-public.vercel.app,https://wa.me/527224676373?text=Hola%2C%20buen%20d%C3%ADa.%0A%0ASomos%20Nexo%20Local%20Studio.%20Hacemos%20p%C3%A1ginas%20web%20profesionales%20para%20negocios%20que%20quieren%20mostrar%20servicios%2C%20ubicaci%C3%B3n%20y%20contacto%20de%20forma%20clara%20desde%20el%20celular.%0A%0ATambi%C3%A9n%20podemos%20integrar%20un%20asistente%20con%20IA%20que%20responde%20preguntas%20frecuentes%20y%20gu%C3%ADa%20al%20cliente%20hacia%20WhatsApp.%0A%0APueden%20ver%20nuestra%20p%C3%A1gina%20aqu%C3%AD%3A%0Ahttps%3A%2F%2Fnexo-local-studio-public.vercel.app%0A%0ATenemos%20precios%20de%20lanzamiento%20desde%20%242%2C500%20MXN.%20Si%20les%20interesa%2C%20podemos%20enviarles%20una%20propuesta%20breve.%0A%0ASi%20prefieren%20no%20recibir%20m%C3%A1s%20mensajes%2C%20respondan%20%E2%80%9Cbaja%E2%80%9D.,528,788,url_valid,blocked_not_verified,,,,El registro público de OpenStreetMap no incluye sitio web oficial. Fuente: OpenStreetMap. Rating/reseñas no disponibles en esta fuente.
B,13,Imagen Dental Metepec,Dental,Mexico,Metepec,Metepec/Toluca premium,527224180504,pending_manual_check,"Hola, buen día.

Somos Nexo Local Studio. Hacemos páginas web profesionales para negocios que quieren mostrar servicios, ubicación y contacto de forma clara desde el celular.

También podemos integrar un asistente con IA que responde preguntas frecuentes y guía al cliente hacia WhatsApp.

Pueden ver nuestra página aquí:
https://nexo-local-studio-public.vercel.app

Tenemos precios de lanzamiento desde $2,500 MXN. Si les interesa, podemos enviarles una propuesta breve.

Si prefieren no recibir más mensajes, respondan “baja”.",https://nexo-local-studio-public.vercel.app,https://wa.me/527224180504?text=Hola%2C%20buen%20d%C3%ADa.%0A%0ASomos%20Nexo%20Local%20Studio.%20Hacemos%20p%C3%A1ginas%20web%20profesionales%20para%20negocios%20que%20quieren%20mostrar%20servicios%2C%20ubicaci%C3%B3n%20y%20contacto%20de%20forma%20clara%20desde%20el%20celular.%0A%0ATambi%C3%A9n%20podemos%20integrar%20un%20asistente%20con%20IA%20que%20responde%20preguntas%20frecuentes%20y%20gu%C3%ADa%20al%20cliente%20hacia%20WhatsApp.%0A%0APueden%20ver%20nuestra%20p%C3%A1gina%20aqu%C3%AD%3A%0Ahttps%3A%2F%2Fnexo-local-studio-public.vercel.app%0A%0ATenemos%20precios%20de%20lanzamiento%20desde%20%242%2C500%20MXN.%20Si%20les%20interesa%2C%20podemos%20enviarles%20una%20propuesta%20breve.%0A%0ASi%20prefieren%20no%20recibir%20m%C3%A1s%20mensajes%2C%20respondan%20%E2%80%9Cbaja%E2%80%9D.,528,788,url_valid,blocked_not_verified,,,,El registro público de OpenStreetMap no incluye sitio web oficial. Fuente: OpenStreetMap. Rating/reseñas no disponibles en esta fuente.
B,13,Consultorio De Ginecologia,Clínica estética,Mexico,Metepec,Metepec/Toluca premium,527222120037,pending_manual_check,"Hola, buen día.

Somos Nexo Local Studio. Hacemos páginas web profesionales para negocios que quieren mostrar servicios, ubicación y contacto de forma clara desde el celular.

También podemos integrar un asistente con IA que responde preguntas frecuentes y guía al cliente hacia WhatsApp.

Pueden ver nuestra página aquí:
https://nexo-local-studio-public.vercel.app

Tenemos precios de lanzamiento desde $2,500 MXN. Si les interesa, podemos enviarles una propuesta breve.

Si prefieren no recibir más mensajes, respondan “baja”.",https://nexo-local-studio-public.vercel.app,https://wa.me/527222120037?text=Hola%2C%20buen%20d%C3%ADa.%0A%0ASomos%20Nexo%20Local%20Studio.%20Hacemos%20p%C3%A1ginas%20web%20profesionales%20para%20negocios%20que%20quieren%20mostrar%20servicios%2C%20ubicaci%C3%B3n%20y%20contacto%20de%20forma%20clara%20desde%20el%20celular.%0A%0ATambi%C3%A9n%20podemos%20integrar%20un%20asistente%20con%20IA%20que%20responde%20preguntas%20frecuentes%20y%20gu%C3%ADa%20al%20cliente%20hacia%20WhatsApp.%0A%0APueden%20ver%20nuestra%20p%C3%A1gina%20aqu%C3%AD%3A%0Ahttps%3A%2F%2Fnexo-local-studio-public.vercel.app%0A%0ATenemos%20precios%20de%20lanzamiento%20desde%20%242%2C500%20MXN.%20Si%20les%20interesa%2C%20podemos%20enviarles%20una%20propuesta%20breve.%0A%0ASi%20prefieren%20no%20recibir%20m%C3%A1s%20mensajes%2C%20respondan%20%E2%80%9Cbaja%E2%80%9D.,528,788,url_valid,blocked_not_verified,,,,El registro público de OpenStreetMap no incluye sitio web oficial. Fuente: OpenStreetMap. Rating/reseñas no disponibles en esta fuente.
B,13,Souri Clinica Dental,Dental,Mexico,Metepec,Metepec/Toluca premium,527226152423,pending_manual_check,"Hola, buen día.

Somos Nexo Local Studio. Hacemos páginas web profesionales para negocios que quieren mostrar servicios, ubicación y contacto de forma clara desde el celular.

También podemos integrar un asistente con IA que responde preguntas frecuentes y guía al cliente hacia WhatsApp.

Pueden ver nuestra página aquí:
https://nexo-local-studio-public.vercel.app

Tenemos precios de lanzamiento desde $2,500 MXN. Si les interesa, podemos enviarles una propuesta breve.

Si prefieren no recibir más mensajes, respondan “baja”.",https://nexo-local-studio-public.vercel.app,https://wa.me/527226152423?text=Hola%2C%20buen%20d%C3%ADa.%0A%0ASomos%20Nexo%20Local%20Studio.%20Hacemos%20p%C3%A1ginas%20web%20profesionales%20para%20negocios%20que%20quieren%20mostrar%20servicios%2C%20ubicaci%C3%B3n%20y%20contacto%20de%20forma%20clara%20desde%20el%20celular.%0A%0ATambi%C3%A9n%20podemos%20integrar%20un%20asistente%20con%20IA%20que%20responde%20preguntas%20frecuentes%20y%20gu%C3%ADa%20al%20cliente%20hacia%20WhatsApp.%0A%0APueden%20ver%20nuestra%20p%C3%A1gina%20aqu%C3%AD%3A%0Ahttps%3A%2F%2Fnexo-local-studio-public.vercel.app%0A%0ATenemos%20precios%20de%20lanzamiento%20desde%20%242%2C500%20MXN.%20Si%20les%20interesa%2C%20podemos%20enviarles%20una%20propuesta%20breve.%0A%0ASi%20prefieren%20no%20recibir%20m%C3%A1s%20mensajes%2C%20respondan%20%E2%80%9Cbaja%E2%80%9D.,528,788,url_valid,blocked_not_verified,,,,El registro público de OpenStreetMap no incluye sitio web oficial. Fuente: OpenStreetMap. Rating/reseñas no disponibles en esta fuente.
B,13,Clinica Peter Dent,Dental,Mexico,Metepec,Metepec/Toluca premium,527222195531,pending_manual_check,"Hola, buen día.

Somos Nexo Local Studio. Hacemos páginas web profesionales para negocios que quieren mostrar servicios, ubicación y contacto de forma clara desde el celular.

También podemos integrar un asistente con IA que responde preguntas frecuentes y guía al cliente hacia WhatsApp.

Pueden ver nuestra página aquí:
https://nexo-local-studio-public.vercel.app

Tenemos precios de lanzamiento desde $2,500 MXN. Si les interesa, podemos enviarles una propuesta breve.

Si prefieren no recibir más mensajes, respondan “baja”.",https://nexo-local-studio-public.vercel.app,https://wa.me/527222195531?text=Hola%2C%20buen%20d%C3%ADa.%0A%0ASomos%20Nexo%20Local%20Studio.%20Hacemos%20p%C3%A1ginas%20web%20profesionales%20para%20negocios%20que%20quieren%20mostrar%20servicios%2C%20ubicaci%C3%B3n%20y%20contacto%20de%20forma%20clara%20desde%20el%20celular.%0A%0ATambi%C3%A9n%20podemos%20integrar%20un%20asistente%20con%20IA%20que%20responde%20preguntas%20frecuentes%20y%20gu%C3%ADa%20al%20cliente%20hacia%20WhatsApp.%0A%0APueden%20ver%20nuestra%20p%C3%A1gina%20aqu%C3%AD%3A%0Ahttps%3A%2F%2Fnexo-local-studio-public.vercel.app%0A%0ATenemos%20precios%20de%20lanzamiento%20desde%20%242%2C500%20MXN.%20Si%20les%20interesa%2C%20podemos%20enviarles%20una%20propuesta%20breve.%0A%0ASi%20prefieren%20no%20recibir%20m%C3%A1s%20mensajes%2C%20respondan%20%E2%80%9Cbaja%E2%80%9D.,528,788,url_valid,blocked_not_verified,,,,El registro público de OpenStreetMap no incluye sitio web oficial. Fuente: OpenStreetMap. Rating/reseñas no disponibles en esta fuente.
B,13,Consultorio Medico Dr Jorge A Karam C,Clínica estética,Mexico,Metepec,Metepec/Toluca premium,527224006089,pending_manual_check,"Hola, buen día.

Somos Nexo Local Studio. Hacemos páginas web profesionales para negocios que quieren mostrar servicios, ubicación y contacto de forma clara desde el celular.

También podemos integrar un asistente con IA que responde preguntas frecuentes y guía al cliente hacia WhatsApp.

Pueden ver nuestra página aquí:
https://nexo-local-studio-public.vercel.app

Tenemos precios de lanzamiento desde $2,500 MXN. Si les interesa, podemos enviarles una propuesta breve.

Si prefieren no recibir más mensajes, respondan “baja”.",https://nexo-local-studio-public.vercel.app,https://wa.me/527224006089?text=Hola%2C%20buen%20d%C3%ADa.%0A%0ASomos%20Nexo%20Local%20Studio.%20Hacemos%20p%C3%A1ginas%20web%20profesionales%20para%20negocios%20que%20quieren%20mostrar%20servicios%2C%20ubicaci%C3%B3n%20y%20contacto%20de%20forma%20clara%20desde%20el%20celular.%0A%0ATambi%C3%A9n%20podemos%20integrar%20un%20asistente%20con%20IA%20que%20responde%20preguntas%20frecuentes%20y%20gu%C3%ADa%20al%20cliente%20hacia%20WhatsApp.%0A%0APueden%20ver%20nuestra%20p%C3%A1gina%20aqu%C3%AD%3A%0Ahttps%3A%2F%2Fnexo-local-studio-public.vercel.app%0A%0ATenemos%20precios%20de%20lanzamiento%20desde%20%242%2C500%20MXN.%20Si%20les%20interesa%2C%20podemos%20enviarles%20una%20propuesta%20breve.%0A%0ASi%20prefieren%20no%20recibir%20m%C3%A1s%20mensajes%2C%20respondan%20%E2%80%9Cbaja%E2%80%9D.,528,788,url_valid,blocked_not_verified,,,,El registro público de OpenStreetMap no incluye sitio web oficial. Fuente: OpenStreetMap. Rating/reseñas no disponibles en esta fuente.
B,13,Consultorio Podologico,Clínica estética,Mexico,Metepec,Metepec/Toluca premium,527222158704,pending_manual_check,"Hola, buen día.

Somos Nexo Local Studio. Hacemos páginas web profesionales para negocios que quieren mostrar servicios, ubicación y contacto de forma clara desde el celular.

También podemos integrar un asistente con IA que responde preguntas frecuentes y guía al cliente hacia WhatsApp.

Pueden ver nuestra página aquí:
https://nexo-local-studio-public.vercel.app

Tenemos precios de lanzamiento desde $2,500 MXN. Si les interesa, podemos enviarles una propuesta breve.

Si prefieren no recibir más mensajes, respondan “baja”.",https://nexo-local-studio-public.vercel.app,https://wa.me/527222158704?text=Hola%2C%20buen%20d%C3%ADa.%0A%0ASomos%20Nexo%20Local%20Studio.%20Hacemos%20p%C3%A1ginas%20web%20profesionales%20para%20negocios%20que%20quieren%20mostrar%20servicios%2C%20ubicaci%C3%B3n%20y%20contacto%20de%20forma%20clara%20desde%20el%20celular.%0A%0ATambi%C3%A9n%20podemos%20integrar%20un%20asistente%20con%20IA%20que%20responde%20preguntas%20frecuentes%20y%20gu%C3%ADa%20al%20cliente%20hacia%20WhatsApp.%0A%0APueden%20ver%20nuestra%20p%C3%A1gina%20aqu%C3%AD%3A%0Ahttps%3A%2F%2Fnexo-local-studio-public.vercel.app%0A%0ATenemos%20precios%20de%20lanzamiento%20desde%20%242%2C500%20MXN.%20Si%20les%20interesa%2C%20podemos%20enviarles%20una%20propuesta%20breve.%0A%0ASi%20prefieren%20no%20recibir%20m%C3%A1s%20mensajes%2C%20respondan%20%E2%80%9Cbaja%E2%80%9D.,528,788,url_valid,blocked_not_verified,,,,El registro público de OpenStreetMap no incluye sitio web oficial. Fuente: OpenStreetMap. Rating/reseñas no disponibles en esta fuente.
B,13,Podologia Clinica Dedos-sanos,Clínica estética,Mexico,Metepec,Metepec/Toluca premium,527228892804,pending_manual_check,"Hola, buen día.

Somos Nexo Local Studio. Hacemos páginas web profesionales para negocios que quieren mostrar servicios, ubicación y contacto de forma clara desde el celular.

También podemos integrar un asistente con IA que responde preguntas frecuentes y guía al cliente hacia WhatsApp.

Pueden ver nuestra página aquí:
https://nexo-local-studio-public.vercel.app

Tenemos precios de lanzamiento desde $2,500 MXN. Si les interesa, podemos enviarles una propuesta breve.

Si prefieren no recibir más mensajes, respondan “baja”.",https://nexo-local-studio-public.vercel.app,https://wa.me/527228892804?text=Hola%2C%20buen%20d%C3%ADa.%0A%0ASomos%20Nexo%20Local%20Studio.%20Hacemos%20p%C3%A1ginas%20web%20profesionales%20para%20negocios%20que%20quieren%20mostrar%20servicios%2C%20ubicaci%C3%B3n%20y%20contacto%20de%20forma%20clara%20desde%20el%20celular.%0A%0ATambi%C3%A9n%20podemos%20integrar%20un%20asistente%20con%20IA%20que%20responde%20preguntas%20frecuentes%20y%20gu%C3%ADa%20al%20cliente%20hacia%20WhatsApp.%0A%0APueden%20ver%20nuestra%20p%C3%A1gina%20aqu%C3%AD%3A%0Ahttps%3A%2F%2Fnexo-local-studio-public.vercel.app%0A%0ATenemos%20precios%20de%20lanzamiento%20desde%20%242%2C500%20MXN.%20Si%20les%20interesa%2C%20podemos%20enviarles%20una%20propuesta%20breve.%0A%0ASi%20prefieren%20no%20recibir%20m%C3%A1s%20mensajes%2C%20respondan%20%E2%80%9Cbaja%E2%80%9D.,528,788,url_valid,blocked_not_verified,,,,El registro público de OpenStreetMap no incluye sitio web oficial. Fuente: OpenStreetMap. Rating/reseñas no disponibles en esta fuente.
B,13,Smile Dental Clinica Odontologica,Dental,Mexico,Metepec,Metepec/Toluca premium,527222409944,pending_manual_check,"Hola, buen día.

Somos Nexo Local Studio. Hacemos páginas web profesionales para negocios que quieren mostrar servicios, ubicación y contacto de forma clara desde el celular.

También podemos integrar un asistente con IA que responde preguntas frecuentes y guía al cliente hacia WhatsApp.

Pueden ver nuestra página aquí:
https://nexo-local-studio-public.vercel.app

Tenemos precios de lanzamiento desde $2,500 MXN. Si les interesa, podemos enviarles una propuesta breve.

Si prefieren no recibir más mensajes, respondan “baja”.",https://nexo-local-studio-public.vercel.app,https://wa.me/527222409944?text=Hola%2C%20buen%20d%C3%ADa.%0A%0ASomos%20Nexo%20Local%20Studio.%20Hacemos%20p%C3%A1ginas%20web%20profesionales%20para%20negocios%20que%20quieren%20mostrar%20servicios%2C%20ubicaci%C3%B3n%20y%20contacto%20de%20forma%20clara%20desde%20el%20celular.%0A%0ATambi%C3%A9n%20podemos%20integrar%20un%20asistente%20con%20IA%20que%20responde%20preguntas%20frecuentes%20y%20gu%C3%ADa%20al%20cliente%20hacia%20WhatsApp.%0A%0APueden%20ver%20nuestra%20p%C3%A1gina%20aqu%C3%AD%3A%0Ahttps%3A%2F%2Fnexo-local-studio-public.vercel.app%0A%0ATenemos%20precios%20de%20lanzamiento%20desde%20%242%2C500%20MXN.%20Si%20les%20interesa%2C%20podemos%20enviarles%20una%20propuesta%20breve.%0A%0ASi%20prefieren%20no%20recibir%20m%C3%A1s%20mensajes%2C%20respondan%20%E2%80%9Cbaja%E2%80%9D.,528,788,url_valid,blocked_not_verified,,,,El registro público de OpenStreetMap no incluye sitio web oficial. Fuente: OpenStreetMap. Rating/reseñas no disponibles en esta fuente.
B,13,Komunica Klinic,Clínica estética,Mexico,Metepec,Metepec/Toluca premium,527222090138,pending_manual_check,"Hola, buen día.

Somos Nexo Local Studio. Hacemos páginas web profesionales para negocios que quieren mostrar servicios, ubicación y contacto de forma clara desde el celular.

También podemos integrar un asistente con IA que responde preguntas frecuentes y guía al cliente hacia WhatsApp.

Pueden ver nuestra página aquí:
https://nexo-local-studio-public.vercel.app

Tenemos precios de lanzamiento desde $2,500 MXN. Si les interesa, podemos enviarles una propuesta breve.

Si prefieren no recibir más mensajes, respondan “baja”.",https://nexo-local-studio-public.vercel.app,https://wa.me/527222090138?text=Hola%2C%20buen%20d%C3%ADa.%0A%0ASomos%20Nexo%20Local%20Studio.%20Hacemos%20p%C3%A1ginas%20web%20profesionales%20para%20negocios%20que%20quieren%20mostrar%20servicios%2C%20ubicaci%C3%B3n%20y%20contacto%20de%20forma%20clara%20desde%20el%20celular.%0A%0ATambi%C3%A9n%20podemos%20integrar%20un%20asistente%20con%20IA%20que%20responde%20preguntas%20frecuentes%20y%20gu%C3%ADa%20al%20cliente%20hacia%20WhatsApp.%0A%0APueden%20ver%20nuestra%20p%C3%A1gina%20aqu%C3%AD%3A%0Ahttps%3A%2F%2Fnexo-local-studio-public.vercel.app%0A%0ATenemos%20precios%20de%20lanzamiento%20desde%20%242%2C500%20MXN.%20Si%20les%20interesa%2C%20podemos%20enviarles%20una%20propuesta%20breve.%0A%0ASi%20prefieren%20no%20recibir%20m%C3%A1s%20mensajes%2C%20respondan%20%E2%80%9Cbaja%E2%80%9D.,528,788,url_valid,blocked_not_verified,,,,El registro público de OpenStreetMap no incluye sitio web oficial. Fuente: OpenStreetMap. Rating/reseñas no disponibles en esta fuente.
B,13,Family Dentist,Dental,Mexico,Metepec,Metepec/Toluca premium,527222846452,pending_manual_check,"Hola, buen día.

Somos Nexo Local Studio. Hacemos páginas web profesionales para negocios que quieren mostrar servicios, ubicación y contacto de forma clara desde el celular.

También podemos integrar un asistente con IA que responde preguntas frecuentes y guía al cliente hacia WhatsApp.

Pueden ver nuestra página aquí:
https://nexo-local-studio-public.vercel.app

Tenemos precios de lanzamiento desde $2,500 MXN. Si les interesa, podemos enviarles una propuesta breve.

Si prefieren no recibir más mensajes, respondan “baja”.",https://nexo-local-studio-public.vercel.app,https://wa.me/527222846452?text=Hola%2C%20buen%20d%C3%ADa.%0A%0ASomos%20Nexo%20Local%20Studio.%20Hacemos%20p%C3%A1ginas%20web%20profesionales%20para%20negocios%20que%20quieren%20mostrar%20servicios%2C%20ubicaci%C3%B3n%20y%20contacto%20de%20forma%20clara%20desde%20el%20celular.%0A%0ATambi%C3%A9n%20podemos%20integrar%20un%20asistente%20con%20IA%20que%20responde%20preguntas%20frecuentes%20y%20gu%C3%ADa%20al%20cliente%20hacia%20WhatsApp.%0A%0APueden%20ver%20nuestra%20p%C3%A1gina%20aqu%C3%AD%3A%0Ahttps%3A%2F%2Fnexo-local-studio-public.vercel.app%0A%0ATenemos%20precios%20de%20lanzamiento%20desde%20%242%2C500%20MXN.%20Si%20les%20interesa%2C%20podemos%20enviarles%20una%20propuesta%20breve.%0A%0ASi%20prefieren%20no%20recibir%20m%C3%A1s%20mensajes%2C%20respondan%20%E2%80%9Cbaja%E2%80%9D.,528,788,url_valid,blocked_not_verified,,,,El registro público de OpenStreetMap no incluye sitio web oficial. Fuente: OpenStreetMap. Rating/reseñas no disponibles en esta fuente.
B,13,Especialistas En Salud Mental Koena,Clínica estética,Mexico,Metepec,Metepec/Toluca premium,527224265286,pending_manual_check,"Hola, buen día.

Somos Nexo Local Studio. Hacemos páginas web profesionales para negocios que quieren mostrar servicios, ubicación y contacto de forma clara desde el celular.

También podemos integrar un asistente con IA que responde preguntas frecuentes y guía al cliente hacia WhatsApp.

Pueden ver nuestra página aquí:
https://nexo-local-studio-public.vercel.app

Tenemos precios de lanzamiento desde $2,500 MXN. Si les interesa, podemos enviarles una propuesta breve.

Si prefieren no recibir más mensajes, respondan “baja”.",https://nexo-local-studio-public.vercel.app,https://wa.me/527224265286?text=Hola%2C%20buen%20d%C3%ADa.%0A%0ASomos%20Nexo%20Local%20Studio.%20Hacemos%20p%C3%A1ginas%20web%20profesionales%20para%20negocios%20que%20quieren%20mostrar%20servicios%2C%20ubicaci%C3%B3n%20y%20contacto%20de%20forma%20clara%20desde%20el%20celular.%0A%0ATambi%C3%A9n%20podemos%20integrar%20un%20asistente%20con%20IA%20que%20responde%20preguntas%20frecuentes%20y%20gu%C3%ADa%20al%20cliente%20hacia%20WhatsApp.%0A%0APueden%20ver%20nuestra%20p%C3%A1gina%20aqu%C3%AD%3A%0Ahttps%3A%2F%2Fnexo-local-studio-public.vercel.app%0A%0ATenemos%20precios%20de%20lanzamiento%20desde%20%242%2C500%20MXN.%20Si%20les%20interesa%2C%20podemos%20enviarles%20una%20propuesta%20breve.%0A%0ASi%20prefieren%20no%20recibir%20m%C3%A1s%20mensajes%2C%20respondan%20%E2%80%9Cbaja%E2%80%9D.,528,788,url_valid,blocked_not_verified,,,,El registro público de OpenStreetMap no incluye sitio web oficial. Fuente: OpenStreetMap. Rating/reseñas no disponibles en esta fuente.
B,13,Clínica dental Providente,Dental,Mexico,Metepec,Metepec/Toluca premium,527221793335,pending_manual_check,"Hola, buen día.

Somos Nexo Local Studio. Hacemos páginas web profesionales para negocios que quieren mostrar servicios, ubicación y contacto de forma clara desde el celular.

También podemos integrar un asistente con IA que responde preguntas frecuentes y guía al cliente hacia WhatsApp.

Pueden ver nuestra página aquí:
https://nexo-local-studio-public.vercel.app

Tenemos precios de lanzamiento desde $2,500 MXN. Si les interesa, podemos enviarles una propuesta breve.

Si prefieren no recibir más mensajes, respondan “baja”.",https://nexo-local-studio-public.vercel.app,https://wa.me/527221793335?text=Hola%2C%20buen%20d%C3%ADa.%0A%0ASomos%20Nexo%20Local%20Studio.%20Hacemos%20p%C3%A1ginas%20web%20profesionales%20para%20negocios%20que%20quieren%20mostrar%20servicios%2C%20ubicaci%C3%B3n%20y%20contacto%20de%20forma%20clara%20desde%20el%20celular.%0A%0ATambi%C3%A9n%20podemos%20integrar%20un%20asistente%20con%20IA%20que%20responde%20preguntas%20frecuentes%20y%20gu%C3%ADa%20al%20cliente%20hacia%20WhatsApp.%0A%0APueden%20ver%20nuestra%20p%C3%A1gina%20aqu%C3%AD%3A%0Ahttps%3A%2F%2Fnexo-local-studio-public.vercel.app%0A%0ATenemos%20precios%20de%20lanzamiento%20desde%20%242%2C500%20MXN.%20Si%20les%20interesa%2C%20podemos%20enviarles%20una%20propuesta%20breve.%0A%0ASi%20prefieren%20no%20recibir%20m%C3%A1s%20mensajes%2C%20respondan%20%E2%80%9Cbaja%E2%80%9D.,528,788,url_valid,blocked_not_verified,,,,El registro público de OpenStreetMap no incluye sitio web oficial. Fuente: OpenStreetMap. Rating/reseñas no disponibles en esta fuente.
B,13,Consultorio De Odontologia Integral,Dental,Mexico,Metepec,Metepec/Toluca premium,527222048999,pending_manual_check,"Hola, buen día.

Somos Nexo Local Studio. Hacemos páginas web profesionales para negocios que quieren mostrar servicios, ubicación y contacto de forma clara desde el celular.

También podemos integrar un asistente con IA que responde preguntas frecuentes y guía al cliente hacia WhatsApp.

Pueden ver nuestra página aquí:
https://nexo-local-studio-public.vercel.app

Tenemos precios de lanzamiento desde $2,500 MXN. Si les interesa, podemos enviarles una propuesta breve.

Si prefieren no recibir más mensajes, respondan “baja”.",https://nexo-local-studio-public.vercel.app,https://wa.me/527222048999?text=Hola%2C%20buen%20d%C3%ADa.%0A%0ASomos%20Nexo%20Local%20Studio.%20Hacemos%20p%C3%A1ginas%20web%20profesionales%20para%20negocios%20que%20quieren%20mostrar%20servicios%2C%20ubicaci%C3%B3n%20y%20contacto%20de%20forma%20clara%20desde%20el%20celular.%0A%0ATambi%C3%A9n%20podemos%20integrar%20un%20asistente%20con%20IA%20que%20responde%20preguntas%20frecuentes%20y%20gu%C3%ADa%20al%20cliente%20hacia%20WhatsApp.%0A%0APueden%20ver%20nuestra%20p%C3%A1gina%20aqu%C3%AD%3A%0Ahttps%3A%2F%2Fnexo-local-studio-public.vercel.app%0A%0ATenemos%20precios%20de%20lanzamiento%20desde%20%242%2C500%20MXN.%20Si%20les%20interesa%2C%20podemos%20enviarles%20una%20propuesta%20breve.%0A%0ASi%20prefieren%20no%20recibir%20m%C3%A1s%20mensajes%2C%20respondan%20%E2%80%9Cbaja%E2%80%9D.,528,788,url_valid,blocked_not_verified,,,,El registro público de OpenStreetMap no incluye sitio web oficial. Fuente: OpenStreetMap. Rating/reseñas no disponibles en esta fuente.
B,13,Consultorio De Rehabilitacion,Clínica estética,Mexico,Metepec,Metepec/Toluca premium,527224612892,pending_manual_check,"Hola, buen día.

Somos Nexo Local Studio. Hacemos páginas web profesionales para negocios que quieren mostrar servicios, ubicación y contacto de forma clara desde el celular.

También podemos integrar un asistente con IA que responde preguntas frecuentes y guía al cliente hacia WhatsApp.

Pueden ver nuestra página aquí:
https://nexo-local-studio-public.vercel.app

Tenemos precios de lanzamiento desde $2,500 MXN. Si les interesa, podemos enviarles una propuesta breve.

Si prefieren no recibir más mensajes, respondan “baja”.",https://nexo-local-studio-public.vercel.app,https://wa.me/527224612892?text=Hola%2C%20buen%20d%C3%ADa.%0A%0ASomos%20Nexo%20Local%20Studio.%20Hacemos%20p%C3%A1ginas%20web%20profesionales%20para%20negocios%20que%20quieren%20mostrar%20servicios%2C%20ubicaci%C3%B3n%20y%20contacto%20de%20forma%20clara%20desde%20el%20celular.%0A%0ATambi%C3%A9n%20podemos%20integrar%20un%20asistente%20con%20IA%20que%20responde%20preguntas%20frecuentes%20y%20gu%C3%ADa%20al%20cliente%20hacia%20WhatsApp.%0A%0APueden%20ver%20nuestra%20p%C3%A1gina%20aqu%C3%AD%3A%0Ahttps%3A%2F%2Fnexo-local-studio-public.vercel.app%0A%0ATenemos%20precios%20de%20lanzamiento%20desde%20%242%2C500%20MXN.%20Si%20les%20interesa%2C%20podemos%20enviarles%20una%20propuesta%20breve.%0A%0ASi%20prefieren%20no%20recibir%20m%C3%A1s%20mensajes%2C%20respondan%20%E2%80%9Cbaja%E2%80%9D.,528,788,url_valid,blocked_not_verified,,,,El registro público de OpenStreetMap no incluye sitio web oficial. Fuente: OpenStreetMap. Rating/reseñas no disponibles en esta fuente.
B,13,Creando Sonrisas,Dental,Mexico,Metepec,Metepec/Toluca premium,527223921828,pending_manual_check,"Hola, buen día.

Somos Nexo Local Studio. Hacemos páginas web profesionales para negocios que quieren mostrar servicios, ubicación y contacto de forma clara desde el celular.

También podemos integrar un asistente con IA que responde preguntas frecuentes y guía al cliente hacia WhatsApp.

Pueden ver nuestra página aquí:
https://nexo-local-studio-public.vercel.app

Tenemos precios de lanzamiento desde $2,500 MXN. Si les interesa, podemos enviarles una propuesta breve.

Si prefieren no recibir más mensajes, respondan “baja”.",https://nexo-local-studio-public.vercel.app,https://wa.me/527223921828?text=Hola%2C%20buen%20d%C3%ADa.%0A%0ASomos%20Nexo%20Local%20Studio.%20Hacemos%20p%C3%A1ginas%20web%20profesionales%20para%20negocios%20que%20quieren%20mostrar%20servicios%2C%20ubicaci%C3%B3n%20y%20contacto%20de%20forma%20clara%20desde%20el%20celular.%0A%0ATambi%C3%A9n%20podemos%20integrar%20un%20asistente%20con%20IA%20que%20responde%20preguntas%20frecuentes%20y%20gu%C3%ADa%20al%20cliente%20hacia%20WhatsApp.%0A%0APueden%20ver%20nuestra%20p%C3%A1gina%20aqu%C3%AD%3A%0Ahttps%3A%2F%2Fnexo-local-studio-public.vercel.app%0A%0ATenemos%20precios%20de%20lanzamiento%20desde%20%242%2C500%20MXN.%20Si%20les%20interesa%2C%20podemos%20enviarles%20una%20propuesta%20breve.%0A%0ASi%20prefieren%20no%20recibir%20m%C3%A1s%20mensajes%2C%20respondan%20%E2%80%9Cbaja%E2%80%9D.,528,788,url_valid,blocked_not_verified,,,,El registro público de OpenStreetMap no incluye sitio web oficial. Fuente: OpenStreetMap. Rating/reseñas no disponibles en esta fuente.
B,13,Masaje Profesional Y Terapéutico Hands & Feets,Clínica estética,Mexico,Metepec,Metepec/Toluca premium,527222247139,pending_manual_check,"Hola, buen día.

Somos Nexo Local Studio. Hacemos páginas web profesionales para negocios que quieren mostrar servicios, ubicación y contacto de forma clara desde el celular.

También podemos integrar un asistente con IA que responde preguntas frecuentes y guía al cliente hacia WhatsApp.

Pueden ver nuestra página aquí:
https://nexo-local-studio-public.vercel.app

Tenemos precios de lanzamiento desde $2,500 MXN. Si les interesa, podemos enviarles una propuesta breve.

Si prefieren no recibir más mensajes, respondan “baja”.",https://nexo-local-studio-public.vercel.app,https://wa.me/527222247139?text=Hola%2C%20buen%20d%C3%ADa.%0A%0ASomos%20Nexo%20Local%20Studio.%20Hacemos%20p%C3%A1ginas%20web%20profesionales%20para%20negocios%20que%20quieren%20mostrar%20servicios%2C%20ubicaci%C3%B3n%20y%20contacto%20de%20forma%20clara%20desde%20el%20celular.%0A%0ATambi%C3%A9n%20podemos%20integrar%20un%20asistente%20con%20IA%20que%20responde%20preguntas%20frecuentes%20y%20gu%C3%ADa%20al%20cliente%20hacia%20WhatsApp.%0A%0APueden%20ver%20nuestra%20p%C3%A1gina%20aqu%C3%AD%3A%0Ahttps%3A%2F%2Fnexo-local-studio-public.vercel.app%0A%0ATenemos%20precios%20de%20lanzamiento%20desde%20%242%2C500%20MXN.%20Si%20les%20interesa%2C%20podemos%20enviarles%20una%20propuesta%20breve.%0A%0ASi%20prefieren%20no%20recibir%20m%C3%A1s%20mensajes%2C%20respondan%20%E2%80%9Cbaja%E2%80%9D.,528,788,url_valid,blocked_not_verified,,,,El registro público de OpenStreetMap no incluye sitio web oficial. Fuente: OpenStreetMap. Rating/reseñas no disponibles en esta fuente.
B,13,Clinica Dental Sagrado Corazon,Dental,Mexico,Metepec,Metepec/Toluca premium,527222806641,pending_manual_check,"Hola, buen día.

Somos Nexo Local Studio. Hacemos páginas web profesionales para negocios que quieren mostrar servicios, ubicación y contacto de forma clara desde el celular.

También podemos integrar un asistente con IA que responde preguntas frecuentes y guía al cliente hacia WhatsApp.

Pueden ver nuestra página aquí:
https://nexo-local-studio-public.vercel.app

Tenemos precios de lanzamiento desde $2,500 MXN. Si les interesa, podemos enviarles una propuesta breve.

Si prefieren no recibir más mensajes, respondan “baja”.",https://nexo-local-studio-public.vercel.app,https://wa.me/527222806641?text=Hola%2C%20buen%20d%C3%ADa.%0A%0ASomos%20Nexo%20Local%20Studio.%20Hacemos%20p%C3%A1ginas%20web%20profesionales%20para%20negocios%20que%20quieren%20mostrar%20servicios%2C%20ubicaci%C3%B3n%20y%20contacto%20de%20forma%20clara%20desde%20el%20celular.%0A%0ATambi%C3%A9n%20podemos%20integrar%20un%20asistente%20con%20IA%20que%20responde%20preguntas%20frecuentes%20y%20gu%C3%ADa%20al%20cliente%20hacia%20WhatsApp.%0A%0APueden%20ver%20nuestra%20p%C3%A1gina%20aqu%C3%AD%3A%0Ahttps%3A%2F%2Fnexo-local-studio-public.vercel.app%0A%0ATenemos%20precios%20de%20lanzamiento%20desde%20%242%2C500%20MXN.%20Si%20les%20interesa%2C%20podemos%20enviarles%20una%20propuesta%20breve.%0A%0ASi%20prefieren%20no%20recibir%20m%C3%A1s%20mensajes%2C%20respondan%20%E2%80%9Cbaja%E2%80%9D.,528,788,url_valid,blocked_not_verified,,,,El registro público de OpenStreetMap no incluye sitio web oficial. Fuente: OpenStreetMap. Rating/reseñas no disponibles en esta fuente.
B,13,Odontologia Especializada,Dental,Mexico,Metepec,Metepec/Toluca premium,527223941672,pending_manual_check,"Hola, buen día.

Somos Nexo Local Studio. Hacemos páginas web profesionales para negocios que quieren mostrar servicios, ubicación y contacto de forma clara desde el celular.

También podemos integrar un asistente con IA que responde preguntas frecuentes y guía al cliente hacia WhatsApp.

Pueden ver nuestra página aquí:
https://nexo-local-studio-public.vercel.app

Tenemos precios de lanzamiento desde $2,500 MXN. Si les interesa, podemos enviarles una propuesta breve.

Si prefieren no recibir más mensajes, respondan “baja”.",https://nexo-local-studio-public.vercel.app,https://wa.me/527223941672?text=Hola%2C%20buen%20d%C3%ADa.%0A%0ASomos%20Nexo%20Local%20Studio.%20Hacemos%20p%C3%A1ginas%20web%20profesionales%20para%20negocios%20que%20quieren%20mostrar%20servicios%2C%20ubicaci%C3%B3n%20y%20contacto%20de%20forma%20clara%20desde%20el%20celular.%0A%0ATambi%C3%A9n%20podemos%20integrar%20un%20asistente%20con%20IA%20que%20responde%20preguntas%20frecuentes%20y%20gu%C3%ADa%20al%20cliente%20hacia%20WhatsApp.%0A%0APueden%20ver%20nuestra%20p%C3%A1gina%20aqu%C3%AD%3A%0Ahttps%3A%2F%2Fnexo-local-studio-public.vercel.app%0A%0ATenemos%20precios%20de%20lanzamiento%20desde%20%242%2C500%20MXN.%20Si%20les%20interesa%2C%20podemos%20enviarles%20una%20propuesta%20breve.%0A%0ASi%20prefieren%20no%20recibir%20m%C3%A1s%20mensajes%2C%20respondan%20%E2%80%9Cbaja%E2%80%9D.,528,788,url_valid,blocked_not_verified,,,,El registro público de OpenStreetMap no incluye sitio web oficial. Fuente: OpenStreetMap. Rating/reseñas no disponibles en esta fuente.
B,13,Consultorio Dental Doctor Jorge Coronado Baltazar,Dental,Mexico,Metepec,Metepec/Toluca premium,527222534879,pending_manual_check,"Hola, buen día.

Somos Nexo Local Studio. Hacemos páginas web profesionales para negocios que quieren mostrar servicios, ubicación y contacto de forma clara desde el celular.

También podemos integrar un asistente con IA que responde preguntas frecuentes y guía al cliente hacia WhatsApp.

Pueden ver nuestra página aquí:
https://nexo-local-studio-public.vercel.app

Tenemos precios de lanzamiento desde $2,500 MXN. Si les interesa, podemos enviarles una propuesta breve.

Si prefieren no recibir más mensajes, respondan “baja”.",https://nexo-local-studio-public.vercel.app,https://wa.me/527222534879?text=Hola%2C%20buen%20d%C3%ADa.%0A%0ASomos%20Nexo%20Local%20Studio.%20Hacemos%20p%C3%A1ginas%20web%20profesionales%20para%20negocios%20que%20quieren%20mostrar%20servicios%2C%20ubicaci%C3%B3n%20y%20contacto%20de%20forma%20clara%20desde%20el%20celular.%0A%0ATambi%C3%A9n%20podemos%20integrar%20un%20asistente%20con%20IA%20que%20responde%20preguntas%20frecuentes%20y%20gu%C3%ADa%20al%20cliente%20hacia%20WhatsApp.%0A%0APueden%20ver%20nuestra%20p%C3%A1gina%20aqu%C3%AD%3A%0Ahttps%3A%2F%2Fnexo-local-studio-public.vercel.app%0A%0ATenemos%20precios%20de%20lanzamiento%20desde%20%242%2C500%20MXN.%20Si%20les%20interesa%2C%20podemos%20enviarles%20una%20propuesta%20breve.%0A%0ASi%20prefieren%20no%20recibir%20m%C3%A1s%20mensajes%2C%20respondan%20%E2%80%9Cbaja%E2%80%9D.,528,788,url_valid,blocked_not_verified,,,,El registro público de OpenStreetMap no incluye sitio web oficial. Fuente: OpenStreetMap. Rating/reseñas no disponibles en esta fuente.
B,13,Medica Del Valle,Clínica estética,Mexico,Metepec,Metepec/Toluca premium,527222172004,pending_manual_check,"Hola, buen día.

Somos Nexo Local Studio. Hacemos páginas web profesionales para negocios que quieren mostrar servicios, ubicación y contacto de forma clara desde el celular.

También podemos integrar un asistente con IA que responde preguntas frecuentes y guía al cliente hacia WhatsApp.

Pueden ver nuestra página aquí:
https://nexo-local-studio-public.vercel.app

Tenemos precios de lanzamiento desde $2,500 MXN. Si les interesa, podemos enviarles una propuesta breve.

Si prefieren no recibir más mensajes, respondan “baja”.",https://nexo-local-studio-public.vercel.app,https://wa.me/527222172004?text=Hola%2C%20buen%20d%C3%ADa.%0A%0ASomos%20Nexo%20Local%20Studio.%20Hacemos%20p%C3%A1ginas%20web%20profesionales%20para%20negocios%20que%20quieren%20mostrar%20servicios%2C%20ubicaci%C3%B3n%20y%20contacto%20de%20forma%20clara%20desde%20el%20celular.%0A%0ATambi%C3%A9n%20podemos%20integrar%20un%20asistente%20con%20IA%20que%20responde%20preguntas%20frecuentes%20y%20gu%C3%ADa%20al%20cliente%20hacia%20WhatsApp.%0A%0APueden%20ver%20nuestra%20p%C3%A1gina%20aqu%C3%AD%3A%0Ahttps%3A%2F%2Fnexo-local-studio-public.vercel.app%0A%0ATenemos%20precios%20de%20lanzamiento%20desde%20%242%2C500%20MXN.%20Si%20les%20interesa%2C%20podemos%20enviarles%20una%20propuesta%20breve.%0A%0ASi%20prefieren%20no%20recibir%20m%C3%A1s%20mensajes%2C%20respondan%20%E2%80%9Cbaja%E2%80%9D.,528,788,url_valid,blocked_not_verified,,,,El registro público de OpenStreetMap no incluye sitio web oficial. Fuente: OpenStreetMap. Rating/reseñas no disponibles en esta fuente.
B,13,Hernandez Odontologia,Dental,Mexico,Metepec,Metepec/Toluca premium,527222147625,pending_manual_check,"Hola, buen día.

Somos Nexo Local Studio. Hacemos páginas web profesionales para negocios que quieren mostrar servicios, ubicación y contacto de forma clara desde el celular.

También podemos integrar un asistente con IA que responde preguntas frecuentes y guía al cliente hacia WhatsApp.

Pueden ver nuestra página aquí:
https://nexo-local-studio-public.vercel.app

Tenemos precios de lanzamiento desde $2,500 MXN. Si les interesa, podemos enviarles una propuesta breve.

Si prefieren no recibir más mensajes, respondan “baja”.",https://nexo-local-studio-public.vercel.app,https://wa.me/527222147625?text=Hola%2C%20buen%20d%C3%ADa.%0A%0ASomos%20Nexo%20Local%20Studio.%20Hacemos%20p%C3%A1ginas%20web%20profesionales%20para%20negocios%20que%20quieren%20mostrar%20servicios%2C%20ubicaci%C3%B3n%20y%20contacto%20de%20forma%20clara%20desde%20el%20celular.%0A%0ATambi%C3%A9n%20podemos%20integrar%20un%20asistente%20con%20IA%20que%20responde%20preguntas%20frecuentes%20y%20gu%C3%ADa%20al%20cliente%20hacia%20WhatsApp.%0A%0APueden%20ver%20nuestra%20p%C3%A1gina%20aqu%C3%AD%3A%0Ahttps%3A%2F%2Fnexo-local-studio-public.vercel.app%0A%0ATenemos%20precios%20de%20lanzamiento%20desde%20%242%2C500%20MXN.%20Si%20les%20interesa%2C%20podemos%20enviarles%20una%20propuesta%20breve.%0A%0ASi%20prefieren%20no%20recibir%20m%C3%A1s%20mensajes%2C%20respondan%20%E2%80%9Cbaja%E2%80%9D.,528,788,url_valid,blocked_not_verified,,,,El registro público de OpenStreetMap no incluye sitio web oficial. Fuente: OpenStreetMap. Rating/reseñas no disponibles en esta fuente.
B,13,Centro De Fisioterapia Avanzada,Clínica estética,Mexico,Metepec,Metepec/Toluca premium,527223508346,pending_manual_check,"Hola, buen día.

Somos Nexo Local Studio. Hacemos páginas web profesionales para negocios que quieren mostrar servicios, ubicación y contacto de forma clara desde el celular.

También podemos integrar un asistente con IA que responde preguntas frecuentes y guía al cliente hacia WhatsApp.

Pueden ver nuestra página aquí:
https://nexo-local-studio-public.vercel.app

Tenemos precios de lanzamiento desde $2,500 MXN. Si les interesa, podemos enviarles una propuesta breve.

Si prefieren no recibir más mensajes, respondan “baja”.",https://nexo-local-studio-public.vercel.app,https://wa.me/527223508346?text=Hola%2C%20buen%20d%C3%ADa.%0A%0ASomos%20Nexo%20Local%20Studio.%20Hacemos%20p%C3%A1ginas%20web%20profesionales%20para%20negocios%20que%20quieren%20mostrar%20servicios%2C%20ubicaci%C3%B3n%20y%20contacto%20de%20forma%20clara%20desde%20el%20celular.%0A%0ATambi%C3%A9n%20podemos%20integrar%20un%20asistente%20con%20IA%20que%20responde%20preguntas%20frecuentes%20y%20gu%C3%ADa%20al%20cliente%20hacia%20WhatsApp.%0A%0APueden%20ver%20nuestra%20p%C3%A1gina%20aqu%C3%AD%3A%0Ahttps%3A%2F%2Fnexo-local-studio-public.vercel.app%0A%0ATenemos%20precios%20de%20lanzamiento%20desde%20%242%2C500%20MXN.%20Si%20les%20interesa%2C%20podemos%20enviarles%20una%20propuesta%20breve.%0A%0ASi%20prefieren%20no%20recibir%20m%C3%A1s%20mensajes%2C%20respondan%20%E2%80%9Cbaja%E2%80%9D.,528,788,url_valid,blocked_not_verified,,,,El registro público de OpenStreetMap no incluye sitio web oficial. Fuente: OpenStreetMap. Rating/reseñas no disponibles en esta fuente.
B,13,Especialistas En Salud Mental,Clínica estética,Mexico,Metepec,Metepec/Toluca premium,527224397709,pending_manual_check,"Hola, buen día.

Somos Nexo Local Studio. Hacemos páginas web profesionales para negocios que quieren mostrar servicios, ubicación y contacto de forma clara desde el celular.

También podemos integrar un asistente con IA que responde preguntas frecuentes y guía al cliente hacia WhatsApp.

Pueden ver nuestra página aquí:
https://nexo-local-studio-public.vercel.app

Tenemos precios de lanzamiento desde $2,500 MXN. Si les interesa, podemos enviarles una propuesta breve.

Si prefieren no recibir más mensajes, respondan “baja”.",https://nexo-local-studio-public.vercel.app,https://wa.me/527224397709?text=Hola%2C%20buen%20d%C3%ADa.%0A%0ASomos%20Nexo%20Local%20Studio.%20Hacemos%20p%C3%A1ginas%20web%20profesionales%20para%20negocios%20que%20quieren%20mostrar%20servicios%2C%20ubicaci%C3%B3n%20y%20contacto%20de%20forma%20clara%20desde%20el%20celular.%0A%0ATambi%C3%A9n%20podemos%20integrar%20un%20asistente%20con%20IA%20que%20responde%20preguntas%20frecuentes%20y%20gu%C3%ADa%20al%20cliente%20hacia%20WhatsApp.%0A%0APueden%20ver%20nuestra%20p%C3%A1gina%20aqu%C3%AD%3A%0Ahttps%3A%2F%2Fnexo-local-studio-public.vercel.app%0A%0ATenemos%20precios%20de%20lanzamiento%20desde%20%242%2C500%20MXN.%20Si%20les%20interesa%2C%20podemos%20enviarles%20una%20propuesta%20breve.%0A%0ASi%20prefieren%20no%20recibir%20m%C3%A1s%20mensajes%2C%20respondan%20%E2%80%9Cbaja%E2%80%9D.,528,788,url_valid,blocked_not_verified,,,,El registro público de OpenStreetMap no incluye sitio web oficial. Fuente: OpenStreetMap. Rating/reseñas no disponibles en esta fuente.
B,13,Consultorio Sante De Acup Untura Humada,Clínica estética,Mexico,Metepec,Metepec/Toluca premium,527225977395,pending_manual_check,"Hola, buen día.

Somos Nexo Local Studio. Hacemos páginas web profesionales para negocios que quieren mostrar servicios, ubicación y contacto de forma clara desde el celular.

También podemos integrar un asistente con IA que responde preguntas frecuentes y guía al cliente hacia WhatsApp.

Pueden ver nuestra página aquí:
https://nexo-local-studio-public.vercel.app

Tenemos precios de lanzamiento desde $2,500 MXN. Si les interesa, podemos enviarles una propuesta breve.

Si prefieren no recibir más mensajes, respondan “baja”.",https://nexo-local-studio-public.vercel.app,https://wa.me/527225977395?text=Hola%2C%20buen%20d%C3%ADa.%0A%0ASomos%20Nexo%20Local%20Studio.%20Hacemos%20p%C3%A1ginas%20web%20profesionales%20para%20negocios%20que%20quieren%20mostrar%20servicios%2C%20ubicaci%C3%B3n%20y%20contacto%20de%20forma%20clara%20desde%20el%20celular.%0A%0ATambi%C3%A9n%20podemos%20integrar%20un%20asistente%20con%20IA%20que%20responde%20preguntas%20frecuentes%20y%20gu%C3%ADa%20al%20cliente%20hacia%20WhatsApp.%0A%0APueden%20ver%20nuestra%20p%C3%A1gina%20aqu%C3%AD%3A%0Ahttps%3A%2F%2Fnexo-local-studio-public.vercel.app%0A%0ATenemos%20precios%20de%20lanzamiento%20desde%20%242%2C500%20MXN.%20Si%20les%20interesa%2C%20podemos%20enviarles%20una%20propuesta%20breve.%0A%0ASi%20prefieren%20no%20recibir%20m%C3%A1s%20mensajes%2C%20respondan%20%E2%80%9Cbaja%E2%80%9D.,528,788,url_valid,blocked_not_verified,,,,El registro público de OpenStreetMap no incluye sitio web oficial. Fuente: OpenStreetMap. Rating/reseñas no disponibles en esta fuente.
B,13,Consultirio dental,Dental,Mexico,Metepec,Metepec/Toluca premium,527224106439,pending_manual_check,"Hola, buen día.

Somos Nexo Local Studio. Hacemos páginas web profesionales para negocios que quieren mostrar servicios, ubicación y contacto de forma clara desde el celular.

También podemos integrar un asistente con IA que responde preguntas frecuentes y guía al cliente hacia WhatsApp.

Pueden ver nuestra página aquí:
https://nexo-local-studio-public.vercel.app

Tenemos precios de lanzamiento desde $2,500 MXN. Si les interesa, podemos enviarles una propuesta breve.

Si prefieren no recibir más mensajes, respondan “baja”.",https://nexo-local-studio-public.vercel.app,https://wa.me/527224106439?text=Hola%2C%20buen%20d%C3%ADa.%0A%0ASomos%20Nexo%20Local%20Studio.%20Hacemos%20p%C3%A1ginas%20web%20profesionales%20para%20negocios%20que%20quieren%20mostrar%20servicios%2C%20ubicaci%C3%B3n%20y%20contacto%20de%20forma%20clara%20desde%20el%20celular.%0A%0ATambi%C3%A9n%20podemos%20integrar%20un%20asistente%20con%20IA%20que%20responde%20preguntas%20frecuentes%20y%20gu%C3%ADa%20al%20cliente%20hacia%20WhatsApp.%0A%0APueden%20ver%20nuestra%20p%C3%A1gina%20aqu%C3%AD%3A%0Ahttps%3A%2F%2Fnexo-local-studio-public.vercel.app%0A%0ATenemos%20precios%20de%20lanzamiento%20desde%20%242%2C500%20MXN.%20Si%20les%20interesa%2C%20podemos%20enviarles%20una%20propuesta%20breve.%0A%0ASi%20prefieren%20no%20recibir%20m%C3%A1s%20mensajes%2C%20respondan%20%E2%80%9Cbaja%E2%80%9D.,528,788,url_valid,blocked_not_verified,,,,El registro público de OpenStreetMap no incluye sitio web oficial. Fuente: OpenStreetMap. Rating/reseñas no disponibles en esta fuente.
B,10,Escuela De Ingles On Way,Academia privada,Mexico,Metepec,Metepec/Toluca premium,525525646352,pending_manual_check,"Hola, buen día.

Somos Nexo Local Studio. Hacemos páginas web profesionales para negocios que quieren mostrar servicios, ubicación y contacto de forma clara desde el celular.

También podemos integrar un asistente con IA que responde preguntas frecuentes y guía al cliente hacia WhatsApp.

Pueden ver nuestra página aquí:
https://nexo-local-studio-public.vercel.app

Tenemos precios de lanzamiento desde $2,500 MXN. Si les interesa, podemos enviarles una propuesta breve.

Si prefieren no recibir más mensajes, respondan “baja”.",https://nexo-local-studio-public.vercel.app,https://wa.me/525525646352?text=Hola%2C%20buen%20d%C3%ADa.%0A%0ASomos%20Nexo%20Local%20Studio.%20Hacemos%20p%C3%A1ginas%20web%20profesionales%20para%20negocios%20que%20quieren%20mostrar%20servicios%2C%20ubicaci%C3%B3n%20y%20contacto%20de%20forma%20clara%20desde%20el%20celular.%0A%0ATambi%C3%A9n%20podemos%20integrar%20un%20asistente%20con%20IA%20que%20responde%20preguntas%20frecuentes%20y%20gu%C3%ADa%20al%20cliente%20hacia%20WhatsApp.%0A%0APueden%20ver%20nuestra%20p%C3%A1gina%20aqu%C3%AD%3A%0Ahttps%3A%2F%2Fnexo-local-studio-public.vercel.app%0A%0ATenemos%20precios%20de%20lanzamiento%20desde%20%242%2C500%20MXN.%20Si%20les%20interesa%2C%20podemos%20enviarles%20una%20propuesta%20breve.%0A%0ASi%20prefieren%20no%20recibir%20m%C3%A1s%20mensajes%2C%20respondan%20%E2%80%9Cbaja%E2%80%9D.,528,788,url_valid,blocked_not_verified,,,,El registro público de OpenStreetMap no incluye sitio web oficial. Fuente: OpenStreetMap. Rating/reseñas no disponibles en esta fuente.
B,12,Optica Mision,Óptica/Oftalmología premium,Mexico,Metepec,Metepec/Toluca premium,527222119378,pending_manual_check,"Hola, buen día.

Somos Nexo Local Studio. Hacemos páginas web profesionales para negocios que quieren mostrar servicios, ubicación y contacto de forma clara desde el celular.

También podemos integrar un asistente con IA que responde preguntas frecuentes y guía al cliente hacia WhatsApp.

Pueden ver nuestra página aquí:
https://nexo-local-studio-public.vercel.app

Tenemos precios de lanzamiento desde $2,500 MXN. Si les interesa, podemos enviarles una propuesta breve.

Si prefieren no recibir más mensajes, respondan “baja”.",https://nexo-local-studio-public.vercel.app,https://wa.me/527222119378?text=Hola%2C%20buen%20d%C3%ADa.%0A%0ASomos%20Nexo%20Local%20Studio.%20Hacemos%20p%C3%A1ginas%20web%20profesionales%20para%20negocios%20que%20quieren%20mostrar%20servicios%2C%20ubicaci%C3%B3n%20y%20contacto%20de%20forma%20clara%20desde%20el%20celular.%0A%0ATambi%C3%A9n%20podemos%20integrar%20un%20asistente%20con%20IA%20que%20responde%20preguntas%20frecuentes%20y%20gu%C3%ADa%20al%20cliente%20hacia%20WhatsApp.%0A%0APueden%20ver%20nuestra%20p%C3%A1gina%20aqu%C3%AD%3A%0Ahttps%3A%2F%2Fnexo-local-studio-public.vercel.app%0A%0ATenemos%20precios%20de%20lanzamiento%20desde%20%242%2C500%20MXN.%20Si%20les%20interesa%2C%20podemos%20enviarles%20una%20propuesta%20breve.%0A%0ASi%20prefieren%20no%20recibir%20m%C3%A1s%20mensajes%2C%20respondan%20%E2%80%9Cbaja%E2%80%9D.,528,788,url_valid,blocked_not_verified,,,,El registro público de OpenStreetMap no incluye sitio web oficial. Fuente: OpenStreetMap. Rating/reseñas no disponibles en esta fuente.
B,13,Centro De Especialidades,Clínica estética,Mexico,Metepec,Metepec/Toluca premium,527222119549,pending_manual_check,"Hola, buen día.

Somos Nexo Local Studio. Hacemos páginas web profesionales para negocios que quieren mostrar servicios, ubicación y contacto de forma clara desde el celular.

También podemos integrar un asistente con IA que responde preguntas frecuentes y guía al cliente hacia WhatsApp.

Pueden ver nuestra página aquí:
https://nexo-local-studio-public.vercel.app

Tenemos precios de lanzamiento desde $2,500 MXN. Si les interesa, podemos enviarles una propuesta breve.

Si prefieren no recibir más mensajes, respondan “baja”.",https://nexo-local-studio-public.vercel.app,https://wa.me/527222119549?text=Hola%2C%20buen%20d%C3%ADa.%0A%0ASomos%20Nexo%20Local%20Studio.%20Hacemos%20p%C3%A1ginas%20web%20profesionales%20para%20negocios%20que%20quieren%20mostrar%20servicios%2C%20ubicaci%C3%B3n%20y%20contacto%20de%20forma%20clara%20desde%20el%20celular.%0A%0ATambi%C3%A9n%20podemos%20integrar%20un%20asistente%20con%20IA%20que%20responde%20preguntas%20frecuentes%20y%20gu%C3%ADa%20al%20cliente%20hacia%20WhatsApp.%0A%0APueden%20ver%20nuestra%20p%C3%A1gina%20aqu%C3%AD%3A%0Ahttps%3A%2F%2Fnexo-local-studio-public.vercel.app%0A%0ATenemos%20precios%20de%20lanzamiento%20desde%20%242%2C500%20MXN.%20Si%20les%20interesa%2C%20podemos%20enviarles%20una%20propuesta%20breve.%0A%0ASi%20prefieren%20no%20recibir%20m%C3%A1s%20mensajes%2C%20respondan%20%E2%80%9Cbaja%E2%80%9D.,528,788,url_valid,blocked_not_verified,,,,El registro público de OpenStreetMap no incluye sitio web oficial. Fuente: OpenStreetMap. Rating/reseñas no disponibles en esta fuente.
B,13,Clinica Dental Nishikawa,Dental,Mexico,Metepec,Metepec/Toluca premium,527222702614,pending_manual_check,"Hola, buen día.

Somos Nexo Local Studio. Hacemos páginas web profesionales para negocios que quieren mostrar servicios, ubicación y contacto de forma clara desde el celular.

También podemos integrar un asistente con IA que responde preguntas frecuentes y guía al cliente hacia WhatsApp.

Pueden ver nuestra página aquí:
https://nexo-local-studio-public.vercel.app

Tenemos precios de lanzamiento desde $2,500 MXN. Si les interesa, podemos enviarles una propuesta breve.

Si prefieren no recibir más mensajes, respondan “baja”.",https://nexo-local-studio-public.vercel.app,https://wa.me/527222702614?text=Hola%2C%20buen%20d%C3%ADa.%0A%0ASomos%20Nexo%20Local%20Studio.%20Hacemos%20p%C3%A1ginas%20web%20profesionales%20para%20negocios%20que%20quieren%20mostrar%20servicios%2C%20ubicaci%C3%B3n%20y%20contacto%20de%20forma%20clara%20desde%20el%20celular.%0A%0ATambi%C3%A9n%20podemos%20integrar%20un%20asistente%20con%20IA%20que%20responde%20preguntas%20frecuentes%20y%20gu%C3%ADa%20al%20cliente%20hacia%20WhatsApp.%0A%0APueden%20ver%20nuestra%20p%C3%A1gina%20aqu%C3%AD%3A%0Ahttps%3A%2F%2Fnexo-local-studio-public.vercel.app%0A%0ATenemos%20precios%20de%20lanzamiento%20desde%20%242%2C500%20MXN.%20Si%20les%20interesa%2C%20podemos%20enviarles%20una%20propuesta%20breve.%0A%0ASi%20prefieren%20no%20recibir%20m%C3%A1s%20mensajes%2C%20respondan%20%E2%80%9Cbaja%E2%80%9D.,528,788,url_valid,blocked_not_verified,,,,El registro público de OpenStreetMap no incluye sitio web oficial. Fuente: OpenStreetMap. Rating/reseñas no disponibles en esta fuente.
B,13,Consultorio Dental Montes De Oca,Dental,Mexico,Metepec,Metepec/Toluca premium,527226594081,pending_manual_check,"Hola, buen día.

Somos Nexo Local Studio. Hacemos páginas web profesionales para negocios que quieren mostrar servicios, ubicación y contacto de forma clara desde el celular.

También podemos integrar un asistente con IA que responde preguntas frecuentes y guía al cliente hacia WhatsApp.

Pueden ver nuestra página aquí:
https://nexo-local-studio-public.vercel.app

Tenemos precios de lanzamiento desde $2,500 MXN. Si les interesa, podemos enviarles una propuesta breve.

Si prefieren no recibir más mensajes, respondan “baja”.",https://nexo-local-studio-public.vercel.app,https://wa.me/527226594081?text=Hola%2C%20buen%20d%C3%ADa.%0A%0ASomos%20Nexo%20Local%20Studio.%20Hacemos%20p%C3%A1ginas%20web%20profesionales%20para%20negocios%20que%20quieren%20mostrar%20servicios%2C%20ubicaci%C3%B3n%20y%20contacto%20de%20forma%20clara%20desde%20el%20celular.%0A%0ATambi%C3%A9n%20podemos%20integrar%20un%20asistente%20con%20IA%20que%20responde%20preguntas%20frecuentes%20y%20gu%C3%ADa%20al%20cliente%20hacia%20WhatsApp.%0A%0APueden%20ver%20nuestra%20p%C3%A1gina%20aqu%C3%AD%3A%0Ahttps%3A%2F%2Fnexo-local-studio-public.vercel.app%0A%0ATenemos%20precios%20de%20lanzamiento%20desde%20%242%2C500%20MXN.%20Si%20les%20interesa%2C%20podemos%20enviarles%20una%20propuesta%20breve.%0A%0ASi%20prefieren%20no%20recibir%20m%C3%A1s%20mensajes%2C%20respondan%20%E2%80%9Cbaja%E2%80%9D.,528,788,url_valid,blocked_not_verified,,,,El registro público de OpenStreetMap no incluye sitio web oficial. Fuente: OpenStreetMap. Rating/reseñas no disponibles en esta fuente.
B,13,Consultorio Dental Diente De Leon,Dental,Mexico,Metepec,Metepec/Toluca premium,527221483728,pending_manual_check,"Hola, buen día.

Somos Nexo Local Studio. Hacemos páginas web profesionales para negocios que quieren mostrar servicios, ubicación y contacto de forma clara desde el celular.

También podemos integrar un asistente con IA que responde preguntas frecuentes y guía al cliente hacia WhatsApp.

Pueden ver nuestra página aquí:
https://nexo-local-studio-public.vercel.app

Tenemos precios de lanzamiento desde $2,500 MXN. Si les interesa, podemos enviarles una propuesta breve.

Si prefieren no recibir más mensajes, respondan “baja”.",https://nexo-local-studio-public.vercel.app,https://wa.me/527221483728?text=Hola%2C%20buen%20d%C3%ADa.%0A%0ASomos%20Nexo%20Local%20Studio.%20Hacemos%20p%C3%A1ginas%20web%20profesionales%20para%20negocios%20que%20quieren%20mostrar%20servicios%2C%20ubicaci%C3%B3n%20y%20contacto%20de%20forma%20clara%20desde%20el%20celular.%0A%0ATambi%C3%A9n%20podemos%20integrar%20un%20asistente%20con%20IA%20que%20responde%20preguntas%20frecuentes%20y%20gu%C3%ADa%20al%20cliente%20hacia%20WhatsApp.%0A%0APueden%20ver%20nuestra%20p%C3%A1gina%20aqu%C3%AD%3A%0Ahttps%3A%2F%2Fnexo-local-studio-public.vercel.app%0A%0ATenemos%20precios%20de%20lanzamiento%20desde%20%242%2C500%20MXN.%20Si%20les%20interesa%2C%20podemos%20enviarles%20una%20propuesta%20breve.%0A%0ASi%20prefieren%20no%20recibir%20m%C3%A1s%20mensajes%2C%20respondan%20%E2%80%9Cbaja%E2%80%9D.,528,788,url_valid,blocked_not_verified,,,,El registro público de OpenStreetMap no incluye sitio web oficial. Fuente: OpenStreetMap. Rating/reseñas no disponibles en esta fuente.
B,13,Consultorio Medico Dermatologico,Clínica estética,Mexico,Metepec,Metepec/Toluca premium,525540948930,pending_manual_check,"Hola, buen día.

Somos Nexo Local Studio. Hacemos páginas web profesionales para negocios que quieren mostrar servicios, ubicación y contacto de forma clara desde el celular.

También podemos integrar un asistente con IA que responde preguntas frecuentes y guía al cliente hacia WhatsApp.

Pueden ver nuestra página aquí:
https://nexo-local-studio-public.vercel.app

Tenemos precios de lanzamiento desde $2,500 MXN. Si les interesa, podemos enviarles una propuesta breve.

Si prefieren no recibir más mensajes, respondan “baja”.",https://nexo-local-studio-public.vercel.app,https://wa.me/525540948930?text=Hola%2C%20buen%20d%C3%ADa.%0A%0ASomos%20Nexo%20Local%20Studio.%20Hacemos%20p%C3%A1ginas%20web%20profesionales%20para%20negocios%20que%20quieren%20mostrar%20servicios%2C%20ubicaci%C3%B3n%20y%20contacto%20de%20forma%20clara%20desde%20el%20celular.%0A%0ATambi%C3%A9n%20podemos%20integrar%20un%20asistente%20con%20IA%20que%20responde%20preguntas%20frecuentes%20y%20gu%C3%ADa%20al%20cliente%20hacia%20WhatsApp.%0A%0APueden%20ver%20nuestra%20p%C3%A1gina%20aqu%C3%AD%3A%0Ahttps%3A%2F%2Fnexo-local-studio-public.vercel.app%0A%0ATenemos%20precios%20de%20lanzamiento%20desde%20%242%2C500%20MXN.%20Si%20les%20interesa%2C%20podemos%20enviarles%20una%20propuesta%20breve.%0A%0ASi%20prefieren%20no%20recibir%20m%C3%A1s%20mensajes%2C%20respondan%20%E2%80%9Cbaja%E2%80%9D.,528,788,url_valid,blocked_not_verified,,,,El registro público de OpenStreetMap no incluye sitio web oficial. Fuente: OpenStreetMap. Rating/reseñas no disponibles en esta fuente.
B,13,Laboratorio Dental Mimi,Dental,Mexico,Metepec,Metepec/Toluca premium,527226336386,pending_manual_check,"Hola, buen día.

Somos Nexo Local Studio. Hacemos páginas web profesionales para negocios que quieren mostrar servicios, ubicación y contacto de forma clara desde el celular.

También podemos integrar un asistente con IA que responde preguntas frecuentes y guía al cliente hacia WhatsApp.

Pueden ver nuestra página aquí:
https://nexo-local-studio-public.vercel.app

Tenemos precios de lanzamiento desde $2,500 MXN. Si les interesa, podemos enviarles una propuesta breve.

Si prefieren no recibir más mensajes, respondan “baja”.",https://nexo-local-studio-public.vercel.app,https://wa.me/527226336386?text=Hola%2C%20buen%20d%C3%ADa.%0A%0ASomos%20Nexo%20Local%20Studio.%20Hacemos%20p%C3%A1ginas%20web%20profesionales%20para%20negocios%20que%20quieren%20mostrar%20servicios%2C%20ubicaci%C3%B3n%20y%20contacto%20de%20forma%20clara%20desde%20el%20celular.%0A%0ATambi%C3%A9n%20podemos%20integrar%20un%20asistente%20con%20IA%20que%20responde%20preguntas%20frecuentes%20y%20gu%C3%ADa%20al%20cliente%20hacia%20WhatsApp.%0A%0APueden%20ver%20nuestra%20p%C3%A1gina%20aqu%C3%AD%3A%0Ahttps%3A%2F%2Fnexo-local-studio-public.vercel.app%0A%0ATenemos%20precios%20de%20lanzamiento%20desde%20%242%2C500%20MXN.%20Si%20les%20interesa%2C%20podemos%20enviarles%20una%20propuesta%20breve.%0A%0ASi%20prefieren%20no%20recibir%20m%C3%A1s%20mensajes%2C%20respondan%20%E2%80%9Cbaja%E2%80%9D.,528,788,url_valid,blocked_not_verified,,,,El registro público de OpenStreetMap no incluye sitio web oficial. Fuente: OpenStreetMap. Rating/reseñas no disponibles en esta fuente.
B,13,Clinica Dental Dentissimo,Dental,Mexico,Metepec,Metepec/Toluca premium,527223884745,pending_manual_check,"Hola, buen día.

Somos Nexo Local Studio. Hacemos páginas web profesionales para negocios que quieren mostrar servicios, ubicación y contacto de forma clara desde el celular.

También podemos integrar un asistente con IA que responde preguntas frecuentes y guía al cliente hacia WhatsApp.

Pueden ver nuestra página aquí:
https://nexo-local-studio-public.vercel.app

Tenemos precios de lanzamiento desde $2,500 MXN. Si les interesa, podemos enviarles una propuesta breve.

Si prefieren no recibir más mensajes, respondan “baja”.",https://nexo-local-studio-public.vercel.app,https://wa.me/527223884745?text=Hola%2C%20buen%20d%C3%ADa.%0A%0ASomos%20Nexo%20Local%20Studio.%20Hacemos%20p%C3%A1ginas%20web%20profesionales%20para%20negocios%20que%20quieren%20mostrar%20servicios%2C%20ubicaci%C3%B3n%20y%20contacto%20de%20forma%20clara%20desde%20el%20celular.%0A%0ATambi%C3%A9n%20podemos%20integrar%20un%20asistente%20con%20IA%20que%20responde%20preguntas%20frecuentes%20y%20gu%C3%ADa%20al%20cliente%20hacia%20WhatsApp.%0A%0APueden%20ver%20nuestra%20p%C3%A1gina%20aqu%C3%AD%3A%0Ahttps%3A%2F%2Fnexo-local-studio-public.vercel.app%0A%0ATenemos%20precios%20de%20lanzamiento%20desde%20%242%2C500%20MXN.%20Si%20les%20interesa%2C%20podemos%20enviarles%20una%20propuesta%20breve.%0A%0ASi%20prefieren%20no%20recibir%20m%C3%A1s%20mensajes%2C%20respondan%20%E2%80%9Cbaja%E2%80%9D.,528,788,url_valid,blocked_not_verified,,,,El registro público de OpenStreetMap no incluye sitio web oficial. Fuente: OpenStreetMap. Rating/reseñas no disponibles en esta fuente.
B,13,Odontologia estética,Dental,Mexico,Metepec,Metepec/Toluca premium,527222121311,pending_manual_check,"Hola, buen día.

Somos Nexo Local Studio. Hacemos páginas web profesionales para negocios que quieren mostrar servicios, ubicación y contacto de forma clara desde el celular.

También podemos integrar un asistente con IA que responde preguntas frecuentes y guía al cliente hacia WhatsApp.

Pueden ver nuestra página aquí:
https://nexo-local-studio-public.vercel.app

Tenemos precios de lanzamiento desde $2,500 MXN. Si les interesa, podemos enviarles una propuesta breve.

Si prefieren no recibir más mensajes, respondan “baja”.",https://nexo-local-studio-public.vercel.app,https://wa.me/527222121311?text=Hola%2C%20buen%20d%C3%ADa.%0A%0ASomos%20Nexo%20Local%20Studio.%20Hacemos%20p%C3%A1ginas%20web%20profesionales%20para%20negocios%20que%20quieren%20mostrar%20servicios%2C%20ubicaci%C3%B3n%20y%20contacto%20de%20forma%20clara%20desde%20el%20celular.%0A%0ATambi%C3%A9n%20podemos%20integrar%20un%20asistente%20con%20IA%20que%20responde%20preguntas%20frecuentes%20y%20gu%C3%ADa%20al%20cliente%20hacia%20WhatsApp.%0A%0APueden%20ver%20nuestra%20p%C3%A1gina%20aqu%C3%AD%3A%0Ahttps%3A%2F%2Fnexo-local-studio-public.vercel.app%0A%0ATenemos%20precios%20de%20lanzamiento%20desde%20%242%2C500%20MXN.%20Si%20les%20interesa%2C%20podemos%20enviarles%20una%20propuesta%20breve.%0A%0ASi%20prefieren%20no%20recibir%20m%C3%A1s%20mensajes%2C%20respondan%20%E2%80%9Cbaja%E2%80%9D.,528,788,url_valid,blocked_not_verified,,,,El registro público de OpenStreetMap no incluye sitio web oficial. Fuente: OpenStreetMap. Rating/reseñas no disponibles en esta fuente.
B,13,Consultorio De Odontopediatria,Dental,Mexico,Metepec,Metepec/Toluca premium,527222803072,pending_manual_check,"Hola, buen día.

Somos Nexo Local Studio. Hacemos páginas web profesionales para negocios que quieren mostrar servicios, ubicación y contacto de forma clara desde el celular.

También podemos integrar un asistente con IA que responde preguntas frecuentes y guía al cliente hacia WhatsApp.

Pueden ver nuestra página aquí:
https://nexo-local-studio-public.vercel.app

Tenemos precios de lanzamiento desde $2,500 MXN. Si les interesa, podemos enviarles una propuesta breve.

Si prefieren no recibir más mensajes, respondan “baja”.",https://nexo-local-studio-public.vercel.app,https://wa.me/527222803072?text=Hola%2C%20buen%20d%C3%ADa.%0A%0ASomos%20Nexo%20Local%20Studio.%20Hacemos%20p%C3%A1ginas%20web%20profesionales%20para%20negocios%20que%20quieren%20mostrar%20servicios%2C%20ubicaci%C3%B3n%20y%20contacto%20de%20forma%20clara%20desde%20el%20celular.%0A%0ATambi%C3%A9n%20podemos%20integrar%20un%20asistente%20con%20IA%20que%20responde%20preguntas%20frecuentes%20y%20gu%C3%ADa%20al%20cliente%20hacia%20WhatsApp.%0A%0APueden%20ver%20nuestra%20p%C3%A1gina%20aqu%C3%AD%3A%0Ahttps%3A%2F%2Fnexo-local-studio-public.vercel.app%0A%0ATenemos%20precios%20de%20lanzamiento%20desde%20%242%2C500%20MXN.%20Si%20les%20interesa%2C%20podemos%20enviarles%20una%20propuesta%20breve.%0A%0ASi%20prefieren%20no%20recibir%20m%C3%A1s%20mensajes%2C%20respondan%20%E2%80%9Cbaja%E2%80%9D.,528,788,url_valid,blocked_not_verified,,,,El registro público de OpenStreetMap no incluye sitio web oficial. Fuente: OpenStreetMap. Rating/reseñas no disponibles en esta fuente.
B,13,Sport Medica,Clínica estética,Mexico,Metepec,Metepec/Toluca premium,527222740290,pending_manual_check,"Hola, buen día.

Somos Nexo Local Studio. Hacemos páginas web profesionales para negocios que quieren mostrar servicios, ubicación y contacto de forma clara desde el celular.

También podemos integrar un asistente con IA que responde preguntas frecuentes y guía al cliente hacia WhatsApp.

Pueden ver nuestra página aquí:
https://nexo-local-studio-public.vercel.app

Tenemos precios de lanzamiento desde $2,500 MXN. Si les interesa, podemos enviarles una propuesta breve.

Si prefieren no recibir más mensajes, respondan “baja”.",https://nexo-local-studio-public.vercel.app,https://wa.me/527222740290?text=Hola%2C%20buen%20d%C3%ADa.%0A%0ASomos%20Nexo%20Local%20Studio.%20Hacemos%20p%C3%A1ginas%20web%20profesionales%20para%20negocios%20que%20quieren%20mostrar%20servicios%2C%20ubicaci%C3%B3n%20y%20contacto%20de%20forma%20clara%20desde%20el%20celular.%0A%0ATambi%C3%A9n%20podemos%20integrar%20un%20asistente%20con%20IA%20que%20responde%20preguntas%20frecuentes%20y%20gu%C3%ADa%20al%20cliente%20hacia%20WhatsApp.%0A%0APueden%20ver%20nuestra%20p%C3%A1gina%20aqu%C3%AD%3A%0Ahttps%3A%2F%2Fnexo-local-studio-public.vercel.app%0A%0ATenemos%20precios%20de%20lanzamiento%20desde%20%242%2C500%20MXN.%20Si%20les%20interesa%2C%20podemos%20enviarles%20una%20propuesta%20breve.%0A%0ASi%20prefieren%20no%20recibir%20m%C3%A1s%20mensajes%2C%20respondan%20%E2%80%9Cbaja%E2%80%9D.,528,788,url_valid,blocked_not_verified,,,,El registro público de OpenStreetMap no incluye sitio web oficial. Fuente: OpenStreetMap. Rating/reseñas no disponibles en esta fuente.
B,12,Optik Sol,Óptica/Oftalmología premium,Mexico,Metepec,Metepec/Toluca premium,527222944377,pending_manual_check,"Hola, buen día.

Somos Nexo Local Studio. Hacemos páginas web profesionales para negocios que quieren mostrar servicios, ubicación y contacto de forma clara desde el celular.

También podemos integrar un asistente con IA que responde preguntas frecuentes y guía al cliente hacia WhatsApp.

Pueden ver nuestra página aquí:
https://nexo-local-studio-public.vercel.app

Tenemos precios de lanzamiento desde $2,500 MXN. Si les interesa, podemos enviarles una propuesta breve.

Si prefieren no recibir más mensajes, respondan “baja”.",https://nexo-local-studio-public.vercel.app,https://wa.me/527222944377?text=Hola%2C%20buen%20d%C3%ADa.%0A%0ASomos%20Nexo%20Local%20Studio.%20Hacemos%20p%C3%A1ginas%20web%20profesionales%20para%20negocios%20que%20quieren%20mostrar%20servicios%2C%20ubicaci%C3%B3n%20y%20contacto%20de%20forma%20clara%20desde%20el%20celular.%0A%0ATambi%C3%A9n%20podemos%20integrar%20un%20asistente%20con%20IA%20que%20responde%20preguntas%20frecuentes%20y%20gu%C3%ADa%20al%20cliente%20hacia%20WhatsApp.%0A%0APueden%20ver%20nuestra%20p%C3%A1gina%20aqu%C3%AD%3A%0Ahttps%3A%2F%2Fnexo-local-studio-public.vercel.app%0A%0ATenemos%20precios%20de%20lanzamiento%20desde%20%242%2C500%20MXN.%20Si%20les%20interesa%2C%20podemos%20enviarles%20una%20propuesta%20breve.%0A%0ASi%20prefieren%20no%20recibir%20m%C3%A1s%20mensajes%2C%20respondan%20%E2%80%9Cbaja%E2%80%9D.,528,788,url_valid,blocked_not_verified,,,,El registro público de OpenStreetMap no incluye sitio web oficial. Fuente: OpenStreetMap. Rating/reseñas no disponibles en esta fuente.
B,13,Consultorio Psicologico Lic. Michelle Garcia Lopez,Clínica estética,Mexico,Metepec,Metepec/Toluca premium,525541456077,pending_manual_check,"Hola, buen día.

Somos Nexo Local Studio. Hacemos páginas web profesionales para negocios que quieren mostrar servicios, ubicación y contacto de forma clara desde el celular.

También podemos integrar un asistente con IA que responde preguntas frecuentes y guía al cliente hacia WhatsApp.

Pueden ver nuestra página aquí:
https://nexo-local-studio-public.vercel.app

Tenemos precios de lanzamiento desde $2,500 MXN. Si les interesa, podemos enviarles una propuesta breve.

Si prefieren no recibir más mensajes, respondan “baja”.",https://nexo-local-studio-public.vercel.app,https://wa.me/525541456077?text=Hola%2C%20buen%20d%C3%ADa.%0A%0ASomos%20Nexo%20Local%20Studio.%20Hacemos%20p%C3%A1ginas%20web%20profesionales%20para%20negocios%20que%20quieren%20mostrar%20servicios%2C%20ubicaci%C3%B3n%20y%20contacto%20de%20forma%20clara%20desde%20el%20celular.%0A%0ATambi%C3%A9n%20podemos%20integrar%20un%20asistente%20con%20IA%20que%20responde%20preguntas%20frecuentes%20y%20gu%C3%ADa%20al%20cliente%20hacia%20WhatsApp.%0A%0APueden%20ver%20nuestra%20p%C3%A1gina%20aqu%C3%AD%3A%0Ahttps%3A%2F%2Fnexo-local-studio-public.vercel.app%0A%0ATenemos%20precios%20de%20lanzamiento%20desde%20%242%2C500%20MXN.%20Si%20les%20interesa%2C%20podemos%20enviarles%20una%20propuesta%20breve.%0A%0ASi%20prefieren%20no%20recibir%20m%C3%A1s%20mensajes%2C%20respondan%20%E2%80%9Cbaja%E2%80%9D.,528,788,url_valid,blocked_not_verified,,,,El registro público de OpenStreetMap no incluye sitio web oficial. Fuente: OpenStreetMap. Rating/reseñas no disponibles en esta fuente.
B,13,Consultorio Psicoanalisis & Vida,Clínica estética,Mexico,Metepec,Metepec/Toluca premium,527223035236,pending_manual_check,"Hola, buen día.

Somos Nexo Local Studio. Hacemos páginas web profesionales para negocios que quieren mostrar servicios, ubicación y contacto de forma clara desde el celular.

También podemos integrar un asistente con IA que responde preguntas frecuentes y guía al cliente hacia WhatsApp.

Pueden ver nuestra página aquí:
https://nexo-local-studio-public.vercel.app

Tenemos precios de lanzamiento desde $2,500 MXN. Si les interesa, podemos enviarles una propuesta breve.

Si prefieren no recibir más mensajes, respondan “baja”.",https://nexo-local-studio-public.vercel.app,https://wa.me/527223035236?text=Hola%2C%20buen%20d%C3%ADa.%0A%0ASomos%20Nexo%20Local%20Studio.%20Hacemos%20p%C3%A1ginas%20web%20profesionales%20para%20negocios%20que%20quieren%20mostrar%20servicios%2C%20ubicaci%C3%B3n%20y%20contacto%20de%20forma%20clara%20desde%20el%20celular.%0A%0ATambi%C3%A9n%20podemos%20integrar%20un%20asistente%20con%20IA%20que%20responde%20preguntas%20frecuentes%20y%20gu%C3%ADa%20al%20cliente%20hacia%20WhatsApp.%0A%0APueden%20ver%20nuestra%20p%C3%A1gina%20aqu%C3%AD%3A%0Ahttps%3A%2F%2Fnexo-local-studio-public.vercel.app%0A%0ATenemos%20precios%20de%20lanzamiento%20desde%20%242%2C500%20MXN.%20Si%20les%20interesa%2C%20podemos%20enviarles%20una%20propuesta%20breve.%0A%0ASi%20prefieren%20no%20recibir%20m%C3%A1s%20mensajes%2C%20respondan%20%E2%80%9Cbaja%E2%80%9D.,528,788,url_valid,blocked_not_verified,,,,El registro público de OpenStreetMap no incluye sitio web oficial. Fuente: OpenStreetMap. Rating/reseñas no disponibles en esta fuente.
B,13,Consultorio Fisioterapeutico,Clínica estética,Mexico,Metepec,Metepec/Toluca premium,527225214930,pending_manual_check,"Hola, buen día.

Somos Nexo Local Studio. Hacemos páginas web profesionales para negocios que quieren mostrar servicios, ubicación y contacto de forma clara desde el celular.

También podemos integrar un asistente con IA que responde preguntas frecuentes y guía al cliente hacia WhatsApp.

Pueden ver nuestra página aquí:
https://nexo-local-studio-public.vercel.app

Tenemos precios de lanzamiento desde $2,500 MXN. Si les interesa, podemos enviarles una propuesta breve.

Si prefieren no recibir más mensajes, respondan “baja”.",https://nexo-local-studio-public.vercel.app,https://wa.me/527225214930?text=Hola%2C%20buen%20d%C3%ADa.%0A%0ASomos%20Nexo%20Local%20Studio.%20Hacemos%20p%C3%A1ginas%20web%20profesionales%20para%20negocios%20que%20quieren%20mostrar%20servicios%2C%20ubicaci%C3%B3n%20y%20contacto%20de%20forma%20clara%20desde%20el%20celular.%0A%0ATambi%C3%A9n%20podemos%20integrar%20un%20asistente%20con%20IA%20que%20responde%20preguntas%20frecuentes%20y%20gu%C3%ADa%20al%20cliente%20hacia%20WhatsApp.%0A%0APueden%20ver%20nuestra%20p%C3%A1gina%20aqu%C3%AD%3A%0Ahttps%3A%2F%2Fnexo-local-studio-public.vercel.app%0A%0ATenemos%20precios%20de%20lanzamiento%20desde%20%242%2C500%20MXN.%20Si%20les%20interesa%2C%20podemos%20enviarles%20una%20propuesta%20breve.%0A%0ASi%20prefieren%20no%20recibir%20m%C3%A1s%20mensajes%2C%20respondan%20%E2%80%9Cbaja%E2%80%9D.,528,788,url_valid,blocked_not_verified,,,,El registro público de OpenStreetMap no incluye sitio web oficial. Fuente: OpenStreetMap. Rating/reseñas no disponibles en esta fuente.
B,13,Grupo Médico Cipress,Clínica estética,Mexico,Metepec,Metepec/Toluca premium,527222124359,pending_manual_check,"Hola, buen día.

Somos Nexo Local Studio. Hacemos páginas web profesionales para negocios que quieren mostrar servicios, ubicación y contacto de forma clara desde el celular.

También podemos integrar un asistente con IA que responde preguntas frecuentes y guía al cliente hacia WhatsApp.

Pueden ver nuestra página aquí:
https://nexo-local-studio-public.vercel.app

Tenemos precios de lanzamiento desde $2,500 MXN. Si les interesa, podemos enviarles una propuesta breve.

Si prefieren no recibir más mensajes, respondan “baja”.",https://nexo-local-studio-public.vercel.app,https://wa.me/527222124359?text=Hola%2C%20buen%20d%C3%ADa.%0A%0ASomos%20Nexo%20Local%20Studio.%20Hacemos%20p%C3%A1ginas%20web%20profesionales%20para%20negocios%20que%20quieren%20mostrar%20servicios%2C%20ubicaci%C3%B3n%20y%20contacto%20de%20forma%20clara%20desde%20el%20celular.%0A%0ATambi%C3%A9n%20podemos%20integrar%20un%20asistente%20con%20IA%20que%20responde%20preguntas%20frecuentes%20y%20gu%C3%ADa%20al%20cliente%20hacia%20WhatsApp.%0A%0APueden%20ver%20nuestra%20p%C3%A1gina%20aqu%C3%AD%3A%0Ahttps%3A%2F%2Fnexo-local-studio-public.vercel.app%0A%0ATenemos%20precios%20de%20lanzamiento%20desde%20%242%2C500%20MXN.%20Si%20les%20interesa%2C%20podemos%20enviarles%20una%20propuesta%20breve.%0A%0ASi%20prefieren%20no%20recibir%20m%C3%A1s%20mensajes%2C%20respondan%20%E2%80%9Cbaja%E2%80%9D.,528,788,url_valid,blocked_not_verified,,,,El registro público de OpenStreetMap no incluye sitio web oficial. Fuente: OpenStreetMap. Rating/reseñas no disponibles en esta fuente.
B,13,Perfect Smile Dental,Dental,Mexico,Metepec,Metepec/Toluca premium,527224613447,pending_manual_check,"Hola, buen día.

Somos Nexo Local Studio. Hacemos páginas web profesionales para negocios que quieren mostrar servicios, ubicación y contacto de forma clara desde el celular.

También podemos integrar un asistente con IA que responde preguntas frecuentes y guía al cliente hacia WhatsApp.

Pueden ver nuestra página aquí:
https://nexo-local-studio-public.vercel.app

Tenemos precios de lanzamiento desde $2,500 MXN. Si les interesa, podemos enviarles una propuesta breve.

Si prefieren no recibir más mensajes, respondan “baja”.",https://nexo-local-studio-public.vercel.app,https://wa.me/527224613447?text=Hola%2C%20buen%20d%C3%ADa.%0A%0ASomos%20Nexo%20Local%20Studio.%20Hacemos%20p%C3%A1ginas%20web%20profesionales%20para%20negocios%20que%20quieren%20mostrar%20servicios%2C%20ubicaci%C3%B3n%20y%20contacto%20de%20forma%20clara%20desde%20el%20celular.%0A%0ATambi%C3%A9n%20podemos%20integrar%20un%20asistente%20con%20IA%20que%20responde%20preguntas%20frecuentes%20y%20gu%C3%ADa%20al%20cliente%20hacia%20WhatsApp.%0A%0APueden%20ver%20nuestra%20p%C3%A1gina%20aqu%C3%AD%3A%0Ahttps%3A%2F%2Fnexo-local-studio-public.vercel.app%0A%0ATenemos%20precios%20de%20lanzamiento%20desde%20%242%2C500%20MXN.%20Si%20les%20interesa%2C%20podemos%20enviarles%20una%20propuesta%20breve.%0A%0ASi%20prefieren%20no%20recibir%20m%C3%A1s%20mensajes%2C%20respondan%20%E2%80%9Cbaja%E2%80%9D.,528,788,url_valid,blocked_not_verified,,,,El registro público de OpenStreetMap no incluye sitio web oficial. Fuente: OpenStreetMap. Rating/reseñas no disponibles en esta fuente.
B,13,Consultorio De Traumatologia,Clínica estética,Mexico,Metepec,Metepec/Toluca premium,527222084237,pending_manual_check,"Hola, buen día.

Somos Nexo Local Studio. Hacemos páginas web profesionales para negocios que quieren mostrar servicios, ubicación y contacto de forma clara desde el celular.

También podemos integrar un asistente con IA que responde preguntas frecuentes y guía al cliente hacia WhatsApp.

Pueden ver nuestra página aquí:
https://nexo-local-studio-public.vercel.app

Tenemos precios de lanzamiento desde $2,500 MXN. Si les interesa, podemos enviarles una propuesta breve.

Si prefieren no recibir más mensajes, respondan “baja”.",https://nexo-local-studio-public.vercel.app,https://wa.me/527222084237?text=Hola%2C%20buen%20d%C3%ADa.%0A%0ASomos%20Nexo%20Local%20Studio.%20Hacemos%20p%C3%A1ginas%20web%20profesionales%20para%20negocios%20que%20quieren%20mostrar%20servicios%2C%20ubicaci%C3%B3n%20y%20contacto%20de%20forma%20clara%20desde%20el%20celular.%0A%0ATambi%C3%A9n%20podemos%20integrar%20un%20asistente%20con%20IA%20que%20responde%20preguntas%20frecuentes%20y%20gu%C3%ADa%20al%20cliente%20hacia%20WhatsApp.%0A%0APueden%20ver%20nuestra%20p%C3%A1gina%20aqu%C3%AD%3A%0Ahttps%3A%2F%2Fnexo-local-studio-public.vercel.app%0A%0ATenemos%20precios%20de%20lanzamiento%20desde%20%242%2C500%20MXN.%20Si%20les%20interesa%2C%20podemos%20enviarles%20una%20propuesta%20breve.%0A%0ASi%20prefieren%20no%20recibir%20m%C3%A1s%20mensajes%2C%20respondan%20%E2%80%9Cbaja%E2%80%9D.,528,788,url_valid,blocked_not_verified,,,,El registro público de OpenStreetMap no incluye sitio web oficial. Fuente: OpenStreetMap. Rating/reseñas no disponibles en esta fuente.
B,13,Dental Zone,Dental,Mexico,Metepec,Metepec/Toluca premium,527223966599,pending_manual_check,"Hola, buen día.

Somos Nexo Local Studio. Hacemos páginas web profesionales para negocios que quieren mostrar servicios, ubicación y contacto de forma clara desde el celular.

También podemos integrar un asistente con IA que responde preguntas frecuentes y guía al cliente hacia WhatsApp.

Pueden ver nuestra página aquí:
https://nexo-local-studio-public.vercel.app

Tenemos precios de lanzamiento desde $2,500 MXN. Si les interesa, podemos enviarles una propuesta breve.

Si prefieren no recibir más mensajes, respondan “baja”.",https://nexo-local-studio-public.vercel.app,https://wa.me/527223966599?text=Hola%2C%20buen%20d%C3%ADa.%0A%0ASomos%20Nexo%20Local%20Studio.%20Hacemos%20p%C3%A1ginas%20web%20profesionales%20para%20negocios%20que%20quieren%20mostrar%20servicios%2C%20ubicaci%C3%B3n%20y%20contacto%20de%20forma%20clara%20desde%20el%20celular.%0A%0ATambi%C3%A9n%20podemos%20integrar%20un%20asistente%20con%20IA%20que%20responde%20preguntas%20frecuentes%20y%20gu%C3%ADa%20al%20cliente%20hacia%20WhatsApp.%0A%0APueden%20ver%20nuestra%20p%C3%A1gina%20aqu%C3%AD%3A%0Ahttps%3A%2F%2Fnexo-local-studio-public.vercel.app%0A%0ATenemos%20precios%20de%20lanzamiento%20desde%20%242%2C500%20MXN.%20Si%20les%20interesa%2C%20podemos%20enviarles%20una%20propuesta%20breve.%0A%0ASi%20prefieren%20no%20recibir%20m%C3%A1s%20mensajes%2C%20respondan%20%E2%80%9Cbaja%E2%80%9D.,528,788,url_valid,blocked_not_verified,,,,El registro público de OpenStreetMap no incluye sitio web oficial. Fuente: OpenStreetMap. Rating/reseñas no disponibles en esta fuente.
B,13,Em Dental,Dental,Mexico,Metepec,Metepec/Toluca premium,527224250797,pending_manual_check,"Hola, buen día.

Somos Nexo Local Studio. Hacemos páginas web profesionales para negocios que quieren mostrar servicios, ubicación y contacto de forma clara desde el celular.

También podemos integrar un asistente con IA que responde preguntas frecuentes y guía al cliente hacia WhatsApp.

Pueden ver nuestra página aquí:
https://nexo-local-studio-public.vercel.app

Tenemos precios de lanzamiento desde $2,500 MXN. Si les interesa, podemos enviarles una propuesta breve.

Si prefieren no recibir más mensajes, respondan “baja”.",https://nexo-local-studio-public.vercel.app,https://wa.me/527224250797?text=Hola%2C%20buen%20d%C3%ADa.%0A%0ASomos%20Nexo%20Local%20Studio.%20Hacemos%20p%C3%A1ginas%20web%20profesionales%20para%20negocios%20que%20quieren%20mostrar%20servicios%2C%20ubicaci%C3%B3n%20y%20contacto%20de%20forma%20clara%20desde%20el%20celular.%0A%0ATambi%C3%A9n%20podemos%20integrar%20un%20asistente%20con%20IA%20que%20responde%20preguntas%20frecuentes%20y%20gu%C3%ADa%20al%20cliente%20hacia%20WhatsApp.%0A%0APueden%20ver%20nuestra%20p%C3%A1gina%20aqu%C3%AD%3A%0Ahttps%3A%2F%2Fnexo-local-studio-public.vercel.app%0A%0ATenemos%20precios%20de%20lanzamiento%20desde%20%242%2C500%20MXN.%20Si%20les%20interesa%2C%20podemos%20enviarles%20una%20propuesta%20breve.%0A%0ASi%20prefieren%20no%20recibir%20m%C3%A1s%20mensajes%2C%20respondan%20%E2%80%9Cbaja%E2%80%9D.,528,788,url_valid,blocked_not_verified,,,,El registro público de OpenStreetMap no incluye sitio web oficial. Fuente: OpenStreetMap. Rating/reseñas no disponibles en esta fuente.
A,14,Centro Odontológico Medici,Dental,Colombia,Medellín,El Poblado/Provenza/Laureles/Envigado,573026397083,pending_manual_check,"Hola, buen día.

Somos Nexo Local Studio. Hacemos páginas web profesionales para negocios que quieren mostrar servicios, ubicación y contacto de forma clara desde el celular.

También podemos integrar un asistente con IA que responde preguntas frecuentes y guía al cliente hacia WhatsApp.

Pueden ver nuestra página aquí:
https://nexo-local-studio-public.vercel.app

Tenemos precios de lanzamiento desde $2,500 MXN. Si les interesa, podemos enviarles una propuesta breve.

Si prefieren no recibir más mensajes, respondan “baja”.",https://nexo-local-studio-public.vercel.app,https://wa.me/573026397083?text=Hola%2C%20buen%20d%C3%ADa.%0A%0ASomos%20Nexo%20Local%20Studio.%20Hacemos%20p%C3%A1ginas%20web%20profesionales%20para%20negocios%20que%20quieren%20mostrar%20servicios%2C%20ubicaci%C3%B3n%20y%20contacto%20de%20forma%20clara%20desde%20el%20celular.%0A%0ATambi%C3%A9n%20podemos%20integrar%20un%20asistente%20con%20IA%20que%20responde%20preguntas%20frecuentes%20y%20gu%C3%ADa%20al%20cliente%20hacia%20WhatsApp.%0A%0APueden%20ver%20nuestra%20p%C3%A1gina%20aqu%C3%AD%3A%0Ahttps%3A%2F%2Fnexo-local-studio-public.vercel.app%0A%0ATenemos%20precios%20de%20lanzamiento%20desde%20%242%2C500%20MXN.%20Si%20les%20interesa%2C%20podemos%20enviarles%20una%20propuesta%20breve.%0A%0ASi%20prefieren%20no%20recibir%20m%C3%A1s%20mensajes%2C%20respondan%20%E2%80%9Cbaja%E2%80%9D.,528,788,url_valid,blocked_not_verified,,,,El registro público de OpenStreetMap no incluye sitio web oficial. Fuente: OpenStreetMap. Rating/reseñas no disponibles en esta fuente.
B,11,Mondongo's,Restaurante boutique,Colombia,Medellín,El Poblado/Provenza/Laureles/Envigado,575743122345,pending_manual_check,"Hola, buen día.

Somos Nexo Local Studio. Hacemos páginas web profesionales para negocios que quieren mostrar servicios, ubicación y contacto de forma clara desde el celular.

También podemos integrar un asistente con IA que responde preguntas frecuentes y guía al cliente hacia WhatsApp.

Pueden ver nuestra página aquí:
https://nexo-local-studio-public.vercel.app

Tenemos precios de lanzamiento desde $2,500 MXN. Si les interesa, podemos enviarles una propuesta breve.

Si prefieren no recibir más mensajes, respondan “baja”.",https://nexo-local-studio-public.vercel.app,https://wa.me/575743122345?text=Hola%2C%20buen%20d%C3%ADa.%0A%0ASomos%20Nexo%20Local%20Studio.%20Hacemos%20p%C3%A1ginas%20web%20profesionales%20para%20negocios%20que%20quieren%20mostrar%20servicios%2C%20ubicaci%C3%B3n%20y%20contacto%20de%20forma%20clara%20desde%20el%20celular.%0A%0ATambi%C3%A9n%20podemos%20integrar%20un%20asistente%20con%20IA%20que%20responde%20preguntas%20frecuentes%20y%20gu%C3%ADa%20al%20cliente%20hacia%20WhatsApp.%0A%0APueden%20ver%20nuestra%20p%C3%A1gina%20aqu%C3%AD%3A%0Ahttps%3A%2F%2Fnexo-local-studio-public.vercel.app%0A%0ATenemos%20precios%20de%20lanzamiento%20desde%20%242%2C500%20MXN.%20Si%20les%20interesa%2C%20podemos%20enviarles%20una%20propuesta%20breve.%0A%0ASi%20prefieren%20no%20recibir%20m%C3%A1s%20mensajes%2C%20respondan%20%E2%80%9Cbaja%E2%80%9D.,528,788,url_valid,blocked_not_verified,,,,El registro público de OpenStreetMap no incluye sitio web oficial. Fuente: OpenStreetMap. Rating/reseñas no disponibles en esta fuente.
B,11,Pipe Sazón,Restaurante boutique,Colombia,Medellín,El Poblado/Provenza/Laureles/Envigado,576042529060,pending_manual_check,"Hola, buen día.

Somos Nexo Local Studio. Hacemos páginas web profesionales para negocios que quieren mostrar servicios, ubicación y contacto de forma clara desde el celular.

También podemos integrar un asistente con IA que responde preguntas frecuentes y guía al cliente hacia WhatsApp.

Pueden ver nuestra página aquí:
https://nexo-local-studio-public.vercel.app

Tenemos precios de lanzamiento desde $2,500 MXN. Si les interesa, podemos enviarles una propuesta breve.

Si prefieren no recibir más mensajes, respondan “baja”.",https://nexo-local-studio-public.vercel.app,https://wa.me/576042529060?text=Hola%2C%20buen%20d%C3%ADa.%0A%0ASomos%20Nexo%20Local%20Studio.%20Hacemos%20p%C3%A1ginas%20web%20profesionales%20para%20negocios%20que%20quieren%20mostrar%20servicios%2C%20ubicaci%C3%B3n%20y%20contacto%20de%20forma%20clara%20desde%20el%20celular.%0A%0ATambi%C3%A9n%20podemos%20integrar%20un%20asistente%20con%20IA%20que%20responde%20preguntas%20frecuentes%20y%20gu%C3%ADa%20al%20cliente%20hacia%20WhatsApp.%0A%0APueden%20ver%20nuestra%20p%C3%A1gina%20aqu%C3%AD%3A%0Ahttps%3A%2F%2Fnexo-local-studio-public.vercel.app%0A%0ATenemos%20precios%20de%20lanzamiento%20desde%20%242%2C500%20MXN.%20Si%20les%20interesa%2C%20podemos%20enviarles%20una%20propuesta%20breve.%0A%0ASi%20prefieren%20no%20recibir%20m%C3%A1s%20mensajes%2C%20respondan%20%E2%80%9Cbaja%E2%80%9D.,528,788,url_valid,blocked_not_verified,,,,El registro público de OpenStreetMap no incluye sitio web oficial. Fuente: OpenStreetMap. Rating/reseñas no disponibles en esta fuente.
B,10,Cubanitos Sadwich´s,Restaurante boutique,Colombia,Medellín,El Poblado/Provenza/Laureles/Envigado,575742535852,pending_manual_check,"Hola, buen día.

Somos Nexo Local Studio. Hacemos páginas web profesionales para negocios que quieren mostrar servicios, ubicación y contacto de forma clara desde el celular.

También podemos integrar un asistente con IA que responde preguntas frecuentes y guía al cliente hacia WhatsApp.

Pueden ver nuestra página aquí:
https://nexo-local-studio-public.vercel.app

Tenemos precios de lanzamiento desde $2,500 MXN. Si les interesa, podemos enviarles una propuesta breve.

Si prefieren no recibir más mensajes, respondan “baja”.",https://nexo-local-studio-public.vercel.app,https://wa.me/575742535852?text=Hola%2C%20buen%20d%C3%ADa.%0A%0ASomos%20Nexo%20Local%20Studio.%20Hacemos%20p%C3%A1ginas%20web%20profesionales%20para%20negocios%20que%20quieren%20mostrar%20servicios%2C%20ubicaci%C3%B3n%20y%20contacto%20de%20forma%20clara%20desde%20el%20celular.%0A%0ATambi%C3%A9n%20podemos%20integrar%20un%20asistente%20con%20IA%20que%20responde%20preguntas%20frecuentes%20y%20gu%C3%ADa%20al%20cliente%20hacia%20WhatsApp.%0A%0APueden%20ver%20nuestra%20p%C3%A1gina%20aqu%C3%AD%3A%0Ahttps%3A%2F%2Fnexo-local-studio-public.vercel.app%0A%0ATenemos%20precios%20de%20lanzamiento%20desde%20%242%2C500%20MXN.%20Si%20les%20interesa%2C%20podemos%20enviarles%20una%20propuesta%20breve.%0A%0ASi%20prefieren%20no%20recibir%20m%C3%A1s%20mensajes%2C%20respondan%20%E2%80%9Cbaja%E2%80%9D.,528,788,url_valid,blocked_not_verified,,,,"El enlace público del registro apunta a red social/perfil, no a sitio web propio. Fuente: OpenStreetMap. Rating/reseñas no disponibles en esta fuente."
B,11,Bigote's,Restaurante boutique,Colombia,Medellín,El Poblado/Provenza/Laureles/Envigado,575742301916,pending_manual_check,"Hola, buen día.

Somos Nexo Local Studio. Hacemos páginas web profesionales para negocios que quieren mostrar servicios, ubicación y contacto de forma clara desde el celular.

También podemos integrar un asistente con IA que responde preguntas frecuentes y guía al cliente hacia WhatsApp.

Pueden ver nuestra página aquí:
https://nexo-local-studio-public.vercel.app

Tenemos precios de lanzamiento desde $2,500 MXN. Si les interesa, podemos enviarles una propuesta breve.

Si prefieren no recibir más mensajes, respondan “baja”.",https://nexo-local-studio-public.vercel.app,https://wa.me/575742301916?text=Hola%2C%20buen%20d%C3%ADa.%0A%0ASomos%20Nexo%20Local%20Studio.%20Hacemos%20p%C3%A1ginas%20web%20profesionales%20para%20negocios%20que%20quieren%20mostrar%20servicios%2C%20ubicaci%C3%B3n%20y%20contacto%20de%20forma%20clara%20desde%20el%20celular.%0A%0ATambi%C3%A9n%20podemos%20integrar%20un%20asistente%20con%20IA%20que%20responde%20preguntas%20frecuentes%20y%20gu%C3%ADa%20al%20cliente%20hacia%20WhatsApp.%0A%0APueden%20ver%20nuestra%20p%C3%A1gina%20aqu%C3%AD%3A%0Ahttps%3A%2F%2Fnexo-local-studio-public.vercel.app%0A%0ATenemos%20precios%20de%20lanzamiento%20desde%20%242%2C500%20MXN.%20Si%20les%20interesa%2C%20podemos%20enviarles%20una%20propuesta%20breve.%0A%0ASi%20prefieren%20no%20recibir%20m%C3%A1s%20mensajes%2C%20respondan%20%E2%80%9Cbaja%E2%80%9D.,528,788,url_valid,blocked_not_verified,,,,El registro público de OpenStreetMap no incluye sitio web oficial. Fuente: OpenStreetMap. Rating/reseñas no disponibles en esta fuente.
B,11,BonCamarón,Restaurante boutique,Colombia,Medellín,El Poblado/Provenza/Laureles/Envigado,573005944617,pending_manual_check,"Hola, buen día.

Somos Nexo Local Studio. Hacemos páginas web profesionales para negocios que quieren mostrar servicios, ubicación y contacto de forma clara desde el celular.

También podemos integrar un asistente con IA que responde preguntas frecuentes y guía al cliente hacia WhatsApp.

Pueden ver nuestra página aquí:
https://nexo-local-studio-public.vercel.app

Tenemos precios de lanzamiento desde $2,500 MXN. Si les interesa, podemos enviarles una propuesta breve.

Si prefieren no recibir más mensajes, respondan “baja”.",https://nexo-local-studio-public.vercel.app,https://wa.me/573005944617?text=Hola%2C%20buen%20d%C3%ADa.%0A%0ASomos%20Nexo%20Local%20Studio.%20Hacemos%20p%C3%A1ginas%20web%20profesionales%20para%20negocios%20que%20quieren%20mostrar%20servicios%2C%20ubicaci%C3%B3n%20y%20contacto%20de%20forma%20clara%20desde%20el%20celular.%0A%0ATambi%C3%A9n%20podemos%20integrar%20un%20asistente%20con%20IA%20que%20responde%20preguntas%20frecuentes%20y%20gu%C3%ADa%20al%20cliente%20hacia%20WhatsApp.%0A%0APueden%20ver%20nuestra%20p%C3%A1gina%20aqu%C3%AD%3A%0Ahttps%3A%2F%2Fnexo-local-studio-public.vercel.app%0A%0ATenemos%20precios%20de%20lanzamiento%20desde%20%242%2C500%20MXN.%20Si%20les%20interesa%2C%20podemos%20enviarles%20una%20propuesta%20breve.%0A%0ASi%20prefieren%20no%20recibir%20m%C3%A1s%20mensajes%2C%20respondan%20%E2%80%9Cbaja%E2%80%9D.,528,788,url_valid,blocked_not_verified,,,,El registro público de OpenStreetMap no incluye sitio web oficial. Fuente: OpenStreetMap. Rating/reseñas no disponibles en esta fuente.
B,11,Chicken Chops,Restaurante boutique,Colombia,Medellín,El Poblado/Provenza/Laureles/Envigado,576044442467,pending_manual_check,"Hola, buen día.

Somos Nexo Local Studio. Hacemos páginas web profesionales para negocios que quieren mostrar servicios, ubicación y contacto de forma clara desde el celular.

También podemos integrar un asistente con IA que responde preguntas frecuentes y guía al cliente hacia WhatsApp.

Pueden ver nuestra página aquí:
https://nexo-local-studio-public.vercel.app

Tenemos precios de lanzamiento desde $2,500 MXN. Si les interesa, podemos enviarles una propuesta breve.

Si prefieren no recibir más mensajes, respondan “baja”.",https://nexo-local-studio-public.vercel.app,https://wa.me/576044442467?text=Hola%2C%20buen%20d%C3%ADa.%0A%0ASomos%20Nexo%20Local%20Studio.%20Hacemos%20p%C3%A1ginas%20web%20profesionales%20para%20negocios%20que%20quieren%20mostrar%20servicios%2C%20ubicaci%C3%B3n%20y%20contacto%20de%20forma%20clara%20desde%20el%20celular.%0A%0ATambi%C3%A9n%20podemos%20integrar%20un%20asistente%20con%20IA%20que%20responde%20preguntas%20frecuentes%20y%20gu%C3%ADa%20al%20cliente%20hacia%20WhatsApp.%0A%0APueden%20ver%20nuestra%20p%C3%A1gina%20aqu%C3%AD%3A%0Ahttps%3A%2F%2Fnexo-local-studio-public.vercel.app%0A%0ATenemos%20precios%20de%20lanzamiento%20desde%20%242%2C500%20MXN.%20Si%20les%20interesa%2C%20podemos%20enviarles%20una%20propuesta%20breve.%0A%0ASi%20prefieren%20no%20recibir%20m%C3%A1s%20mensajes%2C%20respondan%20%E2%80%9Cbaja%E2%80%9D.,528,788,url_valid,blocked_not_verified,,,,El registro público de OpenStreetMap no incluye sitio web oficial. Fuente: OpenStreetMap. Rating/reseñas no disponibles en esta fuente.
B,11,Perú Fuzion Parrilla Bar,Restaurante boutique,Colombia,Medellín,El Poblado/Provenza/Laureles/Envigado,575745832265,pending_manual_check,"Hola, buen día.

Somos Nexo Local Studio. Hacemos páginas web profesionales para negocios que quieren mostrar servicios, ubicación y contacto de forma clara desde el celular.

También podemos integrar un asistente con IA que responde preguntas frecuentes y guía al cliente hacia WhatsApp.

Pueden ver nuestra página aquí:
https://nexo-local-studio-public.vercel.app

Tenemos precios de lanzamiento desde $2,500 MXN. Si les interesa, podemos enviarles una propuesta breve.

Si prefieren no recibir más mensajes, respondan “baja”.",https://nexo-local-studio-public.vercel.app,https://wa.me/575745832265?text=Hola%2C%20buen%20d%C3%ADa.%0A%0ASomos%20Nexo%20Local%20Studio.%20Hacemos%20p%C3%A1ginas%20web%20profesionales%20para%20negocios%20que%20quieren%20mostrar%20servicios%2C%20ubicaci%C3%B3n%20y%20contacto%20de%20forma%20clara%20desde%20el%20celular.%0A%0ATambi%C3%A9n%20podemos%20integrar%20un%20asistente%20con%20IA%20que%20responde%20preguntas%20frecuentes%20y%20gu%C3%ADa%20al%20cliente%20hacia%20WhatsApp.%0A%0APueden%20ver%20nuestra%20p%C3%A1gina%20aqu%C3%AD%3A%0Ahttps%3A%2F%2Fnexo-local-studio-public.vercel.app%0A%0ATenemos%20precios%20de%20lanzamiento%20desde%20%242%2C500%20MXN.%20Si%20les%20interesa%2C%20podemos%20enviarles%20una%20propuesta%20breve.%0A%0ASi%20prefieren%20no%20recibir%20m%C3%A1s%20mensajes%2C%20respondan%20%E2%80%9Cbaja%E2%80%9D.,528,788,url_valid,blocked_not_verified,,,,El registro público de OpenStreetMap no incluye sitio web oficial. Fuente: OpenStreetMap. Rating/reseñas no disponibles en esta fuente.
B,11,Restaurante country club,Restaurante boutique,Colombia,Medellín,El Poblado/Provenza/Laureles/Envigado,575743197300,pending_manual_check,"Hola, buen día.

Somos Nexo Local Studio. Hacemos páginas web profesionales para negocios que quieren mostrar servicios, ubicación y contacto de forma clara desde el celular.

También podemos integrar un asistente con IA que responde preguntas frecuentes y guía al cliente hacia WhatsApp.

Pueden ver nuestra página aquí:
https://nexo-local-studio-public.vercel.app

Tenemos precios de lanzamiento desde $2,500 MXN. Si les interesa, podemos enviarles una propuesta breve.

Si prefieren no recibir más mensajes, respondan “baja”.",https://nexo-local-studio-public.vercel.app,https://wa.me/575743197300?text=Hola%2C%20buen%20d%C3%ADa.%0A%0ASomos%20Nexo%20Local%20Studio.%20Hacemos%20p%C3%A1ginas%20web%20profesionales%20para%20negocios%20que%20quieren%20mostrar%20servicios%2C%20ubicaci%C3%B3n%20y%20contacto%20de%20forma%20clara%20desde%20el%20celular.%0A%0ATambi%C3%A9n%20podemos%20integrar%20un%20asistente%20con%20IA%20que%20responde%20preguntas%20frecuentes%20y%20gu%C3%ADa%20al%20cliente%20hacia%20WhatsApp.%0A%0APueden%20ver%20nuestra%20p%C3%A1gina%20aqu%C3%AD%3A%0Ahttps%3A%2F%2Fnexo-local-studio-public.vercel.app%0A%0ATenemos%20precios%20de%20lanzamiento%20desde%20%242%2C500%20MXN.%20Si%20les%20interesa%2C%20podemos%20enviarles%20una%20propuesta%20breve.%0A%0ASi%20prefieren%20no%20recibir%20m%C3%A1s%20mensajes%2C%20respondan%20%E2%80%9Cbaja%E2%80%9D.,528,788,url_valid,blocked_not_verified,,,,El registro público de OpenStreetMap no incluye sitio web oficial. Fuente: OpenStreetMap. Rating/reseñas no disponibles en esta fuente.
B,11,MATI,Restaurante boutique,Colombia,Medellín,El Poblado/Provenza/Laureles/Envigado,575743520683,pending_manual_check,"Hola, buen día.

Somos Nexo Local Studio. Hacemos páginas web profesionales para negocios que quieren mostrar servicios, ubicación y contacto de forma clara desde el celular.

También podemos integrar un asistente con IA que responde preguntas frecuentes y guía al cliente hacia WhatsApp.

Pueden ver nuestra página aquí:
https://nexo-local-studio-public.vercel.app

Tenemos precios de lanzamiento desde $2,500 MXN. Si les interesa, podemos enviarles una propuesta breve.

Si prefieren no recibir más mensajes, respondan “baja”.",https://nexo-local-studio-public.vercel.app,https://wa.me/575743520683?text=Hola%2C%20buen%20d%C3%ADa.%0A%0ASomos%20Nexo%20Local%20Studio.%20Hacemos%20p%C3%A1ginas%20web%20profesionales%20para%20negocios%20que%20quieren%20mostrar%20servicios%2C%20ubicaci%C3%B3n%20y%20contacto%20de%20forma%20clara%20desde%20el%20celular.%0A%0ATambi%C3%A9n%20podemos%20integrar%20un%20asistente%20con%20IA%20que%20responde%20preguntas%20frecuentes%20y%20gu%C3%ADa%20al%20cliente%20hacia%20WhatsApp.%0A%0APueden%20ver%20nuestra%20p%C3%A1gina%20aqu%C3%AD%3A%0Ahttps%3A%2F%2Fnexo-local-studio-public.vercel.app%0A%0ATenemos%20precios%20de%20lanzamiento%20desde%20%242%2C500%20MXN.%20Si%20les%20interesa%2C%20podemos%20enviarles%20una%20propuesta%20breve.%0A%0ASi%20prefieren%20no%20recibir%20m%C3%A1s%20mensajes%2C%20respondan%20%E2%80%9Cbaja%E2%80%9D.,528,788,url_valid,blocked_not_verified,,,,El registro público de OpenStreetMap no incluye sitio web oficial. Fuente: OpenStreetMap. Rating/reseñas no disponibles en esta fuente.
B,11,Centeno Vegetariano Restaurante,Restaurante boutique,Colombia,Medellín,El Poblado/Provenza/Laureles/Envigado,573147172981,pending_manual_check,"Hola, buen día.

Somos Nexo Local Studio. Hacemos páginas web profesionales para negocios que quieren mostrar servicios, ubicación y contacto de forma clara desde el celular.

También podemos integrar un asistente con IA que responde preguntas frecuentes y guía al cliente hacia WhatsApp.

Pueden ver nuestra página aquí:
https://nexo-local-studio-public.vercel.app

Tenemos precios de lanzamiento desde $2,500 MXN. Si les interesa, podemos enviarles una propuesta breve.

Si prefieren no recibir más mensajes, respondan “baja”.",https://nexo-local-studio-public.vercel.app,https://wa.me/573147172981?text=Hola%2C%20buen%20d%C3%ADa.%0A%0ASomos%20Nexo%20Local%20Studio.%20Hacemos%20p%C3%A1ginas%20web%20profesionales%20para%20negocios%20que%20quieren%20mostrar%20servicios%2C%20ubicaci%C3%B3n%20y%20contacto%20de%20forma%20clara%20desde%20el%20celular.%0A%0ATambi%C3%A9n%20podemos%20integrar%20un%20asistente%20con%20IA%20que%20responde%20preguntas%20frecuentes%20y%20gu%C3%ADa%20al%20cliente%20hacia%20WhatsApp.%0A%0APueden%20ver%20nuestra%20p%C3%A1gina%20aqu%C3%AD%3A%0Ahttps%3A%2F%2Fnexo-local-studio-public.vercel.app%0A%0ATenemos%20precios%20de%20lanzamiento%20desde%20%242%2C500%20MXN.%20Si%20les%20interesa%2C%20podemos%20enviarles%20una%20propuesta%20breve.%0A%0ASi%20prefieren%20no%20recibir%20m%C3%A1s%20mensajes%2C%20respondan%20%E2%80%9Cbaja%E2%80%9D.,528,788,url_valid,blocked_not_verified,,,,El registro público de OpenStreetMap no incluye sitio web oficial. Fuente: OpenStreetMap. Rating/reseñas no disponibles en esta fuente.
B,13,AMA Veterinaria,Veterinaria,Colombia,Medellín,El Poblado/Provenza/Laureles/Envigado,575742117740,pending_manual_check,"Hola, buen día.

Somos Nexo Local Studio. Hacemos páginas web profesionales para negocios que quieren mostrar servicios, ubicación y contacto de forma clara desde el celular.

También podemos integrar un asistente con IA que responde preguntas frecuentes y guía al cliente hacia WhatsApp.

Pueden ver nuestra página aquí:
https://nexo-local-studio-public.vercel.app

Tenemos precios de lanzamiento desde $2,500 MXN. Si les interesa, podemos enviarles una propuesta breve.

Si prefieren no recibir más mensajes, respondan “baja”.",https://nexo-local-studio-public.vercel.app,https://wa.me/575742117740?text=Hola%2C%20buen%20d%C3%ADa.%0A%0ASomos%20Nexo%20Local%20Studio.%20Hacemos%20p%C3%A1ginas%20web%20profesionales%20para%20negocios%20que%20quieren%20mostrar%20servicios%2C%20ubicaci%C3%B3n%20y%20contacto%20de%20forma%20clara%20desde%20el%20celular.%0A%0ATambi%C3%A9n%20podemos%20integrar%20un%20asistente%20con%20IA%20que%20responde%20preguntas%20frecuentes%20y%20gu%C3%ADa%20al%20cliente%20hacia%20WhatsApp.%0A%0APueden%20ver%20nuestra%20p%C3%A1gina%20aqu%C3%AD%3A%0Ahttps%3A%2F%2Fnexo-local-studio-public.vercel.app%0A%0ATenemos%20precios%20de%20lanzamiento%20desde%20%242%2C500%20MXN.%20Si%20les%20interesa%2C%20podemos%20enviarles%20una%20propuesta%20breve.%0A%0ASi%20prefieren%20no%20recibir%20m%C3%A1s%20mensajes%2C%20respondan%20%E2%80%9Cbaja%E2%80%9D.,528,788,url_valid,blocked_not_verified,,,,El registro público de OpenStreetMap no incluye sitio web oficial. Fuente: OpenStreetMap. Rating/reseñas no disponibles en esta fuente.
B,11,Otro Cuento,Restaurante boutique,Colombia,Medellín,El Poblado/Provenza/Laureles/Envigado,573205727617,pending_manual_check,"Hola, buen día.

Somos Nexo Local Studio. Hacemos páginas web profesionales para negocios que quieren mostrar servicios, ubicación y contacto de forma clara desde el celular.

También podemos integrar un asistente con IA que responde preguntas frecuentes y guía al cliente hacia WhatsApp.

Pueden ver nuestra página aquí:
https://nexo-local-studio-public.vercel.app

Tenemos precios de lanzamiento desde $2,500 MXN. Si les interesa, podemos enviarles una propuesta breve.

Si prefieren no recibir más mensajes, respondan “baja”.",https://nexo-local-studio-public.vercel.app,https://wa.me/573205727617?text=Hola%2C%20buen%20d%C3%ADa.%0A%0ASomos%20Nexo%20Local%20Studio.%20Hacemos%20p%C3%A1ginas%20web%20profesionales%20para%20negocios%20que%20quieren%20mostrar%20servicios%2C%20ubicaci%C3%B3n%20y%20contacto%20de%20forma%20clara%20desde%20el%20celular.%0A%0ATambi%C3%A9n%20podemos%20integrar%20un%20asistente%20con%20IA%20que%20responde%20preguntas%20frecuentes%20y%20gu%C3%ADa%20al%20cliente%20hacia%20WhatsApp.%0A%0APueden%20ver%20nuestra%20p%C3%A1gina%20aqu%C3%AD%3A%0Ahttps%3A%2F%2Fnexo-local-studio-public.vercel.app%0A%0ATenemos%20precios%20de%20lanzamiento%20desde%20%242%2C500%20MXN.%20Si%20les%20interesa%2C%20podemos%20enviarles%20una%20propuesta%20breve.%0A%0ASi%20prefieren%20no%20recibir%20m%C3%A1s%20mensajes%2C%20respondan%20%E2%80%9Cbaja%E2%80%9D.,528,788,url_valid,blocked_not_verified,,,,El registro público de OpenStreetMap no incluye sitio web oficial. Fuente: OpenStreetMap. Rating/reseñas no disponibles en esta fuente.
B,11,Pikare Restaurant,Restaurante boutique,Colombia,Medellín,El Poblado/Provenza/Laureles/Envigado,573219865080,pending_manual_check,"Hola, buen día.

Somos Nexo Local Studio. Hacemos páginas web profesionales para negocios que quieren mostrar servicios, ubicación y contacto de forma clara desde el celular.

También podemos integrar un asistente con IA que responde preguntas frecuentes y guía al cliente hacia WhatsApp.

Pueden ver nuestra página aquí:
https://nexo-local-studio-public.vercel.app

Tenemos precios de lanzamiento desde $2,500 MXN. Si les interesa, podemos enviarles una propuesta breve.

Si prefieren no recibir más mensajes, respondan “baja”.",https://nexo-local-studio-public.vercel.app,https://wa.me/573219865080?text=Hola%2C%20buen%20d%C3%ADa.%0A%0ASomos%20Nexo%20Local%20Studio.%20Hacemos%20p%C3%A1ginas%20web%20profesionales%20para%20negocios%20que%20quieren%20mostrar%20servicios%2C%20ubicaci%C3%B3n%20y%20contacto%20de%20forma%20clara%20desde%20el%20celular.%0A%0ATambi%C3%A9n%20podemos%20integrar%20un%20asistente%20con%20IA%20que%20responde%20preguntas%20frecuentes%20y%20gu%C3%ADa%20al%20cliente%20hacia%20WhatsApp.%0A%0APueden%20ver%20nuestra%20p%C3%A1gina%20aqu%C3%AD%3A%0Ahttps%3A%2F%2Fnexo-local-studio-public.vercel.app%0A%0ATenemos%20precios%20de%20lanzamiento%20desde%20%242%2C500%20MXN.%20Si%20les%20interesa%2C%20podemos%20enviarles%20una%20propuesta%20breve.%0A%0ASi%20prefieren%20no%20recibir%20m%C3%A1s%20mensajes%2C%20respondan%20%E2%80%9Cbaja%E2%80%9D.,528,788,url_valid,blocked_not_verified,,,,El registro público de OpenStreetMap no incluye sitio web oficial. Fuente: OpenStreetMap. Rating/reseñas no disponibles en esta fuente.
B,11,Pollos Mario La América,Restaurante boutique,Colombia,Medellín,El Poblado/Provenza/Laureles/Envigado,576043228080,pending_manual_check,"Hola, buen día.

Somos Nexo Local Studio. Hacemos páginas web profesionales para negocios que quieren mostrar servicios, ubicación y contacto de forma clara desde el celular.

También podemos integrar un asistente con IA que responde preguntas frecuentes y guía al cliente hacia WhatsApp.

Pueden ver nuestra página aquí:
https://nexo-local-studio-public.vercel.app

Tenemos precios de lanzamiento desde $2,500 MXN. Si les interesa, podemos enviarles una propuesta breve.

Si prefieren no recibir más mensajes, respondan “baja”.",https://nexo-local-studio-public.vercel.app,https://wa.me/576043228080?text=Hola%2C%20buen%20d%C3%ADa.%0A%0ASomos%20Nexo%20Local%20Studio.%20Hacemos%20p%C3%A1ginas%20web%20profesionales%20para%20negocios%20que%20quieren%20mostrar%20servicios%2C%20ubicaci%C3%B3n%20y%20contacto%20de%20forma%20clara%20desde%20el%20celular.%0A%0ATambi%C3%A9n%20podemos%20integrar%20un%20asistente%20con%20IA%20que%20responde%20preguntas%20frecuentes%20y%20gu%C3%ADa%20al%20cliente%20hacia%20WhatsApp.%0A%0APueden%20ver%20nuestra%20p%C3%A1gina%20aqu%C3%AD%3A%0Ahttps%3A%2F%2Fnexo-local-studio-public.vercel.app%0A%0ATenemos%20precios%20de%20lanzamiento%20desde%20%242%2C500%20MXN.%20Si%20les%20interesa%2C%20podemos%20enviarles%20una%20propuesta%20breve.%0A%0ASi%20prefieren%20no%20recibir%20m%C3%A1s%20mensajes%2C%20respondan%20%E2%80%9Cbaja%E2%80%9D.,528,788,url_valid,blocked_not_verified,,,,El registro público de OpenStreetMap no incluye sitio web oficial. Fuente: OpenStreetMap. Rating/reseñas no disponibles en esta fuente.
B,11,asados el rincón llanero,Restaurante boutique,Colombia,Medellín,El Poblado/Provenza/Laureles/Envigado,575742129316,pending_manual_check,"Hola, buen día.

Somos Nexo Local Studio. Hacemos páginas web profesionales para negocios que quieren mostrar servicios, ubicación y contacto de forma clara desde el celular.

También podemos integrar un asistente con IA que responde preguntas frecuentes y guía al cliente hacia WhatsApp.

Pueden ver nuestra página aquí:
https://nexo-local-studio-public.vercel.app

Tenemos precios de lanzamiento desde $2,500 MXN. Si les interesa, podemos enviarles una propuesta breve.

Si prefieren no recibir más mensajes, respondan “baja”.",https://nexo-local-studio-public.vercel.app,https://wa.me/575742129316?text=Hola%2C%20buen%20d%C3%ADa.%0A%0ASomos%20Nexo%20Local%20Studio.%20Hacemos%20p%C3%A1ginas%20web%20profesionales%20para%20negocios%20que%20quieren%20mostrar%20servicios%2C%20ubicaci%C3%B3n%20y%20contacto%20de%20forma%20clara%20desde%20el%20celular.%0A%0ATambi%C3%A9n%20podemos%20integrar%20un%20asistente%20con%20IA%20que%20responde%20preguntas%20frecuentes%20y%20gu%C3%ADa%20al%20cliente%20hacia%20WhatsApp.%0A%0APueden%20ver%20nuestra%20p%C3%A1gina%20aqu%C3%AD%3A%0Ahttps%3A%2F%2Fnexo-local-studio-public.vercel.app%0A%0ATenemos%20precios%20de%20lanzamiento%20desde%20%242%2C500%20MXN.%20Si%20les%20interesa%2C%20podemos%20enviarles%20una%20propuesta%20breve.%0A%0ASi%20prefieren%20no%20recibir%20m%C3%A1s%20mensajes%2C%20respondan%20%E2%80%9Cbaja%E2%80%9D.,528,788,url_valid,blocked_not_verified,,,,El registro público de OpenStreetMap no incluye sitio web oficial. Fuente: OpenStreetMap. Rating/reseñas no disponibles en esta fuente.
B,11,Sushi Love,Restaurante boutique,Colombia,Medellín,El Poblado/Provenza/Laureles/Envigado,575745771130,pending_manual_check,"Hola, buen día.

Somos Nexo Local Studio. Hacemos páginas web profesionales para negocios que quieren mostrar servicios, ubicación y contacto de forma clara desde el celular.

También podemos integrar un asistente con IA que responde preguntas frecuentes y guía al cliente hacia WhatsApp.

Pueden ver nuestra página aquí:
https://nexo-local-studio-public.vercel.app

Tenemos precios de lanzamiento desde $2,500 MXN. Si les interesa, podemos enviarles una propuesta breve.

Si prefieren no recibir más mensajes, respondan “baja”.",https://nexo-local-studio-public.vercel.app,https://wa.me/575745771130?text=Hola%2C%20buen%20d%C3%ADa.%0A%0ASomos%20Nexo%20Local%20Studio.%20Hacemos%20p%C3%A1ginas%20web%20profesionales%20para%20negocios%20que%20quieren%20mostrar%20servicios%2C%20ubicaci%C3%B3n%20y%20contacto%20de%20forma%20clara%20desde%20el%20celular.%0A%0ATambi%C3%A9n%20podemos%20integrar%20un%20asistente%20con%20IA%20que%20responde%20preguntas%20frecuentes%20y%20gu%C3%ADa%20al%20cliente%20hacia%20WhatsApp.%0A%0APueden%20ver%20nuestra%20p%C3%A1gina%20aqu%C3%AD%3A%0Ahttps%3A%2F%2Fnexo-local-studio-public.vercel.app%0A%0ATenemos%20precios%20de%20lanzamiento%20desde%20%242%2C500%20MXN.%20Si%20les%20interesa%2C%20podemos%20enviarles%20una%20propuesta%20breve.%0A%0ASi%20prefieren%20no%20recibir%20m%C3%A1s%20mensajes%2C%20respondan%20%E2%80%9Cbaja%E2%80%9D.,528,788,url_valid,blocked_not_verified,,,,El registro público de OpenStreetMap no incluye sitio web oficial. Fuente: OpenStreetMap. Rating/reseñas no disponibles en esta fuente.
B,11,Melón & Pimentón,Restaurante boutique,Colombia,Medellín,El Poblado/Provenza/Laureles/Envigado,575743422501,pending_manual_check,"Hola, buen día.

Somos Nexo Local Studio. Hacemos páginas web profesionales para negocios que quieren mostrar servicios, ubicación y contacto de forma clara desde el celular.

También podemos integrar un asistente con IA que responde preguntas frecuentes y guía al cliente hacia WhatsApp.

Pueden ver nuestra página aquí:
https://nexo-local-studio-public.vercel.app

Tenemos precios de lanzamiento desde $2,500 MXN. Si les interesa, podemos enviarles una propuesta breve.

Si prefieren no recibir más mensajes, respondan “baja”.",https://nexo-local-studio-public.vercel.app,https://wa.me/575743422501?text=Hola%2C%20buen%20d%C3%ADa.%0A%0ASomos%20Nexo%20Local%20Studio.%20Hacemos%20p%C3%A1ginas%20web%20profesionales%20para%20negocios%20que%20quieren%20mostrar%20servicios%2C%20ubicaci%C3%B3n%20y%20contacto%20de%20forma%20clara%20desde%20el%20celular.%0A%0ATambi%C3%A9n%20podemos%20integrar%20un%20asistente%20con%20IA%20que%20responde%20preguntas%20frecuentes%20y%20gu%C3%ADa%20al%20cliente%20hacia%20WhatsApp.%0A%0APueden%20ver%20nuestra%20p%C3%A1gina%20aqu%C3%AD%3A%0Ahttps%3A%2F%2Fnexo-local-studio-public.vercel.app%0A%0ATenemos%20precios%20de%20lanzamiento%20desde%20%242%2C500%20MXN.%20Si%20les%20interesa%2C%20podemos%20enviarles%20una%20propuesta%20breve.%0A%0ASi%20prefieren%20no%20recibir%20m%C3%A1s%20mensajes%2C%20respondan%20%E2%80%9Cbaja%E2%80%9D.,528,788,url_valid,blocked_not_verified,,,,El registro público de OpenStreetMap no incluye sitio web oficial. Fuente: OpenStreetMap. Rating/reseñas no disponibles en esta fuente.
B,11,Kilele,Restaurante boutique,Colombia,Medellín,El Poblado/Provenza/Laureles/Envigado,573122385686,pending_manual_check,"Hola, buen día.

Somos Nexo Local Studio. Hacemos páginas web profesionales para negocios que quieren mostrar servicios, ubicación y contacto de forma clara desde el celular.

También podemos integrar un asistente con IA que responde preguntas frecuentes y guía al cliente hacia WhatsApp.

Pueden ver nuestra página aquí:
https://nexo-local-studio-public.vercel.app

Tenemos precios de lanzamiento desde $2,500 MXN. Si les interesa, podemos enviarles una propuesta breve.

Si prefieren no recibir más mensajes, respondan “baja”.",https://nexo-local-studio-public.vercel.app,https://wa.me/573122385686?text=Hola%2C%20buen%20d%C3%ADa.%0A%0ASomos%20Nexo%20Local%20Studio.%20Hacemos%20p%C3%A1ginas%20web%20profesionales%20para%20negocios%20que%20quieren%20mostrar%20servicios%2C%20ubicaci%C3%B3n%20y%20contacto%20de%20forma%20clara%20desde%20el%20celular.%0A%0ATambi%C3%A9n%20podemos%20integrar%20un%20asistente%20con%20IA%20que%20responde%20preguntas%20frecuentes%20y%20gu%C3%ADa%20al%20cliente%20hacia%20WhatsApp.%0A%0APueden%20ver%20nuestra%20p%C3%A1gina%20aqu%C3%AD%3A%0Ahttps%3A%2F%2Fnexo-local-studio-public.vercel.app%0A%0ATenemos%20precios%20de%20lanzamiento%20desde%20%242%2C500%20MXN.%20Si%20les%20interesa%2C%20podemos%20enviarles%20una%20propuesta%20breve.%0A%0ASi%20prefieren%20no%20recibir%20m%C3%A1s%20mensajes%2C%20respondan%20%E2%80%9Cbaja%E2%80%9D.,528,788,url_valid,blocked_not_verified,,,,El registro público de OpenStreetMap no incluye sitio web oficial. Fuente: OpenStreetMap. Rating/reseñas no disponibles en esta fuente.
B,11,El Café,Restaurante boutique,Colombia,Medellín,El Poblado/Provenza/Laureles/Envigado,575742305843,pending_manual_check,"Hola, buen día.

Somos Nexo Local Studio. Hacemos páginas web profesionales para negocios que quieren mostrar servicios, ubicación y contacto de forma clara desde el celular.

También podemos integrar un asistente con IA que responde preguntas frecuentes y guía al cliente hacia WhatsApp.

Pueden ver nuestra página aquí:
https://nexo-local-studio-public.vercel.app

Tenemos precios de lanzamiento desde $2,500 MXN. Si les interesa, podemos enviarles una propuesta breve.

Si prefieren no recibir más mensajes, respondan “baja”.",https://nexo-local-studio-public.vercel.app,https://wa.me/575742305843?text=Hola%2C%20buen%20d%C3%ADa.%0A%0ASomos%20Nexo%20Local%20Studio.%20Hacemos%20p%C3%A1ginas%20web%20profesionales%20para%20negocios%20que%20quieren%20mostrar%20servicios%2C%20ubicaci%C3%B3n%20y%20contacto%20de%20forma%20clara%20desde%20el%20celular.%0A%0ATambi%C3%A9n%20podemos%20integrar%20un%20asistente%20con%20IA%20que%20responde%20preguntas%20frecuentes%20y%20gu%C3%ADa%20al%20cliente%20hacia%20WhatsApp.%0A%0APueden%20ver%20nuestra%20p%C3%A1gina%20aqu%C3%AD%3A%0Ahttps%3A%2F%2Fnexo-local-studio-public.vercel.app%0A%0ATenemos%20precios%20de%20lanzamiento%20desde%20%242%2C500%20MXN.%20Si%20les%20interesa%2C%20podemos%20enviarles%20una%20propuesta%20breve.%0A%0ASi%20prefieren%20no%20recibir%20m%C3%A1s%20mensajes%2C%20respondan%20%E2%80%9Cbaja%E2%80%9D.,528,788,url_valid,blocked_not_verified,,,,El registro público de OpenStreetMap no incluye sitio web oficial. Fuente: OpenStreetMap. Rating/reseñas no disponibles en esta fuente.
B,11,Praná - Cocina Natural,Restaurante boutique,Colombia,Medellín,El Poblado/Provenza/Laureles/Envigado,575743312759,pending_manual_check,"Hola, buen día.

Somos Nexo Local Studio. Hacemos páginas web profesionales para negocios que quieren mostrar servicios, ubicación y contacto de forma clara desde el celular.

También podemos integrar un asistente con IA que responde preguntas frecuentes y guía al cliente hacia WhatsApp.

Pueden ver nuestra página aquí:
https://nexo-local-studio-public.vercel.app

Tenemos precios de lanzamiento desde $2,500 MXN. Si les interesa, podemos enviarles una propuesta breve.

Si prefieren no recibir más mensajes, respondan “baja”.",https://nexo-local-studio-public.vercel.app,https://wa.me/575743312759?text=Hola%2C%20buen%20d%C3%ADa.%0A%0ASomos%20Nexo%20Local%20Studio.%20Hacemos%20p%C3%A1ginas%20web%20profesionales%20para%20negocios%20que%20quieren%20mostrar%20servicios%2C%20ubicaci%C3%B3n%20y%20contacto%20de%20forma%20clara%20desde%20el%20celular.%0A%0ATambi%C3%A9n%20podemos%20integrar%20un%20asistente%20con%20IA%20que%20responde%20preguntas%20frecuentes%20y%20gu%C3%ADa%20al%20cliente%20hacia%20WhatsApp.%0A%0APueden%20ver%20nuestra%20p%C3%A1gina%20aqu%C3%AD%3A%0Ahttps%3A%2F%2Fnexo-local-studio-public.vercel.app%0A%0ATenemos%20precios%20de%20lanzamiento%20desde%20%242%2C500%20MXN.%20Si%20les%20interesa%2C%20podemos%20enviarles%20una%20propuesta%20breve.%0A%0ASi%20prefieren%20no%20recibir%20m%C3%A1s%20mensajes%2C%20respondan%20%E2%80%9Cbaja%E2%80%9D.,528,788,url_valid,blocked_not_verified,,,,El registro público de OpenStreetMap no incluye sitio web oficial. Fuente: OpenStreetMap. Rating/reseñas no disponibles en esta fuente.
A,14,Illumident,Dental,Colombia,Medellín,El Poblado/Provenza/Laureles/Envigado,573182900517,pending_manual_check,"Hola, buen día.

Somos Nexo Local Studio. Hacemos páginas web profesionales para negocios que quieren mostrar servicios, ubicación y contacto de forma clara desde el celular.

También podemos integrar un asistente con IA que responde preguntas frecuentes y guía al cliente hacia WhatsApp.

Pueden ver nuestra página aquí:
https://nexo-local-studio-public.vercel.app

Tenemos precios de lanzamiento desde $2,500 MXN. Si les interesa, podemos enviarles una propuesta breve.

Si prefieren no recibir más mensajes, respondan “baja”.",https://nexo-local-studio-public.vercel.app,https://wa.me/573182900517?text=Hola%2C%20buen%20d%C3%ADa.%0A%0ASomos%20Nexo%20Local%20Studio.%20Hacemos%20p%C3%A1ginas%20web%20profesionales%20para%20negocios%20que%20quieren%20mostrar%20servicios%2C%20ubicaci%C3%B3n%20y%20contacto%20de%20forma%20clara%20desde%20el%20celular.%0A%0ATambi%C3%A9n%20podemos%20integrar%20un%20asistente%20con%20IA%20que%20responde%20preguntas%20frecuentes%20y%20gu%C3%ADa%20al%20cliente%20hacia%20WhatsApp.%0A%0APueden%20ver%20nuestra%20p%C3%A1gina%20aqu%C3%AD%3A%0Ahttps%3A%2F%2Fnexo-local-studio-public.vercel.app%0A%0ATenemos%20precios%20de%20lanzamiento%20desde%20%242%2C500%20MXN.%20Si%20les%20interesa%2C%20podemos%20enviarles%20una%20propuesta%20breve.%0A%0ASi%20prefieren%20no%20recibir%20m%C3%A1s%20mensajes%2C%20respondan%20%E2%80%9Cbaja%E2%80%9D.,528,788,url_valid,blocked_not_verified,,,,El registro público de OpenStreetMap no incluye sitio web oficial. Fuente: OpenStreetMap. Rating/reseñas no disponibles en esta fuente.
B,11,Restaurant Bolivar,Restaurante boutique,Colombia,Medellín,El Poblado/Provenza/Laureles/Envigado,575745116819,pending_manual_check,"Hola, buen día.

Somos Nexo Local Studio. Hacemos páginas web profesionales para negocios que quieren mostrar servicios, ubicación y contacto de forma clara desde el celular.

También podemos integrar un asistente con IA que responde preguntas frecuentes y guía al cliente hacia WhatsApp.

Pueden ver nuestra página aquí:
https://nexo-local-studio-public.vercel.app

Tenemos precios de lanzamiento desde $2,500 MXN. Si les interesa, podemos enviarles una propuesta breve.

Si prefieren no recibir más mensajes, respondan “baja”.",https://nexo-local-studio-public.vercel.app,https://wa.me/575745116819?text=Hola%2C%20buen%20d%C3%ADa.%0A%0ASomos%20Nexo%20Local%20Studio.%20Hacemos%20p%C3%A1ginas%20web%20profesionales%20para%20negocios%20que%20quieren%20mostrar%20servicios%2C%20ubicaci%C3%B3n%20y%20contacto%20de%20forma%20clara%20desde%20el%20celular.%0A%0ATambi%C3%A9n%20podemos%20integrar%20un%20asistente%20con%20IA%20que%20responde%20preguntas%20frecuentes%20y%20gu%C3%ADa%20al%20cliente%20hacia%20WhatsApp.%0A%0APueden%20ver%20nuestra%20p%C3%A1gina%20aqu%C3%AD%3A%0Ahttps%3A%2F%2Fnexo-local-studio-public.vercel.app%0A%0ATenemos%20precios%20de%20lanzamiento%20desde%20%242%2C500%20MXN.%20Si%20les%20interesa%2C%20podemos%20enviarles%20una%20propuesta%20breve.%0A%0ASi%20prefieren%20no%20recibir%20m%C3%A1s%20mensajes%2C%20respondan%20%E2%80%9Cbaja%E2%80%9D.,528,788,url_valid,blocked_not_verified,,,,El registro público de OpenStreetMap no incluye sitio web oficial. Fuente: OpenStreetMap. Rating/reseñas no disponibles en esta fuente.
B,11,Peace and Food,Restaurante boutique,Colombia,Medellín,El Poblado/Provenza/Laureles/Envigado,573168374298,pending_manual_check,"Hola, buen día.

Somos Nexo Local Studio. Hacemos páginas web profesionales para negocios que quieren mostrar servicios, ubicación y contacto de forma clara desde el celular.

También podemos integrar un asistente con IA que responde preguntas frecuentes y guía al cliente hacia WhatsApp.

Pueden ver nuestra página aquí:
https://nexo-local-studio-public.vercel.app

Tenemos precios de lanzamiento desde $2,500 MXN. Si les interesa, podemos enviarles una propuesta breve.

Si prefieren no recibir más mensajes, respondan “baja”.",https://nexo-local-studio-public.vercel.app,https://wa.me/573168374298?text=Hola%2C%20buen%20d%C3%ADa.%0A%0ASomos%20Nexo%20Local%20Studio.%20Hacemos%20p%C3%A1ginas%20web%20profesionales%20para%20negocios%20que%20quieren%20mostrar%20servicios%2C%20ubicaci%C3%B3n%20y%20contacto%20de%20forma%20clara%20desde%20el%20celular.%0A%0ATambi%C3%A9n%20podemos%20integrar%20un%20asistente%20con%20IA%20que%20responde%20preguntas%20frecuentes%20y%20gu%C3%ADa%20al%20cliente%20hacia%20WhatsApp.%0A%0APueden%20ver%20nuestra%20p%C3%A1gina%20aqu%C3%AD%3A%0Ahttps%3A%2F%2Fnexo-local-studio-public.vercel.app%0A%0ATenemos%20precios%20de%20lanzamiento%20desde%20%242%2C500%20MXN.%20Si%20les%20interesa%2C%20podemos%20enviarles%20una%20propuesta%20breve.%0A%0ASi%20prefieren%20no%20recibir%20m%C3%A1s%20mensajes%2C%20respondan%20%E2%80%9Cbaja%E2%80%9D.,528,788,url_valid,blocked_not_verified,,,,El registro público de OpenStreetMap no incluye sitio web oficial. Fuente: OpenStreetMap. Rating/reseñas no disponibles en esta fuente.
B,11,Toreto'ss Burger,Restaurante boutique,Colombia,Medellín,El Poblado/Provenza/Laureles/Envigado,575744968280,pending_manual_check,"Hola, buen día.

Somos Nexo Local Studio. Hacemos páginas web profesionales para negocios que quieren mostrar servicios, ubicación y contacto de forma clara desde el celular.

También podemos integrar un asistente con IA que responde preguntas frecuentes y guía al cliente hacia WhatsApp.

Pueden ver nuestra página aquí:
https://nexo-local-studio-public.vercel.app

Tenemos precios de lanzamiento desde $2,500 MXN. Si les interesa, podemos enviarles una propuesta breve.

Si prefieren no recibir más mensajes, respondan “baja”.",https://nexo-local-studio-public.vercel.app,https://wa.me/575744968280?text=Hola%2C%20buen%20d%C3%ADa.%0A%0ASomos%20Nexo%20Local%20Studio.%20Hacemos%20p%C3%A1ginas%20web%20profesionales%20para%20negocios%20que%20quieren%20mostrar%20servicios%2C%20ubicaci%C3%B3n%20y%20contacto%20de%20forma%20clara%20desde%20el%20celular.%0A%0ATambi%C3%A9n%20podemos%20integrar%20un%20asistente%20con%20IA%20que%20responde%20preguntas%20frecuentes%20y%20gu%C3%ADa%20al%20cliente%20hacia%20WhatsApp.%0A%0APueden%20ver%20nuestra%20p%C3%A1gina%20aqu%C3%AD%3A%0Ahttps%3A%2F%2Fnexo-local-studio-public.vercel.app%0A%0ATenemos%20precios%20de%20lanzamiento%20desde%20%242%2C500%20MXN.%20Si%20les%20interesa%2C%20podemos%20enviarles%20una%20propuesta%20breve.%0A%0ASi%20prefieren%20no%20recibir%20m%C3%A1s%20mensajes%2C%20respondan%20%E2%80%9Cbaja%E2%80%9D.,528,788,url_valid,blocked_not_verified,,,,El registro público de OpenStreetMap no incluye sitio web oficial. Fuente: OpenStreetMap. Rating/reseñas no disponibles en esta fuente.
B,11,Don Carlos Restaurant,Restaurante boutique,Colombia,Medellín,El Poblado/Provenza/Laureles/Envigado,573052559965,pending_manual_check,"Hola, buen día.

Somos Nexo Local Studio. Hacemos páginas web profesionales para negocios que quieren mostrar servicios, ubicación y contacto de forma clara desde el celular.

También podemos integrar un asistente con IA que responde preguntas frecuentes y guía al cliente hacia WhatsApp.

Pueden ver nuestra página aquí:
https://nexo-local-studio-public.vercel.app

Tenemos precios de lanzamiento desde $2,500 MXN. Si les interesa, podemos enviarles una propuesta breve.

Si prefieren no recibir más mensajes, respondan “baja”.",https://nexo-local-studio-public.vercel.app,https://wa.me/573052559965?text=Hola%2C%20buen%20d%C3%ADa.%0A%0ASomos%20Nexo%20Local%20Studio.%20Hacemos%20p%C3%A1ginas%20web%20profesionales%20para%20negocios%20que%20quieren%20mostrar%20servicios%2C%20ubicaci%C3%B3n%20y%20contacto%20de%20forma%20clara%20desde%20el%20celular.%0A%0ATambi%C3%A9n%20podemos%20integrar%20un%20asistente%20con%20IA%20que%20responde%20preguntas%20frecuentes%20y%20gu%C3%ADa%20al%20cliente%20hacia%20WhatsApp.%0A%0APueden%20ver%20nuestra%20p%C3%A1gina%20aqu%C3%AD%3A%0Ahttps%3A%2F%2Fnexo-local-studio-public.vercel.app%0A%0ATenemos%20precios%20de%20lanzamiento%20desde%20%242%2C500%20MXN.%20Si%20les%20interesa%2C%20podemos%20enviarles%20una%20propuesta%20breve.%0A%0ASi%20prefieren%20no%20recibir%20m%C3%A1s%20mensajes%2C%20respondan%20%E2%80%9Cbaja%E2%80%9D.,528,788,url_valid,blocked_not_verified,,,,El registro público de OpenStreetMap no incluye sitio web oficial. Fuente: OpenStreetMap. Rating/reseñas no disponibles en esta fuente.
B,11,Maru Rico!,Restaurante boutique,Colombia,Medellín,El Poblado/Provenza/Laureles/Envigado,575743545565,pending_manual_check,"Hola, buen día.

Somos Nexo Local Studio. Hacemos páginas web profesionales para negocios que quieren mostrar servicios, ubicación y contacto de forma clara desde el celular.

También podemos integrar un asistente con IA que responde preguntas frecuentes y guía al cliente hacia WhatsApp.

Pueden ver nuestra página aquí:
https://nexo-local-studio-public.vercel.app

Tenemos precios de lanzamiento desde $2,500 MXN. Si les interesa, podemos enviarles una propuesta breve.

Si prefieren no recibir más mensajes, respondan “baja”.",https://nexo-local-studio-public.vercel.app,https://wa.me/575743545565?text=Hola%2C%20buen%20d%C3%ADa.%0A%0ASomos%20Nexo%20Local%20Studio.%20Hacemos%20p%C3%A1ginas%20web%20profesionales%20para%20negocios%20que%20quieren%20mostrar%20servicios%2C%20ubicaci%C3%B3n%20y%20contacto%20de%20forma%20clara%20desde%20el%20celular.%0A%0ATambi%C3%A9n%20podemos%20integrar%20un%20asistente%20con%20IA%20que%20responde%20preguntas%20frecuentes%20y%20gu%C3%ADa%20al%20cliente%20hacia%20WhatsApp.%0A%0APueden%20ver%20nuestra%20p%C3%A1gina%20aqu%C3%AD%3A%0Ahttps%3A%2F%2Fnexo-local-studio-public.vercel.app%0A%0ATenemos%20precios%20de%20lanzamiento%20desde%20%242%2C500%20MXN.%20Si%20les%20interesa%2C%20podemos%20enviarles%20una%20propuesta%20breve.%0A%0ASi%20prefieren%20no%20recibir%20m%C3%A1s%20mensajes%2C%20respondan%20%E2%80%9Cbaja%E2%80%9D.,528,788,url_valid,blocked_not_verified,,,,El registro público de OpenStreetMap no incluye sitio web oficial. Fuente: OpenStreetMap. Rating/reseñas no disponibles en esta fuente.
B,11,Copoazú,Restaurante boutique,Colombia,Medellín,El Poblado/Provenza/Laureles/Envigado,573507549642,pending_manual_check,"Hola, buen día.

Somos Nexo Local Studio. Hacemos páginas web profesionales para negocios que quieren mostrar servicios, ubicación y contacto de forma clara desde el celular.

También podemos integrar un asistente con IA que responde preguntas frecuentes y guía al cliente hacia WhatsApp.

Pueden ver nuestra página aquí:
https://nexo-local-studio-public.vercel.app

Tenemos precios de lanzamiento desde $2,500 MXN. Si les interesa, podemos enviarles una propuesta breve.

Si prefieren no recibir más mensajes, respondan “baja”.",https://nexo-local-studio-public.vercel.app,https://wa.me/573507549642?text=Hola%2C%20buen%20d%C3%ADa.%0A%0ASomos%20Nexo%20Local%20Studio.%20Hacemos%20p%C3%A1ginas%20web%20profesionales%20para%20negocios%20que%20quieren%20mostrar%20servicios%2C%20ubicaci%C3%B3n%20y%20contacto%20de%20forma%20clara%20desde%20el%20celular.%0A%0ATambi%C3%A9n%20podemos%20integrar%20un%20asistente%20con%20IA%20que%20responde%20preguntas%20frecuentes%20y%20gu%C3%ADa%20al%20cliente%20hacia%20WhatsApp.%0A%0APueden%20ver%20nuestra%20p%C3%A1gina%20aqu%C3%AD%3A%0Ahttps%3A%2F%2Fnexo-local-studio-public.vercel.app%0A%0ATenemos%20precios%20de%20lanzamiento%20desde%20%242%2C500%20MXN.%20Si%20les%20interesa%2C%20podemos%20enviarles%20una%20propuesta%20breve.%0A%0ASi%20prefieren%20no%20recibir%20m%C3%A1s%20mensajes%2C%20respondan%20%E2%80%9Cbaja%E2%80%9D.,528,788,url_valid,blocked_not_verified,,,,El registro público de OpenStreetMap no incluye sitio web oficial. Fuente: OpenStreetMap. Rating/reseñas no disponibles en esta fuente.
B,11,Las Costillas De Pedro,Restaurante boutique,Colombia,Medellín,El Poblado/Provenza/Laureles/Envigado,575743115877,pending_manual_check,"Hola, buen día.

Somos Nexo Local Studio. Hacemos páginas web profesionales para negocios que quieren mostrar servicios, ubicación y contacto de forma clara desde el celular.

También podemos integrar un asistente con IA que responde preguntas frecuentes y guía al cliente hacia WhatsApp.

Pueden ver nuestra página aquí:
https://nexo-local-studio-public.vercel.app

Tenemos precios de lanzamiento desde $2,500 MXN. Si les interesa, podemos enviarles una propuesta breve.

Si prefieren no recibir más mensajes, respondan “baja”.",https://nexo-local-studio-public.vercel.app,https://wa.me/575743115877?text=Hola%2C%20buen%20d%C3%ADa.%0A%0ASomos%20Nexo%20Local%20Studio.%20Hacemos%20p%C3%A1ginas%20web%20profesionales%20para%20negocios%20que%20quieren%20mostrar%20servicios%2C%20ubicaci%C3%B3n%20y%20contacto%20de%20forma%20clara%20desde%20el%20celular.%0A%0ATambi%C3%A9n%20podemos%20integrar%20un%20asistente%20con%20IA%20que%20responde%20preguntas%20frecuentes%20y%20gu%C3%ADa%20al%20cliente%20hacia%20WhatsApp.%0A%0APueden%20ver%20nuestra%20p%C3%A1gina%20aqu%C3%AD%3A%0Ahttps%3A%2F%2Fnexo-local-studio-public.vercel.app%0A%0ATenemos%20precios%20de%20lanzamiento%20desde%20%242%2C500%20MXN.%20Si%20les%20interesa%2C%20podemos%20enviarles%20una%20propuesta%20breve.%0A%0ASi%20prefieren%20no%20recibir%20m%C3%A1s%20mensajes%2C%20respondan%20%E2%80%9Cbaja%E2%80%9D.,528,788,url_valid,blocked_not_verified,,,,El registro público de OpenStreetMap no incluye sitio web oficial. Fuente: OpenStreetMap. Rating/reseñas no disponibles en esta fuente.
B,11,Pizzería Gatti,Restaurante boutique,Colombia,Medellín,El Poblado/Provenza/Laureles/Envigado,575745813050,pending_manual_check,"Hola, buen día.

Somos Nexo Local Studio. Hacemos páginas web profesionales para negocios que quieren mostrar servicios, ubicación y contacto de forma clara desde el celular.

También podemos integrar un asistente con IA que responde preguntas frecuentes y guía al cliente hacia WhatsApp.

Pueden ver nuestra página aquí:
https://nexo-local-studio-public.vercel.app

Tenemos precios de lanzamiento desde $2,500 MXN. Si les interesa, podemos enviarles una propuesta breve.

Si prefieren no recibir más mensajes, respondan “baja”.",https://nexo-local-studio-public.vercel.app,https://wa.me/575745813050?text=Hola%2C%20buen%20d%C3%ADa.%0A%0ASomos%20Nexo%20Local%20Studio.%20Hacemos%20p%C3%A1ginas%20web%20profesionales%20para%20negocios%20que%20quieren%20mostrar%20servicios%2C%20ubicaci%C3%B3n%20y%20contacto%20de%20forma%20clara%20desde%20el%20celular.%0A%0ATambi%C3%A9n%20podemos%20integrar%20un%20asistente%20con%20IA%20que%20responde%20preguntas%20frecuentes%20y%20gu%C3%ADa%20al%20cliente%20hacia%20WhatsApp.%0A%0APueden%20ver%20nuestra%20p%C3%A1gina%20aqu%C3%AD%3A%0Ahttps%3A%2F%2Fnexo-local-studio-public.vercel.app%0A%0ATenemos%20precios%20de%20lanzamiento%20desde%20%242%2C500%20MXN.%20Si%20les%20interesa%2C%20podemos%20enviarles%20una%20propuesta%20breve.%0A%0ASi%20prefieren%20no%20recibir%20m%C3%A1s%20mensajes%2C%20respondan%20%E2%80%9Cbaja%E2%80%9D.,528,788,url_valid,blocked_not_verified,,,,El registro público de OpenStreetMap no incluye sitio web oficial. Fuente: OpenStreetMap. Rating/reseñas no disponibles en esta fuente.
B,11,Pizzería Antica,Restaurante boutique,Colombia,Medellín,El Poblado/Provenza/Laureles/Envigado,575742762671,pending_manual_check,"Hola, buen día.

Somos Nexo Local Studio. Hacemos páginas web profesionales para negocios que quieren mostrar servicios, ubicación y contacto de forma clara desde el celular.

También podemos integrar un asistente con IA que responde preguntas frecuentes y guía al cliente hacia WhatsApp.

Pueden ver nuestra página aquí:
https://nexo-local-studio-public.vercel.app

Tenemos precios de lanzamiento desde $2,500 MXN. Si les interesa, podemos enviarles una propuesta breve.

Si prefieren no recibir más mensajes, respondan “baja”.",https://nexo-local-studio-public.vercel.app,https://wa.me/575742762671?text=Hola%2C%20buen%20d%C3%ADa.%0A%0ASomos%20Nexo%20Local%20Studio.%20Hacemos%20p%C3%A1ginas%20web%20profesionales%20para%20negocios%20que%20quieren%20mostrar%20servicios%2C%20ubicaci%C3%B3n%20y%20contacto%20de%20forma%20clara%20desde%20el%20celular.%0A%0ATambi%C3%A9n%20podemos%20integrar%20un%20asistente%20con%20IA%20que%20responde%20preguntas%20frecuentes%20y%20gu%C3%ADa%20al%20cliente%20hacia%20WhatsApp.%0A%0APueden%20ver%20nuestra%20p%C3%A1gina%20aqu%C3%AD%3A%0Ahttps%3A%2F%2Fnexo-local-studio-public.vercel.app%0A%0ATenemos%20precios%20de%20lanzamiento%20desde%20%242%2C500%20MXN.%20Si%20les%20interesa%2C%20podemos%20enviarles%20una%20propuesta%20breve.%0A%0ASi%20prefieren%20no%20recibir%20m%C3%A1s%20mensajes%2C%20respondan%20%E2%80%9Cbaja%E2%80%9D.,528,788,url_valid,blocked_not_verified,,,,El registro público de OpenStreetMap no incluye sitio web oficial. Fuente: OpenStreetMap. Rating/reseñas no disponibles en esta fuente.
B,11,Restaurante Malevo,Restaurante boutique,Colombia,Medellín,El Poblado/Provenza/Laureles/Envigado,575745802150,pending_manual_check,"Hola, buen día.

Somos Nexo Local Studio. Hacemos páginas web profesionales para negocios que quieren mostrar servicios, ubicación y contacto de forma clara desde el celular.

También podemos integrar un asistente con IA que responde preguntas frecuentes y guía al cliente hacia WhatsApp.

Pueden ver nuestra página aquí:
https://nexo-local-studio-public.vercel.app

Tenemos precios de lanzamiento desde $2,500 MXN. Si les interesa, podemos enviarles una propuesta breve.

Si prefieren no recibir más mensajes, respondan “baja”.",https://nexo-local-studio-public.vercel.app,https://wa.me/575745802150?text=Hola%2C%20buen%20d%C3%ADa.%0A%0ASomos%20Nexo%20Local%20Studio.%20Hacemos%20p%C3%A1ginas%20web%20profesionales%20para%20negocios%20que%20quieren%20mostrar%20servicios%2C%20ubicaci%C3%B3n%20y%20contacto%20de%20forma%20clara%20desde%20el%20celular.%0A%0ATambi%C3%A9n%20podemos%20integrar%20un%20asistente%20con%20IA%20que%20responde%20preguntas%20frecuentes%20y%20gu%C3%ADa%20al%20cliente%20hacia%20WhatsApp.%0A%0APueden%20ver%20nuestra%20p%C3%A1gina%20aqu%C3%AD%3A%0Ahttps%3A%2F%2Fnexo-local-studio-public.vercel.app%0A%0ATenemos%20precios%20de%20lanzamiento%20desde%20%242%2C500%20MXN.%20Si%20les%20interesa%2C%20podemos%20enviarles%20una%20propuesta%20breve.%0A%0ASi%20prefieren%20no%20recibir%20m%C3%A1s%20mensajes%2C%20respondan%20%E2%80%9Cbaja%E2%80%9D.,528,788,url_valid,blocked_not_verified,,,,El registro público de OpenStreetMap no incluye sitio web oficial. Fuente: OpenStreetMap. Rating/reseñas no disponibles en esta fuente.
B,11,Carpión,Restaurante boutique,Colombia,Medellín,El Poblado/Provenza/Laureles/Envigado,573014303924,pending_manual_check,"Hola, buen día.

Somos Nexo Local Studio. Hacemos páginas web profesionales para negocios que quieren mostrar servicios, ubicación y contacto de forma clara desde el celular.

También podemos integrar un asistente con IA que responde preguntas frecuentes y guía al cliente hacia WhatsApp.

Pueden ver nuestra página aquí:
https://nexo-local-studio-public.vercel.app

Tenemos precios de lanzamiento desde $2,500 MXN. Si les interesa, podemos enviarles una propuesta breve.

Si prefieren no recibir más mensajes, respondan “baja”.",https://nexo-local-studio-public.vercel.app,https://wa.me/573014303924?text=Hola%2C%20buen%20d%C3%ADa.%0A%0ASomos%20Nexo%20Local%20Studio.%20Hacemos%20p%C3%A1ginas%20web%20profesionales%20para%20negocios%20que%20quieren%20mostrar%20servicios%2C%20ubicaci%C3%B3n%20y%20contacto%20de%20forma%20clara%20desde%20el%20celular.%0A%0ATambi%C3%A9n%20podemos%20integrar%20un%20asistente%20con%20IA%20que%20responde%20preguntas%20frecuentes%20y%20gu%C3%ADa%20al%20cliente%20hacia%20WhatsApp.%0A%0APueden%20ver%20nuestra%20p%C3%A1gina%20aqu%C3%AD%3A%0Ahttps%3A%2F%2Fnexo-local-studio-public.vercel.app%0A%0ATenemos%20precios%20de%20lanzamiento%20desde%20%242%2C500%20MXN.%20Si%20les%20interesa%2C%20podemos%20enviarles%20una%20propuesta%20breve.%0A%0ASi%20prefieren%20no%20recibir%20m%C3%A1s%20mensajes%2C%20respondan%20%E2%80%9Cbaja%E2%80%9D.,528,788,url_valid,blocked_not_verified,,,,El registro público de OpenStreetMap no incluye sitio web oficial. Fuente: OpenStreetMap. Rating/reseñas no disponibles en esta fuente.
B,11,Ladrillo y Verde,Restaurante boutique,Colombia,Medellín,El Poblado/Provenza/Laureles/Envigado,575745671723,pending_manual_check,"Hola, buen día.

Somos Nexo Local Studio. Hacemos páginas web profesionales para negocios que quieren mostrar servicios, ubicación y contacto de forma clara desde el celular.

También podemos integrar un asistente con IA que responde preguntas frecuentes y guía al cliente hacia WhatsApp.

Pueden ver nuestra página aquí:
https://nexo-local-studio-public.vercel.app

Tenemos precios de lanzamiento desde $2,500 MXN. Si les interesa, podemos enviarles una propuesta breve.

Si prefieren no recibir más mensajes, respondan “baja”.",https://nexo-local-studio-public.vercel.app,https://wa.me/575745671723?text=Hola%2C%20buen%20d%C3%ADa.%0A%0ASomos%20Nexo%20Local%20Studio.%20Hacemos%20p%C3%A1ginas%20web%20profesionales%20para%20negocios%20que%20quieren%20mostrar%20servicios%2C%20ubicaci%C3%B3n%20y%20contacto%20de%20forma%20clara%20desde%20el%20celular.%0A%0ATambi%C3%A9n%20podemos%20integrar%20un%20asistente%20con%20IA%20que%20responde%20preguntas%20frecuentes%20y%20gu%C3%ADa%20al%20cliente%20hacia%20WhatsApp.%0A%0APueden%20ver%20nuestra%20p%C3%A1gina%20aqu%C3%AD%3A%0Ahttps%3A%2F%2Fnexo-local-studio-public.vercel.app%0A%0ATenemos%20precios%20de%20lanzamiento%20desde%20%242%2C500%20MXN.%20Si%20les%20interesa%2C%20podemos%20enviarles%20una%20propuesta%20breve.%0A%0ASi%20prefieren%20no%20recibir%20m%C3%A1s%20mensajes%2C%20respondan%20%E2%80%9Cbaja%E2%80%9D.,528,788,url_valid,blocked_not_verified,,,,El registro público de OpenStreetMap no incluye sitio web oficial. Fuente: OpenStreetMap. Rating/reseñas no disponibles en esta fuente.
B,11,Pollos Mario,Restaurante boutique,Colombia,Medellín,El Poblado/Provenza/Laureles/Envigado,575744444404,pending_manual_check,"Hola, buen día.

Somos Nexo Local Studio. Hacemos páginas web profesionales para negocios que quieren mostrar servicios, ubicación y contacto de forma clara desde el celular.

También podemos integrar un asistente con IA que responde preguntas frecuentes y guía al cliente hacia WhatsApp.

Pueden ver nuestra página aquí:
https://nexo-local-studio-public.vercel.app

Tenemos precios de lanzamiento desde $2,500 MXN. Si les interesa, podemos enviarles una propuesta breve.

Si prefieren no recibir más mensajes, respondan “baja”.",https://nexo-local-studio-public.vercel.app,https://wa.me/575744444404?text=Hola%2C%20buen%20d%C3%ADa.%0A%0ASomos%20Nexo%20Local%20Studio.%20Hacemos%20p%C3%A1ginas%20web%20profesionales%20para%20negocios%20que%20quieren%20mostrar%20servicios%2C%20ubicaci%C3%B3n%20y%20contacto%20de%20forma%20clara%20desde%20el%20celular.%0A%0ATambi%C3%A9n%20podemos%20integrar%20un%20asistente%20con%20IA%20que%20responde%20preguntas%20frecuentes%20y%20gu%C3%ADa%20al%20cliente%20hacia%20WhatsApp.%0A%0APueden%20ver%20nuestra%20p%C3%A1gina%20aqu%C3%AD%3A%0Ahttps%3A%2F%2Fnexo-local-studio-public.vercel.app%0A%0ATenemos%20precios%20de%20lanzamiento%20desde%20%242%2C500%20MXN.%20Si%20les%20interesa%2C%20podemos%20enviarles%20una%20propuesta%20breve.%0A%0ASi%20prefieren%20no%20recibir%20m%C3%A1s%20mensajes%2C%20respondan%20%E2%80%9Cbaja%E2%80%9D.,528,788,url_valid,blocked_not_verified,,,,El registro público de OpenStreetMap no incluye sitio web oficial. Fuente: OpenStreetMap. Rating/reseñas no disponibles en esta fuente.
B,11,Dagram Restaurante,Restaurante boutique,Colombia,Medellín,El Poblado/Provenza/Laureles/Envigado,575742889294,pending_manual_check,"Hola, buen día.

Somos Nexo Local Studio. Hacemos páginas web profesionales para negocios que quieren mostrar servicios, ubicación y contacto de forma clara desde el celular.

También podemos integrar un asistente con IA que responde preguntas frecuentes y guía al cliente hacia WhatsApp.

Pueden ver nuestra página aquí:
https://nexo-local-studio-public.vercel.app

Tenemos precios de lanzamiento desde $2,500 MXN. Si les interesa, podemos enviarles una propuesta breve.

Si prefieren no recibir más mensajes, respondan “baja”.",https://nexo-local-studio-public.vercel.app,https://wa.me/575742889294?text=Hola%2C%20buen%20d%C3%ADa.%0A%0ASomos%20Nexo%20Local%20Studio.%20Hacemos%20p%C3%A1ginas%20web%20profesionales%20para%20negocios%20que%20quieren%20mostrar%20servicios%2C%20ubicaci%C3%B3n%20y%20contacto%20de%20forma%20clara%20desde%20el%20celular.%0A%0ATambi%C3%A9n%20podemos%20integrar%20un%20asistente%20con%20IA%20que%20responde%20preguntas%20frecuentes%20y%20gu%C3%ADa%20al%20cliente%20hacia%20WhatsApp.%0A%0APueden%20ver%20nuestra%20p%C3%A1gina%20aqu%C3%AD%3A%0Ahttps%3A%2F%2Fnexo-local-studio-public.vercel.app%0A%0ATenemos%20precios%20de%20lanzamiento%20desde%20%242%2C500%20MXN.%20Si%20les%20interesa%2C%20podemos%20enviarles%20una%20propuesta%20breve.%0A%0ASi%20prefieren%20no%20recibir%20m%C3%A1s%20mensajes%2C%20respondan%20%E2%80%9Cbaja%E2%80%9D.,528,788,url_valid,blocked_not_verified,,,,El registro público de OpenStreetMap no incluye sitio web oficial. Fuente: OpenStreetMap. Rating/reseñas no disponibles en esta fuente.
A,14,U are Love,Clínica estética,Colombia,Medellín,El Poblado/Provenza/Laureles/Envigado,573022485767,pending_manual_check,"Hola, buen día.

Somos Nexo Local Studio. Hacemos páginas web profesionales para negocios que quieren mostrar servicios, ubicación y contacto de forma clara desde el celular.

También podemos integrar un asistente con IA que responde preguntas frecuentes y guía al cliente hacia WhatsApp.

Pueden ver nuestra página aquí:
https://nexo-local-studio-public.vercel.app

Tenemos precios de lanzamiento desde $2,500 MXN. Si les interesa, podemos enviarles una propuesta breve.

Si prefieren no recibir más mensajes, respondan “baja”.",https://nexo-local-studio-public.vercel.app,https://wa.me/573022485767?text=Hola%2C%20buen%20d%C3%ADa.%0A%0ASomos%20Nexo%20Local%20Studio.%20Hacemos%20p%C3%A1ginas%20web%20profesionales%20para%20negocios%20que%20quieren%20mostrar%20servicios%2C%20ubicaci%C3%B3n%20y%20contacto%20de%20forma%20clara%20desde%20el%20celular.%0A%0ATambi%C3%A9n%20podemos%20integrar%20un%20asistente%20con%20IA%20que%20responde%20preguntas%20frecuentes%20y%20gu%C3%ADa%20al%20cliente%20hacia%20WhatsApp.%0A%0APueden%20ver%20nuestra%20p%C3%A1gina%20aqu%C3%AD%3A%0Ahttps%3A%2F%2Fnexo-local-studio-public.vercel.app%0A%0ATenemos%20precios%20de%20lanzamiento%20desde%20%242%2C500%20MXN.%20Si%20les%20interesa%2C%20podemos%20enviarles%20una%20propuesta%20breve.%0A%0ASi%20prefieren%20no%20recibir%20m%C3%A1s%20mensajes%2C%20respondan%20%E2%80%9Cbaja%E2%80%9D.,528,788,url_valid,blocked_not_verified,,,,El registro público de OpenStreetMap no incluye sitio web oficial. Fuente: OpenStreetMap. Rating/reseñas no disponibles en esta fuente.
B,11,Piaceri,Restaurante boutique,Colombia,Medellín,El Poblado/Provenza/Laureles/Envigado,573014988520,pending_manual_check,"Hola, buen día.

Somos Nexo Local Studio. Hacemos páginas web profesionales para negocios que quieren mostrar servicios, ubicación y contacto de forma clara desde el celular.

También podemos integrar un asistente con IA que responde preguntas frecuentes y guía al cliente hacia WhatsApp.

Pueden ver nuestra página aquí:
https://nexo-local-studio-public.vercel.app

Tenemos precios de lanzamiento desde $2,500 MXN. Si les interesa, podemos enviarles una propuesta breve.

Si prefieren no recibir más mensajes, respondan “baja”.",https://nexo-local-studio-public.vercel.app,https://wa.me/573014988520?text=Hola%2C%20buen%20d%C3%ADa.%0A%0ASomos%20Nexo%20Local%20Studio.%20Hacemos%20p%C3%A1ginas%20web%20profesionales%20para%20negocios%20que%20quieren%20mostrar%20servicios%2C%20ubicaci%C3%B3n%20y%20contacto%20de%20forma%20clara%20desde%20el%20celular.%0A%0ATambi%C3%A9n%20podemos%20integrar%20un%20asistente%20con%20IA%20que%20responde%20preguntas%20frecuentes%20y%20gu%C3%ADa%20al%20cliente%20hacia%20WhatsApp.%0A%0APueden%20ver%20nuestra%20p%C3%A1gina%20aqu%C3%AD%3A%0Ahttps%3A%2F%2Fnexo-local-studio-public.vercel.app%0A%0ATenemos%20precios%20de%20lanzamiento%20desde%20%242%2C500%20MXN.%20Si%20les%20interesa%2C%20podemos%20enviarles%20una%20propuesta%20breve.%0A%0ASi%20prefieren%20no%20recibir%20m%C3%A1s%20mensajes%2C%20respondan%20%E2%80%9Cbaja%E2%80%9D.,528,788,url_valid,blocked_not_verified,,,,El registro público de OpenStreetMap no incluye sitio web oficial. Fuente: OpenStreetMap. Rating/reseñas no disponibles en esta fuente.
B,11,Brosty,Restaurante boutique,Colombia,Medellín,El Poblado/Provenza/Laureles/Envigado,575743065053,pending_manual_check,"Hola, buen día.

Somos Nexo Local Studio. Hacemos páginas web profesionales para negocios que quieren mostrar servicios, ubicación y contacto de forma clara desde el celular.

También podemos integrar un asistente con IA que responde preguntas frecuentes y guía al cliente hacia WhatsApp.

Pueden ver nuestra página aquí:
https://nexo-local-studio-public.vercel.app

Tenemos precios de lanzamiento desde $2,500 MXN. Si les interesa, podemos enviarles una propuesta breve.

Si prefieren no recibir más mensajes, respondan “baja”.",https://nexo-local-studio-public.vercel.app,https://wa.me/575743065053?text=Hola%2C%20buen%20d%C3%ADa.%0A%0ASomos%20Nexo%20Local%20Studio.%20Hacemos%20p%C3%A1ginas%20web%20profesionales%20para%20negocios%20que%20quieren%20mostrar%20servicios%2C%20ubicaci%C3%B3n%20y%20contacto%20de%20forma%20clara%20desde%20el%20celular.%0A%0ATambi%C3%A9n%20podemos%20integrar%20un%20asistente%20con%20IA%20que%20responde%20preguntas%20frecuentes%20y%20gu%C3%ADa%20al%20cliente%20hacia%20WhatsApp.%0A%0APueden%20ver%20nuestra%20p%C3%A1gina%20aqu%C3%AD%3A%0Ahttps%3A%2F%2Fnexo-local-studio-public.vercel.app%0A%0ATenemos%20precios%20de%20lanzamiento%20desde%20%242%2C500%20MXN.%20Si%20les%20interesa%2C%20podemos%20enviarles%20una%20propuesta%20breve.%0A%0ASi%20prefieren%20no%20recibir%20m%C3%A1s%20mensajes%2C%20respondan%20%E2%80%9Cbaja%E2%80%9D.,528,788,url_valid,blocked_not_verified,,,,El registro público de OpenStreetMap no incluye sitio web oficial. Fuente: OpenStreetMap. Rating/reseñas no disponibles en esta fuente.
B,11,Mawy Pollos,Restaurante boutique,Colombia,Medellín,El Poblado/Provenza/Laureles/Envigado,575742883725,pending_manual_check,"Hola, buen día.

Somos Nexo Local Studio. Hacemos páginas web profesionales para negocios que quieren mostrar servicios, ubicación y contacto de forma clara desde el celular.

También podemos integrar un asistente con IA que responde preguntas frecuentes y guía al cliente hacia WhatsApp.

Pueden ver nuestra página aquí:
https://nexo-local-studio-public.vercel.app

Tenemos precios de lanzamiento desde $2,500 MXN. Si les interesa, podemos enviarles una propuesta breve.

Si prefieren no recibir más mensajes, respondan “baja”.",https://nexo-local-studio-public.vercel.app,https://wa.me/575742883725?text=Hola%2C%20buen%20d%C3%ADa.%0A%0ASomos%20Nexo%20Local%20Studio.%20Hacemos%20p%C3%A1ginas%20web%20profesionales%20para%20negocios%20que%20quieren%20mostrar%20servicios%2C%20ubicaci%C3%B3n%20y%20contacto%20de%20forma%20clara%20desde%20el%20celular.%0A%0ATambi%C3%A9n%20podemos%20integrar%20un%20asistente%20con%20IA%20que%20responde%20preguntas%20frecuentes%20y%20gu%C3%ADa%20al%20cliente%20hacia%20WhatsApp.%0A%0APueden%20ver%20nuestra%20p%C3%A1gina%20aqu%C3%AD%3A%0Ahttps%3A%2F%2Fnexo-local-studio-public.vercel.app%0A%0ATenemos%20precios%20de%20lanzamiento%20desde%20%242%2C500%20MXN.%20Si%20les%20interesa%2C%20podemos%20enviarles%20una%20propuesta%20breve.%0A%0ASi%20prefieren%20no%20recibir%20m%C3%A1s%20mensajes%2C%20respondan%20%E2%80%9Cbaja%E2%80%9D.,528,788,url_valid,blocked_not_verified,,,,El registro público de OpenStreetMap no incluye sitio web oficial. Fuente: OpenStreetMap. Rating/reseñas no disponibles en esta fuente.
A,14,Aluna Centro de Belleza,Clínica estética,Colombia,Medellín,El Poblado/Provenza/Laureles/Envigado,575745968437,pending_manual_check,"Hola, buen día.

Somos Nexo Local Studio. Hacemos páginas web profesionales para negocios que quieren mostrar servicios, ubicación y contacto de forma clara desde el celular.

También podemos integrar un asistente con IA que responde preguntas frecuentes y guía al cliente hacia WhatsApp.

Pueden ver nuestra página aquí:
https://nexo-local-studio-public.vercel.app

Tenemos precios de lanzamiento desde $2,500 MXN. Si les interesa, podemos enviarles una propuesta breve.

Si prefieren no recibir más mensajes, respondan “baja”.",https://nexo-local-studio-public.vercel.app,https://wa.me/575745968437?text=Hola%2C%20buen%20d%C3%ADa.%0A%0ASomos%20Nexo%20Local%20Studio.%20Hacemos%20p%C3%A1ginas%20web%20profesionales%20para%20negocios%20que%20quieren%20mostrar%20servicios%2C%20ubicaci%C3%B3n%20y%20contacto%20de%20forma%20clara%20desde%20el%20celular.%0A%0ATambi%C3%A9n%20podemos%20integrar%20un%20asistente%20con%20IA%20que%20responde%20preguntas%20frecuentes%20y%20gu%C3%ADa%20al%20cliente%20hacia%20WhatsApp.%0A%0APueden%20ver%20nuestra%20p%C3%A1gina%20aqu%C3%AD%3A%0Ahttps%3A%2F%2Fnexo-local-studio-public.vercel.app%0A%0ATenemos%20precios%20de%20lanzamiento%20desde%20%242%2C500%20MXN.%20Si%20les%20interesa%2C%20podemos%20enviarles%20una%20propuesta%20breve.%0A%0ASi%20prefieren%20no%20recibir%20m%C3%A1s%20mensajes%2C%20respondan%20%E2%80%9Cbaja%E2%80%9D.,528,788,url_valid,blocked_not_verified,,,,El registro público de OpenStreetMap no incluye sitio web oficial. Fuente: OpenStreetMap. Rating/reseñas no disponibles en esta fuente.
B,11,PizzaExpress,Restaurante boutique,Colombia,Medellín,El Poblado/Provenza/Laureles/Envigado,575744488463,pending_manual_check,"Hola, buen día.

Somos Nexo Local Studio. Hacemos páginas web profesionales para negocios que quieren mostrar servicios, ubicación y contacto de forma clara desde el celular.

También podemos integrar un asistente con IA que responde preguntas frecuentes y guía al cliente hacia WhatsApp.

Pueden ver nuestra página aquí:
https://nexo-local-studio-public.vercel.app

Tenemos precios de lanzamiento desde $2,500 MXN. Si les interesa, podemos enviarles una propuesta breve.

Si prefieren no recibir más mensajes, respondan “baja”.",https://nexo-local-studio-public.vercel.app,https://wa.me/575744488463?text=Hola%2C%20buen%20d%C3%ADa.%0A%0ASomos%20Nexo%20Local%20Studio.%20Hacemos%20p%C3%A1ginas%20web%20profesionales%20para%20negocios%20que%20quieren%20mostrar%20servicios%2C%20ubicaci%C3%B3n%20y%20contacto%20de%20forma%20clara%20desde%20el%20celular.%0A%0ATambi%C3%A9n%20podemos%20integrar%20un%20asistente%20con%20IA%20que%20responde%20preguntas%20frecuentes%20y%20gu%C3%ADa%20al%20cliente%20hacia%20WhatsApp.%0A%0APueden%20ver%20nuestra%20p%C3%A1gina%20aqu%C3%AD%3A%0Ahttps%3A%2F%2Fnexo-local-studio-public.vercel.app%0A%0ATenemos%20precios%20de%20lanzamiento%20desde%20%242%2C500%20MXN.%20Si%20les%20interesa%2C%20podemos%20enviarles%20una%20propuesta%20breve.%0A%0ASi%20prefieren%20no%20recibir%20m%C3%A1s%20mensajes%2C%20respondan%20%E2%80%9Cbaja%E2%80%9D.,528,788,url_valid,blocked_not_verified,,,,El registro público de OpenStreetMap no incluye sitio web oficial. Fuente: OpenStreetMap. Rating/reseñas no disponibles en esta fuente.
A,14,Metrosalud Enciso,Clínica estética,Colombia,Medellín,El Poblado/Provenza/Laureles/Envigado,575742842434,pending_manual_check,"Hola, buen día.

Somos Nexo Local Studio. Hacemos páginas web profesionales para negocios que quieren mostrar servicios, ubicación y contacto de forma clara desde el celular.

También podemos integrar un asistente con IA que responde preguntas frecuentes y guía al cliente hacia WhatsApp.

Pueden ver nuestra página aquí:
https://nexo-local-studio-public.vercel.app

Tenemos precios de lanzamiento desde $2,500 MXN. Si les interesa, podemos enviarles una propuesta breve.

Si prefieren no recibir más mensajes, respondan “baja”.",https://nexo-local-studio-public.vercel.app,https://wa.me/575742842434?text=Hola%2C%20buen%20d%C3%ADa.%0A%0ASomos%20Nexo%20Local%20Studio.%20Hacemos%20p%C3%A1ginas%20web%20profesionales%20para%20negocios%20que%20quieren%20mostrar%20servicios%2C%20ubicaci%C3%B3n%20y%20contacto%20de%20forma%20clara%20desde%20el%20celular.%0A%0ATambi%C3%A9n%20podemos%20integrar%20un%20asistente%20con%20IA%20que%20responde%20preguntas%20frecuentes%20y%20gu%C3%ADa%20al%20cliente%20hacia%20WhatsApp.%0A%0APueden%20ver%20nuestra%20p%C3%A1gina%20aqu%C3%AD%3A%0Ahttps%3A%2F%2Fnexo-local-studio-public.vercel.app%0A%0ATenemos%20precios%20de%20lanzamiento%20desde%20%242%2C500%20MXN.%20Si%20les%20interesa%2C%20podemos%20enviarles%20una%20propuesta%20breve.%0A%0ASi%20prefieren%20no%20recibir%20m%C3%A1s%20mensajes%2C%20respondan%20%E2%80%9Cbaja%E2%80%9D.,528,788,url_valid,blocked_not_verified,,,,El registro público de OpenStreetMap no incluye sitio web oficial. Fuente: OpenStreetMap. Rating/reseñas no disponibles en esta fuente.
A,14,Centro de Salud Villatina,Clínica estética,Colombia,Medellín,El Poblado/Provenza/Laureles/Envigado,575742691461,pending_manual_check,"Hola, buen día.

Somos Nexo Local Studio. Hacemos páginas web profesionales para negocios que quieren mostrar servicios, ubicación y contacto de forma clara desde el celular.

También podemos integrar un asistente con IA que responde preguntas frecuentes y guía al cliente hacia WhatsApp.

Pueden ver nuestra página aquí:
https://nexo-local-studio-public.vercel.app

Tenemos precios de lanzamiento desde $2,500 MXN. Si les interesa, podemos enviarles una propuesta breve.

Si prefieren no recibir más mensajes, respondan “baja”.",https://nexo-local-studio-public.vercel.app,https://wa.me/575742691461?text=Hola%2C%20buen%20d%C3%ADa.%0A%0ASomos%20Nexo%20Local%20Studio.%20Hacemos%20p%C3%A1ginas%20web%20profesionales%20para%20negocios%20que%20quieren%20mostrar%20servicios%2C%20ubicaci%C3%B3n%20y%20contacto%20de%20forma%20clara%20desde%20el%20celular.%0A%0ATambi%C3%A9n%20podemos%20integrar%20un%20asistente%20con%20IA%20que%20responde%20preguntas%20frecuentes%20y%20gu%C3%ADa%20al%20cliente%20hacia%20WhatsApp.%0A%0APueden%20ver%20nuestra%20p%C3%A1gina%20aqu%C3%AD%3A%0Ahttps%3A%2F%2Fnexo-local-studio-public.vercel.app%0A%0ATenemos%20precios%20de%20lanzamiento%20desde%20%242%2C500%20MXN.%20Si%20les%20interesa%2C%20podemos%20enviarles%20una%20propuesta%20breve.%0A%0ASi%20prefieren%20no%20recibir%20m%C3%A1s%20mensajes%2C%20respondan%20%E2%80%9Cbaja%E2%80%9D.,528,788,url_valid,blocked_not_verified,,,,El registro público de OpenStreetMap no incluye sitio web oficial. Fuente: OpenStreetMap. Rating/reseñas no disponibles en esta fuente.
A,14,Torre Medica de Prado,Clínica estética,Colombia,Medellín,El Poblado/Provenza/Laureles/Envigado,575742118484,pending_manual_check,"Hola, buen día.

Somos Nexo Local Studio. Hacemos páginas web profesionales para negocios que quieren mostrar servicios, ubicación y contacto de forma clara desde el celular.

También podemos integrar un asistente con IA que responde preguntas frecuentes y guía al cliente hacia WhatsApp.

Pueden ver nuestra página aquí:
https://nexo-local-studio-public.vercel.app

Tenemos precios de lanzamiento desde $2,500 MXN. Si les interesa, podemos enviarles una propuesta breve.

Si prefieren no recibir más mensajes, respondan “baja”.",https://nexo-local-studio-public.vercel.app,https://wa.me/575742118484?text=Hola%2C%20buen%20d%C3%ADa.%0A%0ASomos%20Nexo%20Local%20Studio.%20Hacemos%20p%C3%A1ginas%20web%20profesionales%20para%20negocios%20que%20quieren%20mostrar%20servicios%2C%20ubicaci%C3%B3n%20y%20contacto%20de%20forma%20clara%20desde%20el%20celular.%0A%0ATambi%C3%A9n%20podemos%20integrar%20un%20asistente%20con%20IA%20que%20responde%20preguntas%20frecuentes%20y%20gu%C3%ADa%20al%20cliente%20hacia%20WhatsApp.%0A%0APueden%20ver%20nuestra%20p%C3%A1gina%20aqu%C3%AD%3A%0Ahttps%3A%2F%2Fnexo-local-studio-public.vercel.app%0A%0ATenemos%20precios%20de%20lanzamiento%20desde%20%242%2C500%20MXN.%20Si%20les%20interesa%2C%20podemos%20enviarles%20una%20propuesta%20breve.%0A%0ASi%20prefieren%20no%20recibir%20m%C3%A1s%20mensajes%2C%20respondan%20%E2%80%9Cbaja%E2%80%9D.,528,788,url_valid,blocked_not_verified,,,,El registro público de OpenStreetMap no incluye sitio web oficial. Fuente: OpenStreetMap. Rating/reseñas no disponibles en esta fuente.
A,14,Fracturas y Rayos X de Antioquia,Clínica estética,Colombia,Medellín,El Poblado/Provenza/Laureles/Envigado,575742306844,pending_manual_check,"Hola, buen día.

Somos Nexo Local Studio. Hacemos páginas web profesionales para negocios que quieren mostrar servicios, ubicación y contacto de forma clara desde el celular.

También podemos integrar un asistente con IA que responde preguntas frecuentes y guía al cliente hacia WhatsApp.

Pueden ver nuestra página aquí:
https://nexo-local-studio-public.vercel.app

Tenemos precios de lanzamiento desde $2,500 MXN. Si les interesa, podemos enviarles una propuesta breve.

Si prefieren no recibir más mensajes, respondan “baja”.",https://nexo-local-studio-public.vercel.app,https://wa.me/575742306844?text=Hola%2C%20buen%20d%C3%ADa.%0A%0ASomos%20Nexo%20Local%20Studio.%20Hacemos%20p%C3%A1ginas%20web%20profesionales%20para%20negocios%20que%20quieren%20mostrar%20servicios%2C%20ubicaci%C3%B3n%20y%20contacto%20de%20forma%20clara%20desde%20el%20celular.%0A%0ATambi%C3%A9n%20podemos%20integrar%20un%20asistente%20con%20IA%20que%20responde%20preguntas%20frecuentes%20y%20gu%C3%ADa%20al%20cliente%20hacia%20WhatsApp.%0A%0APueden%20ver%20nuestra%20p%C3%A1gina%20aqu%C3%AD%3A%0Ahttps%3A%2F%2Fnexo-local-studio-public.vercel.app%0A%0ATenemos%20precios%20de%20lanzamiento%20desde%20%242%2C500%20MXN.%20Si%20les%20interesa%2C%20podemos%20enviarles%20una%20propuesta%20breve.%0A%0ASi%20prefieren%20no%20recibir%20m%C3%A1s%20mensajes%2C%20respondan%20%E2%80%9Cbaja%E2%80%9D.,528,788,url_valid,blocked_not_verified,,,,El registro público de OpenStreetMap no incluye sitio web oficial. Fuente: OpenStreetMap. Rating/reseñas no disponibles en esta fuente.
A,14,Centro de Salud Moravia,Clínica estética,Colombia,Medellín,El Poblado/Provenza/Laureles/Envigado,575742126612,pending_manual_check,"Hola, buen día.

Somos Nexo Local Studio. Hacemos páginas web profesionales para negocios que quieren mostrar servicios, ubicación y contacto de forma clara desde el celular.

También podemos integrar un asistente con IA que responde preguntas frecuentes y guía al cliente hacia WhatsApp.

Pueden ver nuestra página aquí:
https://nexo-local-studio-public.vercel.app

Tenemos precios de lanzamiento desde $2,500 MXN. Si les interesa, podemos enviarles una propuesta breve.

Si prefieren no recibir más mensajes, respondan “baja”.",https://nexo-local-studio-public.vercel.app,https://wa.me/575742126612?text=Hola%2C%20buen%20d%C3%ADa.%0A%0ASomos%20Nexo%20Local%20Studio.%20Hacemos%20p%C3%A1ginas%20web%20profesionales%20para%20negocios%20que%20quieren%20mostrar%20servicios%2C%20ubicaci%C3%B3n%20y%20contacto%20de%20forma%20clara%20desde%20el%20celular.%0A%0ATambi%C3%A9n%20podemos%20integrar%20un%20asistente%20con%20IA%20que%20responde%20preguntas%20frecuentes%20y%20gu%C3%ADa%20al%20cliente%20hacia%20WhatsApp.%0A%0APueden%20ver%20nuestra%20p%C3%A1gina%20aqu%C3%AD%3A%0Ahttps%3A%2F%2Fnexo-local-studio-public.vercel.app%0A%0ATenemos%20precios%20de%20lanzamiento%20desde%20%242%2C500%20MXN.%20Si%20les%20interesa%2C%20podemos%20enviarles%20una%20propuesta%20breve.%0A%0ASi%20prefieren%20no%20recibir%20m%C3%A1s%20mensajes%2C%20respondan%20%E2%80%9Cbaja%E2%80%9D.,528,788,url_valid,blocked_not_verified,,,,El registro público de OpenStreetMap no incluye sitio web oficial. Fuente: OpenStreetMap. Rating/reseñas no disponibles en esta fuente.
A,14,Centro Medico y Odont. Oralser,Clínica estética,Colombia,Medellín,El Poblado/Provenza/Laureles/Envigado,575742845138,pending_manual_check,"Hola, buen día.

Somos Nexo Local Studio. Hacemos páginas web profesionales para negocios que quieren mostrar servicios, ubicación y contacto de forma clara desde el celular.

También podemos integrar un asistente con IA que responde preguntas frecuentes y guía al cliente hacia WhatsApp.

Pueden ver nuestra página aquí:
https://nexo-local-studio-public.vercel.app

Tenemos precios de lanzamiento desde $2,500 MXN. Si les interesa, podemos enviarles una propuesta breve.

Si prefieren no recibir más mensajes, respondan “baja”.",https://nexo-local-studio-public.vercel.app,https://wa.me/575742845138?text=Hola%2C%20buen%20d%C3%ADa.%0A%0ASomos%20Nexo%20Local%20Studio.%20Hacemos%20p%C3%A1ginas%20web%20profesionales%20para%20negocios%20que%20quieren%20mostrar%20servicios%2C%20ubicaci%C3%B3n%20y%20contacto%20de%20forma%20clara%20desde%20el%20celular.%0A%0ATambi%C3%A9n%20podemos%20integrar%20un%20asistente%20con%20IA%20que%20responde%20preguntas%20frecuentes%20y%20gu%C3%ADa%20al%20cliente%20hacia%20WhatsApp.%0A%0APueden%20ver%20nuestra%20p%C3%A1gina%20aqu%C3%AD%3A%0Ahttps%3A%2F%2Fnexo-local-studio-public.vercel.app%0A%0ATenemos%20precios%20de%20lanzamiento%20desde%20%242%2C500%20MXN.%20Si%20les%20interesa%2C%20podemos%20enviarles%20una%20propuesta%20breve.%0A%0ASi%20prefieren%20no%20recibir%20m%C3%A1s%20mensajes%2C%20respondan%20%E2%80%9Cbaja%E2%80%9D.,528,788,url_valid,blocked_not_verified,,,,El registro público de OpenStreetMap no incluye sitio web oficial. Fuente: OpenStreetMap. Rating/reseñas no disponibles en esta fuente.
B,11,El Alemán Pues,Restaurante boutique,Colombia,Medellín,El Poblado/Provenza/Laureles/Envigado,573506608484,pending_manual_check,"Hola, buen día.

Somos Nexo Local Studio. Hacemos páginas web profesionales para negocios que quieren mostrar servicios, ubicación y contacto de forma clara desde el celular.

También podemos integrar un asistente con IA que responde preguntas frecuentes y guía al cliente hacia WhatsApp.

Pueden ver nuestra página aquí:
https://nexo-local-studio-public.vercel.app

Tenemos precios de lanzamiento desde $2,500 MXN. Si les interesa, podemos enviarles una propuesta breve.

Si prefieren no recibir más mensajes, respondan “baja”.",https://nexo-local-studio-public.vercel.app,https://wa.me/573506608484?text=Hola%2C%20buen%20d%C3%ADa.%0A%0ASomos%20Nexo%20Local%20Studio.%20Hacemos%20p%C3%A1ginas%20web%20profesionales%20para%20negocios%20que%20quieren%20mostrar%20servicios%2C%20ubicaci%C3%B3n%20y%20contacto%20de%20forma%20clara%20desde%20el%20celular.%0A%0ATambi%C3%A9n%20podemos%20integrar%20un%20asistente%20con%20IA%20que%20responde%20preguntas%20frecuentes%20y%20gu%C3%ADa%20al%20cliente%20hacia%20WhatsApp.%0A%0APueden%20ver%20nuestra%20p%C3%A1gina%20aqu%C3%AD%3A%0Ahttps%3A%2F%2Fnexo-local-studio-public.vercel.app%0A%0ATenemos%20precios%20de%20lanzamiento%20desde%20%242%2C500%20MXN.%20Si%20les%20interesa%2C%20podemos%20enviarles%20una%20propuesta%20breve.%0A%0ASi%20prefieren%20no%20recibir%20m%C3%A1s%20mensajes%2C%20respondan%20%E2%80%9Cbaja%E2%80%9D.,528,788,url_valid,blocked_not_verified,,,,El registro público de OpenStreetMap no incluye sitio web oficial. Fuente: OpenStreetMap. Rating/reseñas no disponibles en esta fuente.
B,11,El Vegano Andante,Restaurante boutique,Colombia,Medellín,El Poblado/Provenza/Laureles/Envigado,573108936203,pending_manual_check,"Hola, buen día.

Somos Nexo Local Studio. Hacemos páginas web profesionales para negocios que quieren mostrar servicios, ubicación y contacto de forma clara desde el celular.

También podemos integrar un asistente con IA que responde preguntas frecuentes y guía al cliente hacia WhatsApp.

Pueden ver nuestra página aquí:
https://nexo-local-studio-public.vercel.app

Tenemos precios de lanzamiento desde $2,500 MXN. Si les interesa, podemos enviarles una propuesta breve.

Si prefieren no recibir más mensajes, respondan “baja”.",https://nexo-local-studio-public.vercel.app,https://wa.me/573108936203?text=Hola%2C%20buen%20d%C3%ADa.%0A%0ASomos%20Nexo%20Local%20Studio.%20Hacemos%20p%C3%A1ginas%20web%20profesionales%20para%20negocios%20que%20quieren%20mostrar%20servicios%2C%20ubicaci%C3%B3n%20y%20contacto%20de%20forma%20clara%20desde%20el%20celular.%0A%0ATambi%C3%A9n%20podemos%20integrar%20un%20asistente%20con%20IA%20que%20responde%20preguntas%20frecuentes%20y%20gu%C3%ADa%20al%20cliente%20hacia%20WhatsApp.%0A%0APueden%20ver%20nuestra%20p%C3%A1gina%20aqu%C3%AD%3A%0Ahttps%3A%2F%2Fnexo-local-studio-public.vercel.app%0A%0ATenemos%20precios%20de%20lanzamiento%20desde%20%242%2C500%20MXN.%20Si%20les%20interesa%2C%20podemos%20enviarles%20una%20propuesta%20breve.%0A%0ASi%20prefieren%20no%20recibir%20m%C3%A1s%20mensajes%2C%20respondan%20%E2%80%9Cbaja%E2%80%9D.,528,788,url_valid,blocked_not_verified,,,,El registro público de OpenStreetMap no incluye sitio web oficial. Fuente: OpenStreetMap. Rating/reseñas no disponibles en esta fuente.
B,11,Restaurante El LLanerito,Restaurante boutique,Colombia,Medellín,El Poblado/Provenza/Laureles/Envigado,573108922625,pending_manual_check,"Hola, buen día.

Somos Nexo Local Studio. Hacemos páginas web profesionales para negocios que quieren mostrar servicios, ubicación y contacto de forma clara desde el celular.

También podemos integrar un asistente con IA que responde preguntas frecuentes y guía al cliente hacia WhatsApp.

Pueden ver nuestra página aquí:
https://nexo-local-studio-public.vercel.app

Tenemos precios de lanzamiento desde $2,500 MXN. Si les interesa, podemos enviarles una propuesta breve.

Si prefieren no recibir más mensajes, respondan “baja”.",https://nexo-local-studio-public.vercel.app,https://wa.me/573108922625?text=Hola%2C%20buen%20d%C3%ADa.%0A%0ASomos%20Nexo%20Local%20Studio.%20Hacemos%20p%C3%A1ginas%20web%20profesionales%20para%20negocios%20que%20quieren%20mostrar%20servicios%2C%20ubicaci%C3%B3n%20y%20contacto%20de%20forma%20clara%20desde%20el%20celular.%0A%0ATambi%C3%A9n%20podemos%20integrar%20un%20asistente%20con%20IA%20que%20responde%20preguntas%20frecuentes%20y%20gu%C3%ADa%20al%20cliente%20hacia%20WhatsApp.%0A%0APueden%20ver%20nuestra%20p%C3%A1gina%20aqu%C3%AD%3A%0Ahttps%3A%2F%2Fnexo-local-studio-public.vercel.app%0A%0ATenemos%20precios%20de%20lanzamiento%20desde%20%242%2C500%20MXN.%20Si%20les%20interesa%2C%20podemos%20enviarles%20una%20propuesta%20breve.%0A%0ASi%20prefieren%20no%20recibir%20m%C3%A1s%20mensajes%2C%20respondan%20%E2%80%9Cbaja%E2%80%9D.,528,788,url_valid,blocked_not_verified,,,,El registro público de OpenStreetMap no incluye sitio web oficial. Fuente: OpenStreetMap. Rating/reseñas no disponibles en esta fuente.
B,11,OCCA,Restaurante boutique,Colombia,Medellín,El Poblado/Provenza/Laureles/Envigado,573007331353,pending_manual_check,"Hola, buen día.

Somos Nexo Local Studio. Hacemos páginas web profesionales para negocios que quieren mostrar servicios, ubicación y contacto de forma clara desde el celular.

También podemos integrar un asistente con IA que responde preguntas frecuentes y guía al cliente hacia WhatsApp.

Pueden ver nuestra página aquí:
https://nexo-local-studio-public.vercel.app

Tenemos precios de lanzamiento desde $2,500 MXN. Si les interesa, podemos enviarles una propuesta breve.

Si prefieren no recibir más mensajes, respondan “baja”.",https://nexo-local-studio-public.vercel.app,https://wa.me/573007331353?text=Hola%2C%20buen%20d%C3%ADa.%0A%0ASomos%20Nexo%20Local%20Studio.%20Hacemos%20p%C3%A1ginas%20web%20profesionales%20para%20negocios%20que%20quieren%20mostrar%20servicios%2C%20ubicaci%C3%B3n%20y%20contacto%20de%20forma%20clara%20desde%20el%20celular.%0A%0ATambi%C3%A9n%20podemos%20integrar%20un%20asistente%20con%20IA%20que%20responde%20preguntas%20frecuentes%20y%20gu%C3%ADa%20al%20cliente%20hacia%20WhatsApp.%0A%0APueden%20ver%20nuestra%20p%C3%A1gina%20aqu%C3%AD%3A%0Ahttps%3A%2F%2Fnexo-local-studio-public.vercel.app%0A%0ATenemos%20precios%20de%20lanzamiento%20desde%20%242%2C500%20MXN.%20Si%20les%20interesa%2C%20podemos%20enviarles%20una%20propuesta%20breve.%0A%0ASi%20prefieren%20no%20recibir%20m%C3%A1s%20mensajes%2C%20respondan%20%E2%80%9Cbaja%E2%80%9D.,528,788,url_valid,blocked_not_verified,,,,El registro público de OpenStreetMap no incluye sitio web oficial. Fuente: OpenStreetMap. Rating/reseñas no disponibles en esta fuente.
B,11,La Champagnería,Restaurante boutique,Colombia,Medellín,El Poblado/Provenza/Laureles/Envigado,573113643420,pending_manual_check,"Hola, buen día.

Somos Nexo Local Studio. Hacemos páginas web profesionales para negocios que quieren mostrar servicios, ubicación y contacto de forma clara desde el celular.

También podemos integrar un asistente con IA que responde preguntas frecuentes y guía al cliente hacia WhatsApp.

Pueden ver nuestra página aquí:
https://nexo-local-studio-public.vercel.app

Tenemos precios de lanzamiento desde $2,500 MXN. Si les interesa, podemos enviarles una propuesta breve.

Si prefieren no recibir más mensajes, respondan “baja”.",https://nexo-local-studio-public.vercel.app,https://wa.me/573113643420?text=Hola%2C%20buen%20d%C3%ADa.%0A%0ASomos%20Nexo%20Local%20Studio.%20Hacemos%20p%C3%A1ginas%20web%20profesionales%20para%20negocios%20que%20quieren%20mostrar%20servicios%2C%20ubicaci%C3%B3n%20y%20contacto%20de%20forma%20clara%20desde%20el%20celular.%0A%0ATambi%C3%A9n%20podemos%20integrar%20un%20asistente%20con%20IA%20que%20responde%20preguntas%20frecuentes%20y%20gu%C3%ADa%20al%20cliente%20hacia%20WhatsApp.%0A%0APueden%20ver%20nuestra%20p%C3%A1gina%20aqu%C3%AD%3A%0Ahttps%3A%2F%2Fnexo-local-studio-public.vercel.app%0A%0ATenemos%20precios%20de%20lanzamiento%20desde%20%242%2C500%20MXN.%20Si%20les%20interesa%2C%20podemos%20enviarles%20una%20propuesta%20breve.%0A%0ASi%20prefieren%20no%20recibir%20m%C3%A1s%20mensajes%2C%20respondan%20%E2%80%9Cbaja%E2%80%9D.,528,788,url_valid,blocked_not_verified,,,,El registro público de OpenStreetMap no incluye sitio web oficial. Fuente: OpenStreetMap. Rating/reseñas no disponibles en esta fuente.
B,13,Can & Cats Centro Veterinario,Veterinaria,Colombia,Medellín,El Poblado/Provenza/Laureles/Envigado,576044440754,pending_manual_check,"Hola, buen día.

Somos Nexo Local Studio. Hacemos páginas web profesionales para negocios que quieren mostrar servicios, ubicación y contacto de forma clara desde el celular.

También podemos integrar un asistente con IA que responde preguntas frecuentes y guía al cliente hacia WhatsApp.

Pueden ver nuestra página aquí:
https://nexo-local-studio-public.vercel.app

Tenemos precios de lanzamiento desde $2,500 MXN. Si les interesa, podemos enviarles una propuesta breve.

Si prefieren no recibir más mensajes, respondan “baja”.",https://nexo-local-studio-public.vercel.app,https://wa.me/576044440754?text=Hola%2C%20buen%20d%C3%ADa.%0A%0ASomos%20Nexo%20Local%20Studio.%20Hacemos%20p%C3%A1ginas%20web%20profesionales%20para%20negocios%20que%20quieren%20mostrar%20servicios%2C%20ubicaci%C3%B3n%20y%20contacto%20de%20forma%20clara%20desde%20el%20celular.%0A%0ATambi%C3%A9n%20podemos%20integrar%20un%20asistente%20con%20IA%20que%20responde%20preguntas%20frecuentes%20y%20gu%C3%ADa%20al%20cliente%20hacia%20WhatsApp.%0A%0APueden%20ver%20nuestra%20p%C3%A1gina%20aqu%C3%AD%3A%0Ahttps%3A%2F%2Fnexo-local-studio-public.vercel.app%0A%0ATenemos%20precios%20de%20lanzamiento%20desde%20%242%2C500%20MXN.%20Si%20les%20interesa%2C%20podemos%20enviarles%20una%20propuesta%20breve.%0A%0ASi%20prefieren%20no%20recibir%20m%C3%A1s%20mensajes%2C%20respondan%20%E2%80%9Cbaja%E2%80%9D.,528,788,url_valid,blocked_not_verified,,,,El registro público de OpenStreetMap no incluye sitio web oficial. Fuente: OpenStreetMap. Rating/reseñas no disponibles en esta fuente.
A,14,Salón de Belleza María Elena,Clínica estética,Colombia,Medellín,El Poblado/Provenza/Laureles/Envigado,576042506368,pending_manual_check,"Hola, buen día.

Somos Nexo Local Studio. Hacemos páginas web profesionales para negocios que quieren mostrar servicios, ubicación y contacto de forma clara desde el celular.

También podemos integrar un asistente con IA que responde preguntas frecuentes y guía al cliente hacia WhatsApp.

Pueden ver nuestra página aquí:
https://nexo-local-studio-public.vercel.app

Tenemos precios de lanzamiento desde $2,500 MXN. Si les interesa, podemos enviarles una propuesta breve.

Si prefieren no recibir más mensajes, respondan “baja”.",https://nexo-local-studio-public.vercel.app,https://wa.me/576042506368?text=Hola%2C%20buen%20d%C3%ADa.%0A%0ASomos%20Nexo%20Local%20Studio.%20Hacemos%20p%C3%A1ginas%20web%20profesionales%20para%20negocios%20que%20quieren%20mostrar%20servicios%2C%20ubicaci%C3%B3n%20y%20contacto%20de%20forma%20clara%20desde%20el%20celular.%0A%0ATambi%C3%A9n%20podemos%20integrar%20un%20asistente%20con%20IA%20que%20responde%20preguntas%20frecuentes%20y%20gu%C3%ADa%20al%20cliente%20hacia%20WhatsApp.%0A%0APueden%20ver%20nuestra%20p%C3%A1gina%20aqu%C3%AD%3A%0Ahttps%3A%2F%2Fnexo-local-studio-public.vercel.app%0A%0ATenemos%20precios%20de%20lanzamiento%20desde%20%242%2C500%20MXN.%20Si%20les%20interesa%2C%20podemos%20enviarles%20una%20propuesta%20breve.%0A%0ASi%20prefieren%20no%20recibir%20m%C3%A1s%20mensajes%2C%20respondan%20%E2%80%9Cbaja%E2%80%9D.,528,788,url_valid,blocked_not_verified,,,,El registro público de OpenStreetMap no incluye sitio web oficial. Fuente: OpenStreetMap. Rating/reseñas no disponibles en esta fuente.
B,11,Pizzas Roquefort,Restaurante boutique,Colombia,Medellín,El Poblado/Provenza/Laureles/Envigado,576043229083,pending_manual_check,"Hola, buen día.

Somos Nexo Local Studio. Hacemos páginas web profesionales para negocios que quieren mostrar servicios, ubicación y contacto de forma clara desde el celular.

También podemos integrar un asistente con IA que responde preguntas frecuentes y guía al cliente hacia WhatsApp.

Pueden ver nuestra página aquí:
https://nexo-local-studio-public.vercel.app

Tenemos precios de lanzamiento desde $2,500 MXN. Si les interesa, podemos enviarles una propuesta breve.

Si prefieren no recibir más mensajes, respondan “baja”.",https://nexo-local-studio-public.vercel.app,https://wa.me/576043229083?text=Hola%2C%20buen%20d%C3%ADa.%0A%0ASomos%20Nexo%20Local%20Studio.%20Hacemos%20p%C3%A1ginas%20web%20profesionales%20para%20negocios%20que%20quieren%20mostrar%20servicios%2C%20ubicaci%C3%B3n%20y%20contacto%20de%20forma%20clara%20desde%20el%20celular.%0A%0ATambi%C3%A9n%20podemos%20integrar%20un%20asistente%20con%20IA%20que%20responde%20preguntas%20frecuentes%20y%20gu%C3%ADa%20al%20cliente%20hacia%20WhatsApp.%0A%0APueden%20ver%20nuestra%20p%C3%A1gina%20aqu%C3%AD%3A%0Ahttps%3A%2F%2Fnexo-local-studio-public.vercel.app%0A%0ATenemos%20precios%20de%20lanzamiento%20desde%20%242%2C500%20MXN.%20Si%20les%20interesa%2C%20podemos%20enviarles%20una%20propuesta%20breve.%0A%0ASi%20prefieren%20no%20recibir%20m%C3%A1s%20mensajes%2C%20respondan%20%E2%80%9Cbaja%E2%80%9D.,528,788,url_valid,blocked_not_verified,,,,El registro público de OpenStreetMap no incluye sitio web oficial. Fuente: OpenStreetMap. Rating/reseñas no disponibles en esta fuente.
B,11,Rosteka Parrilla-Bar,Restaurante boutique,Colombia,Medellín,El Poblado/Provenza/Laureles/Envigado,573043966488,pending_manual_check,"Hola, buen día.

Somos Nexo Local Studio. Hacemos páginas web profesionales para negocios que quieren mostrar servicios, ubicación y contacto de forma clara desde el celular.

También podemos integrar un asistente con IA que responde preguntas frecuentes y guía al cliente hacia WhatsApp.

Pueden ver nuestra página aquí:
https://nexo-local-studio-public.vercel.app

Tenemos precios de lanzamiento desde $2,500 MXN. Si les interesa, podemos enviarles una propuesta breve.

Si prefieren no recibir más mensajes, respondan “baja”.",https://nexo-local-studio-public.vercel.app,https://wa.me/573043966488?text=Hola%2C%20buen%20d%C3%ADa.%0A%0ASomos%20Nexo%20Local%20Studio.%20Hacemos%20p%C3%A1ginas%20web%20profesionales%20para%20negocios%20que%20quieren%20mostrar%20servicios%2C%20ubicaci%C3%B3n%20y%20contacto%20de%20forma%20clara%20desde%20el%20celular.%0A%0ATambi%C3%A9n%20podemos%20integrar%20un%20asistente%20con%20IA%20que%20responde%20preguntas%20frecuentes%20y%20gu%C3%ADa%20al%20cliente%20hacia%20WhatsApp.%0A%0APueden%20ver%20nuestra%20p%C3%A1gina%20aqu%C3%AD%3A%0Ahttps%3A%2F%2Fnexo-local-studio-public.vercel.app%0A%0ATenemos%20precios%20de%20lanzamiento%20desde%20%242%2C500%20MXN.%20Si%20les%20interesa%2C%20podemos%20enviarles%20una%20propuesta%20breve.%0A%0ASi%20prefieren%20no%20recibir%20m%C3%A1s%20mensajes%2C%20respondan%20%E2%80%9Cbaja%E2%80%9D.,528,788,url_valid,blocked_not_verified,,,,El registro público de OpenStreetMap no incluye sitio web oficial. Fuente: OpenStreetMap. Rating/reseñas no disponibles en esta fuente.
B,13,PremiumVet,Veterinaria,Colombia,Medellín,El Poblado/Provenza/Laureles/Envigado,573004050065,pending_manual_check,"Hola, buen día.

Somos Nexo Local Studio. Hacemos páginas web profesionales para negocios que quieren mostrar servicios, ubicación y contacto de forma clara desde el celular.

También podemos integrar un asistente con IA que responde preguntas frecuentes y guía al cliente hacia WhatsApp.

Pueden ver nuestra página aquí:
https://nexo-local-studio-public.vercel.app

Tenemos precios de lanzamiento desde $2,500 MXN. Si les interesa, podemos enviarles una propuesta breve.

Si prefieren no recibir más mensajes, respondan “baja”.",https://nexo-local-studio-public.vercel.app,https://wa.me/573004050065?text=Hola%2C%20buen%20d%C3%ADa.%0A%0ASomos%20Nexo%20Local%20Studio.%20Hacemos%20p%C3%A1ginas%20web%20profesionales%20para%20negocios%20que%20quieren%20mostrar%20servicios%2C%20ubicaci%C3%B3n%20y%20contacto%20de%20forma%20clara%20desde%20el%20celular.%0A%0ATambi%C3%A9n%20podemos%20integrar%20un%20asistente%20con%20IA%20que%20responde%20preguntas%20frecuentes%20y%20gu%C3%ADa%20al%20cliente%20hacia%20WhatsApp.%0A%0APueden%20ver%20nuestra%20p%C3%A1gina%20aqu%C3%AD%3A%0Ahttps%3A%2F%2Fnexo-local-studio-public.vercel.app%0A%0ATenemos%20precios%20de%20lanzamiento%20desde%20%242%2C500%20MXN.%20Si%20les%20interesa%2C%20podemos%20enviarles%20una%20propuesta%20breve.%0A%0ASi%20prefieren%20no%20recibir%20m%C3%A1s%20mensajes%2C%20respondan%20%E2%80%9Cbaja%E2%80%9D.,528,788,url_valid,blocked_not_verified,,,,El registro público de OpenStreetMap no incluye sitio web oficial. Fuente: OpenStreetMap. Rating/reseñas no disponibles en esta fuente.
B,11,Mondongos La Antioqueñita,Restaurante boutique,Colombia,Medellín,El Poblado/Provenza/Laureles/Envigado,576045084123,pending_manual_check,"Hola, buen día.

Somos Nexo Local Studio. Hacemos páginas web profesionales para negocios que quieren mostrar servicios, ubicación y contacto de forma clara desde el celular.

También podemos integrar un asistente con IA que responde preguntas frecuentes y guía al cliente hacia WhatsApp.

Pueden ver nuestra página aquí:
https://nexo-local-studio-public.vercel.app

Tenemos precios de lanzamiento desde $2,500 MXN. Si les interesa, podemos enviarles una propuesta breve.

Si prefieren no recibir más mensajes, respondan “baja”.",https://nexo-local-studio-public.vercel.app,https://wa.me/576045084123?text=Hola%2C%20buen%20d%C3%ADa.%0A%0ASomos%20Nexo%20Local%20Studio.%20Hacemos%20p%C3%A1ginas%20web%20profesionales%20para%20negocios%20que%20quieren%20mostrar%20servicios%2C%20ubicaci%C3%B3n%20y%20contacto%20de%20forma%20clara%20desde%20el%20celular.%0A%0ATambi%C3%A9n%20podemos%20integrar%20un%20asistente%20con%20IA%20que%20responde%20preguntas%20frecuentes%20y%20gu%C3%ADa%20al%20cliente%20hacia%20WhatsApp.%0A%0APueden%20ver%20nuestra%20p%C3%A1gina%20aqu%C3%AD%3A%0Ahttps%3A%2F%2Fnexo-local-studio-public.vercel.app%0A%0ATenemos%20precios%20de%20lanzamiento%20desde%20%242%2C500%20MXN.%20Si%20les%20interesa%2C%20podemos%20enviarles%20una%20propuesta%20breve.%0A%0ASi%20prefieren%20no%20recibir%20m%C3%A1s%20mensajes%2C%20respondan%20%E2%80%9Cbaja%E2%80%9D.,528,788,url_valid,blocked_not_verified,,,,El registro público de OpenStreetMap no incluye sitio web oficial. Fuente: OpenStreetMap. Rating/reseñas no disponibles en esta fuente.
B,11,Vegarden,Restaurante boutique,Colombia,Medellín,El Poblado/Provenza/Laureles/Envigado,573225452322,pending_manual_check,"Hola, buen día.

Somos Nexo Local Studio. Hacemos páginas web profesionales para negocios que quieren mostrar servicios, ubicación y contacto de forma clara desde el celular.

También podemos integrar un asistente con IA que responde preguntas frecuentes y guía al cliente hacia WhatsApp.

Pueden ver nuestra página aquí:
https://nexo-local-studio-public.vercel.app

Tenemos precios de lanzamiento desde $2,500 MXN. Si les interesa, podemos enviarles una propuesta breve.

Si prefieren no recibir más mensajes, respondan “baja”.",https://nexo-local-studio-public.vercel.app,https://wa.me/573225452322?text=Hola%2C%20buen%20d%C3%ADa.%0A%0ASomos%20Nexo%20Local%20Studio.%20Hacemos%20p%C3%A1ginas%20web%20profesionales%20para%20negocios%20que%20quieren%20mostrar%20servicios%2C%20ubicaci%C3%B3n%20y%20contacto%20de%20forma%20clara%20desde%20el%20celular.%0A%0ATambi%C3%A9n%20podemos%20integrar%20un%20asistente%20con%20IA%20que%20responde%20preguntas%20frecuentes%20y%20gu%C3%ADa%20al%20cliente%20hacia%20WhatsApp.%0A%0APueden%20ver%20nuestra%20p%C3%A1gina%20aqu%C3%AD%3A%0Ahttps%3A%2F%2Fnexo-local-studio-public.vercel.app%0A%0ATenemos%20precios%20de%20lanzamiento%20desde%20%242%2C500%20MXN.%20Si%20les%20interesa%2C%20podemos%20enviarles%20una%20propuesta%20breve.%0A%0ASi%20prefieren%20no%20recibir%20m%C3%A1s%20mensajes%2C%20respondan%20%E2%80%9Cbaja%E2%80%9D.,528,788,url_valid,blocked_not_verified,,,,El registro público de OpenStreetMap no incluye sitio web oficial. Fuente: OpenStreetMap. Rating/reseñas no disponibles en esta fuente.
B,11,Puro Carbón Parrilla,Restaurante boutique,Colombia,Medellín,El Poblado/Provenza/Laureles/Envigado,573016035346,pending_manual_check,"Hola, buen día.

Somos Nexo Local Studio. Hacemos páginas web profesionales para negocios que quieren mostrar servicios, ubicación y contacto de forma clara desde el celular.

También podemos integrar un asistente con IA que responde preguntas frecuentes y guía al cliente hacia WhatsApp.

Pueden ver nuestra página aquí:
https://nexo-local-studio-public.vercel.app

Tenemos precios de lanzamiento desde $2,500 MXN. Si les interesa, podemos enviarles una propuesta breve.

Si prefieren no recibir más mensajes, respondan “baja”.",https://nexo-local-studio-public.vercel.app,https://wa.me/573016035346?text=Hola%2C%20buen%20d%C3%ADa.%0A%0ASomos%20Nexo%20Local%20Studio.%20Hacemos%20p%C3%A1ginas%20web%20profesionales%20para%20negocios%20que%20quieren%20mostrar%20servicios%2C%20ubicaci%C3%B3n%20y%20contacto%20de%20forma%20clara%20desde%20el%20celular.%0A%0ATambi%C3%A9n%20podemos%20integrar%20un%20asistente%20con%20IA%20que%20responde%20preguntas%20frecuentes%20y%20gu%C3%ADa%20al%20cliente%20hacia%20WhatsApp.%0A%0APueden%20ver%20nuestra%20p%C3%A1gina%20aqu%C3%AD%3A%0Ahttps%3A%2F%2Fnexo-local-studio-public.vercel.app%0A%0ATenemos%20precios%20de%20lanzamiento%20desde%20%242%2C500%20MXN.%20Si%20les%20interesa%2C%20podemos%20enviarles%20una%20propuesta%20breve.%0A%0ASi%20prefieren%20no%20recibir%20m%C3%A1s%20mensajes%2C%20respondan%20%E2%80%9Cbaja%E2%80%9D.,528,788,url_valid,blocked_not_verified,,,,El registro público de OpenStreetMap no incluye sitio web oficial. Fuente: OpenStreetMap. Rating/reseñas no disponibles en esta fuente.
B,13,Centro Veterinario E.V.A.,Veterinaria,Colombia,Medellín,El Poblado/Provenza/Laureles/Envigado,573104319656,pending_manual_check,"Hola, buen día.

Somos Nexo Local Studio. Hacemos páginas web profesionales para negocios que quieren mostrar servicios, ubicación y contacto de forma clara desde el celular.

También podemos integrar un asistente con IA que responde preguntas frecuentes y guía al cliente hacia WhatsApp.

Pueden ver nuestra página aquí:
https://nexo-local-studio-public.vercel.app

Tenemos precios de lanzamiento desde $2,500 MXN. Si les interesa, podemos enviarles una propuesta breve.

Si prefieren no recibir más mensajes, respondan “baja”.",https://nexo-local-studio-public.vercel.app,https://wa.me/573104319656?text=Hola%2C%20buen%20d%C3%ADa.%0A%0ASomos%20Nexo%20Local%20Studio.%20Hacemos%20p%C3%A1ginas%20web%20profesionales%20para%20negocios%20que%20quieren%20mostrar%20servicios%2C%20ubicaci%C3%B3n%20y%20contacto%20de%20forma%20clara%20desde%20el%20celular.%0A%0ATambi%C3%A9n%20podemos%20integrar%20un%20asistente%20con%20IA%20que%20responde%20preguntas%20frecuentes%20y%20gu%C3%ADa%20al%20cliente%20hacia%20WhatsApp.%0A%0APueden%20ver%20nuestra%20p%C3%A1gina%20aqu%C3%AD%3A%0Ahttps%3A%2F%2Fnexo-local-studio-public.vercel.app%0A%0ATenemos%20precios%20de%20lanzamiento%20desde%20%242%2C500%20MXN.%20Si%20les%20interesa%2C%20podemos%20enviarles%20una%20propuesta%20breve.%0A%0ASi%20prefieren%20no%20recibir%20m%C3%A1s%20mensajes%2C%20respondan%20%E2%80%9Cbaja%E2%80%9D.,528,788,url_valid,blocked_not_verified,,,,El registro público de OpenStreetMap no incluye sitio web oficial. Fuente: OpenStreetMap. Rating/reseñas no disponibles en esta fuente.
B,11,Restaurante Bau,Restaurante boutique,Colombia,Medellín,El Poblado/Provenza/Laureles/Envigado,576044118341,pending_manual_check,"Hola, buen día.

Somos Nexo Local Studio. Hacemos páginas web profesionales para negocios que quieren mostrar servicios, ubicación y contacto de forma clara desde el celular.

También podemos integrar un asistente con IA que responde preguntas frecuentes y guía al cliente hacia WhatsApp.

Pueden ver nuestra página aquí:
https://nexo-local-studio-public.vercel.app

Tenemos precios de lanzamiento desde $2,500 MXN. Si les interesa, podemos enviarles una propuesta breve.

Si prefieren no recibir más mensajes, respondan “baja”.",https://nexo-local-studio-public.vercel.app,https://wa.me/576044118341?text=Hola%2C%20buen%20d%C3%ADa.%0A%0ASomos%20Nexo%20Local%20Studio.%20Hacemos%20p%C3%A1ginas%20web%20profesionales%20para%20negocios%20que%20quieren%20mostrar%20servicios%2C%20ubicaci%C3%B3n%20y%20contacto%20de%20forma%20clara%20desde%20el%20celular.%0A%0ATambi%C3%A9n%20podemos%20integrar%20un%20asistente%20con%20IA%20que%20responde%20preguntas%20frecuentes%20y%20gu%C3%ADa%20al%20cliente%20hacia%20WhatsApp.%0A%0APueden%20ver%20nuestra%20p%C3%A1gina%20aqu%C3%AD%3A%0Ahttps%3A%2F%2Fnexo-local-studio-public.vercel.app%0A%0ATenemos%20precios%20de%20lanzamiento%20desde%20%242%2C500%20MXN.%20Si%20les%20interesa%2C%20podemos%20enviarles%20una%20propuesta%20breve.%0A%0ASi%20prefieren%20no%20recibir%20m%C3%A1s%20mensajes%2C%20respondan%20%E2%80%9Cbaja%E2%80%9D.,528,788,url_valid,blocked_not_verified,,,,El registro público de OpenStreetMap no incluye sitio web oficial. Fuente: OpenStreetMap. Rating/reseñas no disponibles en esta fuente.
B,11,Pa' Todos,Restaurante boutique,Colombia,Medellín,El Poblado/Provenza/Laureles/Envigado,573053139697,pending_manual_check,"Hola, buen día.

Somos Nexo Local Studio. Hacemos páginas web profesionales para negocios que quieren mostrar servicios, ubicación y contacto de forma clara desde el celular.

También podemos integrar un asistente con IA que responde preguntas frecuentes y guía al cliente hacia WhatsApp.

Pueden ver nuestra página aquí:
https://nexo-local-studio-public.vercel.app

Tenemos precios de lanzamiento desde $2,500 MXN. Si les interesa, podemos enviarles una propuesta breve.

Si prefieren no recibir más mensajes, respondan “baja”.",https://nexo-local-studio-public.vercel.app,https://wa.me/573053139697?text=Hola%2C%20buen%20d%C3%ADa.%0A%0ASomos%20Nexo%20Local%20Studio.%20Hacemos%20p%C3%A1ginas%20web%20profesionales%20para%20negocios%20que%20quieren%20mostrar%20servicios%2C%20ubicaci%C3%B3n%20y%20contacto%20de%20forma%20clara%20desde%20el%20celular.%0A%0ATambi%C3%A9n%20podemos%20integrar%20un%20asistente%20con%20IA%20que%20responde%20preguntas%20frecuentes%20y%20gu%C3%ADa%20al%20cliente%20hacia%20WhatsApp.%0A%0APueden%20ver%20nuestra%20p%C3%A1gina%20aqu%C3%AD%3A%0Ahttps%3A%2F%2Fnexo-local-studio-public.vercel.app%0A%0ATenemos%20precios%20de%20lanzamiento%20desde%20%242%2C500%20MXN.%20Si%20les%20interesa%2C%20podemos%20enviarles%20una%20propuesta%20breve.%0A%0ASi%20prefieren%20no%20recibir%20m%C3%A1s%20mensajes%2C%20respondan%20%E2%80%9Cbaja%E2%80%9D.,528,788,url_valid,blocked_not_verified,,,,El registro público de OpenStreetMap no incluye sitio web oficial. Fuente: OpenStreetMap. Rating/reseñas no disponibles en esta fuente.
A,14,Centro de Belleza Aleida Duque,Clínica estética,Colombia,Medellín,El Poblado/Provenza/Laureles/Envigado,573217608311,pending_manual_check,"Hola, buen día.

Somos Nexo Local Studio. Hacemos páginas web profesionales para negocios que quieren mostrar servicios, ubicación y contacto de forma clara desde el celular.

También podemos integrar un asistente con IA que responde preguntas frecuentes y guía al cliente hacia WhatsApp.

Pueden ver nuestra página aquí:
https://nexo-local-studio-public.vercel.app

Tenemos precios de lanzamiento desde $2,500 MXN. Si les interesa, podemos enviarles una propuesta breve.

Si prefieren no recibir más mensajes, respondan “baja”.",https://nexo-local-studio-public.vercel.app,https://wa.me/573217608311?text=Hola%2C%20buen%20d%C3%ADa.%0A%0ASomos%20Nexo%20Local%20Studio.%20Hacemos%20p%C3%A1ginas%20web%20profesionales%20para%20negocios%20que%20quieren%20mostrar%20servicios%2C%20ubicaci%C3%B3n%20y%20contacto%20de%20forma%20clara%20desde%20el%20celular.%0A%0ATambi%C3%A9n%20podemos%20integrar%20un%20asistente%20con%20IA%20que%20responde%20preguntas%20frecuentes%20y%20gu%C3%ADa%20al%20cliente%20hacia%20WhatsApp.%0A%0APueden%20ver%20nuestra%20p%C3%A1gina%20aqu%C3%AD%3A%0Ahttps%3A%2F%2Fnexo-local-studio-public.vercel.app%0A%0ATenemos%20precios%20de%20lanzamiento%20desde%20%242%2C500%20MXN.%20Si%20les%20interesa%2C%20podemos%20enviarles%20una%20propuesta%20breve.%0A%0ASi%20prefieren%20no%20recibir%20m%C3%A1s%20mensajes%2C%20respondan%20%E2%80%9Cbaja%E2%80%9D.,528,788,url_valid,blocked_not_verified,,,,El registro público de OpenStreetMap no incluye sitio web oficial. Fuente: OpenStreetMap. Rating/reseñas no disponibles en esta fuente.
B,11,Naan Laureles,Restaurante boutique,Colombia,Medellín,El Poblado/Provenza/Laureles/Envigado,576043228781,pending_manual_check,"Hola, buen día.

Somos Nexo Local Studio. Hacemos páginas web profesionales para negocios que quieren mostrar servicios, ubicación y contacto de forma clara desde el celular.

También podemos integrar un asistente con IA que responde preguntas frecuentes y guía al cliente hacia WhatsApp.

Pueden ver nuestra página aquí:
https://nexo-local-studio-public.vercel.app

Tenemos precios de lanzamiento desde $2,500 MXN. Si les interesa, podemos enviarles una propuesta breve.

Si prefieren no recibir más mensajes, respondan “baja”.",https://nexo-local-studio-public.vercel.app,https://wa.me/576043228781?text=Hola%2C%20buen%20d%C3%ADa.%0A%0ASomos%20Nexo%20Local%20Studio.%20Hacemos%20p%C3%A1ginas%20web%20profesionales%20para%20negocios%20que%20quieren%20mostrar%20servicios%2C%20ubicaci%C3%B3n%20y%20contacto%20de%20forma%20clara%20desde%20el%20celular.%0A%0ATambi%C3%A9n%20podemos%20integrar%20un%20asistente%20con%20IA%20que%20responde%20preguntas%20frecuentes%20y%20gu%C3%ADa%20al%20cliente%20hacia%20WhatsApp.%0A%0APueden%20ver%20nuestra%20p%C3%A1gina%20aqu%C3%AD%3A%0Ahttps%3A%2F%2Fnexo-local-studio-public.vercel.app%0A%0ATenemos%20precios%20de%20lanzamiento%20desde%20%242%2C500%20MXN.%20Si%20les%20interesa%2C%20podemos%20enviarles%20una%20propuesta%20breve.%0A%0ASi%20prefieren%20no%20recibir%20m%C3%A1s%20mensajes%2C%20respondan%20%E2%80%9Cbaja%E2%80%9D.,528,788,url_valid,blocked_not_verified,,,,El registro público de OpenStreetMap no incluye sitio web oficial. Fuente: OpenStreetMap. Rating/reseñas no disponibles en esta fuente.
B,11,Lenteja Express Centro,Restaurante boutique,Colombia,Medellín,El Poblado/Provenza/Laureles/Envigado,573043417070,pending_manual_check,"Hola, buen día.

Somos Nexo Local Studio. Hacemos páginas web profesionales para negocios que quieren mostrar servicios, ubicación y contacto de forma clara desde el celular.

También podemos integrar un asistente con IA que responde preguntas frecuentes y guía al cliente hacia WhatsApp.

Pueden ver nuestra página aquí:
https://nexo-local-studio-public.vercel.app

Tenemos precios de lanzamiento desde $2,500 MXN. Si les interesa, podemos enviarles una propuesta breve.

Si prefieren no recibir más mensajes, respondan “baja”.",https://nexo-local-studio-public.vercel.app,https://wa.me/573043417070?text=Hola%2C%20buen%20d%C3%ADa.%0A%0ASomos%20Nexo%20Local%20Studio.%20Hacemos%20p%C3%A1ginas%20web%20profesionales%20para%20negocios%20que%20quieren%20mostrar%20servicios%2C%20ubicaci%C3%B3n%20y%20contacto%20de%20forma%20clara%20desde%20el%20celular.%0A%0ATambi%C3%A9n%20podemos%20integrar%20un%20asistente%20con%20IA%20que%20responde%20preguntas%20frecuentes%20y%20gu%C3%ADa%20al%20cliente%20hacia%20WhatsApp.%0A%0APueden%20ver%20nuestra%20p%C3%A1gina%20aqu%C3%AD%3A%0Ahttps%3A%2F%2Fnexo-local-studio-public.vercel.app%0A%0ATenemos%20precios%20de%20lanzamiento%20desde%20%242%2C500%20MXN.%20Si%20les%20interesa%2C%20podemos%20enviarles%20una%20propuesta%20breve.%0A%0ASi%20prefieren%20no%20recibir%20m%C3%A1s%20mensajes%2C%20respondan%20%E2%80%9Cbaja%E2%80%9D.,528,788,url_valid,blocked_not_verified,,,,El registro público de OpenStreetMap no incluye sitio web oficial. Fuente: OpenStreetMap. Rating/reseñas no disponibles en esta fuente.
B,11,Delicias del Mar,Restaurante boutique,Colombia,Medellín,El Poblado/Provenza/Laureles/Envigado,573108245434,pending_manual_check,"Hola, buen día.

Somos Nexo Local Studio. Hacemos páginas web profesionales para negocios que quieren mostrar servicios, ubicación y contacto de forma clara desde el celular.

También podemos integrar un asistente con IA que responde preguntas frecuentes y guía al cliente hacia WhatsApp.

Pueden ver nuestra página aquí:
https://nexo-local-studio-public.vercel.app

Tenemos precios de lanzamiento desde $2,500 MXN. Si les interesa, podemos enviarles una propuesta breve.

Si prefieren no recibir más mensajes, respondan “baja”.",https://nexo-local-studio-public.vercel.app,https://wa.me/573108245434?text=Hola%2C%20buen%20d%C3%ADa.%0A%0ASomos%20Nexo%20Local%20Studio.%20Hacemos%20p%C3%A1ginas%20web%20profesionales%20para%20negocios%20que%20quieren%20mostrar%20servicios%2C%20ubicaci%C3%B3n%20y%20contacto%20de%20forma%20clara%20desde%20el%20celular.%0A%0ATambi%C3%A9n%20podemos%20integrar%20un%20asistente%20con%20IA%20que%20responde%20preguntas%20frecuentes%20y%20gu%C3%ADa%20al%20cliente%20hacia%20WhatsApp.%0A%0APueden%20ver%20nuestra%20p%C3%A1gina%20aqu%C3%AD%3A%0Ahttps%3A%2F%2Fnexo-local-studio-public.vercel.app%0A%0ATenemos%20precios%20de%20lanzamiento%20desde%20%242%2C500%20MXN.%20Si%20les%20interesa%2C%20podemos%20enviarles%20una%20propuesta%20breve.%0A%0ASi%20prefieren%20no%20recibir%20m%C3%A1s%20mensajes%2C%20respondan%20%E2%80%9Cbaja%E2%80%9D.,528,788,url_valid,blocked_not_verified,,,,El registro público de OpenStreetMap no incluye sitio web oficial. Fuente: OpenStreetMap. Rating/reseñas no disponibles en esta fuente.
B,11,Alma Natura,Restaurante boutique,Colombia,Medellín,El Poblado/Provenza/Laureles/Envigado,573004658119,pending_manual_check,"Hola, buen día.

Somos Nexo Local Studio. Hacemos páginas web profesionales para negocios que quieren mostrar servicios, ubicación y contacto de forma clara desde el celular.

También podemos integrar un asistente con IA que responde preguntas frecuentes y guía al cliente hacia WhatsApp.

Pueden ver nuestra página aquí:
https://nexo-local-studio-public.vercel.app

Tenemos precios de lanzamiento desde $2,500 MXN. Si les interesa, podemos enviarles una propuesta breve.

Si prefieren no recibir más mensajes, respondan “baja”.",https://nexo-local-studio-public.vercel.app,https://wa.me/573004658119?text=Hola%2C%20buen%20d%C3%ADa.%0A%0ASomos%20Nexo%20Local%20Studio.%20Hacemos%20p%C3%A1ginas%20web%20profesionales%20para%20negocios%20que%20quieren%20mostrar%20servicios%2C%20ubicaci%C3%B3n%20y%20contacto%20de%20forma%20clara%20desde%20el%20celular.%0A%0ATambi%C3%A9n%20podemos%20integrar%20un%20asistente%20con%20IA%20que%20responde%20preguntas%20frecuentes%20y%20gu%C3%ADa%20al%20cliente%20hacia%20WhatsApp.%0A%0APueden%20ver%20nuestra%20p%C3%A1gina%20aqu%C3%AD%3A%0Ahttps%3A%2F%2Fnexo-local-studio-public.vercel.app%0A%0ATenemos%20precios%20de%20lanzamiento%20desde%20%242%2C500%20MXN.%20Si%20les%20interesa%2C%20podemos%20enviarles%20una%20propuesta%20breve.%0A%0ASi%20prefieren%20no%20recibir%20m%C3%A1s%20mensajes%2C%20respondan%20%E2%80%9Cbaja%E2%80%9D.,528,788,url_valid,blocked_not_verified,,,,El registro público de OpenStreetMap no incluye sitio web oficial. Fuente: OpenStreetMap. Rating/reseñas no disponibles en esta fuente.
B,11,"Pataché, Patacones y Ceviches",Restaurante boutique,Colombia,Medellín,El Poblado/Provenza/Laureles/Envigado,573042381816,pending_manual_check,"Hola, buen día.

Somos Nexo Local Studio. Hacemos páginas web profesionales para negocios que quieren mostrar servicios, ubicación y contacto de forma clara desde el celular.

También podemos integrar un asistente con IA que responde preguntas frecuentes y guía al cliente hacia WhatsApp.

Pueden ver nuestra página aquí:
https://nexo-local-studio-public.vercel.app

Tenemos precios de lanzamiento desde $2,500 MXN. Si les interesa, podemos enviarles una propuesta breve.

Si prefieren no recibir más mensajes, respondan “baja”.",https://nexo-local-studio-public.vercel.app,https://wa.me/573042381816?text=Hola%2C%20buen%20d%C3%ADa.%0A%0ASomos%20Nexo%20Local%20Studio.%20Hacemos%20p%C3%A1ginas%20web%20profesionales%20para%20negocios%20que%20quieren%20mostrar%20servicios%2C%20ubicaci%C3%B3n%20y%20contacto%20de%20forma%20clara%20desde%20el%20celular.%0A%0ATambi%C3%A9n%20podemos%20integrar%20un%20asistente%20con%20IA%20que%20responde%20preguntas%20frecuentes%20y%20gu%C3%ADa%20al%20cliente%20hacia%20WhatsApp.%0A%0APueden%20ver%20nuestra%20p%C3%A1gina%20aqu%C3%AD%3A%0Ahttps%3A%2F%2Fnexo-local-studio-public.vercel.app%0A%0ATenemos%20precios%20de%20lanzamiento%20desde%20%242%2C500%20MXN.%20Si%20les%20interesa%2C%20podemos%20enviarles%20una%20propuesta%20breve.%0A%0ASi%20prefieren%20no%20recibir%20m%C3%A1s%20mensajes%2C%20respondan%20%E2%80%9Cbaja%E2%80%9D.,528,788,url_valid,blocked_not_verified,,,,El registro público de OpenStreetMap no incluye sitio web oficial. Fuente: OpenStreetMap. Rating/reseñas no disponibles en esta fuente.
B,12,Mavery,Restaurante boutique,Peru,Lima,Miraflores/San Isidro/Surco/La Molina/Barranco,5114413134,pending_manual_check,"Hola, buen día.

Somos Nexo Local Studio. Hacemos páginas web profesionales para negocios que quieren mostrar servicios, ubicación y contacto de forma clara desde el celular.

También podemos integrar un asistente con IA que responde preguntas frecuentes y guía al cliente hacia WhatsApp.

Pueden ver nuestra página aquí:
https://nexo-local-studio-public.vercel.app

Tenemos precios de lanzamiento desde $2,500 MXN. Si les interesa, podemos enviarles una propuesta breve.

Si prefieren no recibir más mensajes, respondan “baja”.",https://nexo-local-studio-public.vercel.app,https://wa.me/5114413134?text=Hola%2C%20buen%20d%C3%ADa.%0A%0ASomos%20Nexo%20Local%20Studio.%20Hacemos%20p%C3%A1ginas%20web%20profesionales%20para%20negocios%20que%20quieren%20mostrar%20servicios%2C%20ubicaci%C3%B3n%20y%20contacto%20de%20forma%20clara%20desde%20el%20celular.%0A%0ATambi%C3%A9n%20podemos%20integrar%20un%20asistente%20con%20IA%20que%20responde%20preguntas%20frecuentes%20y%20gu%C3%ADa%20al%20cliente%20hacia%20WhatsApp.%0A%0APueden%20ver%20nuestra%20p%C3%A1gina%20aqu%C3%AD%3A%0Ahttps%3A%2F%2Fnexo-local-studio-public.vercel.app%0A%0ATenemos%20precios%20de%20lanzamiento%20desde%20%242%2C500%20MXN.%20Si%20les%20interesa%2C%20podemos%20enviarles%20una%20propuesta%20breve.%0A%0ASi%20prefieren%20no%20recibir%20m%C3%A1s%20mensajes%2C%20respondan%20%E2%80%9Cbaja%E2%80%9D.,528,786,url_valid,blocked_not_verified,,,,El registro público de OpenStreetMap no incluye sitio web oficial. Fuente: OpenStreetMap. Rating/reseñas no disponibles en esta fuente.
B,12,Chifa Jin,Restaurante boutique,Peru,Lima,Miraflores/San Isidro/Surco/La Molina/Barranco,5112417630,pending_manual_check,"Hola, buen día.

Somos Nexo Local Studio. Hacemos páginas web profesionales para negocios que quieren mostrar servicios, ubicación y contacto de forma clara desde el celular.

También podemos integrar un asistente con IA que responde preguntas frecuentes y guía al cliente hacia WhatsApp.

Pueden ver nuestra página aquí:
https://nexo-local-studio-public.vercel.app

Tenemos precios de lanzamiento desde $2,500 MXN. Si les interesa, podemos enviarles una propuesta breve.

Si prefieren no recibir más mensajes, respondan “baja”.",https://nexo-local-studio-public.vercel.app,https://wa.me/5112417630?text=Hola%2C%20buen%20d%C3%ADa.%0A%0ASomos%20Nexo%20Local%20Studio.%20Hacemos%20p%C3%A1ginas%20web%20profesionales%20para%20negocios%20que%20quieren%20mostrar%20servicios%2C%20ubicaci%C3%B3n%20y%20contacto%20de%20forma%20clara%20desde%20el%20celular.%0A%0ATambi%C3%A9n%20podemos%20integrar%20un%20asistente%20con%20IA%20que%20responde%20preguntas%20frecuentes%20y%20gu%C3%ADa%20al%20cliente%20hacia%20WhatsApp.%0A%0APueden%20ver%20nuestra%20p%C3%A1gina%20aqu%C3%AD%3A%0Ahttps%3A%2F%2Fnexo-local-studio-public.vercel.app%0A%0ATenemos%20precios%20de%20lanzamiento%20desde%20%242%2C500%20MXN.%20Si%20les%20interesa%2C%20podemos%20enviarles%20una%20propuesta%20breve.%0A%0ASi%20prefieren%20no%20recibir%20m%C3%A1s%20mensajes%2C%20respondan%20%E2%80%9Cbaja%E2%80%9D.,528,786,url_valid,blocked_not_verified,,,,El registro público de OpenStreetMap no incluye sitio web oficial. Fuente: OpenStreetMap. Rating/reseñas no disponibles en esta fuente.
B,12,El Patio de Mendiburu,Restaurante boutique,Peru,Lima,Miraflores/San Isidro/Surco/La Molina/Barranco,5112216990,pending_manual_check,"Hola, buen día.

Somos Nexo Local Studio. Hacemos páginas web profesionales para negocios que quieren mostrar servicios, ubicación y contacto de forma clara desde el celular.

También podemos integrar un asistente con IA que responde preguntas frecuentes y guía al cliente hacia WhatsApp.

Pueden ver nuestra página aquí:
https://nexo-local-studio-public.vercel.app

Tenemos precios de lanzamiento desde $2,500 MXN. Si les interesa, podemos enviarles una propuesta breve.

Si prefieren no recibir más mensajes, respondan “baja”.",https://nexo-local-studio-public.vercel.app,https://wa.me/5112216990?text=Hola%2C%20buen%20d%C3%ADa.%0A%0ASomos%20Nexo%20Local%20Studio.%20Hacemos%20p%C3%A1ginas%20web%20profesionales%20para%20negocios%20que%20quieren%20mostrar%20servicios%2C%20ubicaci%C3%B3n%20y%20contacto%20de%20forma%20clara%20desde%20el%20celular.%0A%0ATambi%C3%A9n%20podemos%20integrar%20un%20asistente%20con%20IA%20que%20responde%20preguntas%20frecuentes%20y%20gu%C3%ADa%20al%20cliente%20hacia%20WhatsApp.%0A%0APueden%20ver%20nuestra%20p%C3%A1gina%20aqu%C3%AD%3A%0Ahttps%3A%2F%2Fnexo-local-studio-public.vercel.app%0A%0ATenemos%20precios%20de%20lanzamiento%20desde%20%242%2C500%20MXN.%20Si%20les%20interesa%2C%20podemos%20enviarles%20una%20propuesta%20breve.%0A%0ASi%20prefieren%20no%20recibir%20m%C3%A1s%20mensajes%2C%20respondan%20%E2%80%9Cbaja%E2%80%9D.,528,786,url_valid,blocked_not_verified,,,,El registro público de OpenStreetMap no incluye sitio web oficial. Fuente: OpenStreetMap. Rating/reseñas no disponibles en esta fuente.
A,15,Policlinico Solidario San Juan de Miraflores,Clínica estética,Peru,Lima,Miraflores/San Isidro/Surco/La Molina/Barranco,5114665676,pending_manual_check,"Hola, buen día.

Somos Nexo Local Studio. Hacemos páginas web profesionales para negocios que quieren mostrar servicios, ubicación y contacto de forma clara desde el celular.

También podemos integrar un asistente con IA que responde preguntas frecuentes y guía al cliente hacia WhatsApp.

Pueden ver nuestra página aquí:
https://nexo-local-studio-public.vercel.app

Tenemos precios de lanzamiento desde $2,500 MXN. Si les interesa, podemos enviarles una propuesta breve.

Si prefieren no recibir más mensajes, respondan “baja”.",https://nexo-local-studio-public.vercel.app,https://wa.me/5114665676?text=Hola%2C%20buen%20d%C3%ADa.%0A%0ASomos%20Nexo%20Local%20Studio.%20Hacemos%20p%C3%A1ginas%20web%20profesionales%20para%20negocios%20que%20quieren%20mostrar%20servicios%2C%20ubicaci%C3%B3n%20y%20contacto%20de%20forma%20clara%20desde%20el%20celular.%0A%0ATambi%C3%A9n%20podemos%20integrar%20un%20asistente%20con%20IA%20que%20responde%20preguntas%20frecuentes%20y%20gu%C3%ADa%20al%20cliente%20hacia%20WhatsApp.%0A%0APueden%20ver%20nuestra%20p%C3%A1gina%20aqu%C3%AD%3A%0Ahttps%3A%2F%2Fnexo-local-studio-public.vercel.app%0A%0ATenemos%20precios%20de%20lanzamiento%20desde%20%242%2C500%20MXN.%20Si%20les%20interesa%2C%20podemos%20enviarles%20una%20propuesta%20breve.%0A%0ASi%20prefieren%20no%20recibir%20m%C3%A1s%20mensajes%2C%20respondan%20%E2%80%9Cbaja%E2%80%9D.,528,786,url_valid,blocked_not_verified,,,,El registro público de OpenStreetMap no incluye sitio web oficial. Fuente: OpenStreetMap. Rating/reseñas no disponibles en esta fuente.
B,12,Los Piuranos,Restaurante boutique,Peru,Lima,Miraflores/San Isidro/Surco/La Molina/Barranco,5114214705,pending_manual_check,"Hola, buen día.

Somos Nexo Local Studio. Hacemos páginas web profesionales para negocios que quieren mostrar servicios, ubicación y contacto de forma clara desde el celular.

También podemos integrar un asistente con IA que responde preguntas frecuentes y guía al cliente hacia WhatsApp.

Pueden ver nuestra página aquí:
https://nexo-local-studio-public.vercel.app

Tenemos precios de lanzamiento desde $2,500 MXN. Si les interesa, podemos enviarles una propuesta breve.

Si prefieren no recibir más mensajes, respondan “baja”.",https://nexo-local-studio-public.vercel.app,https://wa.me/5114214705?text=Hola%2C%20buen%20d%C3%ADa.%0A%0ASomos%20Nexo%20Local%20Studio.%20Hacemos%20p%C3%A1ginas%20web%20profesionales%20para%20negocios%20que%20quieren%20mostrar%20servicios%2C%20ubicaci%C3%B3n%20y%20contacto%20de%20forma%20clara%20desde%20el%20celular.%0A%0ATambi%C3%A9n%20podemos%20integrar%20un%20asistente%20con%20IA%20que%20responde%20preguntas%20frecuentes%20y%20gu%C3%ADa%20al%20cliente%20hacia%20WhatsApp.%0A%0APueden%20ver%20nuestra%20p%C3%A1gina%20aqu%C3%AD%3A%0Ahttps%3A%2F%2Fnexo-local-studio-public.vercel.app%0A%0ATenemos%20precios%20de%20lanzamiento%20desde%20%242%2C500%20MXN.%20Si%20les%20interesa%2C%20podemos%20enviarles%20una%20propuesta%20breve.%0A%0ASi%20prefieren%20no%20recibir%20m%C3%A1s%20mensajes%2C%20respondan%20%E2%80%9Cbaja%E2%80%9D.,528,786,url_valid,blocked_not_verified,,,,El registro público de OpenStreetMap no incluye sitio web oficial. Fuente: OpenStreetMap. Rating/reseñas no disponibles en esta fuente.
B,12,Centro de Estudios Idiomas del Mundo,Academia privada,Peru,Lima,Miraflores/San Isidro/Surco/La Molina/Barranco,5114220738,pending_manual_check,"Hola, buen día.

Somos Nexo Local Studio. Hacemos páginas web profesionales para negocios que quieren mostrar servicios, ubicación y contacto de forma clara desde el celular.

También podemos integrar un asistente con IA que responde preguntas frecuentes y guía al cliente hacia WhatsApp.

Pueden ver nuestra página aquí:
https://nexo-local-studio-public.vercel.app

Tenemos precios de lanzamiento desde $2,500 MXN. Si les interesa, podemos enviarles una propuesta breve.

Si prefieren no recibir más mensajes, respondan “baja”.",https://nexo-local-studio-public.vercel.app,https://wa.me/5114220738?text=Hola%2C%20buen%20d%C3%ADa.%0A%0ASomos%20Nexo%20Local%20Studio.%20Hacemos%20p%C3%A1ginas%20web%20profesionales%20para%20negocios%20que%20quieren%20mostrar%20servicios%2C%20ubicaci%C3%B3n%20y%20contacto%20de%20forma%20clara%20desde%20el%20celular.%0A%0ATambi%C3%A9n%20podemos%20integrar%20un%20asistente%20con%20IA%20que%20responde%20preguntas%20frecuentes%20y%20gu%C3%ADa%20al%20cliente%20hacia%20WhatsApp.%0A%0APueden%20ver%20nuestra%20p%C3%A1gina%20aqu%C3%AD%3A%0Ahttps%3A%2F%2Fnexo-local-studio-public.vercel.app%0A%0ATenemos%20precios%20de%20lanzamiento%20desde%20%242%2C500%20MXN.%20Si%20les%20interesa%2C%20podemos%20enviarles%20una%20propuesta%20breve.%0A%0ASi%20prefieren%20no%20recibir%20m%C3%A1s%20mensajes%2C%20respondan%20%E2%80%9Cbaja%E2%80%9D.,528,786,url_valid,blocked_not_verified,,,,El registro público de OpenStreetMap no incluye sitio web oficial. Fuente: OpenStreetMap. Rating/reseñas no disponibles en esta fuente.
B,12,Arlotia,Restaurante boutique,Peru,Lima,Miraflores/San Isidro/Surco/La Molina/Barranco,5112562269,pending_manual_check,"Hola, buen día.

Somos Nexo Local Studio. Hacemos páginas web profesionales para negocios que quieren mostrar servicios, ubicación y contacto de forma clara desde el celular.

También podemos integrar un asistente con IA que responde preguntas frecuentes y guía al cliente hacia WhatsApp.

Pueden ver nuestra página aquí:
https://nexo-local-studio-public.vercel.app

Tenemos precios de lanzamiento desde $2,500 MXN. Si les interesa, podemos enviarles una propuesta breve.

Si prefieren no recibir más mensajes, respondan “baja”.",https://nexo-local-studio-public.vercel.app,https://wa.me/5112562269?text=Hola%2C%20buen%20d%C3%ADa.%0A%0ASomos%20Nexo%20Local%20Studio.%20Hacemos%20p%C3%A1ginas%20web%20profesionales%20para%20negocios%20que%20quieren%20mostrar%20servicios%2C%20ubicaci%C3%B3n%20y%20contacto%20de%20forma%20clara%20desde%20el%20celular.%0A%0ATambi%C3%A9n%20podemos%20integrar%20un%20asistente%20con%20IA%20que%20responde%20preguntas%20frecuentes%20y%20gu%C3%ADa%20al%20cliente%20hacia%20WhatsApp.%0A%0APueden%20ver%20nuestra%20p%C3%A1gina%20aqu%C3%AD%3A%0Ahttps%3A%2F%2Fnexo-local-studio-public.vercel.app%0A%0ATenemos%20precios%20de%20lanzamiento%20desde%20%242%2C500%20MXN.%20Si%20les%20interesa%2C%20podemos%20enviarles%20una%20propuesta%20breve.%0A%0ASi%20prefieren%20no%20recibir%20m%C3%A1s%20mensajes%2C%20respondan%20%E2%80%9Cbaja%E2%80%9D.,528,786,url_valid,blocked_not_verified,,,,El registro público de OpenStreetMap no incluye sitio web oficial. Fuente: OpenStreetMap. Rating/reseñas no disponibles en esta fuente.
B,12,Defino Mar,Restaurante boutique,Peru,Lima,Miraflores/San Isidro/Surco/La Molina/Barranco,5114453470,pending_manual_check,"Hola, buen día.

Somos Nexo Local Studio. Hacemos páginas web profesionales para negocios que quieren mostrar servicios, ubicación y contacto de forma clara desde el celular.

También podemos integrar un asistente con IA que responde preguntas frecuentes y guía al cliente hacia WhatsApp.

Pueden ver nuestra página aquí:
https://nexo-local-studio-public.vercel.app

Tenemos precios de lanzamiento desde $2,500 MXN. Si les interesa, podemos enviarles una propuesta breve.

Si prefieren no recibir más mensajes, respondan “baja”.",https://nexo-local-studio-public.vercel.app,https://wa.me/5114453470?text=Hola%2C%20buen%20d%C3%ADa.%0A%0ASomos%20Nexo%20Local%20Studio.%20Hacemos%20p%C3%A1ginas%20web%20profesionales%20para%20negocios%20que%20quieren%20mostrar%20servicios%2C%20ubicaci%C3%B3n%20y%20contacto%20de%20forma%20clara%20desde%20el%20celular.%0A%0ATambi%C3%A9n%20podemos%20integrar%20un%20asistente%20con%20IA%20que%20responde%20preguntas%20frecuentes%20y%20gu%C3%ADa%20al%20cliente%20hacia%20WhatsApp.%0A%0APueden%20ver%20nuestra%20p%C3%A1gina%20aqu%C3%AD%3A%0Ahttps%3A%2F%2Fnexo-local-studio-public.vercel.app%0A%0ATenemos%20precios%20de%20lanzamiento%20desde%20%242%2C500%20MXN.%20Si%20les%20interesa%2C%20podemos%20enviarles%20una%20propuesta%20breve.%0A%0ASi%20prefieren%20no%20recibir%20m%C3%A1s%20mensajes%2C%20respondan%20%E2%80%9Cbaja%E2%80%9D.,528,786,url_valid,blocked_not_verified,,,,El registro público de OpenStreetMap no incluye sitio web oficial. Fuente: OpenStreetMap. Rating/reseñas no disponibles en esta fuente.
B,12,Punta Sal,Restaurante boutique,Peru,Lima,Miraflores/San Isidro/Surco/La Molina/Barranco,5114417431,pending_manual_check,"Hola, buen día.

Somos Nexo Local Studio. Hacemos páginas web profesionales para negocios que quieren mostrar servicios, ubicación y contacto de forma clara desde el celular.

También podemos integrar un asistente con IA que responde preguntas frecuentes y guía al cliente hacia WhatsApp.

Pueden ver nuestra página aquí:
https://nexo-local-studio-public.vercel.app

Tenemos precios de lanzamiento desde $2,500 MXN. Si les interesa, podemos enviarles una propuesta breve.

Si prefieren no recibir más mensajes, respondan “baja”.",https://nexo-local-studio-public.vercel.app,https://wa.me/5114417431?text=Hola%2C%20buen%20d%C3%ADa.%0A%0ASomos%20Nexo%20Local%20Studio.%20Hacemos%20p%C3%A1ginas%20web%20profesionales%20para%20negocios%20que%20quieren%20mostrar%20servicios%2C%20ubicaci%C3%B3n%20y%20contacto%20de%20forma%20clara%20desde%20el%20celular.%0A%0ATambi%C3%A9n%20podemos%20integrar%20un%20asistente%20con%20IA%20que%20responde%20preguntas%20frecuentes%20y%20gu%C3%ADa%20al%20cliente%20hacia%20WhatsApp.%0A%0APueden%20ver%20nuestra%20p%C3%A1gina%20aqu%C3%AD%3A%0Ahttps%3A%2F%2Fnexo-local-studio-public.vercel.app%0A%0ATenemos%20precios%20de%20lanzamiento%20desde%20%242%2C500%20MXN.%20Si%20les%20interesa%2C%20podemos%20enviarles%20una%20propuesta%20breve.%0A%0ASi%20prefieren%20no%20recibir%20m%C3%A1s%20mensajes%2C%20respondan%20%E2%80%9Cbaja%E2%80%9D.,528,786,url_valid,blocked_not_verified,,,,El registro público de OpenStreetMap no incluye sitio web oficial. Fuente: OpenStreetMap. Rating/reseñas no disponibles en esta fuente.
B,12,Cevicheria La Bahia Secreta,Restaurante boutique,Peru,Lima,Miraflores/San Isidro/Surco/La Molina/Barranco,5114359075,pending_manual_check,"Hola, buen día.

Somos Nexo Local Studio. Hacemos páginas web profesionales para negocios que quieren mostrar servicios, ubicación y contacto de forma clara desde el celular.

También podemos integrar un asistente con IA que responde preguntas frecuentes y guía al cliente hacia WhatsApp.

Pueden ver nuestra página aquí:
https://nexo-local-studio-public.vercel.app

Tenemos precios de lanzamiento desde $2,500 MXN. Si les interesa, podemos enviarles una propuesta breve.

Si prefieren no recibir más mensajes, respondan “baja”.",https://nexo-local-studio-public.vercel.app,https://wa.me/5114359075?text=Hola%2C%20buen%20d%C3%ADa.%0A%0ASomos%20Nexo%20Local%20Studio.%20Hacemos%20p%C3%A1ginas%20web%20profesionales%20para%20negocios%20que%20quieren%20mostrar%20servicios%2C%20ubicaci%C3%B3n%20y%20contacto%20de%20forma%20clara%20desde%20el%20celular.%0A%0ATambi%C3%A9n%20podemos%20integrar%20un%20asistente%20con%20IA%20que%20responde%20preguntas%20frecuentes%20y%20gu%C3%ADa%20al%20cliente%20hacia%20WhatsApp.%0A%0APueden%20ver%20nuestra%20p%C3%A1gina%20aqu%C3%AD%3A%0Ahttps%3A%2F%2Fnexo-local-studio-public.vercel.app%0A%0ATenemos%20precios%20de%20lanzamiento%20desde%20%242%2C500%20MXN.%20Si%20les%20interesa%2C%20podemos%20enviarles%20una%20propuesta%20breve.%0A%0ASi%20prefieren%20no%20recibir%20m%C3%A1s%20mensajes%2C%20respondan%20%E2%80%9Cbaja%E2%80%9D.,528,786,url_valid,blocked_not_verified,,,,El registro público de OpenStreetMap no incluye sitio web oficial. Fuente: OpenStreetMap. Rating/reseñas no disponibles en esta fuente.
B,12,Como Agua para Chocolate,Restaurante boutique,Peru,Lima,Miraflores/San Isidro/Surco/La Molina/Barranco,5112220297,pending_manual_check,"Hola, buen día.

Somos Nexo Local Studio. Hacemos páginas web profesionales para negocios que quieren mostrar servicios, ubicación y contacto de forma clara desde el celular.

También podemos integrar un asistente con IA que responde preguntas frecuentes y guía al cliente hacia WhatsApp.

Pueden ver nuestra página aquí:
https://nexo-local-studio-public.vercel.app

Tenemos precios de lanzamiento desde $2,500 MXN. Si les interesa, podemos enviarles una propuesta breve.

Si prefieren no recibir más mensajes, respondan “baja”.",https://nexo-local-studio-public.vercel.app,https://wa.me/5112220297?text=Hola%2C%20buen%20d%C3%ADa.%0A%0ASomos%20Nexo%20Local%20Studio.%20Hacemos%20p%C3%A1ginas%20web%20profesionales%20para%20negocios%20que%20quieren%20mostrar%20servicios%2C%20ubicaci%C3%B3n%20y%20contacto%20de%20forma%20clara%20desde%20el%20celular.%0A%0ATambi%C3%A9n%20podemos%20integrar%20un%20asistente%20con%20IA%20que%20responde%20preguntas%20frecuentes%20y%20gu%C3%ADa%20al%20cliente%20hacia%20WhatsApp.%0A%0APueden%20ver%20nuestra%20p%C3%A1gina%20aqu%C3%AD%3A%0Ahttps%3A%2F%2Fnexo-local-studio-public.vercel.app%0A%0ATenemos%20precios%20de%20lanzamiento%20desde%20%242%2C500%20MXN.%20Si%20les%20interesa%2C%20podemos%20enviarles%20una%20propuesta%20breve.%0A%0ASi%20prefieren%20no%20recibir%20m%C3%A1s%20mensajes%2C%20respondan%20%E2%80%9Cbaja%E2%80%9D.,528,786,url_valid,blocked_not_verified,,,,El registro público de OpenStreetMap no incluye sitio web oficial. Fuente: OpenStreetMap. Rating/reseñas no disponibles en esta fuente.
B,12,Long Horn Grill and Drinks,Restaurante boutique,Peru,Lima,Miraflores/San Isidro/Surco/La Molina/Barranco,5114357794,pending_manual_check,"Hola, buen día.

Somos Nexo Local Studio. Hacemos páginas web profesionales para negocios que quieren mostrar servicios, ubicación y contacto de forma clara desde el celular.

También podemos integrar un asistente con IA que responde preguntas frecuentes y guía al cliente hacia WhatsApp.

Pueden ver nuestra página aquí:
https://nexo-local-studio-public.vercel.app

Tenemos precios de lanzamiento desde $2,500 MXN. Si les interesa, podemos enviarles una propuesta breve.

Si prefieren no recibir más mensajes, respondan “baja”.",https://nexo-local-studio-public.vercel.app,https://wa.me/5114357794?text=Hola%2C%20buen%20d%C3%ADa.%0A%0ASomos%20Nexo%20Local%20Studio.%20Hacemos%20p%C3%A1ginas%20web%20profesionales%20para%20negocios%20que%20quieren%20mostrar%20servicios%2C%20ubicaci%C3%B3n%20y%20contacto%20de%20forma%20clara%20desde%20el%20celular.%0A%0ATambi%C3%A9n%20podemos%20integrar%20un%20asistente%20con%20IA%20que%20responde%20preguntas%20frecuentes%20y%20gu%C3%ADa%20al%20cliente%20hacia%20WhatsApp.%0A%0APueden%20ver%20nuestra%20p%C3%A1gina%20aqu%C3%AD%3A%0Ahttps%3A%2F%2Fnexo-local-studio-public.vercel.app%0A%0ATenemos%20precios%20de%20lanzamiento%20desde%20%242%2C500%20MXN.%20Si%20les%20interesa%2C%20podemos%20enviarles%20una%20propuesta%20breve.%0A%0ASi%20prefieren%20no%20recibir%20m%C3%A1s%20mensajes%2C%20respondan%20%E2%80%9Cbaja%E2%80%9D.,528,786,url_valid,blocked_not_verified,,,,El registro público de OpenStreetMap no incluye sitio web oficial. Fuente: OpenStreetMap. Rating/reseñas no disponibles en esta fuente.
B,12,Il Postino,Restaurante boutique,Peru,Lima,Miraflores/San Isidro/Surco/La Molina/Barranco,5114458856,pending_manual_check,"Hola, buen día.

Somos Nexo Local Studio. Hacemos páginas web profesionales para negocios que quieren mostrar servicios, ubicación y contacto de forma clara desde el celular.

También podemos integrar un asistente con IA que responde preguntas frecuentes y guía al cliente hacia WhatsApp.

Pueden ver nuestra página aquí:
https://nexo-local-studio-public.vercel.app

Tenemos precios de lanzamiento desde $2,500 MXN. Si les interesa, podemos enviarles una propuesta breve.

Si prefieren no recibir más mensajes, respondan “baja”.",https://nexo-local-studio-public.vercel.app,https://wa.me/5114458856?text=Hola%2C%20buen%20d%C3%ADa.%0A%0ASomos%20Nexo%20Local%20Studio.%20Hacemos%20p%C3%A1ginas%20web%20profesionales%20para%20negocios%20que%20quieren%20mostrar%20servicios%2C%20ubicaci%C3%B3n%20y%20contacto%20de%20forma%20clara%20desde%20el%20celular.%0A%0ATambi%C3%A9n%20podemos%20integrar%20un%20asistente%20con%20IA%20que%20responde%20preguntas%20frecuentes%20y%20gu%C3%ADa%20al%20cliente%20hacia%20WhatsApp.%0A%0APueden%20ver%20nuestra%20p%C3%A1gina%20aqu%C3%AD%3A%0Ahttps%3A%2F%2Fnexo-local-studio-public.vercel.app%0A%0ATenemos%20precios%20de%20lanzamiento%20desde%20%242%2C500%20MXN.%20Si%20les%20interesa%2C%20podemos%20enviarles%20una%20propuesta%20breve.%0A%0ASi%20prefieren%20no%20recibir%20m%C3%A1s%20mensajes%2C%20respondan%20%E2%80%9Cbaja%E2%80%9D.,528,786,url_valid,blocked_not_verified,,,,El registro público de OpenStreetMap no incluye sitio web oficial. Fuente: OpenStreetMap. Rating/reseñas no disponibles en esta fuente.
B,12,Jerónimo,Restaurante boutique,Peru,Lima,Miraflores/San Isidro/Surco/La Molina/Barranco,5114947336,pending_manual_check,"Hola, buen día.

Somos Nexo Local Studio. Hacemos páginas web profesionales para negocios que quieren mostrar servicios, ubicación y contacto de forma clara desde el celular.

También podemos integrar un asistente con IA que responde preguntas frecuentes y guía al cliente hacia WhatsApp.

Pueden ver nuestra página aquí:
https://nexo-local-studio-public.vercel.app

Tenemos precios de lanzamiento desde $2,500 MXN. Si les interesa, podemos enviarles una propuesta breve.

Si prefieren no recibir más mensajes, respondan “baja”.",https://nexo-local-studio-public.vercel.app,https://wa.me/5114947336?text=Hola%2C%20buen%20d%C3%ADa.%0A%0ASomos%20Nexo%20Local%20Studio.%20Hacemos%20p%C3%A1ginas%20web%20profesionales%20para%20negocios%20que%20quieren%20mostrar%20servicios%2C%20ubicaci%C3%B3n%20y%20contacto%20de%20forma%20clara%20desde%20el%20celular.%0A%0ATambi%C3%A9n%20podemos%20integrar%20un%20asistente%20con%20IA%20que%20responde%20preguntas%20frecuentes%20y%20gu%C3%ADa%20al%20cliente%20hacia%20WhatsApp.%0A%0APueden%20ver%20nuestra%20p%C3%A1gina%20aqu%C3%AD%3A%0Ahttps%3A%2F%2Fnexo-local-studio-public.vercel.app%0A%0ATenemos%20precios%20de%20lanzamiento%20desde%20%242%2C500%20MXN.%20Si%20les%20interesa%2C%20podemos%20enviarles%20una%20propuesta%20breve.%0A%0ASi%20prefieren%20no%20recibir%20m%C3%A1s%20mensajes%2C%20respondan%20%E2%80%9Cbaja%E2%80%9D.,528,786,url_valid,blocked_not_verified,,,,El registro público de OpenStreetMap no incluye sitio web oficial. Fuente: OpenStreetMap. Rating/reseñas no disponibles en esta fuente.
A,15,EsSalud Policlínico San Luis,Clínica estética,Peru,Lima,Miraflores/San Isidro/Surco/La Molina/Barranco,5113262599,pending_manual_check,"Hola, buen día.

Somos Nexo Local Studio. Hacemos páginas web profesionales para negocios que quieren mostrar servicios, ubicación y contacto de forma clara desde el celular.

También podemos integrar un asistente con IA que responde preguntas frecuentes y guía al cliente hacia WhatsApp.

Pueden ver nuestra página aquí:
https://nexo-local-studio-public.vercel.app

Tenemos precios de lanzamiento desde $2,500 MXN. Si les interesa, podemos enviarles una propuesta breve.

Si prefieren no recibir más mensajes, respondan “baja”.",https://nexo-local-studio-public.vercel.app,https://wa.me/5113262599?text=Hola%2C%20buen%20d%C3%ADa.%0A%0ASomos%20Nexo%20Local%20Studio.%20Hacemos%20p%C3%A1ginas%20web%20profesionales%20para%20negocios%20que%20quieren%20mostrar%20servicios%2C%20ubicaci%C3%B3n%20y%20contacto%20de%20forma%20clara%20desde%20el%20celular.%0A%0ATambi%C3%A9n%20podemos%20integrar%20un%20asistente%20con%20IA%20que%20responde%20preguntas%20frecuentes%20y%20gu%C3%ADa%20al%20cliente%20hacia%20WhatsApp.%0A%0APueden%20ver%20nuestra%20p%C3%A1gina%20aqu%C3%AD%3A%0Ahttps%3A%2F%2Fnexo-local-studio-public.vercel.app%0A%0ATenemos%20precios%20de%20lanzamiento%20desde%20%242%2C500%20MXN.%20Si%20les%20interesa%2C%20podemos%20enviarles%20una%20propuesta%20breve.%0A%0ASi%20prefieren%20no%20recibir%20m%C3%A1s%20mensajes%2C%20respondan%20%E2%80%9Cbaja%E2%80%9D.,528,786,url_valid,blocked_not_verified,,,,El registro público de OpenStreetMap no incluye sitio web oficial. Fuente: OpenStreetMap. Rating/reseñas no disponibles en esta fuente.
B,12,Ache,Restaurante boutique,Peru,Lima,Miraflores/San Isidro/Surco/La Molina/Barranco,5112219315,pending_manual_check,"Hola, buen día.

Somos Nexo Local Studio. Hacemos páginas web profesionales para negocios que quieren mostrar servicios, ubicación y contacto de forma clara desde el celular.

También podemos integrar un asistente con IA que responde preguntas frecuentes y guía al cliente hacia WhatsApp.

Pueden ver nuestra página aquí:
https://nexo-local-studio-public.vercel.app

Tenemos precios de lanzamiento desde $2,500 MXN. Si les interesa, podemos enviarles una propuesta breve.

Si prefieren no recibir más mensajes, respondan “baja”.",https://nexo-local-studio-public.vercel.app,https://wa.me/5112219315?text=Hola%2C%20buen%20d%C3%ADa.%0A%0ASomos%20Nexo%20Local%20Studio.%20Hacemos%20p%C3%A1ginas%20web%20profesionales%20para%20negocios%20que%20quieren%20mostrar%20servicios%2C%20ubicaci%C3%B3n%20y%20contacto%20de%20forma%20clara%20desde%20el%20celular.%0A%0ATambi%C3%A9n%20podemos%20integrar%20un%20asistente%20con%20IA%20que%20responde%20preguntas%20frecuentes%20y%20gu%C3%ADa%20al%20cliente%20hacia%20WhatsApp.%0A%0APueden%20ver%20nuestra%20p%C3%A1gina%20aqu%C3%AD%3A%0Ahttps%3A%2F%2Fnexo-local-studio-public.vercel.app%0A%0ATenemos%20precios%20de%20lanzamiento%20desde%20%242%2C500%20MXN.%20Si%20les%20interesa%2C%20podemos%20enviarles%20una%20propuesta%20breve.%0A%0ASi%20prefieren%20no%20recibir%20m%C3%A1s%20mensajes%2C%20respondan%20%E2%80%9Cbaja%E2%80%9D.,528,786,url_valid,blocked_not_verified,,,,El registro público de OpenStreetMap no incluye sitio web oficial. Fuente: OpenStreetMap. Rating/reseñas no disponibles en esta fuente.
A,14,MundoCan,Veterinaria,Peru,Lima,Miraflores/San Isidro/Surco/La Molina/Barranco,5116610446,pending_manual_check,"Hola, buen día.

Somos Nexo Local Studio. Hacemos páginas web profesionales para negocios que quieren mostrar servicios, ubicación y contacto de forma clara desde el celular.

También podemos integrar un asistente con IA que responde preguntas frecuentes y guía al cliente hacia WhatsApp.

Pueden ver nuestra página aquí:
https://nexo-local-studio-public.vercel.app

Tenemos precios de lanzamiento desde $2,500 MXN. Si les interesa, podemos enviarles una propuesta breve.

Si prefieren no recibir más mensajes, respondan “baja”.",https://nexo-local-studio-public.vercel.app,https://wa.me/5116610446?text=Hola%2C%20buen%20d%C3%ADa.%0A%0ASomos%20Nexo%20Local%20Studio.%20Hacemos%20p%C3%A1ginas%20web%20profesionales%20para%20negocios%20que%20quieren%20mostrar%20servicios%2C%20ubicaci%C3%B3n%20y%20contacto%20de%20forma%20clara%20desde%20el%20celular.%0A%0ATambi%C3%A9n%20podemos%20integrar%20un%20asistente%20con%20IA%20que%20responde%20preguntas%20frecuentes%20y%20gu%C3%ADa%20al%20cliente%20hacia%20WhatsApp.%0A%0APueden%20ver%20nuestra%20p%C3%A1gina%20aqu%C3%AD%3A%0Ahttps%3A%2F%2Fnexo-local-studio-public.vercel.app%0A%0ATenemos%20precios%20de%20lanzamiento%20desde%20%242%2C500%20MXN.%20Si%20les%20interesa%2C%20podemos%20enviarles%20una%20propuesta%20breve.%0A%0ASi%20prefieren%20no%20recibir%20m%C3%A1s%20mensajes%2C%20respondan%20%E2%80%9Cbaja%E2%80%9D.,528,786,url_valid,blocked_not_verified,,,,El registro público de OpenStreetMap no incluye sitio web oficial. Fuente: OpenStreetMap. Rating/reseñas no disponibles en esta fuente.
A,15,Dental Zegarra,Dental,Peru,Lima,Miraflores/San Isidro/Surco/La Molina/Barranco,5114366986,pending_manual_check,"Hola, buen día.

Somos Nexo Local Studio. Hacemos páginas web profesionales para negocios que quieren mostrar servicios, ubicación y contacto de forma clara desde el celular.

También podemos integrar un asistente con IA que responde preguntas frecuentes y guía al cliente hacia WhatsApp.

Pueden ver nuestra página aquí:
https://nexo-local-studio-public.vercel.app

Tenemos precios de lanzamiento desde $2,500 MXN. Si les interesa, podemos enviarles una propuesta breve.

Si prefieren no recibir más mensajes, respondan “baja”.",https://nexo-local-studio-public.vercel.app,https://wa.me/5114366986?text=Hola%2C%20buen%20d%C3%ADa.%0A%0ASomos%20Nexo%20Local%20Studio.%20Hacemos%20p%C3%A1ginas%20web%20profesionales%20para%20negocios%20que%20quieren%20mostrar%20servicios%2C%20ubicaci%C3%B3n%20y%20contacto%20de%20forma%20clara%20desde%20el%20celular.%0A%0ATambi%C3%A9n%20podemos%20integrar%20un%20asistente%20con%20IA%20que%20responde%20preguntas%20frecuentes%20y%20gu%C3%ADa%20al%20cliente%20hacia%20WhatsApp.%0A%0APueden%20ver%20nuestra%20p%C3%A1gina%20aqu%C3%AD%3A%0Ahttps%3A%2F%2Fnexo-local-studio-public.vercel.app%0A%0ATenemos%20precios%20de%20lanzamiento%20desde%20%242%2C500%20MXN.%20Si%20les%20interesa%2C%20podemos%20enviarles%20una%20propuesta%20breve.%0A%0ASi%20prefieren%20no%20recibir%20m%C3%A1s%20mensajes%2C%20respondan%20%E2%80%9Cbaja%E2%80%9D.,528,786,url_valid,blocked_not_verified,,,,El registro público de OpenStreetMap no incluye sitio web oficial. Fuente: OpenStreetMap. Rating/reseñas no disponibles en esta fuente.
B,12,Pizzería Massima,Restaurante boutique,Peru,Lima,Miraflores/San Isidro/Surco/La Molina/Barranco,5114376184,pending_manual_check,"Hola, buen día.

Somos Nexo Local Studio. Hacemos páginas web profesionales para negocios que quieren mostrar servicios, ubicación y contacto de forma clara desde el celular.

También podemos integrar un asistente con IA que responde preguntas frecuentes y guía al cliente hacia WhatsApp.

Pueden ver nuestra página aquí:
https://nexo-local-studio-public.vercel.app

Tenemos precios de lanzamiento desde $2,500 MXN. Si les interesa, podemos enviarles una propuesta breve.

Si prefieren no recibir más mensajes, respondan “baja”.",https://nexo-local-studio-public.vercel.app,https://wa.me/5114376184?text=Hola%2C%20buen%20d%C3%ADa.%0A%0ASomos%20Nexo%20Local%20Studio.%20Hacemos%20p%C3%A1ginas%20web%20profesionales%20para%20negocios%20que%20quieren%20mostrar%20servicios%2C%20ubicaci%C3%B3n%20y%20contacto%20de%20forma%20clara%20desde%20el%20celular.%0A%0ATambi%C3%A9n%20podemos%20integrar%20un%20asistente%20con%20IA%20que%20responde%20preguntas%20frecuentes%20y%20gu%C3%ADa%20al%20cliente%20hacia%20WhatsApp.%0A%0APueden%20ver%20nuestra%20p%C3%A1gina%20aqu%C3%AD%3A%0Ahttps%3A%2F%2Fnexo-local-studio-public.vercel.app%0A%0ATenemos%20precios%20de%20lanzamiento%20desde%20%242%2C500%20MXN.%20Si%20les%20interesa%2C%20podemos%20enviarles%20una%20propuesta%20breve.%0A%0ASi%20prefieren%20no%20recibir%20m%C3%A1s%20mensajes%2C%20respondan%20%E2%80%9Cbaja%E2%80%9D.,528,786,url_valid,blocked_not_verified,,,,El registro público de OpenStreetMap no incluye sitio web oficial. Fuente: OpenStreetMap. Rating/reseñas no disponibles en esta fuente.
A,15,Kabelo,Clínica estética,Peru,Lima,Miraflores/San Isidro/Surco/La Molina/Barranco,5114361807,pending_manual_check,"Hola, buen día.

Somos Nexo Local Studio. Hacemos páginas web profesionales para negocios que quieren mostrar servicios, ubicación y contacto de forma clara desde el celular.

También podemos integrar un asistente con IA que responde preguntas frecuentes y guía al cliente hacia WhatsApp.

Pueden ver nuestra página aquí:
https://nexo-local-studio-public.vercel.app

Tenemos precios de lanzamiento desde $2,500 MXN. Si les interesa, podemos enviarles una propuesta breve.

Si prefieren no recibir más mensajes, respondan “baja”.",https://nexo-local-studio-public.vercel.app,https://wa.me/5114361807?text=Hola%2C%20buen%20d%C3%ADa.%0A%0ASomos%20Nexo%20Local%20Studio.%20Hacemos%20p%C3%A1ginas%20web%20profesionales%20para%20negocios%20que%20quieren%20mostrar%20servicios%2C%20ubicaci%C3%B3n%20y%20contacto%20de%20forma%20clara%20desde%20el%20celular.%0A%0ATambi%C3%A9n%20podemos%20integrar%20un%20asistente%20con%20IA%20que%20responde%20preguntas%20frecuentes%20y%20gu%C3%ADa%20al%20cliente%20hacia%20WhatsApp.%0A%0APueden%20ver%20nuestra%20p%C3%A1gina%20aqu%C3%AD%3A%0Ahttps%3A%2F%2Fnexo-local-studio-public.vercel.app%0A%0ATenemos%20precios%20de%20lanzamiento%20desde%20%242%2C500%20MXN.%20Si%20les%20interesa%2C%20podemos%20enviarles%20una%20propuesta%20breve.%0A%0ASi%20prefieren%20no%20recibir%20m%C3%A1s%20mensajes%2C%20respondan%20%E2%80%9Cbaja%E2%80%9D.,528,786,url_valid,blocked_not_verified,,,,El registro público de OpenStreetMap no incluye sitio web oficial. Fuente: OpenStreetMap. Rating/reseñas no disponibles en esta fuente.
A,14,viPets,Veterinaria,Peru,Lima,Miraflores/San Isidro/Surco/La Molina/Barranco,5114346058,pending_manual_check,"Hola, buen día.

Somos Nexo Local Studio. Hacemos páginas web profesionales para negocios que quieren mostrar servicios, ubicación y contacto de forma clara desde el celular.

También podemos integrar un asistente con IA que responde preguntas frecuentes y guía al cliente hacia WhatsApp.

Pueden ver nuestra página aquí:
https://nexo-local-studio-public.vercel.app

Tenemos precios de lanzamiento desde $2,500 MXN. Si les interesa, podemos enviarles una propuesta breve.

Si prefieren no recibir más mensajes, respondan “baja”.",https://nexo-local-studio-public.vercel.app,https://wa.me/5114346058?text=Hola%2C%20buen%20d%C3%ADa.%0A%0ASomos%20Nexo%20Local%20Studio.%20Hacemos%20p%C3%A1ginas%20web%20profesionales%20para%20negocios%20que%20quieren%20mostrar%20servicios%2C%20ubicaci%C3%B3n%20y%20contacto%20de%20forma%20clara%20desde%20el%20celular.%0A%0ATambi%C3%A9n%20podemos%20integrar%20un%20asistente%20con%20IA%20que%20responde%20preguntas%20frecuentes%20y%20gu%C3%ADa%20al%20cliente%20hacia%20WhatsApp.%0A%0APueden%20ver%20nuestra%20p%C3%A1gina%20aqu%C3%AD%3A%0Ahttps%3A%2F%2Fnexo-local-studio-public.vercel.app%0A%0ATenemos%20precios%20de%20lanzamiento%20desde%20%242%2C500%20MXN.%20Si%20les%20interesa%2C%20podemos%20enviarles%20una%20propuesta%20breve.%0A%0ASi%20prefieren%20no%20recibir%20m%C3%A1s%20mensajes%2C%20respondan%20%E2%80%9Cbaja%E2%80%9D.,528,786,url_valid,blocked_not_verified,,,,El registro público de OpenStreetMap no incluye sitio web oficial. Fuente: OpenStreetMap. Rating/reseñas no disponibles en esta fuente.
A,15,Ellas Spa,Clínica estética,Peru,Lima,Miraflores/San Isidro/Surco/La Molina/Barranco,5113588119,pending_manual_check,"Hola, buen día.

Somos Nexo Local Studio. Hacemos páginas web profesionales para negocios que quieren mostrar servicios, ubicación y contacto de forma clara desde el celular.

También podemos integrar un asistente con IA que responde preguntas frecuentes y guía al cliente hacia WhatsApp.

Pueden ver nuestra página aquí:
https://nexo-local-studio-public.vercel.app

Tenemos precios de lanzamiento desde $2,500 MXN. Si les interesa, podemos enviarles una propuesta breve.

Si prefieren no recibir más mensajes, respondan “baja”.",https://nexo-local-studio-public.vercel.app,https://wa.me/5113588119?text=Hola%2C%20buen%20d%C3%ADa.%0A%0ASomos%20Nexo%20Local%20Studio.%20Hacemos%20p%C3%A1ginas%20web%20profesionales%20para%20negocios%20que%20quieren%20mostrar%20servicios%2C%20ubicaci%C3%B3n%20y%20contacto%20de%20forma%20clara%20desde%20el%20celular.%0A%0ATambi%C3%A9n%20podemos%20integrar%20un%20asistente%20con%20IA%20que%20responde%20preguntas%20frecuentes%20y%20gu%C3%ADa%20al%20cliente%20hacia%20WhatsApp.%0A%0APueden%20ver%20nuestra%20p%C3%A1gina%20aqu%C3%AD%3A%0Ahttps%3A%2F%2Fnexo-local-studio-public.vercel.app%0A%0ATenemos%20precios%20de%20lanzamiento%20desde%20%242%2C500%20MXN.%20Si%20les%20interesa%2C%20podemos%20enviarles%20una%20propuesta%20breve.%0A%0ASi%20prefieren%20no%20recibir%20m%C3%A1s%20mensajes%2C%20respondan%20%E2%80%9Cbaja%E2%80%9D.,528,786,url_valid,blocked_not_verified,,,,El registro público de OpenStreetMap no incluye sitio web oficial. Fuente: OpenStreetMap. Rating/reseñas no disponibles en esta fuente.
A,15,Clinica Dental ODONTOBELL'E,Dental,Peru,Lima,Miraflores/San Isidro/Surco/La Molina/Barranco,5114372982,pending_manual_check,"Hola, buen día.

Somos Nexo Local Studio. Hacemos páginas web profesionales para negocios que quieren mostrar servicios, ubicación y contacto de forma clara desde el celular.

También podemos integrar un asistente con IA que responde preguntas frecuentes y guía al cliente hacia WhatsApp.

Pueden ver nuestra página aquí:
https://nexo-local-studio-public.vercel.app

Tenemos precios de lanzamiento desde $2,500 MXN. Si les interesa, podemos enviarles una propuesta breve.

Si prefieren no recibir más mensajes, respondan “baja”.",https://nexo-local-studio-public.vercel.app,https://wa.me/5114372982?text=Hola%2C%20buen%20d%C3%ADa.%0A%0ASomos%20Nexo%20Local%20Studio.%20Hacemos%20p%C3%A1ginas%20web%20profesionales%20para%20negocios%20que%20quieren%20mostrar%20servicios%2C%20ubicaci%C3%B3n%20y%20contacto%20de%20forma%20clara%20desde%20el%20celular.%0A%0ATambi%C3%A9n%20podemos%20integrar%20un%20asistente%20con%20IA%20que%20responde%20preguntas%20frecuentes%20y%20gu%C3%ADa%20al%20cliente%20hacia%20WhatsApp.%0A%0APueden%20ver%20nuestra%20p%C3%A1gina%20aqu%C3%AD%3A%0Ahttps%3A%2F%2Fnexo-local-studio-public.vercel.app%0A%0ATenemos%20precios%20de%20lanzamiento%20desde%20%242%2C500%20MXN.%20Si%20les%20interesa%2C%20podemos%20enviarles%20una%20propuesta%20breve.%0A%0ASi%20prefieren%20no%20recibir%20m%C3%A1s%20mensajes%2C%20respondan%20%E2%80%9Cbaja%E2%80%9D.,528,786,url_valid,blocked_not_verified,,,,El registro público de OpenStreetMap no incluye sitio web oficial. Fuente: OpenStreetMap. Rating/reseñas no disponibles en esta fuente.
B,12,Tolentino Café,Restaurante boutique,Peru,Lima,Miraflores/San Isidro/Surco/La Molina/Barranco,5113494444,pending_manual_check,"Hola, buen día.

Somos Nexo Local Studio. Hacemos páginas web profesionales para negocios que quieren mostrar servicios, ubicación y contacto de forma clara desde el celular.

También podemos integrar un asistente con IA que responde preguntas frecuentes y guía al cliente hacia WhatsApp.

Pueden ver nuestra página aquí:
https://nexo-local-studio-public.vercel.app

Tenemos precios de lanzamiento desde $2,500 MXN. Si les interesa, podemos enviarles una propuesta breve.

Si prefieren no recibir más mensajes, respondan “baja”.",https://nexo-local-studio-public.vercel.app,https://wa.me/5113494444?text=Hola%2C%20buen%20d%C3%ADa.%0A%0ASomos%20Nexo%20Local%20Studio.%20Hacemos%20p%C3%A1ginas%20web%20profesionales%20para%20negocios%20que%20quieren%20mostrar%20servicios%2C%20ubicaci%C3%B3n%20y%20contacto%20de%20forma%20clara%20desde%20el%20celular.%0A%0ATambi%C3%A9n%20podemos%20integrar%20un%20asistente%20con%20IA%20que%20responde%20preguntas%20frecuentes%20y%20gu%C3%ADa%20al%20cliente%20hacia%20WhatsApp.%0A%0APueden%20ver%20nuestra%20p%C3%A1gina%20aqu%C3%AD%3A%0Ahttps%3A%2F%2Fnexo-local-studio-public.vercel.app%0A%0ATenemos%20precios%20de%20lanzamiento%20desde%20%242%2C500%20MXN.%20Si%20les%20interesa%2C%20podemos%20enviarles%20una%20propuesta%20breve.%0A%0ASi%20prefieren%20no%20recibir%20m%C3%A1s%20mensajes%2C%20respondan%20%E2%80%9Cbaja%E2%80%9D.,528,786,url_valid,blocked_not_verified,,,,El registro público de OpenStreetMap no incluye sitio web oficial. Fuente: OpenStreetMap. Rating/reseñas no disponibles en esta fuente.
B,12,Salón de la Felicidad,Restaurante boutique,Peru,Lima,Miraflores/San Isidro/Surco/La Molina/Barranco,5114262190,pending_manual_check,"Hola, buen día.

Somos Nexo Local Studio. Hacemos páginas web profesionales para negocios que quieren mostrar servicios, ubicación y contacto de forma clara desde el celular.

También podemos integrar un asistente con IA que responde preguntas frecuentes y guía al cliente hacia WhatsApp.

Pueden ver nuestra página aquí:
https://nexo-local-studio-public.vercel.app

Tenemos precios de lanzamiento desde $2,500 MXN. Si les interesa, podemos enviarles una propuesta breve.

Si prefieren no recibir más mensajes, respondan “baja”.",https://nexo-local-studio-public.vercel.app,https://wa.me/5114262190?text=Hola%2C%20buen%20d%C3%ADa.%0A%0ASomos%20Nexo%20Local%20Studio.%20Hacemos%20p%C3%A1ginas%20web%20profesionales%20para%20negocios%20que%20quieren%20mostrar%20servicios%2C%20ubicaci%C3%B3n%20y%20contacto%20de%20forma%20clara%20desde%20el%20celular.%0A%0ATambi%C3%A9n%20podemos%20integrar%20un%20asistente%20con%20IA%20que%20responde%20preguntas%20frecuentes%20y%20gu%C3%ADa%20al%20cliente%20hacia%20WhatsApp.%0A%0APueden%20ver%20nuestra%20p%C3%A1gina%20aqu%C3%AD%3A%0Ahttps%3A%2F%2Fnexo-local-studio-public.vercel.app%0A%0ATenemos%20precios%20de%20lanzamiento%20desde%20%242%2C500%20MXN.%20Si%20les%20interesa%2C%20podemos%20enviarles%20una%20propuesta%20breve.%0A%0ASi%20prefieren%20no%20recibir%20m%C3%A1s%20mensajes%2C%20respondan%20%E2%80%9Cbaja%E2%80%9D.,528,786,url_valid,blocked_not_verified,,,,El registro público de OpenStreetMap no incluye sitio web oficial. Fuente: OpenStreetMap. Rating/reseñas no disponibles en esta fuente.
A,15,Centro de Salud San Isidro,Clínica estética,Peru,Lima,Miraflores/San Isidro/Surco/La Molina/Barranco,5112643125,pending_manual_check,"Hola, buen día.

Somos Nexo Local Studio. Hacemos páginas web profesionales para negocios que quieren mostrar servicios, ubicación y contacto de forma clara desde el celular.

También podemos integrar un asistente con IA que responde preguntas frecuentes y guía al cliente hacia WhatsApp.

Pueden ver nuestra página aquí:
https://nexo-local-studio-public.vercel.app

Tenemos precios de lanzamiento desde $2,500 MXN. Si les interesa, podemos enviarles una propuesta breve.

Si prefieren no recibir más mensajes, respondan “baja”.",https://nexo-local-studio-public.vercel.app,https://wa.me/5112643125?text=Hola%2C%20buen%20d%C3%ADa.%0A%0ASomos%20Nexo%20Local%20Studio.%20Hacemos%20p%C3%A1ginas%20web%20profesionales%20para%20negocios%20que%20quieren%20mostrar%20servicios%2C%20ubicaci%C3%B3n%20y%20contacto%20de%20forma%20clara%20desde%20el%20celular.%0A%0ATambi%C3%A9n%20podemos%20integrar%20un%20asistente%20con%20IA%20que%20responde%20preguntas%20frecuentes%20y%20gu%C3%ADa%20al%20cliente%20hacia%20WhatsApp.%0A%0APueden%20ver%20nuestra%20p%C3%A1gina%20aqu%C3%AD%3A%0Ahttps%3A%2F%2Fnexo-local-studio-public.vercel.app%0A%0ATenemos%20precios%20de%20lanzamiento%20desde%20%242%2C500%20MXN.%20Si%20les%20interesa%2C%20podemos%20enviarles%20una%20propuesta%20breve.%0A%0ASi%20prefieren%20no%20recibir%20m%C3%A1s%20mensajes%2C%20respondan%20%E2%80%9Cbaja%E2%80%9D.,528,786,url_valid,blocked_not_verified,,,,El registro público de OpenStreetMap no incluye sitio web oficial. Fuente: OpenStreetMap. Rating/reseñas no disponibles en esta fuente.
B,12,Kuo Wha,Restaurante boutique,Peru,Lima,Miraflores/San Isidro/Surco/La Molina/Barranco,5114459482,pending_manual_check,"Hola, buen día.

Somos Nexo Local Studio. Hacemos páginas web profesionales para negocios que quieren mostrar servicios, ubicación y contacto de forma clara desde el celular.

También podemos integrar un asistente con IA que responde preguntas frecuentes y guía al cliente hacia WhatsApp.

Pueden ver nuestra página aquí:
https://nexo-local-studio-public.vercel.app

Tenemos precios de lanzamiento desde $2,500 MXN. Si les interesa, podemos enviarles una propuesta breve.

Si prefieren no recibir más mensajes, respondan “baja”.",https://nexo-local-studio-public.vercel.app,https://wa.me/5114459482?text=Hola%2C%20buen%20d%C3%ADa.%0A%0ASomos%20Nexo%20Local%20Studio.%20Hacemos%20p%C3%A1ginas%20web%20profesionales%20para%20negocios%20que%20quieren%20mostrar%20servicios%2C%20ubicaci%C3%B3n%20y%20contacto%20de%20forma%20clara%20desde%20el%20celular.%0A%0ATambi%C3%A9n%20podemos%20integrar%20un%20asistente%20con%20IA%20que%20responde%20preguntas%20frecuentes%20y%20gu%C3%ADa%20al%20cliente%20hacia%20WhatsApp.%0A%0APueden%20ver%20nuestra%20p%C3%A1gina%20aqu%C3%AD%3A%0Ahttps%3A%2F%2Fnexo-local-studio-public.vercel.app%0A%0ATenemos%20precios%20de%20lanzamiento%20desde%20%242%2C500%20MXN.%20Si%20les%20interesa%2C%20podemos%20enviarles%20una%20propuesta%20breve.%0A%0ASi%20prefieren%20no%20recibir%20m%C3%A1s%20mensajes%2C%20respondan%20%E2%80%9Cbaja%E2%80%9D.,528,786,url_valid,blocked_not_verified,,,,El registro público de OpenStreetMap no incluye sitio web oficial. Fuente: OpenStreetMap. Rating/reseñas no disponibles en esta fuente.
B,12,El Rey del Sabor,Restaurante boutique,Peru,Lima,Miraflores/San Isidro/Surco/La Molina/Barranco,5112574242,pending_manual_check,"Hola, buen día.

Somos Nexo Local Studio. Hacemos páginas web profesionales para negocios que quieren mostrar servicios, ubicación y contacto de forma clara desde el celular.

También podemos integrar un asistente con IA que responde preguntas frecuentes y guía al cliente hacia WhatsApp.

Pueden ver nuestra página aquí:
https://nexo-local-studio-public.vercel.app

Tenemos precios de lanzamiento desde $2,500 MXN. Si les interesa, podemos enviarles una propuesta breve.

Si prefieren no recibir más mensajes, respondan “baja”.",https://nexo-local-studio-public.vercel.app,https://wa.me/5112574242?text=Hola%2C%20buen%20d%C3%ADa.%0A%0ASomos%20Nexo%20Local%20Studio.%20Hacemos%20p%C3%A1ginas%20web%20profesionales%20para%20negocios%20que%20quieren%20mostrar%20servicios%2C%20ubicaci%C3%B3n%20y%20contacto%20de%20forma%20clara%20desde%20el%20celular.%0A%0ATambi%C3%A9n%20podemos%20integrar%20un%20asistente%20con%20IA%20que%20responde%20preguntas%20frecuentes%20y%20gu%C3%ADa%20al%20cliente%20hacia%20WhatsApp.%0A%0APueden%20ver%20nuestra%20p%C3%A1gina%20aqu%C3%AD%3A%0Ahttps%3A%2F%2Fnexo-local-studio-public.vercel.app%0A%0ATenemos%20precios%20de%20lanzamiento%20desde%20%242%2C500%20MXN.%20Si%20les%20interesa%2C%20podemos%20enviarles%20una%20propuesta%20breve.%0A%0ASi%20prefieren%20no%20recibir%20m%C3%A1s%20mensajes%2C%20respondan%20%E2%80%9Cbaja%E2%80%9D.,528,786,url_valid,blocked_not_verified,,,,El registro público de OpenStreetMap no incluye sitio web oficial. Fuente: OpenStreetMap. Rating/reseñas no disponibles en esta fuente.
A,15,Facé Salón & Spá,Clínica estética,Peru,Lima,Miraflores/San Isidro/Surco/La Molina/Barranco,51988010710,pending_manual_check,"Hola, buen día.

Somos Nexo Local Studio. Hacemos páginas web profesionales para negocios que quieren mostrar servicios, ubicación y contacto de forma clara desde el celular.

También podemos integrar un asistente con IA que responde preguntas frecuentes y guía al cliente hacia WhatsApp.

Pueden ver nuestra página aquí:
https://nexo-local-studio-public.vercel.app

Tenemos precios de lanzamiento desde $2,500 MXN. Si les interesa, podemos enviarles una propuesta breve.

Si prefieren no recibir más mensajes, respondan “baja”.",https://nexo-local-studio-public.vercel.app,https://wa.me/51988010710?text=Hola%2C%20buen%20d%C3%ADa.%0A%0ASomos%20Nexo%20Local%20Studio.%20Hacemos%20p%C3%A1ginas%20web%20profesionales%20para%20negocios%20que%20quieren%20mostrar%20servicios%2C%20ubicaci%C3%B3n%20y%20contacto%20de%20forma%20clara%20desde%20el%20celular.%0A%0ATambi%C3%A9n%20podemos%20integrar%20un%20asistente%20con%20IA%20que%20responde%20preguntas%20frecuentes%20y%20gu%C3%ADa%20al%20cliente%20hacia%20WhatsApp.%0A%0APueden%20ver%20nuestra%20p%C3%A1gina%20aqu%C3%AD%3A%0Ahttps%3A%2F%2Fnexo-local-studio-public.vercel.app%0A%0ATenemos%20precios%20de%20lanzamiento%20desde%20%242%2C500%20MXN.%20Si%20les%20interesa%2C%20podemos%20enviarles%20una%20propuesta%20breve.%0A%0ASi%20prefieren%20no%20recibir%20m%C3%A1s%20mensajes%2C%20respondan%20%E2%80%9Cbaja%E2%80%9D.,528,787,url_valid,blocked_not_verified,,,,El registro público de OpenStreetMap no incluye sitio web oficial. Fuente: OpenStreetMap. Rating/reseñas no disponibles en esta fuente.
B,12,Punto Azul,Restaurante boutique,Peru,Lima,Miraflores/San Isidro/Surco/La Molina/Barranco,5112248755,pending_manual_check,"Hola, buen día.

Somos Nexo Local Studio. Hacemos páginas web profesionales para negocios que quieren mostrar servicios, ubicación y contacto de forma clara desde el celular.

También podemos integrar un asistente con IA que responde preguntas frecuentes y guía al cliente hacia WhatsApp.

Pueden ver nuestra página aquí:
https://nexo-local-studio-public.vercel.app

Tenemos precios de lanzamiento desde $2,500 MXN. Si les interesa, podemos enviarles una propuesta breve.

Si prefieren no recibir más mensajes, respondan “baja”.",https://nexo-local-studio-public.vercel.app,https://wa.me/5112248755?text=Hola%2C%20buen%20d%C3%ADa.%0A%0ASomos%20Nexo%20Local%20Studio.%20Hacemos%20p%C3%A1ginas%20web%20profesionales%20para%20negocios%20que%20quieren%20mostrar%20servicios%2C%20ubicaci%C3%B3n%20y%20contacto%20de%20forma%20clara%20desde%20el%20celular.%0A%0ATambi%C3%A9n%20podemos%20integrar%20un%20asistente%20con%20IA%20que%20responde%20preguntas%20frecuentes%20y%20gu%C3%ADa%20al%20cliente%20hacia%20WhatsApp.%0A%0APueden%20ver%20nuestra%20p%C3%A1gina%20aqu%C3%AD%3A%0Ahttps%3A%2F%2Fnexo-local-studio-public.vercel.app%0A%0ATenemos%20precios%20de%20lanzamiento%20desde%20%242%2C500%20MXN.%20Si%20les%20interesa%2C%20podemos%20enviarles%20una%20propuesta%20breve.%0A%0ASi%20prefieren%20no%20recibir%20m%C3%A1s%20mensajes%2C%20respondan%20%E2%80%9Cbaja%E2%80%9D.,528,786,url_valid,blocked_not_verified,,,,El registro público de OpenStreetMap no incluye sitio web oficial. Fuente: OpenStreetMap. Rating/reseñas no disponibles en esta fuente.
B,12,Chancho al Palo de Juanito,Restaurante boutique,Peru,Lima,Miraflores/San Isidro/Surco/La Molina/Barranco,51991206816,pending_manual_check,"Hola, buen día.

Somos Nexo Local Studio. Hacemos páginas web profesionales para negocios que quieren mostrar servicios, ubicación y contacto de forma clara desde el celular.

También podemos integrar un asistente con IA que responde preguntas frecuentes y guía al cliente hacia WhatsApp.

Pueden ver nuestra página aquí:
https://nexo-local-studio-public.vercel.app

Tenemos precios de lanzamiento desde $2,500 MXN. Si les interesa, podemos enviarles una propuesta breve.

Si prefieren no recibir más mensajes, respondan “baja”.",https://nexo-local-studio-public.vercel.app,https://wa.me/51991206816?text=Hola%2C%20buen%20d%C3%ADa.%0A%0ASomos%20Nexo%20Local%20Studio.%20Hacemos%20p%C3%A1ginas%20web%20profesionales%20para%20negocios%20que%20quieren%20mostrar%20servicios%2C%20ubicaci%C3%B3n%20y%20contacto%20de%20forma%20clara%20desde%20el%20celular.%0A%0ATambi%C3%A9n%20podemos%20integrar%20un%20asistente%20con%20IA%20que%20responde%20preguntas%20frecuentes%20y%20gu%C3%ADa%20al%20cliente%20hacia%20WhatsApp.%0A%0APueden%20ver%20nuestra%20p%C3%A1gina%20aqu%C3%AD%3A%0Ahttps%3A%2F%2Fnexo-local-studio-public.vercel.app%0A%0ATenemos%20precios%20de%20lanzamiento%20desde%20%242%2C500%20MXN.%20Si%20les%20interesa%2C%20podemos%20enviarles%20una%20propuesta%20breve.%0A%0ASi%20prefieren%20no%20recibir%20m%C3%A1s%20mensajes%2C%20respondan%20%E2%80%9Cbaja%E2%80%9D.,528,787,url_valid,blocked_not_verified,,,,El registro público de OpenStreetMap no incluye sitio web oficial. Fuente: OpenStreetMap. Rating/reseñas no disponibles en esta fuente.
A,14,Opticas SANTA LUCIA,Óptica/Oftalmología premium,Peru,Lima,Miraflores/San Isidro/Surco/La Molina/Barranco,5113464207,pending_manual_check,"Hola, buen día.

Somos Nexo Local Studio. Hacemos páginas web profesionales para negocios que quieren mostrar servicios, ubicación y contacto de forma clara desde el celular.

También podemos integrar un asistente con IA que responde preguntas frecuentes y guía al cliente hacia WhatsApp.

Pueden ver nuestra página aquí:
https://nexo-local-studio-public.vercel.app

Tenemos precios de lanzamiento desde $2,500 MXN. Si les interesa, podemos enviarles una propuesta breve.

Si prefieren no recibir más mensajes, respondan “baja”.",https://nexo-local-studio-public.vercel.app,https://wa.me/5113464207?text=Hola%2C%20buen%20d%C3%ADa.%0A%0ASomos%20Nexo%20Local%20Studio.%20Hacemos%20p%C3%A1ginas%20web%20profesionales%20para%20negocios%20que%20quieren%20mostrar%20servicios%2C%20ubicaci%C3%B3n%20y%20contacto%20de%20forma%20clara%20desde%20el%20celular.%0A%0ATambi%C3%A9n%20podemos%20integrar%20un%20asistente%20con%20IA%20que%20responde%20preguntas%20frecuentes%20y%20gu%C3%ADa%20al%20cliente%20hacia%20WhatsApp.%0A%0APueden%20ver%20nuestra%20p%C3%A1gina%20aqu%C3%AD%3A%0Ahttps%3A%2F%2Fnexo-local-studio-public.vercel.app%0A%0ATenemos%20precios%20de%20lanzamiento%20desde%20%242%2C500%20MXN.%20Si%20les%20interesa%2C%20podemos%20enviarles%20una%20propuesta%20breve.%0A%0ASi%20prefieren%20no%20recibir%20m%C3%A1s%20mensajes%2C%20respondan%20%E2%80%9Cbaja%E2%80%9D.,528,786,url_valid,blocked_not_verified,,,,El registro público de OpenStreetMap no incluye sitio web oficial. Fuente: OpenStreetMap. Rating/reseñas no disponibles en esta fuente.
B,12,Los Vitrales,Restaurante boutique,Peru,Lima,Miraflores/San Isidro/Surco/La Molina/Barranco,5114262954,pending_manual_check,"Hola, buen día.

Somos Nexo Local Studio. Hacemos páginas web profesionales para negocios que quieren mostrar servicios, ubicación y contacto de forma clara desde el celular.

También podemos integrar un asistente con IA que responde preguntas frecuentes y guía al cliente hacia WhatsApp.

Pueden ver nuestra página aquí:
https://nexo-local-studio-public.vercel.app

Tenemos precios de lanzamiento desde $2,500 MXN. Si les interesa, podemos enviarles una propuesta breve.

Si prefieren no recibir más mensajes, respondan “baja”.",https://nexo-local-studio-public.vercel.app,https://wa.me/5114262954?text=Hola%2C%20buen%20d%C3%ADa.%0A%0ASomos%20Nexo%20Local%20Studio.%20Hacemos%20p%C3%A1ginas%20web%20profesionales%20para%20negocios%20que%20quieren%20mostrar%20servicios%2C%20ubicaci%C3%B3n%20y%20contacto%20de%20forma%20clara%20desde%20el%20celular.%0A%0ATambi%C3%A9n%20podemos%20integrar%20un%20asistente%20con%20IA%20que%20responde%20preguntas%20frecuentes%20y%20gu%C3%ADa%20al%20cliente%20hacia%20WhatsApp.%0A%0APueden%20ver%20nuestra%20p%C3%A1gina%20aqu%C3%AD%3A%0Ahttps%3A%2F%2Fnexo-local-studio-public.vercel.app%0A%0ATenemos%20precios%20de%20lanzamiento%20desde%20%242%2C500%20MXN.%20Si%20les%20interesa%2C%20podemos%20enviarles%20una%20propuesta%20breve.%0A%0ASi%20prefieren%20no%20recibir%20m%C3%A1s%20mensajes%2C%20respondan%20%E2%80%9Cbaja%E2%80%9D.,528,786,url_valid,blocked_not_verified,,,,El registro público de OpenStreetMap no incluye sitio web oficial. Fuente: OpenStreetMap. Rating/reseñas no disponibles en esta fuente.
B,12,Lima Canela,Restaurante boutique,Peru,Lima,Miraflores/San Isidro/Surco/La Molina/Barranco,51514440731,pending_manual_check,"Hola, buen día.

Somos Nexo Local Studio. Hacemos páginas web profesionales para negocios que quieren mostrar servicios, ubicación y contacto de forma clara desde el celular.

También podemos integrar un asistente con IA que responde preguntas frecuentes y guía al cliente hacia WhatsApp.

Pueden ver nuestra página aquí:
https://nexo-local-studio-public.vercel.app

Tenemos precios de lanzamiento desde $2,500 MXN. Si les interesa, podemos enviarles una propuesta breve.

Si prefieren no recibir más mensajes, respondan “baja”.",https://nexo-local-studio-public.vercel.app,https://wa.me/51514440731?text=Hola%2C%20buen%20d%C3%ADa.%0A%0ASomos%20Nexo%20Local%20Studio.%20Hacemos%20p%C3%A1ginas%20web%20profesionales%20para%20negocios%20que%20quieren%20mostrar%20servicios%2C%20ubicaci%C3%B3n%20y%20contacto%20de%20forma%20clara%20desde%20el%20celular.%0A%0ATambi%C3%A9n%20podemos%20integrar%20un%20asistente%20con%20IA%20que%20responde%20preguntas%20frecuentes%20y%20gu%C3%ADa%20al%20cliente%20hacia%20WhatsApp.%0A%0APueden%20ver%20nuestra%20p%C3%A1gina%20aqu%C3%AD%3A%0Ahttps%3A%2F%2Fnexo-local-studio-public.vercel.app%0A%0ATenemos%20precios%20de%20lanzamiento%20desde%20%242%2C500%20MXN.%20Si%20les%20interesa%2C%20podemos%20enviarles%20una%20propuesta%20breve.%0A%0ASi%20prefieren%20no%20recibir%20m%C3%A1s%20mensajes%2C%20respondan%20%E2%80%9Cbaja%E2%80%9D.,528,787,url_valid,blocked_not_verified,,,,El registro público de OpenStreetMap no incluye sitio web oficial. Fuente: OpenStreetMap. Rating/reseñas no disponibles en esta fuente.
B,12,Macarena,Restaurante boutique,Peru,Lima,Miraflores/San Isidro/Surco/La Molina/Barranco,5114964079,pending_manual_check,"Hola, buen día.

Somos Nexo Local Studio. Hacemos páginas web profesionales para negocios que quieren mostrar servicios, ubicación y contacto de forma clara desde el celular.

También podemos integrar un asistente con IA que responde preguntas frecuentes y guía al cliente hacia WhatsApp.

Pueden ver nuestra página aquí:
https://nexo-local-studio-public.vercel.app

Tenemos precios de lanzamiento desde $2,500 MXN. Si les interesa, podemos enviarles una propuesta breve.

Si prefieren no recibir más mensajes, respondan “baja”.",https://nexo-local-studio-public.vercel.app,https://wa.me/5114964079?text=Hola%2C%20buen%20d%C3%ADa.%0A%0ASomos%20Nexo%20Local%20Studio.%20Hacemos%20p%C3%A1ginas%20web%20profesionales%20para%20negocios%20que%20quieren%20mostrar%20servicios%2C%20ubicaci%C3%B3n%20y%20contacto%20de%20forma%20clara%20desde%20el%20celular.%0A%0ATambi%C3%A9n%20podemos%20integrar%20un%20asistente%20con%20IA%20que%20responde%20preguntas%20frecuentes%20y%20gu%C3%ADa%20al%20cliente%20hacia%20WhatsApp.%0A%0APueden%20ver%20nuestra%20p%C3%A1gina%20aqu%C3%AD%3A%0Ahttps%3A%2F%2Fnexo-local-studio-public.vercel.app%0A%0ATenemos%20precios%20de%20lanzamiento%20desde%20%242%2C500%20MXN.%20Si%20les%20interesa%2C%20podemos%20enviarles%20una%20propuesta%20breve.%0A%0ASi%20prefieren%20no%20recibir%20m%C3%A1s%20mensajes%2C%20respondan%20%E2%80%9Cbaja%E2%80%9D.,528,786,url_valid,blocked_not_verified,,,,El registro público de OpenStreetMap no incluye sitio web oficial. Fuente: OpenStreetMap. Rating/reseñas no disponibles en esta fuente.
B,12,Casagrande Daviá,Restaurante boutique,Peru,Lima,Miraflores/San Isidro/Surco/La Molina/Barranco,5114442612,pending_manual_check,"Hola, buen día.

Somos Nexo Local Studio. Hacemos páginas web profesionales para negocios que quieren mostrar servicios, ubicación y contacto de forma clara desde el celular.

También podemos integrar un asistente con IA que responde preguntas frecuentes y guía al cliente hacia WhatsApp.

Pueden ver nuestra página aquí:
https://nexo-local-studio-public.vercel.app

Tenemos precios de lanzamiento desde $2,500 MXN. Si les interesa, podemos enviarles una propuesta breve.

Si prefieren no recibir más mensajes, respondan “baja”.",https://nexo-local-studio-public.vercel.app,https://wa.me/5114442612?text=Hola%2C%20buen%20d%C3%ADa.%0A%0ASomos%20Nexo%20Local%20Studio.%20Hacemos%20p%C3%A1ginas%20web%20profesionales%20para%20negocios%20que%20quieren%20mostrar%20servicios%2C%20ubicaci%C3%B3n%20y%20contacto%20de%20forma%20clara%20desde%20el%20celular.%0A%0ATambi%C3%A9n%20podemos%20integrar%20un%20asistente%20con%20IA%20que%20responde%20preguntas%20frecuentes%20y%20gu%C3%ADa%20al%20cliente%20hacia%20WhatsApp.%0A%0APueden%20ver%20nuestra%20p%C3%A1gina%20aqu%C3%AD%3A%0Ahttps%3A%2F%2Fnexo-local-studio-public.vercel.app%0A%0ATenemos%20precios%20de%20lanzamiento%20desde%20%242%2C500%20MXN.%20Si%20les%20interesa%2C%20podemos%20enviarles%20una%20propuesta%20breve.%0A%0ASi%20prefieren%20no%20recibir%20m%C3%A1s%20mensajes%2C%20respondan%20%E2%80%9Cbaja%E2%80%9D.,528,786,url_valid,blocked_not_verified,,,,El registro público de OpenStreetMap no incluye sitio web oficial. Fuente: OpenStreetMap. Rating/reseñas no disponibles en esta fuente.
B,12,Refilo Sanguchería,Restaurante boutique,Peru,Lima,Miraflores/San Isidro/Surco/La Molina/Barranco,5112734499,pending_manual_check,"Hola, buen día.

Somos Nexo Local Studio. Hacemos páginas web profesionales para negocios que quieren mostrar servicios, ubicación y contacto de forma clara desde el celular.

También podemos integrar un asistente con IA que responde preguntas frecuentes y guía al cliente hacia WhatsApp.

Pueden ver nuestra página aquí:
https://nexo-local-studio-public.vercel.app

Tenemos precios de lanzamiento desde $2,500 MXN. Si les interesa, podemos enviarles una propuesta breve.

Si prefieren no recibir más mensajes, respondan “baja”.",https://nexo-local-studio-public.vercel.app,https://wa.me/5112734499?text=Hola%2C%20buen%20d%C3%ADa.%0A%0ASomos%20Nexo%20Local%20Studio.%20Hacemos%20p%C3%A1ginas%20web%20profesionales%20para%20negocios%20que%20quieren%20mostrar%20servicios%2C%20ubicaci%C3%B3n%20y%20contacto%20de%20forma%20clara%20desde%20el%20celular.%0A%0ATambi%C3%A9n%20podemos%20integrar%20un%20asistente%20con%20IA%20que%20responde%20preguntas%20frecuentes%20y%20gu%C3%ADa%20al%20cliente%20hacia%20WhatsApp.%0A%0APueden%20ver%20nuestra%20p%C3%A1gina%20aqu%C3%AD%3A%0Ahttps%3A%2F%2Fnexo-local-studio-public.vercel.app%0A%0ATenemos%20precios%20de%20lanzamiento%20desde%20%242%2C500%20MXN.%20Si%20les%20interesa%2C%20podemos%20enviarles%20una%20propuesta%20breve.%0A%0ASi%20prefieren%20no%20recibir%20m%C3%A1s%20mensajes%2C%20respondan%20%E2%80%9Cbaja%E2%80%9D.,528,786,url_valid,blocked_not_verified,,,,El registro público de OpenStreetMap no incluye sitio web oficial. Fuente: OpenStreetMap. Rating/reseñas no disponibles en esta fuente.
B,12,Onaka Suita Sushi,Restaurante boutique,Peru,Lima,Miraflores/San Isidro/Surco/La Molina/Barranco,51986083992,pending_manual_check,"Hola, buen día.

Somos Nexo Local Studio. Hacemos páginas web profesionales para negocios que quieren mostrar servicios, ubicación y contacto de forma clara desde el celular.

También podemos integrar un asistente con IA que responde preguntas frecuentes y guía al cliente hacia WhatsApp.

Pueden ver nuestra página aquí:
https://nexo-local-studio-public.vercel.app

Tenemos precios de lanzamiento desde $2,500 MXN. Si les interesa, podemos enviarles una propuesta breve.

Si prefieren no recibir más mensajes, respondan “baja”.",https://nexo-local-studio-public.vercel.app,https://wa.me/51986083992?text=Hola%2C%20buen%20d%C3%ADa.%0A%0ASomos%20Nexo%20Local%20Studio.%20Hacemos%20p%C3%A1ginas%20web%20profesionales%20para%20negocios%20que%20quieren%20mostrar%20servicios%2C%20ubicaci%C3%B3n%20y%20contacto%20de%20forma%20clara%20desde%20el%20celular.%0A%0ATambi%C3%A9n%20podemos%20integrar%20un%20asistente%20con%20IA%20que%20responde%20preguntas%20frecuentes%20y%20gu%C3%ADa%20al%20cliente%20hacia%20WhatsApp.%0A%0APueden%20ver%20nuestra%20p%C3%A1gina%20aqu%C3%AD%3A%0Ahttps%3A%2F%2Fnexo-local-studio-public.vercel.app%0A%0ATenemos%20precios%20de%20lanzamiento%20desde%20%242%2C500%20MXN.%20Si%20les%20interesa%2C%20podemos%20enviarles%20una%20propuesta%20breve.%0A%0ASi%20prefieren%20no%20recibir%20m%C3%A1s%20mensajes%2C%20respondan%20%E2%80%9Cbaja%E2%80%9D.,528,787,url_valid,blocked_not_verified,,,,El registro público de OpenStreetMap no incluye sitio web oficial. Fuente: OpenStreetMap. Rating/reseñas no disponibles en esta fuente.
B,12,Trattoria dei Prati,Restaurante boutique,Peru,Lima,Miraflores/San Isidro/Surco/La Molina/Barranco,5112423382,pending_manual_check,"Hola, buen día.

Somos Nexo Local Studio. Hacemos páginas web profesionales para negocios que quieren mostrar servicios, ubicación y contacto de forma clara desde el celular.

También podemos integrar un asistente con IA que responde preguntas frecuentes y guía al cliente hacia WhatsApp.

Pueden ver nuestra página aquí:
https://nexo-local-studio-public.vercel.app

Tenemos precios de lanzamiento desde $2,500 MXN. Si les interesa, podemos enviarles una propuesta breve.

Si prefieren no recibir más mensajes, respondan “baja”.",https://nexo-local-studio-public.vercel.app,https://wa.me/5112423382?text=Hola%2C%20buen%20d%C3%ADa.%0A%0ASomos%20Nexo%20Local%20Studio.%20Hacemos%20p%C3%A1ginas%20web%20profesionales%20para%20negocios%20que%20quieren%20mostrar%20servicios%2C%20ubicaci%C3%B3n%20y%20contacto%20de%20forma%20clara%20desde%20el%20celular.%0A%0ATambi%C3%A9n%20podemos%20integrar%20un%20asistente%20con%20IA%20que%20responde%20preguntas%20frecuentes%20y%20gu%C3%ADa%20al%20cliente%20hacia%20WhatsApp.%0A%0APueden%20ver%20nuestra%20p%C3%A1gina%20aqu%C3%AD%3A%0Ahttps%3A%2F%2Fnexo-local-studio-public.vercel.app%0A%0ATenemos%20precios%20de%20lanzamiento%20desde%20%242%2C500%20MXN.%20Si%20les%20interesa%2C%20podemos%20enviarles%20una%20propuesta%20breve.%0A%0ASi%20prefieren%20no%20recibir%20m%C3%A1s%20mensajes%2C%20respondan%20%E2%80%9Cbaja%E2%80%9D.,528,786,url_valid,blocked_not_verified,,,,El registro público de OpenStreetMap no incluye sitio web oficial. Fuente: OpenStreetMap. Rating/reseñas no disponibles en esta fuente.
B,12,Ohashi Maki,Restaurante boutique,Peru,Lima,Miraflores/San Isidro/Surco/La Molina/Barranco,5115923284,pending_manual_check,"Hola, buen día.

Somos Nexo Local Studio. Hacemos páginas web profesionales para negocios que quieren mostrar servicios, ubicación y contacto de forma clara desde el celular.

También podemos integrar un asistente con IA que responde preguntas frecuentes y guía al cliente hacia WhatsApp.

Pueden ver nuestra página aquí:
https://nexo-local-studio-public.vercel.app

Tenemos precios de lanzamiento desde $2,500 MXN. Si les interesa, podemos enviarles una propuesta breve.

Si prefieren no recibir más mensajes, respondan “baja”.",https://nexo-local-studio-public.vercel.app,https://wa.me/5115923284?text=Hola%2C%20buen%20d%C3%ADa.%0A%0ASomos%20Nexo%20Local%20Studio.%20Hacemos%20p%C3%A1ginas%20web%20profesionales%20para%20negocios%20que%20quieren%20mostrar%20servicios%2C%20ubicaci%C3%B3n%20y%20contacto%20de%20forma%20clara%20desde%20el%20celular.%0A%0ATambi%C3%A9n%20podemos%20integrar%20un%20asistente%20con%20IA%20que%20responde%20preguntas%20frecuentes%20y%20gu%C3%ADa%20al%20cliente%20hacia%20WhatsApp.%0A%0APueden%20ver%20nuestra%20p%C3%A1gina%20aqu%C3%AD%3A%0Ahttps%3A%2F%2Fnexo-local-studio-public.vercel.app%0A%0ATenemos%20precios%20de%20lanzamiento%20desde%20%242%2C500%20MXN.%20Si%20les%20interesa%2C%20podemos%20enviarles%20una%20propuesta%20breve.%0A%0ASi%20prefieren%20no%20recibir%20m%C3%A1s%20mensajes%2C%20respondan%20%E2%80%9Cbaja%E2%80%9D.,528,786,url_valid,blocked_not_verified,,,,El registro público de OpenStreetMap no incluye sitio web oficial. Fuente: OpenStreetMap. Rating/reseñas no disponibles en esta fuente.
B,12,Salsa's,Restaurante boutique,Peru,Lima,Miraflores/San Isidro/Surco/La Molina/Barranco,5116104151,pending_manual_check,"Hola, buen día.

Somos Nexo Local Studio. Hacemos páginas web profesionales para negocios que quieren mostrar servicios, ubicación y contacto de forma clara desde el celular.

También podemos integrar un asistente con IA que responde preguntas frecuentes y guía al cliente hacia WhatsApp.

Pueden ver nuestra página aquí:
https://nexo-local-studio-public.vercel.app

Tenemos precios de lanzamiento desde $2,500 MXN. Si les interesa, podemos enviarles una propuesta breve.

Si prefieren no recibir más mensajes, respondan “baja”.",https://nexo-local-studio-public.vercel.app,https://wa.me/5116104151?text=Hola%2C%20buen%20d%C3%ADa.%0A%0ASomos%20Nexo%20Local%20Studio.%20Hacemos%20p%C3%A1ginas%20web%20profesionales%20para%20negocios%20que%20quieren%20mostrar%20servicios%2C%20ubicaci%C3%B3n%20y%20contacto%20de%20forma%20clara%20desde%20el%20celular.%0A%0ATambi%C3%A9n%20podemos%20integrar%20un%20asistente%20con%20IA%20que%20responde%20preguntas%20frecuentes%20y%20gu%C3%ADa%20al%20cliente%20hacia%20WhatsApp.%0A%0APueden%20ver%20nuestra%20p%C3%A1gina%20aqu%C3%AD%3A%0Ahttps%3A%2F%2Fnexo-local-studio-public.vercel.app%0A%0ATenemos%20precios%20de%20lanzamiento%20desde%20%242%2C500%20MXN.%20Si%20les%20interesa%2C%20podemos%20enviarles%20una%20propuesta%20breve.%0A%0ASi%20prefieren%20no%20recibir%20m%C3%A1s%20mensajes%2C%20respondan%20%E2%80%9Cbaja%E2%80%9D.,528,786,url_valid,blocked_not_verified,,,,El registro público de OpenStreetMap no incluye sitio web oficial. Fuente: OpenStreetMap. Rating/reseñas no disponibles en esta fuente.
B,12,Las Palmeras - La Cúpula,Restaurante boutique,Peru,Lima,Miraflores/San Isidro/Surco/La Molina/Barranco,5113155055,pending_manual_check,"Hola, buen día.

Somos Nexo Local Studio. Hacemos páginas web profesionales para negocios que quieren mostrar servicios, ubicación y contacto de forma clara desde el celular.

También podemos integrar un asistente con IA que responde preguntas frecuentes y guía al cliente hacia WhatsApp.

Pueden ver nuestra página aquí:
https://nexo-local-studio-public.vercel.app

Tenemos precios de lanzamiento desde $2,500 MXN. Si les interesa, podemos enviarles una propuesta breve.

Si prefieren no recibir más mensajes, respondan “baja”.",https://nexo-local-studio-public.vercel.app,https://wa.me/5113155055?text=Hola%2C%20buen%20d%C3%ADa.%0A%0ASomos%20Nexo%20Local%20Studio.%20Hacemos%20p%C3%A1ginas%20web%20profesionales%20para%20negocios%20que%20quieren%20mostrar%20servicios%2C%20ubicaci%C3%B3n%20y%20contacto%20de%20forma%20clara%20desde%20el%20celular.%0A%0ATambi%C3%A9n%20podemos%20integrar%20un%20asistente%20con%20IA%20que%20responde%20preguntas%20frecuentes%20y%20gu%C3%ADa%20al%20cliente%20hacia%20WhatsApp.%0A%0APueden%20ver%20nuestra%20p%C3%A1gina%20aqu%C3%AD%3A%0Ahttps%3A%2F%2Fnexo-local-studio-public.vercel.app%0A%0ATenemos%20precios%20de%20lanzamiento%20desde%20%242%2C500%20MXN.%20Si%20les%20interesa%2C%20podemos%20enviarles%20una%20propuesta%20breve.%0A%0ASi%20prefieren%20no%20recibir%20m%C3%A1s%20mensajes%2C%20respondan%20%E2%80%9Cbaja%E2%80%9D.,528,786,url_valid,blocked_not_verified,,,,El registro público de OpenStreetMap no incluye sitio web oficial. Fuente: OpenStreetMap. Rating/reseñas no disponibles en esta fuente.
A,15,Centro Odontológico Dly Dent,Dental,Peru,Lima,Miraflores/San Isidro/Surco/La Molina/Barranco,5112400553,pending_manual_check,"Hola, buen día.

Somos Nexo Local Studio. Hacemos páginas web profesionales para negocios que quieren mostrar servicios, ubicación y contacto de forma clara desde el celular.

También podemos integrar un asistente con IA que responde preguntas frecuentes y guía al cliente hacia WhatsApp.

Pueden ver nuestra página aquí:
https://nexo-local-studio-public.vercel.app

Tenemos precios de lanzamiento desde $2,500 MXN. Si les interesa, podemos enviarles una propuesta breve.

Si prefieren no recibir más mensajes, respondan “baja”.",https://nexo-local-studio-public.vercel.app,https://wa.me/5112400553?text=Hola%2C%20buen%20d%C3%ADa.%0A%0ASomos%20Nexo%20Local%20Studio.%20Hacemos%20p%C3%A1ginas%20web%20profesionales%20para%20negocios%20que%20quieren%20mostrar%20servicios%2C%20ubicaci%C3%B3n%20y%20contacto%20de%20forma%20clara%20desde%20el%20celular.%0A%0ATambi%C3%A9n%20podemos%20integrar%20un%20asistente%20con%20IA%20que%20responde%20preguntas%20frecuentes%20y%20gu%C3%ADa%20al%20cliente%20hacia%20WhatsApp.%0A%0APueden%20ver%20nuestra%20p%C3%A1gina%20aqu%C3%AD%3A%0Ahttps%3A%2F%2Fnexo-local-studio-public.vercel.app%0A%0ATenemos%20precios%20de%20lanzamiento%20desde%20%242%2C500%20MXN.%20Si%20les%20interesa%2C%20podemos%20enviarles%20una%20propuesta%20breve.%0A%0ASi%20prefieren%20no%20recibir%20m%C3%A1s%20mensajes%2C%20respondan%20%E2%80%9Cbaja%E2%80%9D.,528,786,url_valid,blocked_not_verified,,,,El registro público de OpenStreetMap no incluye sitio web oficial. Fuente: OpenStreetMap. Rating/reseñas no disponibles en esta fuente.
B,12,Pollería El Abuelo,Restaurante boutique,Peru,Lima,Miraflores/San Isidro/Surco/La Molina/Barranco,5113438143,pending_manual_check,"Hola, buen día.

Somos Nexo Local Studio. Hacemos páginas web profesionales para negocios que quieren mostrar servicios, ubicación y contacto de forma clara desde el celular.

También podemos integrar un asistente con IA que responde preguntas frecuentes y guía al cliente hacia WhatsApp.

Pueden ver nuestra página aquí:
https://nexo-local-studio-public.vercel.app

Tenemos precios de lanzamiento desde $2,500 MXN. Si les interesa, podemos enviarles una propuesta breve.

Si prefieren no recibir más mensajes, respondan “baja”.",https://nexo-local-studio-public.vercel.app,https://wa.me/5113438143?text=Hola%2C%20buen%20d%C3%ADa.%0A%0ASomos%20Nexo%20Local%20Studio.%20Hacemos%20p%C3%A1ginas%20web%20profesionales%20para%20negocios%20que%20quieren%20mostrar%20servicios%2C%20ubicaci%C3%B3n%20y%20contacto%20de%20forma%20clara%20desde%20el%20celular.%0A%0ATambi%C3%A9n%20podemos%20integrar%20un%20asistente%20con%20IA%20que%20responde%20preguntas%20frecuentes%20y%20gu%C3%ADa%20al%20cliente%20hacia%20WhatsApp.%0A%0APueden%20ver%20nuestra%20p%C3%A1gina%20aqu%C3%AD%3A%0Ahttps%3A%2F%2Fnexo-local-studio-public.vercel.app%0A%0ATenemos%20precios%20de%20lanzamiento%20desde%20%242%2C500%20MXN.%20Si%20les%20interesa%2C%20podemos%20enviarles%20una%20propuesta%20breve.%0A%0ASi%20prefieren%20no%20recibir%20m%C3%A1s%20mensajes%2C%20respondan%20%E2%80%9Cbaja%E2%80%9D.,528,786,url_valid,blocked_not_verified,,,,El registro público de OpenStreetMap no incluye sitio web oficial. Fuente: OpenStreetMap. Rating/reseñas no disponibles en esta fuente.
B,12,San Marcelo,Restaurante boutique,Peru,Lima,Miraflores/San Isidro/Surco/La Molina/Barranco,5113966355,pending_manual_check,"Hola, buen día.

Somos Nexo Local Studio. Hacemos páginas web profesionales para negocios que quieren mostrar servicios, ubicación y contacto de forma clara desde el celular.

También podemos integrar un asistente con IA que responde preguntas frecuentes y guía al cliente hacia WhatsApp.

Pueden ver nuestra página aquí:
https://nexo-local-studio-public.vercel.app

Tenemos precios de lanzamiento desde $2,500 MXN. Si les interesa, podemos enviarles una propuesta breve.

Si prefieren no recibir más mensajes, respondan “baja”.",https://nexo-local-studio-public.vercel.app,https://wa.me/5113966355?text=Hola%2C%20buen%20d%C3%ADa.%0A%0ASomos%20Nexo%20Local%20Studio.%20Hacemos%20p%C3%A1ginas%20web%20profesionales%20para%20negocios%20que%20quieren%20mostrar%20servicios%2C%20ubicaci%C3%B3n%20y%20contacto%20de%20forma%20clara%20desde%20el%20celular.%0A%0ATambi%C3%A9n%20podemos%20integrar%20un%20asistente%20con%20IA%20que%20responde%20preguntas%20frecuentes%20y%20gu%C3%ADa%20al%20cliente%20hacia%20WhatsApp.%0A%0APueden%20ver%20nuestra%20p%C3%A1gina%20aqu%C3%AD%3A%0Ahttps%3A%2F%2Fnexo-local-studio-public.vercel.app%0A%0ATenemos%20precios%20de%20lanzamiento%20desde%20%242%2C500%20MXN.%20Si%20les%20interesa%2C%20podemos%20enviarles%20una%20propuesta%20breve.%0A%0ASi%20prefieren%20no%20recibir%20m%C3%A1s%20mensajes%2C%20respondan%20%E2%80%9Cbaja%E2%80%9D.,528,786,url_valid,blocked_not_verified,,,,El registro público de OpenStreetMap no incluye sitio web oficial. Fuente: OpenStreetMap. Rating/reseñas no disponibles en esta fuente.
B,12,Sakura Express,Restaurante boutique,Chile,Santiago,Las Condes/Vitacura/Providencia/Ñuñoa,5622170856,pending_manual_check,"Hola, buen día.

Somos Nexo Local Studio. Hacemos páginas web profesionales para negocios que quieren mostrar servicios, ubicación y contacto de forma clara desde el celular.

También podemos integrar un asistente con IA que responde preguntas frecuentes y guía al cliente hacia WhatsApp.

Pueden ver nuestra página aquí:
https://nexo-local-studio-public.vercel.app

Tenemos precios de lanzamiento desde $2,500 MXN. Si les interesa, podemos enviarles una propuesta breve.

Si prefieren no recibir más mensajes, respondan “baja”.",https://nexo-local-studio-public.vercel.app,https://wa.me/5622170856?text=Hola%2C%20buen%20d%C3%ADa.%0A%0ASomos%20Nexo%20Local%20Studio.%20Hacemos%20p%C3%A1ginas%20web%20profesionales%20para%20negocios%20que%20quieren%20mostrar%20servicios%2C%20ubicaci%C3%B3n%20y%20contacto%20de%20forma%20clara%20desde%20el%20celular.%0A%0ATambi%C3%A9n%20podemos%20integrar%20un%20asistente%20con%20IA%20que%20responde%20preguntas%20frecuentes%20y%20gu%C3%ADa%20al%20cliente%20hacia%20WhatsApp.%0A%0APueden%20ver%20nuestra%20p%C3%A1gina%20aqu%C3%AD%3A%0Ahttps%3A%2F%2Fnexo-local-studio-public.vercel.app%0A%0ATenemos%20precios%20de%20lanzamiento%20desde%20%242%2C500%20MXN.%20Si%20les%20interesa%2C%20podemos%20enviarles%20una%20propuesta%20breve.%0A%0ASi%20prefieren%20no%20recibir%20m%C3%A1s%20mensajes%2C%20respondan%20%E2%80%9Cbaja%E2%80%9D.,528,786,url_valid,blocked_not_verified,,,,El registro público de OpenStreetMap no incluye sitio web oficial. Fuente: OpenStreetMap. Rating/reseñas no disponibles en esta fuente.
B,12,Liguria,Restaurante boutique,Chile,Santiago,Las Condes/Vitacura/Providencia/Ñuñoa,56222311393,pending_manual_check,"Hola, buen día.

Somos Nexo Local Studio. Hacemos páginas web profesionales para negocios que quieren mostrar servicios, ubicación y contacto de forma clara desde el celular.

También podemos integrar un asistente con IA que responde preguntas frecuentes y guía al cliente hacia WhatsApp.

Pueden ver nuestra página aquí:
https://nexo-local-studio-public.vercel.app

Tenemos precios de lanzamiento desde $2,500 MXN. Si les interesa, podemos enviarles una propuesta breve.

Si prefieren no recibir más mensajes, respondan “baja”.",https://nexo-local-studio-public.vercel.app,https://wa.me/56222311393?text=Hola%2C%20buen%20d%C3%ADa.%0A%0ASomos%20Nexo%20Local%20Studio.%20Hacemos%20p%C3%A1ginas%20web%20profesionales%20para%20negocios%20que%20quieren%20mostrar%20servicios%2C%20ubicaci%C3%B3n%20y%20contacto%20de%20forma%20clara%20desde%20el%20celular.%0A%0ATambi%C3%A9n%20podemos%20integrar%20un%20asistente%20con%20IA%20que%20responde%20preguntas%20frecuentes%20y%20gu%C3%ADa%20al%20cliente%20hacia%20WhatsApp.%0A%0APueden%20ver%20nuestra%20p%C3%A1gina%20aqu%C3%AD%3A%0Ahttps%3A%2F%2Fnexo-local-studio-public.vercel.app%0A%0ATenemos%20precios%20de%20lanzamiento%20desde%20%242%2C500%20MXN.%20Si%20les%20interesa%2C%20podemos%20enviarles%20una%20propuesta%20breve.%0A%0ASi%20prefieren%20no%20recibir%20m%C3%A1s%20mensajes%2C%20respondan%20%E2%80%9Cbaja%E2%80%9D.,528,787,url_valid,blocked_not_verified,,,,El registro público de OpenStreetMap no incluye sitio web oficial. Fuente: OpenStreetMap. Rating/reseñas no disponibles en esta fuente.
B,12,Miguel Torres,Restaurante boutique,Chile,Santiago,Las Condes/Vitacura/Providencia/Ñuñoa,56222429711,pending_manual_check,"Hola, buen día.

Somos Nexo Local Studio. Hacemos páginas web profesionales para negocios que quieren mostrar servicios, ubicación y contacto de forma clara desde el celular.

También podemos integrar un asistente con IA que responde preguntas frecuentes y guía al cliente hacia WhatsApp.

Pueden ver nuestra página aquí:
https://nexo-local-studio-public.vercel.app

Tenemos precios de lanzamiento desde $2,500 MXN. Si les interesa, podemos enviarles una propuesta breve.

Si prefieren no recibir más mensajes, respondan “baja”.",https://nexo-local-studio-public.vercel.app,https://wa.me/56222429711?text=Hola%2C%20buen%20d%C3%ADa.%0A%0ASomos%20Nexo%20Local%20Studio.%20Hacemos%20p%C3%A1ginas%20web%20profesionales%20para%20negocios%20que%20quieren%20mostrar%20servicios%2C%20ubicaci%C3%B3n%20y%20contacto%20de%20forma%20clara%20desde%20el%20celular.%0A%0ATambi%C3%A9n%20podemos%20integrar%20un%20asistente%20con%20IA%20que%20responde%20preguntas%20frecuentes%20y%20gu%C3%ADa%20al%20cliente%20hacia%20WhatsApp.%0A%0APueden%20ver%20nuestra%20p%C3%A1gina%20aqu%C3%AD%3A%0Ahttps%3A%2F%2Fnexo-local-studio-public.vercel.app%0A%0ATenemos%20precios%20de%20lanzamiento%20desde%20%242%2C500%20MXN.%20Si%20les%20interesa%2C%20podemos%20enviarles%20una%20propuesta%20breve.%0A%0ASi%20prefieren%20no%20recibir%20m%C3%A1s%20mensajes%2C%20respondan%20%E2%80%9Cbaja%E2%80%9D.,528,787,url_valid,blocked_not_verified,,,,El registro público de OpenStreetMap no incluye sitio web oficial. Fuente: OpenStreetMap. Rating/reseñas no disponibles en esta fuente.
B,12,Mizu,Restaurante boutique,Chile,Santiago,Las Condes/Vitacura/Providencia/Ñuñoa,5699340908,pending_manual_check,"Hola, buen día.

Somos Nexo Local Studio. Hacemos páginas web profesionales para negocios que quieren mostrar servicios, ubicación y contacto de forma clara desde el celular.

También podemos integrar un asistente con IA que responde preguntas frecuentes y guía al cliente hacia WhatsApp.

Pueden ver nuestra página aquí:
https://nexo-local-studio-public.vercel.app

Tenemos precios de lanzamiento desde $2,500 MXN. Si les interesa, podemos enviarles una propuesta breve.

Si prefieren no recibir más mensajes, respondan “baja”.",https://nexo-local-studio-public.vercel.app,https://wa.me/5699340908?text=Hola%2C%20buen%20d%C3%ADa.%0A%0ASomos%20Nexo%20Local%20Studio.%20Hacemos%20p%C3%A1ginas%20web%20profesionales%20para%20negocios%20que%20quieren%20mostrar%20servicios%2C%20ubicaci%C3%B3n%20y%20contacto%20de%20forma%20clara%20desde%20el%20celular.%0A%0ATambi%C3%A9n%20podemos%20integrar%20un%20asistente%20con%20IA%20que%20responde%20preguntas%20frecuentes%20y%20gu%C3%ADa%20al%20cliente%20hacia%20WhatsApp.%0A%0APueden%20ver%20nuestra%20p%C3%A1gina%20aqu%C3%AD%3A%0Ahttps%3A%2F%2Fnexo-local-studio-public.vercel.app%0A%0ATenemos%20precios%20de%20lanzamiento%20desde%20%242%2C500%20MXN.%20Si%20les%20interesa%2C%20podemos%20enviarles%20una%20propuesta%20breve.%0A%0ASi%20prefieren%20no%20recibir%20m%C3%A1s%20mensajes%2C%20respondan%20%E2%80%9Cbaja%E2%80%9D.,528,786,url_valid,blocked_not_verified,,,,El registro público de OpenStreetMap no incluye sitio web oficial. Fuente: OpenStreetMap. Rating/reseñas no disponibles en esta fuente.
B,12,Sakura,Restaurante boutique,Chile,Santiago,Las Condes/Vitacura/Providencia/Ñuñoa,5622180130,pending_manual_check,"Hola, buen día.

Somos Nexo Local Studio. Hacemos páginas web profesionales para negocios que quieren mostrar servicios, ubicación y contacto de forma clara desde el celular.

También podemos integrar un asistente con IA que responde preguntas frecuentes y guía al cliente hacia WhatsApp.

Pueden ver nuestra página aquí:
https://nexo-local-studio-public.vercel.app

Tenemos precios de lanzamiento desde $2,500 MXN. Si les interesa, podemos enviarles una propuesta breve.

Si prefieren no recibir más mensajes, respondan “baja”.",https://nexo-local-studio-public.vercel.app,https://wa.me/5622180130?text=Hola%2C%20buen%20d%C3%ADa.%0A%0ASomos%20Nexo%20Local%20Studio.%20Hacemos%20p%C3%A1ginas%20web%20profesionales%20para%20negocios%20que%20quieren%20mostrar%20servicios%2C%20ubicaci%C3%B3n%20y%20contacto%20de%20forma%20clara%20desde%20el%20celular.%0A%0ATambi%C3%A9n%20podemos%20integrar%20un%20asistente%20con%20IA%20que%20responde%20preguntas%20frecuentes%20y%20gu%C3%ADa%20al%20cliente%20hacia%20WhatsApp.%0A%0APueden%20ver%20nuestra%20p%C3%A1gina%20aqu%C3%AD%3A%0Ahttps%3A%2F%2Fnexo-local-studio-public.vercel.app%0A%0ATenemos%20precios%20de%20lanzamiento%20desde%20%242%2C500%20MXN.%20Si%20les%20interesa%2C%20podemos%20enviarles%20una%20propuesta%20breve.%0A%0ASi%20prefieren%20no%20recibir%20m%C3%A1s%20mensajes%2C%20respondan%20%E2%80%9Cbaja%E2%80%9D.,528,786,url_valid,blocked_not_verified,,,,El registro público de OpenStreetMap no incluye sitio web oficial. Fuente: OpenStreetMap. Rating/reseñas no disponibles en esta fuente.
