verification_status,business_name,niche,country,city,zone,original_phone,normalized_phone,wa_check_url,google_maps_url,source_url,phone_source,source_confidence,notes,verified_at
pending_manual_check,CADEVI,Clínica estética,Mexico,Ciudad de México,Lomas/Bosques/Polanco/Nápoles/San Ángel/Pedregal,+52 55 4069 2133,525540692133,https://wa.me/525540692133,https://www.google.com/maps/search/?api=1&query=CADEVI%20Ciudad%20de%20M%C3%A9xico%20Mexico,https://www.openstreetmap.org/node/9736055330,OpenStreetMap public phone/contact:phone tag,medium,Teléfono normalizado; requiere verificación manual en WhatsApp. El registro público de OpenStreetMap no incluye sitio web oficial.,
pending_manual_check,Maternidad Santisima Trinidad,Clínica estética,Mexico,Ciudad de México,Lomas/Bosques/Polanco/Nápoles/San Ángel/Pedregal,+52 55 5301 8930,525553018930,https://wa.me/525553018930,https://www.google.com/maps/search/?api=1&query=Maternidad%20Santisima%20Trinidad%20Ciudad%20de%20M%C3%A9xico%20Mexico,https://www.openstreetmap.org/node/12519382118,OpenStreetMap public phone/contact:phone tag,medium,Teléfono normalizado; requiere verificación manual en WhatsApp. El registro público de OpenStreetMap no incluye sitio web oficial.,
pending_manual_check,Clinica San Martin De Porres,Clínica estética,Mexico,Ciudad de México,Lomas/Bosques/Polanco/Nápoles/San Ángel/Pedregal,+52 55 3269 7565,525532697565,https://wa.me/525532697565,https://www.google.com/maps/search/?api=1&query=Clinica%20San%20Martin%20De%20Porres%20Ciudad%20de%20M%C3%A9xico%20Mexico,https://www.openstreetmap.org/node/12523337894,OpenStreetMap public phone/contact:phone tag,medium,Teléfono normalizado; requiere verificación manual en WhatsApp. El registro público de OpenStreetMap no incluye sitio web oficial.,
pending_manual_check,Consultorio dental estética,Dental,Mexico,Ciudad de México,Lomas/Bosques/Polanco/Nápoles/San Ángel/Pedregal,+52 55 2641 6589,525526416589,https://wa.me/525526416589,https://www.google.com/maps/search/?api=1&query=Consultorio%20dental%20est%C3%A9tica%20Ciudad%20de%20M%C3%A9xico%20Mexico,https://www.openstreetmap.org/node/12525411271,OpenStreetMap public phone/contact:phone tag,medium,Teléfono normalizado; requiere verificación manual en WhatsApp. El registro público de OpenStreetMap no incluye sitio web oficial.,
pending_manual_check,Consultorio Dental Armenta,Dental,Mexico,Ciudad de México,Lomas/Bosques/Polanco/Nápoles/San Ángel/Pedregal,+52 55 2657 8032,525526578032,https://wa.me/525526578032,https://www.google.com/maps/search/?api=1&query=Consultorio%20Dental%20Armenta%20Ciudad%20de%20M%C3%A9xico%20Mexico,https://www.openstreetmap.org/node/12526741736,OpenStreetMap public phone/contact:phone tag,medium,Teléfono normalizado; requiere verificación manual en WhatsApp. El registro público de OpenStreetMap no incluye sitio web oficial.,
pending_manual_check,Campos,Dental,Mexico,Ciudad de México,Lomas/Bosques/Polanco/Nápoles/San Ángel/Pedregal,+52 55 5530 7843,525555307843,https://wa.me/525555307843,https://www.google.com/maps/search/?api=1&query=Campos%20Ciudad%20de%20M%C3%A9xico%20Mexico,https://www.openstreetmap.org/node/12528356157,OpenStreetMap public phone/contact:phone tag,medium,Teléfono normalizado; requiere verificación manual en WhatsApp. El registro público de OpenStreetMap no incluye sitio web oficial.,
pending_manual_check,Consultorio Medico El Divino Redentor,Clínica estética,Mexico,Ciudad de México,Lomas/Bosques/Polanco/Nápoles/San Ángel/Pedregal,+52 55 5300 3102,525553003102,https://wa.me/525553003102,https://www.google.com/maps/search/?api=1&query=Consultorio%20Medico%20El%20Divino%20Redentor%20Ciudad%20de%20M%C3%A9xico%20Mexico,https://www.openstreetmap.org/node/12536918221,OpenStreetMap public phone/contact:phone tag,medium,Teléfono normalizado; requiere verificación manual en WhatsApp. El registro público de OpenStreetMap no incluye sitio web oficial.,
pending_manual_check,Clinica Milenium,Clínica estética,Mexico,Ciudad de México,Lomas/Bosques/Polanco/Nápoles/San Ángel/Pedregal,+52 55 5304 2495,525553042495,https://wa.me/525553042495,https://www.google.com/maps/search/?api=1&query=Clinica%20Milenium%20Ciudad%20de%20M%C3%A9xico%20Mexico,https://www.openstreetmap.org/node/12540698469,OpenStreetMap public phone/contact:phone tag,medium,Teléfono normalizado; requiere verificación manual en WhatsApp. El registro público de OpenStreetMap no incluye sitio web oficial.,
pending_manual_check,Consultorio dental Nami,Dental,Mexico,Ciudad de México,Lomas/Bosques/Polanco/Nápoles/San Ángel/Pedregal,+52 55 3552 1501,525535521501,https://wa.me/525535521501,https://www.google.com/maps/search/?api=1&query=Consultorio%20dental%20Nami%20Ciudad%20de%20M%C3%A9xico%20Mexico,https://www.openstreetmap.org/node/12544857678,OpenStreetMap public phone/contact:phone tag,medium,Teléfono normalizado; requiere verificación manual en WhatsApp. El registro público de OpenStreetMap no incluye sitio web oficial.,
pending_manual_check,Clinica de unidad médica integral,Clínica estética,Mexico,Ciudad de México,Lomas/Bosques/Polanco/Nápoles/San Ángel/Pedregal,+52 55 5304 1280,525553041280,https://wa.me/525553041280,https://www.google.com/maps/search/?api=1&query=Clinica%20de%20unidad%20m%C3%A9dica%20integral%20Ciudad%20de%20M%C3%A9xico%20Mexico,https://www.openstreetmap.org/node/12545705220,OpenStreetMap public phone/contact:phone tag,medium,Teléfono normalizado; requiere verificación manual en WhatsApp. El registro público de OpenStreetMap no incluye sitio web oficial.,
pending_manual_check,Consultorio Medico Homeopatico,Clínica estética,Mexico,Ciudad de México,Lomas/Bosques/Polanco/Nápoles/San Ángel/Pedregal,+52 55 3202 6600,525532026600,https://wa.me/525532026600,https://www.google.com/maps/search/?api=1&query=Consultorio%20Medico%20Homeopatico%20Ciudad%20de%20M%C3%A9xico%20Mexico,https://www.openstreetmap.org/node/12554561510,OpenStreetMap public phone/contact:phone tag,medium,Teléfono normalizado; requiere verificación manual en WhatsApp. El registro público de OpenStreetMap no incluye sitio web oficial.,
pending_manual_check,Botiquín Médico Parroquia De Nuestra Señora De Guadalupe,Clínica estética,Mexico,Ciudad de México,Lomas/Bosques/Polanco/Nápoles/San Ángel/Pedregal,+52 55 5295 0199,525552950199,https://wa.me/525552950199,https://www.google.com/maps/search/?api=1&query=Botiqu%C3%ADn%20M%C3%A9dico%20Parroquia%20De%20Nuestra%20Se%C3%B1ora%20De%20Guadalupe%20Ciudad%20de%20M%C3%A9xico%20Mexico,https://www.openstreetmap.org/node/12554693974,OpenStreetMap public phone/contact:phone tag,medium,Teléfono normalizado; requiere verificación manual en WhatsApp. El registro público de OpenStreetMap no incluye sitio web oficial.,
pending_manual_check,Consultorio Dental Salud Dental,Dental,Mexico,Ciudad de México,Lomas/Bosques/Polanco/Nápoles/San Ángel/Pedregal,+52 55 7113 7640,525571137640,https://wa.me/525571137640,https://www.google.com/maps/search/?api=1&query=Consultorio%20Dental%20Salud%20Dental%20Ciudad%20de%20M%C3%A9xico%20Mexico,https://www.openstreetmap.org/node/12572852950,OpenStreetMap public phone/contact:phone tag,medium,Teléfono normalizado; requiere verificación manual en WhatsApp. El registro público de OpenStreetMap no incluye sitio web oficial.,
pending_manual_check,Consultorio Dental La Loma,Dental,Mexico,Ciudad de México,Lomas/Bosques/Polanco/Nápoles/San Ángel/Pedregal,+52 55 2300 5216,525523005216,https://wa.me/525523005216,https://www.google.com/maps/search/?api=1&query=Consultorio%20Dental%20La%20Loma%20Ciudad%20de%20M%C3%A9xico%20Mexico,https://www.openstreetmap.org/node/12574232407,OpenStreetMap public phone/contact:phone tag,medium,Teléfono normalizado; requiere verificación manual en WhatsApp. El registro público de OpenStreetMap no incluye sitio web oficial.,
pending_manual_check,Consultorio Medico Country,Clínica estética,Mexico,Ciudad de México,Lomas/Bosques/Polanco/Nápoles/San Ángel/Pedregal,+52 55 5454 7182,525554547182,https://wa.me/525554547182,https://www.google.com/maps/search/?api=1&query=Consultorio%20Medico%20Country%20Ciudad%20de%20M%C3%A9xico%20Mexico,https://www.openstreetmap.org/node/12574511580,OpenStreetMap public phone/contact:phone tag,medium,Teléfono normalizado; requiere verificación manual en WhatsApp. El registro público de OpenStreetMap no incluye sitio web oficial.,
pending_manual_check,Consultorio Dental Juarez,Dental,Mexico,Ciudad de México,Lomas/Bosques/Polanco/Nápoles/San Ángel/Pedregal,+52 55 5312 0846,525553120846,https://wa.me/525553120846,https://www.google.com/maps/search/?api=1&query=Consultorio%20Dental%20Juarez%20Ciudad%20de%20M%C3%A9xico%20Mexico,https://www.openstreetmap.org/node/12590393163,OpenStreetMap public phone/contact:phone tag,medium,Teléfono normalizado; requiere verificación manual en WhatsApp. El registro público de OpenStreetMap no incluye sitio web oficial.,
pending_manual_check,Óptica Aris Visión,Óptica/Oftalmología premium,Mexico,Ciudad de México,Lomas/Bosques/Polanco/Nápoles/San Ángel/Pedregal,+52 55 5304 4557,525553044557,https://wa.me/525553044557,https://www.google.com/maps/search/?api=1&query=%C3%93ptica%20Aris%20Visi%C3%B3n%20Ciudad%20de%20M%C3%A9xico%20Mexico,https://www.openstreetmap.org/node/12590408597,OpenStreetMap public phone/contact:phone tag,medium,Teléfono normalizado; requiere verificación manual en WhatsApp. El registro público de OpenStreetMap no incluye sitio web oficial.,
pending_manual_check,Taquería El Pastorcito Suzo,Restaurante boutique,Mexico,Ciudad de México,Lomas/Bosques/Polanco/Nápoles/San Ángel/Pedregal,+52 55 5516 6955,525555166955,https://wa.me/525555166955,https://www.google.com/maps/search/?api=1&query=Taquer%C3%ADa%20El%20Pastorcito%20Suzo%20Ciudad%20de%20M%C3%A9xico%20Mexico,https://www.openstreetmap.org/node/13956256646,OpenStreetMap public phone/contact:phone tag,medium,Teléfono normalizado; requiere verificación manual en WhatsApp. El registro público de OpenStreetMap no incluye sitio web oficial.,
pending_manual_check,El Habanerito,Restaurante boutique,Mexico,Ciudad de México,Lomas/Bosques/Polanco/Nápoles/San Ángel/Pedregal,+52 55 7314 5653,525573145653,https://wa.me/525573145653,https://www.google.com/maps/search/?api=1&query=El%20Habanerito%20Ciudad%20de%20M%C3%A9xico%20Mexico,https://www.openstreetmap.org/node/13994166401,OpenStreetMap public phone/contact:phone tag,medium,Teléfono normalizado; requiere verificación manual en WhatsApp. El registro público de OpenStreetMap no incluye sitio web oficial.,
pending_manual_check,Optica Mili,Óptica/Oftalmología premium,Mexico,Huixquilucan,Interlomas/Zona Esmeralda,+52 55 1845 0207,525518450207,https://wa.me/525518450207,https://www.google.com/maps/search/?api=1&query=Optica%20Mili%20Huixquilucan%20Mexico,https://www.openstreetmap.org/node/12508484179,OpenStreetMap public phone/contact:phone tag,medium,Teléfono normalizado; requiere verificación manual en WhatsApp. El registro público de OpenStreetMap no incluye sitio web oficial.,
pending_manual_check,Optica Creacion Visual,Óptica/Oftalmología premium,Mexico,Huixquilucan,Interlomas/Zona Esmeralda,+52 55 5302 6968,525553026968,https://wa.me/525553026968,https://www.google.com/maps/search/?api=1&query=Optica%20Creacion%20Visual%20Huixquilucan%20Mexico,https://www.openstreetmap.org/node/12518872576,OpenStreetMap public phone/contact:phone tag,medium,Teléfono normalizado; requiere verificación manual en WhatsApp. El registro público de OpenStreetMap no incluye sitio web oficial.,
pending_manual_check,Dental Familiar Angeles,Dental,Mexico,Huixquilucan,Interlomas/Zona Esmeralda,+52 55 1476 7073,525514767073,https://wa.me/525514767073,https://www.google.com/maps/search/?api=1&query=Dental%20Familiar%20Angeles%20Huixquilucan%20Mexico,https://www.openstreetmap.org/node/12542972968,OpenStreetMap public phone/contact:phone tag,medium,Teléfono normalizado; requiere verificación manual en WhatsApp. El registro público de OpenStreetMap no incluye sitio web oficial.,
pending_manual_check,Consultorio Dental Smle Dental,Dental,Mexico,Huixquilucan,Interlomas/Zona Esmeralda,+52 55 3491 9881,525534919881,https://wa.me/525534919881,https://www.google.com/maps/search/?api=1&query=Consultorio%20Dental%20Smle%20Dental%20Huixquilucan%20Mexico,https://www.openstreetmap.org/node/12550183807,OpenStreetMap public phone/contact:phone tag,medium,Teléfono normalizado; requiere verificación manual en WhatsApp. El registro público de OpenStreetMap no incluye sitio web oficial.,
pending_manual_check,Clinica De Maternidad,Clínica estética,Mexico,Huixquilucan,Interlomas/Zona Esmeralda,+52 55 3599 0018,525535990018,https://wa.me/525535990018,https://www.google.com/maps/search/?api=1&query=Clinica%20De%20Maternidad%20Huixquilucan%20Mexico,https://www.openstreetmap.org/node/12551383521,OpenStreetMap public phone/contact:phone tag,medium,Teléfono normalizado; requiere verificación manual en WhatsApp. El registro público de OpenStreetMap no incluye sitio web oficial.,
pending_manual_check,Centro Terapeutico,Clínica estética,Mexico,Huixquilucan,Interlomas/Zona Esmeralda,+52 55 4997 7867,525549977867,https://wa.me/525549977867,https://www.google.com/maps/search/?api=1&query=Centro%20Terapeutico%20Huixquilucan%20Mexico,https://www.openstreetmap.org/node/12564711647,OpenStreetMap public phone/contact:phone tag,medium,Teléfono normalizado; requiere verificación manual en WhatsApp. El registro público de OpenStreetMap no incluye sitio web oficial.,
pending_manual_check,Veterinario,Veterinaria,Mexico,Huixquilucan,Interlomas/Zona Esmeralda,+52 55 5302 7225,525553027225,https://wa.me/525553027225,https://www.google.com/maps/search/?api=1&query=Veterinario%20Huixquilucan%20Mexico,https://www.openstreetmap.org/node/12574310795,OpenStreetMap public phone/contact:phone tag,medium,Teléfono normalizado; requiere verificación manual en WhatsApp. El registro público de OpenStreetMap no incluye sitio web oficial.,
pending_manual_check,Consultorio Dif,Clínica estética,Mexico,Huixquilucan,Interlomas/Zona Esmeralda,+52 55 2878 4133,525528784133,https://wa.me/525528784133,https://www.google.com/maps/search/?api=1&query=Consultorio%20Dif%20Huixquilucan%20Mexico,https://www.openstreetmap.org/node/12594408217,OpenStreetMap public phone/contact:phone tag,medium,Teléfono normalizado; requiere verificación manual en WhatsApp. El registro público de OpenStreetMap no incluye sitio web oficial.,
pending_manual_check,Centro Podológico Zavapieds,Clínica estética,Mexico,Huixquilucan,Interlomas/Zona Esmeralda,+52 55 2618 2636,525526182636,https://wa.me/525526182636,https://www.google.com/maps/search/?api=1&query=Centro%20Podol%C3%B3gico%20Zavapieds%20Huixquilucan%20Mexico,https://www.openstreetmap.org/node/12596194214,OpenStreetMap public phone/contact:phone tag,medium,Teléfono normalizado; requiere verificación manual en WhatsApp. El registro público de OpenStreetMap no incluye sitio web oficial.,
pending_manual_check,Vegan Munch,Restaurante boutique,Mexico,San Pedro Garza García,San Pedro/Valle Oriente/Centrito,+52 81 3715 7357,528137157357,https://wa.me/528137157357,https://www.google.com/maps/search/?api=1&query=Vegan%20Munch%20San%20Pedro%20Garza%20Garc%C3%ADa%20Mexico,https://www.openstreetmap.org/node/5258470816,OpenStreetMap public phone/contact:phone tag,medium,Teléfono normalizado; requiere verificación manual en WhatsApp. El registro público de OpenStreetMap no incluye sitio web oficial.,
pending_manual_check,Pizzarnik,Restaurante boutique,Mexico,San Pedro Garza García,San Pedro/Valle Oriente/Centrito,+52 999 970 3390,529999703390,https://wa.me/529999703390,https://www.google.com/maps/search/?api=1&query=Pizzarnik%20San%20Pedro%20Garza%20Garc%C3%ADa%20Mexico,https://www.openstreetmap.org/node/13966442201,OpenStreetMap public phone/contact:phone tag,medium,Teléfono normalizado; requiere verificación manual en WhatsApp. El registro público de OpenStreetMap no incluye sitio web oficial.,
pending_manual_check,Northeast BBQ,Restaurante boutique,Mexico,San Pedro Garza García,San Pedro/Valle Oriente/Centrito,+52 81 3132 7619,528131327619,https://wa.me/528131327619,https://www.google.com/maps/search/?api=1&query=Northeast%20BBQ%20San%20Pedro%20Garza%20Garc%C3%ADa%20Mexico,https://www.openstreetmap.org/node/13968918154,OpenStreetMap public phone/contact:phone tag,medium,Teléfono normalizado; requiere verificación manual en WhatsApp. El registro público de OpenStreetMap no incluye sitio web oficial.,
pending_manual_check,El Arbol,Restaurante boutique,Mexico,Mérida,Mérida Norte/Altabrisa/Montebello/Temozón,+52 999 925 3849,529999253849,https://wa.me/529999253849,https://www.google.com/maps/search/?api=1&query=El%20Arbol%20M%C3%A9rida%20Mexico,https://www.openstreetmap.org/node/14007750321,OpenStreetMap public phone/contact:phone tag,medium,"Teléfono normalizado; requiere verificación manual en WhatsApp. El enlace público del registro apunta a red social/perfil, no a sitio web propio.",
pending_manual_check,Amoroso,Restaurante boutique,Mexico,Mérida,Mérida Norte/Altabrisa/Montebello/Temozón,+52 999 164 0608,529991640608,https://wa.me/529991640608,https://www.google.com/maps/search/?api=1&query=Amoroso%20M%C3%A9rida%20Mexico,https://www.openstreetmap.org/node/14021068690,OpenStreetMap public phone/contact:phone tag,medium,"Teléfono normalizado; requiere verificación manual en WhatsApp. El enlace público del registro apunta a red social/perfil, no a sitio web propio.",
pending_manual_check,Italiannis,Restaurante boutique,Mexico,Cancún,Zona Hotelera/Cumbres/Av. Bonampak,+52 998 848 2678,529988482678,https://wa.me/529988482678,https://www.google.com/maps/search/?api=1&query=Italiannis%20Canc%C3%BAn%20Mexico,https://www.openstreetmap.org/node/1033038092,OpenStreetMap public phone/contact:phone tag,medium,Teléfono normalizado; requiere verificación manual en WhatsApp. El registro público de OpenStreetMap no incluye sitio web oficial.,
pending_manual_check,Mandinga,Restaurante boutique,Mexico,Cancún,Zona Hotelera/Cumbres/Av. Bonampak,+529988801771,529988801771,https://wa.me/529988801771,https://www.google.com/maps/search/?api=1&query=Mandinga%20Canc%C3%BAn%20Mexico,https://www.openstreetmap.org/node/3645121691,OpenStreetMap public phone/contact:phone tag,medium,Teléfono normalizado; requiere verificación manual en WhatsApp. El registro público de OpenStreetMap no incluye sitio web oficial.,
pending_manual_check,Pescaditos,Restaurante boutique,Mexico,Cancún,Zona Hotelera/Cumbres/Av. Bonampak,+529983420261,529983420261,https://wa.me/529983420261,https://www.google.com/maps/search/?api=1&query=Pescaditos%20Canc%C3%BAn%20Mexico,https://www.openstreetmap.org/node/4255663389,OpenStreetMap public phone/contact:phone tag,medium,Teléfono normalizado; requiere verificación manual en WhatsApp. El registro público de OpenStreetMap no incluye sitio web oficial.,
pending_manual_check,El Pescado Ciego,Restaurante boutique,Mexico,Cancún,Zona Hotelera/Cumbres/Av. Bonampak,+529988981670,529988981670,https://wa.me/529988981670,https://www.google.com/maps/search/?api=1&query=El%20Pescado%20Ciego%20Canc%C3%BAn%20Mexico,https://www.openstreetmap.org/node/6175905687,OpenStreetMap public phone/contact:phone tag,medium,"Teléfono normalizado; requiere verificación manual en WhatsApp. El enlace público del registro apunta a red social/perfil, no a sitio web propio.",
pending_manual_check,Los Hochos Del Bro,Restaurante boutique,Mexico,Cancún,Zona Hotelera/Cumbres/Av. Bonampak,+52 998 152 6215,529981526215,https://wa.me/529981526215,https://www.google.com/maps/search/?api=1&query=Los%20Hochos%20Del%20Bro%20Canc%C3%BAn%20Mexico,https://www.openstreetmap.org/node/6247204086,OpenStreetMap public phone/contact:phone tag,medium,Teléfono normalizado; requiere verificación manual en WhatsApp. El registro público de OpenStreetMap no incluye sitio web oficial.,
pending_manual_check,Taqueria Coapenitos,Restaurante boutique,Mexico,Cancún,Zona Hotelera/Cumbres/Av. Bonampak,+529988108699,529988108699,https://wa.me/529988108699,https://www.google.com/maps/search/?api=1&query=Taqueria%20Coapenitos%20Canc%C3%BAn%20Mexico,https://www.openstreetmap.org/node/6374899385,OpenStreetMap public phone/contact:phone tag,medium,"Teléfono normalizado; requiere verificación manual en WhatsApp. El enlace público del registro apunta a red social/perfil, no a sitio web propio.",
pending_manual_check,Mammamia!,Restaurante boutique,Mexico,Cancún,Zona Hotelera/Cumbres/Av. Bonampak,+52 998 179 8314,529981798314,https://wa.me/529981798314,https://www.google.com/maps/search/?api=1&query=Mammamia%21%20Canc%C3%BAn%20Mexico,https://www.openstreetmap.org/node/9483567318,OpenStreetMap public phone/contact:phone tag,medium,Teléfono normalizado; requiere verificación manual en WhatsApp. El registro público de OpenStreetMap no incluye sitio web oficial.,
pending_manual_check,Isla Contoy,Restaurante boutique,Mexico,Cancún,Zona Hotelera/Cumbres/Av. Bonampak,+52 998 884 0172,529988840172,https://wa.me/529988840172,https://www.google.com/maps/search/?api=1&query=Isla%20Contoy%20Canc%C3%BAn%20Mexico,https://www.openstreetmap.org/node/10635050497,OpenStreetMap public phone/contact:phone tag,medium,Teléfono normalizado; requiere verificación manual en WhatsApp. El registro público de OpenStreetMap no incluye sitio web oficial.,
pending_manual_check,El Cejas,Restaurante boutique,Mexico,Cancún,Zona Hotelera/Cumbres/Av. Bonampak,+52 998 884 0401,529988840401,https://wa.me/529988840401,https://www.google.com/maps/search/?api=1&query=El%20Cejas%20Canc%C3%BAn%20Mexico,https://www.openstreetmap.org/node/10635058216,OpenStreetMap public phone/contact:phone tag,medium,Teléfono normalizado; requiere verificación manual en WhatsApp. El registro público de OpenStreetMap no incluye sitio web oficial.,
pending_manual_check,Zun Ha Restaurante Bar by Tsunami Azul,Restaurante boutique,Mexico,Cancún,Zona Hotelera/Cumbres/Av. Bonampak,+529985614105,529985614105,https://wa.me/529985614105,https://www.google.com/maps/search/?api=1&query=Zun%20Ha%20Restaurante%20Bar%20by%20Tsunami%20Azul%20Canc%C3%BAn%20Mexico,https://www.openstreetmap.org/node/10681456405,OpenStreetMap public phone/contact:phone tag,medium,Teléfono normalizado; requiere verificación manual en WhatsApp. El registro público de OpenStreetMap no incluye sitio web oficial.,
pending_manual_check,Konigs Bier Cancún,Restaurante boutique,Mexico,Cancún,Zona Hotelera/Cumbres/Av. Bonampak,+52 998 753 6838,529987536838,https://wa.me/529987536838,https://www.google.com/maps/search/?api=1&query=Konigs%20Bier%20Canc%C3%BAn%20Canc%C3%BAn%20Mexico,https://www.openstreetmap.org/node/13919126045,OpenStreetMap public phone/contact:phone tag,medium,Teléfono normalizado; requiere verificación manual en WhatsApp. El registro público de OpenStreetMap no incluye sitio web oficial.,
pending_manual_check,Centro de Salud Urbano No. 9,Clínica estética,Mexico,Cancún,Zona Hotelera/Cumbres/Av. Bonampak,+52 998 843 1021,529988431021,https://wa.me/529988431021,https://www.google.com/maps/search/?api=1&query=Centro%20de%20Salud%20Urbano%20No.%209%20Canc%C3%BAn%20Mexico,https://www.openstreetmap.org/way/1313810248,OpenStreetMap public phone/contact:phone tag,medium,Teléfono normalizado; requiere verificación manual en WhatsApp. El registro público de OpenStreetMap no incluye sitio web oficial.,
pending_manual_check,Consultorio Dental Bravo,Dental,Mexico,Metepec,Metepec/Toluca premium,+52 722 214 7244,527222147244,https://wa.me/527222147244,https://www.google.com/maps/search/?api=1&query=Consultorio%20Dental%20Bravo%20Metepec%20Mexico,https://www.openstreetmap.org/node/4632975523,OpenStreetMap public phone/contact:phone tag,medium,Teléfono normalizado; requiere verificación manual en WhatsApp. El registro público de OpenStreetMap no incluye sitio web oficial.,
pending_manual_check,La Papa,Restaurante boutique,Mexico,Metepec,Metepec/Toluca premium,+52 722 213 4209,527222134209,https://wa.me/527222134209,https://www.google.com/maps/search/?api=1&query=La%20Papa%20Metepec%20Mexico,https://www.openstreetmap.org/node/4740066751,OpenStreetMap public phone/contact:phone tag,medium,Teléfono normalizado; requiere verificación manual en WhatsApp. El registro público de OpenStreetMap no incluye sitio web oficial.,
pending_manual_check,Pizzería Vázquez,Restaurante boutique,Mexico,Metepec,Metepec/Toluca premium,+52 722 526 8914,527225268914,https://wa.me/527225268914,https://www.google.com/maps/search/?api=1&query=Pizzer%C3%ADa%20V%C3%A1zquez%20Metepec%20Mexico,https://www.openstreetmap.org/node/4749209471,OpenStreetMap public phone/contact:phone tag,medium,Teléfono normalizado; requiere verificación manual en WhatsApp. El registro público de OpenStreetMap no incluye sitio web oficial.,
pending_manual_check,Estética Alexandro,Clínica estética,Mexico,Metepec,Metepec/Toluca premium,+52 722 237 5991,527222375991,https://wa.me/527222375991,https://www.google.com/maps/search/?api=1&query=Est%C3%A9tica%20Alexandro%20Metepec%20Mexico,https://www.openstreetmap.org/node/4869954692,OpenStreetMap public phone/contact:phone tag,medium,Teléfono normalizado; requiere verificación manual en WhatsApp. El registro público de OpenStreetMap no incluye sitio web oficial.,
pending_manual_check,Amaranta,Restaurante boutique,Mexico,Metepec,Metepec/Toluca premium,+52 722 280 8265,527222808265,https://wa.me/527222808265,https://www.google.com/maps/search/?api=1&query=Amaranta%20Metepec%20Mexico,https://www.openstreetmap.org/node/5329431823,OpenStreetMap public phone/contact:phone tag,medium,Teléfono normalizado; requiere verificación manual en WhatsApp. El registro público de OpenStreetMap no incluye sitio web oficial.,
pending_manual_check,Dental Center,Dental,Mexico,Metepec,Metepec/Toluca premium,+52 722 154 3815,527221543815,https://wa.me/527221543815,https://www.google.com/maps/search/?api=1&query=Dental%20Center%20Metepec%20Mexico,https://www.openstreetmap.org/node/7843759432,OpenStreetMap public phone/contact:phone tag,medium,Teléfono normalizado; requiere verificación manual en WhatsApp. El registro público de OpenStreetMap no incluye sitio web oficial.,
pending_manual_check,Consultorio dental del Angel,Dental,Mexico,Metepec,Metepec/Toluca premium,+52 722 180 0772,527221800772,https://wa.me/527221800772,https://www.google.com/maps/search/?api=1&query=Consultorio%20dental%20del%20Angel%20Metepec%20Mexico,https://www.openstreetmap.org/node/7853667002,OpenStreetMap public phone/contact:phone tag,medium,Teléfono normalizado; requiere verificación manual en WhatsApp. El registro público de OpenStreetMap no incluye sitio web oficial.,
pending_manual_check,Consultorio Y Farmacia Homeopática,Clínica estética,Mexico,Metepec,Metepec/Toluca premium,+52 722 480 8638,527224808638,https://wa.me/527224808638,https://www.google.com/maps/search/?api=1&query=Consultorio%20Y%20Farmacia%20Homeop%C3%A1tica%20Metepec%20Mexico,https://www.openstreetmap.org/node/12505328664,OpenStreetMap public phone/contact:phone tag,medium,Teléfono normalizado; requiere verificación manual en WhatsApp. El registro público de OpenStreetMap no incluye sitio web oficial.,
pending_manual_check,Sante Du Corps,Clínica estética,Mexico,Metepec,Metepec/Toluca premium,+52 55 9170 5912,525591705912,https://wa.me/525591705912,https://www.google.com/maps/search/?api=1&query=Sante%20Du%20Corps%20Metepec%20Mexico,https://www.openstreetmap.org/node/12508578468,OpenStreetMap public phone/contact:phone tag,medium,Teléfono normalizado; requiere verificación manual en WhatsApp. El registro público de OpenStreetMap no incluye sitio web oficial.,
pending_manual_check,Ms&ms Dental Clinic,Dental,Mexico,Metepec,Metepec/Toluca premium,+52 722 213 1140,527222131140,https://wa.me/527222131140,https://www.google.com/maps/search/?api=1&query=Ms%26ms%20Dental%20Clinic%20Metepec%20Mexico,https://www.openstreetmap.org/node/12511419000,OpenStreetMap public phone/contact:phone tag,medium,Teléfono normalizado; requiere verificación manual en WhatsApp. El registro público de OpenStreetMap no incluye sitio web oficial.,
pending_manual_check,Ube Dental,Dental,Mexico,Metepec,Metepec/Toluca premium,+52 722 238 7307,527222387307,https://wa.me/527222387307,https://www.google.com/maps/search/?api=1&query=Ube%20Dental%20Metepec%20Mexico,https://www.openstreetmap.org/node/12511430990,OpenStreetMap public phone/contact:phone tag,medium,Teléfono normalizado; requiere verificación manual en WhatsApp. El registro público de OpenStreetMap no incluye sitio web oficial.,
pending_manual_check,Clean,Dental,Mexico,Metepec,Metepec/Toluca premium,+52 722 158 1136,527221581136,https://wa.me/527221581136,https://www.google.com/maps/search/?api=1&query=Clean%20Metepec%20Mexico,https://www.openstreetmap.org/node/12512462239,OpenStreetMap public phone/contact:phone tag,medium,Teléfono normalizado; requiere verificación manual en WhatsApp. El registro público de OpenStreetMap no incluye sitio web oficial.,
pending_manual_check,Grupo Medica Support,Óptica/Oftalmología premium,Mexico,Metepec,Metepec/Toluca premium,+52 722 301 7892,527223017892,https://wa.me/527223017892,https://www.google.com/maps/search/?api=1&query=Grupo%20Medica%20Support%20Metepec%20Mexico,https://www.openstreetmap.org/node/12516868148,OpenStreetMap public phone/contact:phone tag,medium,Teléfono normalizado; requiere verificación manual en WhatsApp. El registro público de OpenStreetMap no incluye sitio web oficial.,
pending_manual_check,Clinica Medica San Juan,Clínica estética,Mexico,Metepec,Metepec/Toluca premium,+52 722 212 8436,527222128436,https://wa.me/527222128436,https://www.google.com/maps/search/?api=1&query=Clinica%20Medica%20San%20Juan%20Metepec%20Mexico,https://www.openstreetmap.org/node/12517039327,OpenStreetMap public phone/contact:phone tag,medium,Teléfono normalizado; requiere verificación manual en WhatsApp. El registro público de OpenStreetMap no incluye sitio web oficial.,
pending_manual_check,Clinica De Rehabilitacion Fisica Sakti,Clínica estética,Mexico,Metepec,Metepec/Toluca premium,+52 722 634 8316,527226348316,https://wa.me/527226348316,https://www.google.com/maps/search/?api=1&query=Clinica%20De%20Rehabilitacion%20Fisica%20Sakti%20Metepec%20Mexico,https://www.openstreetmap.org/node/12517258980,OpenStreetMap public phone/contact:phone tag,medium,Teléfono normalizado; requiere verificación manual en WhatsApp. El registro público de OpenStreetMap no incluye sitio web oficial.,
pending_manual_check,El Divan De Freud,Clínica estética,Mexico,Metepec,Metepec/Toluca premium,+52 722 155 6811,527221556811,https://wa.me/527221556811,https://www.google.com/maps/search/?api=1&query=El%20Divan%20De%20Freud%20Metepec%20Mexico,https://www.openstreetmap.org/node/12519435257,OpenStreetMap public phone/contact:phone tag,medium,Teléfono normalizado; requiere verificación manual en WhatsApp. El registro público de OpenStreetMap no incluye sitio web oficial.,
pending_manual_check,Dotor Dental,Dental,Mexico,Metepec,Metepec/Toluca premium,+52 722 272 2013,527222722013,https://wa.me/527222722013,https://www.google.com/maps/search/?api=1&query=Dotor%20Dental%20Metepec%20Mexico,https://www.openstreetmap.org/node/12519618820,OpenStreetMap public phone/contact:phone tag,medium,Teléfono normalizado; requiere verificación manual en WhatsApp. El registro público de OpenStreetMap no incluye sitio web oficial.,
pending_manual_check,Consultorio Dental Esquivel,Dental,Mexico,Metepec,Metepec/Toluca premium,+52 722 350 7464,527223507464,https://wa.me/527223507464,https://www.google.com/maps/search/?api=1&query=Consultorio%20Dental%20Esquivel%20Metepec%20Mexico,https://www.openstreetmap.org/node/12519644622,OpenStreetMap public phone/contact:phone tag,medium,Teléfono normalizado; requiere verificación manual en WhatsApp. El registro público de OpenStreetMap no incluye sitio web oficial.,
pending_manual_check,Consultorio dental Prudent,Dental,Mexico,Metepec,Metepec/Toluca premium,+52 722 252 1359,527222521359,https://wa.me/527222521359,https://www.google.com/maps/search/?api=1&query=Consultorio%20dental%20Prudent%20Metepec%20Mexico,https://www.openstreetmap.org/node/12519652752,OpenStreetMap public phone/contact:phone tag,medium,Teléfono normalizado; requiere verificación manual en WhatsApp. El registro público de OpenStreetMap no incluye sitio web oficial.,
pending_manual_check,Dental Vilher,Dental,Mexico,Metepec,Metepec/Toluca premium,+52 722 647 9760,527226479760,https://wa.me/527226479760,https://www.google.com/maps/search/?api=1&query=Dental%20Vilher%20Metepec%20Mexico,https://www.openstreetmap.org/node/12519679709,OpenStreetMap public phone/contact:phone tag,medium,Teléfono normalizado; requiere verificación manual en WhatsApp. El registro público de OpenStreetMap no incluye sitio web oficial.,
pending_manual_check,Consultorio Cirugia General,Clínica estética,Mexico,Metepec,Metepec/Toluca premium,+52 722 212 5649,527222125649,https://wa.me/527222125649,https://www.google.com/maps/search/?api=1&query=Consultorio%20Cirugia%20General%20Metepec%20Mexico,https://www.openstreetmap.org/node/12519681891,OpenStreetMap public phone/contact:phone tag,medium,Teléfono normalizado; requiere verificación manual en WhatsApp. El registro público de OpenStreetMap no incluye sitio web oficial.,
pending_manual_check,Orientacion Psicologica,Clínica estética,Mexico,Metepec,Metepec/Toluca premium,+52 722 381 0349,527223810349,https://wa.me/527223810349,https://www.google.com/maps/search/?api=1&query=Orientacion%20Psicologica%20Metepec%20Mexico,https://www.openstreetmap.org/node/12519712846,OpenStreetMap public phone/contact:phone tag,medium,Teléfono normalizado; requiere verificación manual en WhatsApp. El registro público de OpenStreetMap no incluye sitio web oficial.,
pending_manual_check,Centro joshem,Clínica estética,Mexico,Metepec,Metepec/Toluca premium,+52 722 457 5094,527224575094,https://wa.me/527224575094,https://www.google.com/maps/search/?api=1&query=Centro%20joshem%20Metepec%20Mexico,https://www.openstreetmap.org/node/12521089620,OpenStreetMap public phone/contact:phone tag,medium,Teléfono normalizado; requiere verificación manual en WhatsApp. El registro público de OpenStreetMap no incluye sitio web oficial.,
pending_manual_check,Consultorio Homeopatico,Clínica estética,Mexico,Metepec,Metepec/Toluca premium,+52 722 432 7883,527224327883,https://wa.me/527224327883,https://www.google.com/maps/search/?api=1&query=Consultorio%20Homeopatico%20Metepec%20Mexico,https://www.openstreetmap.org/node/12521171644,OpenStreetMap public phone/contact:phone tag,medium,Teléfono normalizado; requiere verificación manual en WhatsApp. El registro público de OpenStreetMap no incluye sitio web oficial.,
pending_manual_check,Consultorio de Nutriologa,Clínica estética,Mexico,Metepec,Metepec/Toluca premium,+52 722 504 2139,527225042139,https://wa.me/527225042139,https://www.google.com/maps/search/?api=1&query=Consultorio%20de%20Nutriologa%20Metepec%20Mexico,https://www.openstreetmap.org/node/12521211067,OpenStreetMap public phone/contact:phone tag,medium,Teléfono normalizado; requiere verificación manual en WhatsApp. El registro público de OpenStreetMap no incluye sitio web oficial.,
pending_manual_check,Consultorios Medicos Alvear,Clínica estética,Mexico,Metepec,Metepec/Toluca premium,+52 722 215 2797,527222152797,https://wa.me/527222152797,https://www.google.com/maps/search/?api=1&query=Consultorios%20Medicos%20Alvear%20Metepec%20Mexico,https://www.openstreetmap.org/node/12521222062,OpenStreetMap public phone/contact:phone tag,medium,Teléfono normalizado; requiere verificación manual en WhatsApp. El registro público de OpenStreetMap no incluye sitio web oficial.,
pending_manual_check,Consultorio Y Laboratorio Dental,Dental,Mexico,Metepec,Metepec/Toluca premium,+52 722 311 1151,527223111151,https://wa.me/527223111151,https://www.google.com/maps/search/?api=1&query=Consultorio%20Y%20Laboratorio%20Dental%20Metepec%20Mexico,https://www.openstreetmap.org/node/12521281777,OpenStreetMap public phone/contact:phone tag,medium,Teléfono normalizado; requiere verificación manual en WhatsApp. El registro público de OpenStreetMap no incluye sitio web oficial.,
pending_manual_check,Inglés Individual,Academia privada,Mexico,Metepec,Metepec/Toluca premium,+52 722 318 4809,527223184809,https://wa.me/527223184809,https://www.google.com/maps/search/?api=1&query=Ingl%C3%A9s%20Individual%20Metepec%20Mexico,https://www.openstreetmap.org/node/12521558421,OpenStreetMap public phone/contact:phone tag,medium,Teléfono normalizado; requiere verificación manual en WhatsApp. El registro público de OpenStreetMap no incluye sitio web oficial.,
pending_manual_check,Quiropedistas,Clínica estética,Mexico,Metepec,Metepec/Toluca premium,+52 722 213 8088,527222138088,https://wa.me/527222138088,https://www.google.com/maps/search/?api=1&query=Quiropedistas%20Metepec%20Mexico,https://www.openstreetmap.org/node/12521665784,OpenStreetMap public phone/contact:phone tag,medium,Teléfono normalizado; requiere verificación manual en WhatsApp. El registro público de OpenStreetMap no incluye sitio web oficial.,
pending_manual_check,Clinica Dental San Francisco,Dental,Mexico,Metepec,Metepec/Toluca premium,+52 722 275 1830,527222751830,https://wa.me/527222751830,https://www.google.com/maps/search/?api=1&query=Clinica%20Dental%20San%20Francisco%20Metepec%20Mexico,https://www.openstreetmap.org/node/12521670760,OpenStreetMap public phone/contact:phone tag,medium,Teléfono normalizado; requiere verificación manual en WhatsApp. El registro público de OpenStreetMap no incluye sitio web oficial.,
pending_manual_check,Atencion Psicoterapeutica Toluca,Clínica estética,Mexico,Metepec,Metepec/Toluca premium,+52 722 597 7062,527225977062,https://wa.me/527225977062,https://www.google.com/maps/search/?api=1&query=Atencion%20Psicoterapeutica%20Toluca%20Metepec%20Mexico,https://www.openstreetmap.org/node/12521687433,OpenStreetMap public phone/contact:phone tag,medium,Teléfono normalizado; requiere verificación manual en WhatsApp. El registro público de OpenStreetMap no incluye sitio web oficial.,
pending_manual_check,Innovation English School,Academia privada,Mexico,Metepec,Metepec/Toluca premium,+52 722 156 9341,527221569341,https://wa.me/527221569341,https://www.google.com/maps/search/?api=1&query=Innovation%20English%20School%20Metepec%20Mexico,https://www.openstreetmap.org/node/12522161016,OpenStreetMap public phone/contact:phone tag,medium,Teléfono normalizado; requiere verificación manual en WhatsApp. El registro público de OpenStreetMap no incluye sitio web oficial.,
pending_manual_check,Fisioterapia,Clínica estética,Mexico,Metepec,Metepec/Toluca premium,+52 722 350 1073,527223501073,https://wa.me/527223501073,https://www.google.com/maps/search/?api=1&query=Fisioterapia%20Metepec%20Mexico,https://www.openstreetmap.org/node/12522197228,OpenStreetMap public phone/contact:phone tag,medium,Teléfono normalizado; requiere verificación manual en WhatsApp. El registro público de OpenStreetMap no incluye sitio web oficial.,
pending_manual_check,Clinica Quiropedista Sandra,Clínica estética,Mexico,Metepec,Metepec/Toluca premium,+52 722 280 4858,527222804858,https://wa.me/527222804858,https://www.google.com/maps/search/?api=1&query=Clinica%20Quiropedista%20Sandra%20Metepec%20Mexico,https://www.openstreetmap.org/node/12522199756,OpenStreetMap public phone/contact:phone tag,medium,Teléfono normalizado; requiere verificación manual en WhatsApp. El registro público de OpenStreetMap no incluye sitio web oficial.,
pending_manual_check,Big Smile,Dental,Mexico,Metepec,Metepec/Toluca premium,+52 722 654 2026,527226542026,https://wa.me/527226542026,https://www.google.com/maps/search/?api=1&query=Big%20Smile%20Metepec%20Mexico,https://www.openstreetmap.org/node/12522204457,OpenStreetMap public phone/contact:phone tag,medium,Teléfono normalizado; requiere verificación manual en WhatsApp. El registro público de OpenStreetMap no incluye sitio web oficial.,
pending_manual_check,Consultorio De Salud Bucal Atencion Integral Niños Y Adultos,Dental,Mexico,Metepec,Metepec/Toluca premium,+52 722 160 8330,527221608330,https://wa.me/527221608330,https://www.google.com/maps/search/?api=1&query=Consultorio%20De%20Salud%20Bucal%20Atencion%20Integral%20Ni%C3%B1os%20Y%20Adultos%20Metepec%20Mexico,https://www.openstreetmap.org/node/12522208203,OpenStreetMap public phone/contact:phone tag,medium,Teléfono normalizado; requiere verificación manual en WhatsApp. El registro público de OpenStreetMap no incluye sitio web oficial.,
pending_manual_check,Clinica Dental Dentastic,Dental,Mexico,Metepec,Metepec/Toluca premium,+52 722 408 0031,527224080031,https://wa.me/527224080031,https://www.google.com/maps/search/?api=1&query=Clinica%20Dental%20Dentastic%20Metepec%20Mexico,https://www.openstreetmap.org/node/12522231990,OpenStreetMap public phone/contact:phone tag,medium,Teléfono normalizado; requiere verificación manual en WhatsApp. El registro público de OpenStreetMap no incluye sitio web oficial.,
pending_manual_check,Consultorio Dental Angle,Dental,Mexico,Metepec,Metepec/Toluca premium,+52 722 270 3307,527222703307,https://wa.me/527222703307,https://www.google.com/maps/search/?api=1&query=Consultorio%20Dental%20Angle%20Metepec%20Mexico,https://www.openstreetmap.org/node/12522232596,OpenStreetMap public phone/contact:phone tag,medium,Teléfono normalizado; requiere verificación manual en WhatsApp. El registro público de OpenStreetMap no incluye sitio web oficial.,
pending_manual_check,Karen,Dental,Mexico,Metepec,Metepec/Toluca premium,+52 722 467 6373,527224676373,https://wa.me/527224676373,https://www.google.com/maps/search/?api=1&query=Karen%20Metepec%20Mexico,https://www.openstreetmap.org/node/12523184642,OpenStreetMap public phone/contact:phone tag,medium,Teléfono normalizado; requiere verificación manual en WhatsApp. El registro público de OpenStreetMap no incluye sitio web oficial.,
pending_manual_check,Imagen Dental Metepec,Dental,Mexico,Metepec,Metepec/Toluca premium,+52 722 418 0504,527224180504,https://wa.me/527224180504,https://www.google.com/maps/search/?api=1&query=Imagen%20Dental%20Metepec%20Metepec%20Mexico,https://www.openstreetmap.org/node/12523207637,OpenStreetMap public phone/contact:phone tag,medium,Teléfono normalizado; requiere verificación manual en WhatsApp. El registro público de OpenStreetMap no incluye sitio web oficial.,
pending_manual_check,Consultorio De Ginecologia,Clínica estética,Mexico,Metepec,Metepec/Toluca premium,+52 722 212 0037,527222120037,https://wa.me/527222120037,https://www.google.com/maps/search/?api=1&query=Consultorio%20De%20Ginecologia%20Metepec%20Mexico,https://www.openstreetmap.org/node/12524345410,OpenStreetMap public phone/contact:phone tag,medium,Teléfono normalizado; requiere verificación manual en WhatsApp. El registro público de OpenStreetMap no incluye sitio web oficial.,
pending_manual_check,Souri Clinica Dental,Dental,Mexico,Metepec,Metepec/Toluca premium,+52 722 615 2423,527226152423,https://wa.me/527226152423,https://www.google.com/maps/search/?api=1&query=Souri%20Clinica%20Dental%20Metepec%20Mexico,https://www.openstreetmap.org/node/12527080696,OpenStreetMap public phone/contact:phone tag,medium,Teléfono normalizado; requiere verificación manual en WhatsApp. El registro público de OpenStreetMap no incluye sitio web oficial.,
pending_manual_check,Clinica Peter Dent,Dental,Mexico,Metepec,Metepec/Toluca premium,+52 722 219 5531,527222195531,https://wa.me/527222195531,https://www.google.com/maps/search/?api=1&query=Clinica%20Peter%20Dent%20Metepec%20Mexico,https://www.openstreetmap.org/node/12527287015,OpenStreetMap public phone/contact:phone tag,medium,Teléfono normalizado; requiere verificación manual en WhatsApp. El registro público de OpenStreetMap no incluye sitio web oficial.,
pending_manual_check,Consultorio Medico Dr Jorge A Karam C,Clínica estética,Mexico,Metepec,Metepec/Toluca premium,+52 722 400 6089,527224006089,https://wa.me/527224006089,https://www.google.com/maps/search/?api=1&query=Consultorio%20Medico%20Dr%20Jorge%20A%20Karam%20C%20Metepec%20Mexico,https://www.openstreetmap.org/node/12527828610,OpenStreetMap public phone/contact:phone tag,medium,Teléfono normalizado; requiere verificación manual en WhatsApp. El registro público de OpenStreetMap no incluye sitio web oficial.,
pending_manual_check,Consultorio Podologico,Clínica estética,Mexico,Metepec,Metepec/Toluca premium,+52 722 215 8704,527222158704,https://wa.me/527222158704,https://www.google.com/maps/search/?api=1&query=Consultorio%20Podologico%20Metepec%20Mexico,https://www.openstreetmap.org/node/12527870744,OpenStreetMap public phone/contact:phone tag,medium,Teléfono normalizado; requiere verificación manual en WhatsApp. El registro público de OpenStreetMap no incluye sitio web oficial.,
pending_manual_check,Podologia Clinica Dedos-sanos,Clínica estética,Mexico,Metepec,Metepec/Toluca premium,+52 722 889 2804,527228892804,https://wa.me/527228892804,https://www.google.com/maps/search/?api=1&query=Podologia%20Clinica%20Dedos-sanos%20Metepec%20Mexico,https://www.openstreetmap.org/node/12527870831,OpenStreetMap public phone/contact:phone tag,medium,Teléfono normalizado; requiere verificación manual en WhatsApp. El registro público de OpenStreetMap no incluye sitio web oficial.,
pending_manual_check,Smile Dental Clinica Odontologica,Dental,Mexico,Metepec,Metepec/Toluca premium,+52 722 240 9944,527222409944,https://wa.me/527222409944,https://www.google.com/maps/search/?api=1&query=Smile%20Dental%20Clinica%20Odontologica%20Metepec%20Mexico,https://www.openstreetmap.org/node/12527937577,OpenStreetMap public phone/contact:phone tag,medium,Teléfono normalizado; requiere verificación manual en WhatsApp. El registro público de OpenStreetMap no incluye sitio web oficial.,
pending_manual_check,Komunica Klinic,Clínica estética,Mexico,Metepec,Metepec/Toluca premium,+52 722 209 0138,527222090138,https://wa.me/527222090138,https://www.google.com/maps/search/?api=1&query=Komunica%20Klinic%20Metepec%20Mexico,https://www.openstreetmap.org/node/12528199224,OpenStreetMap public phone/contact:phone tag,medium,Teléfono normalizado; requiere verificación manual en WhatsApp. El registro público de OpenStreetMap no incluye sitio web oficial.,
pending_manual_check,Family Dentist,Dental,Mexico,Metepec,Metepec/Toluca premium,+52 722 284 6452,527222846452,https://wa.me/527222846452,https://www.google.com/maps/search/?api=1&query=Family%20Dentist%20Metepec%20Mexico,https://www.openstreetmap.org/node/12528228446,OpenStreetMap public phone/contact:phone tag,medium,Teléfono normalizado; requiere verificación manual en WhatsApp. El registro público de OpenStreetMap no incluye sitio web oficial.,
pending_manual_check,Especialistas En Salud Mental Koena,Clínica estética,Mexico,Metepec,Metepec/Toluca premium,+52 722 426 5286,527224265286,https://wa.me/527224265286,https://www.google.com/maps/search/?api=1&query=Especialistas%20En%20Salud%20Mental%20Koena%20Metepec%20Mexico,https://www.openstreetmap.org/node/12528301358,OpenStreetMap public phone/contact:phone tag,medium,Teléfono normalizado; requiere verificación manual en WhatsApp. El registro público de OpenStreetMap no incluye sitio web oficial.,
pending_manual_check,Clínica dental Providente,Dental,Mexico,Metepec,Metepec/Toluca premium,+52 722 179 3335,527221793335,https://wa.me/527221793335,https://www.google.com/maps/search/?api=1&query=Cl%C3%ADnica%20dental%20Providente%20Metepec%20Mexico,https://www.openstreetmap.org/node/12530506574,OpenStreetMap public phone/contact:phone tag,medium,Teléfono normalizado; requiere verificación manual en WhatsApp. El registro público de OpenStreetMap no incluye sitio web oficial.,
pending_manual_check,Consultorio De Odontologia Integral,Dental,Mexico,Metepec,Metepec/Toluca premium,+52 722 204 8999,527222048999,https://wa.me/527222048999,https://www.google.com/maps/search/?api=1&query=Consultorio%20De%20Odontologia%20Integral%20Metepec%20Mexico,https://www.openstreetmap.org/node/12530571748,OpenStreetMap public phone/contact:phone tag,medium,Teléfono normalizado; requiere verificación manual en WhatsApp. El registro público de OpenStreetMap no incluye sitio web oficial.,
pending_manual_check,Consultorio De Rehabilitacion,Clínica estética,Mexico,Metepec,Metepec/Toluca premium,+52 722 461 2892,527224612892,https://wa.me/527224612892,https://www.google.com/maps/search/?api=1&query=Consultorio%20De%20Rehabilitacion%20Metepec%20Mexico,https://www.openstreetmap.org/node/12533409987,OpenStreetMap public phone/contact:phone tag,medium,Teléfono normalizado; requiere verificación manual en WhatsApp. El registro público de OpenStreetMap no incluye sitio web oficial.,
pending_manual_check,Creando Sonrisas,Dental,Mexico,Metepec,Metepec/Toluca premium,+52 722 392 1828,527223921828,https://wa.me/527223921828,https://www.google.com/maps/search/?api=1&query=Creando%20Sonrisas%20Metepec%20Mexico,https://www.openstreetmap.org/node/12534617064,OpenStreetMap public phone/contact:phone tag,medium,Teléfono normalizado; requiere verificación manual en WhatsApp. El registro público de OpenStreetMap no incluye sitio web oficial.,
pending_manual_check,Masaje Profesional Y Terapéutico Hands & Feets,Clínica estética,Mexico,Metepec,Metepec/Toluca premium,+52 722 224 7139,527222247139,https://wa.me/527222247139,https://www.google.com/maps/search/?api=1&query=Masaje%20Profesional%20Y%20Terap%C3%A9utico%20Hands%20%26%20Feets%20Metepec%20Mexico,https://www.openstreetmap.org/node/12534620254,OpenStreetMap public phone/contact:phone tag,medium,Teléfono normalizado; requiere verificación manual en WhatsApp. El registro público de OpenStreetMap no incluye sitio web oficial.,
pending_manual_check,Clinica Dental Sagrado Corazon,Dental,Mexico,Metepec,Metepec/Toluca premium,+52 722 280 6641,527222806641,https://wa.me/527222806641,https://www.google.com/maps/search/?api=1&query=Clinica%20Dental%20Sagrado%20Corazon%20Metepec%20Mexico,https://www.openstreetmap.org/node/12535298514,OpenStreetMap public phone/contact:phone tag,medium,Teléfono normalizado; requiere verificación manual en WhatsApp. El registro público de OpenStreetMap no incluye sitio web oficial.,
pending_manual_check,Odontologia Especializada,Dental,Mexico,Metepec,Metepec/Toluca premium,+52 722 394 1672,527223941672,https://wa.me/527223941672,https://www.google.com/maps/search/?api=1&query=Odontologia%20Especializada%20Metepec%20Mexico,https://www.openstreetmap.org/node/12535323271,OpenStreetMap public phone/contact:phone tag,medium,Teléfono normalizado; requiere verificación manual en WhatsApp. El registro público de OpenStreetMap no incluye sitio web oficial.,
pending_manual_check,Consultorio Dental Doctor Jorge Coronado Baltazar,Dental,Mexico,Metepec,Metepec/Toluca premium,+52 722 253 4879,527222534879,https://wa.me/527222534879,https://www.google.com/maps/search/?api=1&query=Consultorio%20Dental%20Doctor%20Jorge%20Coronado%20Baltazar%20Metepec%20Mexico,https://www.openstreetmap.org/node/12535354846,OpenStreetMap public phone/contact:phone tag,medium,Teléfono normalizado; requiere verificación manual en WhatsApp. El registro público de OpenStreetMap no incluye sitio web oficial.,
pending_manual_check,Medica Del Valle,Clínica estética,Mexico,Metepec,Metepec/Toluca premium,+52 722 217 2004,527222172004,https://wa.me/527222172004,https://www.google.com/maps/search/?api=1&query=Medica%20Del%20Valle%20Metepec%20Mexico,https://www.openstreetmap.org/node/12535446897,OpenStreetMap public phone/contact:phone tag,medium,Teléfono normalizado; requiere verificación manual en WhatsApp. El registro público de OpenStreetMap no incluye sitio web oficial.,
pending_manual_check,Hernandez Odontologia,Dental,Mexico,Metepec,Metepec/Toluca premium,+52 722 214 7625,527222147625,https://wa.me/527222147625,https://www.google.com/maps/search/?api=1&query=Hernandez%20Odontologia%20Metepec%20Mexico,https://www.openstreetmap.org/node/12535455969,OpenStreetMap public phone/contact:phone tag,medium,Teléfono normalizado; requiere verificación manual en WhatsApp. El registro público de OpenStreetMap no incluye sitio web oficial.,
pending_manual_check,Centro De Fisioterapia Avanzada,Clínica estética,Mexico,Metepec,Metepec/Toluca premium,+52 722 350 8346,527223508346,https://wa.me/527223508346,https://www.google.com/maps/search/?api=1&query=Centro%20De%20Fisioterapia%20Avanzada%20Metepec%20Mexico,https://www.openstreetmap.org/node/12536548957,OpenStreetMap public phone/contact:phone tag,medium,Teléfono normalizado; requiere verificación manual en WhatsApp. El registro público de OpenStreetMap no incluye sitio web oficial.,
pending_manual_check,Especialistas En Salud Mental,Clínica estética,Mexico,Metepec,Metepec/Toluca premium,+52 722 439 7709,527224397709,https://wa.me/527224397709,https://www.google.com/maps/search/?api=1&query=Especialistas%20En%20Salud%20Mental%20Metepec%20Mexico,https://www.openstreetmap.org/node/12536868627,OpenStreetMap public phone/contact:phone tag,medium,Teléfono normalizado; requiere verificación manual en WhatsApp. El registro público de OpenStreetMap no incluye sitio web oficial.,
pending_manual_check,Consultorio Sante De Acup Untura Humada,Clínica estética,Mexico,Metepec,Metepec/Toluca premium,+52 722 597 7395,527225977395,https://wa.me/527225977395,https://www.google.com/maps/search/?api=1&query=Consultorio%20Sante%20De%20Acup%20Untura%20Humada%20Metepec%20Mexico,https://www.openstreetmap.org/node/12537637889,OpenStreetMap public phone/contact:phone tag,medium,Teléfono normalizado; requiere verificación manual en WhatsApp. El registro público de OpenStreetMap no incluye sitio web oficial.,
pending_manual_check,Consultirio dental,Dental,Mexico,Metepec,Metepec/Toluca premium,+52 722 410 6439,527224106439,https://wa.me/527224106439,https://www.google.com/maps/search/?api=1&query=Consultirio%20dental%20Metepec%20Mexico,https://www.openstreetmap.org/node/12537641675,OpenStreetMap public phone/contact:phone tag,medium,Teléfono normalizado; requiere verificación manual en WhatsApp. El registro público de OpenStreetMap no incluye sitio web oficial.,
pending_manual_check,Escuela De Ingles On Way,Academia privada,Mexico,Metepec,Metepec/Toluca premium,+52 55 2564 6352,525525646352,https://wa.me/525525646352,https://www.google.com/maps/search/?api=1&query=Escuela%20De%20Ingles%20On%20Way%20Metepec%20Mexico,https://www.openstreetmap.org/node/12537660740,OpenStreetMap public phone/contact:phone tag,medium,Teléfono normalizado; requiere verificación manual en WhatsApp. El registro público de OpenStreetMap no incluye sitio web oficial.,
pending_manual_check,Optica Mision,Óptica/Oftalmología premium,Mexico,Metepec,Metepec/Toluca premium,+52 722 211 9378,527222119378,https://wa.me/527222119378,https://www.google.com/maps/search/?api=1&query=Optica%20Mision%20Metepec%20Mexico,https://www.openstreetmap.org/node/12539600520,OpenStreetMap public phone/contact:phone tag,medium,Teléfono normalizado; requiere verificación manual en WhatsApp. El registro público de OpenStreetMap no incluye sitio web oficial.,
pending_manual_check,Centro De Especialidades,Clínica estética,Mexico,Metepec,Metepec/Toluca premium,+52 722 211 9549,527222119549,https://wa.me/527222119549,https://www.google.com/maps/search/?api=1&query=Centro%20De%20Especialidades%20Metepec%20Mexico,https://www.openstreetmap.org/node/12539756360,OpenStreetMap public phone/contact:phone tag,medium,Teléfono normalizado; requiere verificación manual en WhatsApp. El registro público de OpenStreetMap no incluye sitio web oficial.,
pending_manual_check,Clinica Dental Nishikawa,Dental,Mexico,Metepec,Metepec/Toluca premium,+52 722 270 2614,527222702614,https://wa.me/527222702614,https://www.google.com/maps/search/?api=1&query=Clinica%20Dental%20Nishikawa%20Metepec%20Mexico,https://www.openstreetmap.org/node/12539779350,OpenStreetMap public phone/contact:phone tag,medium,Teléfono normalizado; requiere verificación manual en WhatsApp. El registro público de OpenStreetMap no incluye sitio web oficial.,
pending_manual_check,Consultorio Dental Montes De Oca,Dental,Mexico,Metepec,Metepec/Toluca premium,+52 722 659 4081,527226594081,https://wa.me/527226594081,https://www.google.com/maps/search/?api=1&query=Consultorio%20Dental%20Montes%20De%20Oca%20Metepec%20Mexico,https://www.openstreetmap.org/node/12540106656,OpenStreetMap public phone/contact:phone tag,medium,Teléfono normalizado; requiere verificación manual en WhatsApp. El registro público de OpenStreetMap no incluye sitio web oficial.,
pending_manual_check,Consultorio Dental Diente De Leon,Dental,Mexico,Metepec,Metepec/Toluca premium,+52 722 148 3728,527221483728,https://wa.me/527221483728,https://www.google.com/maps/search/?api=1&query=Consultorio%20Dental%20Diente%20De%20Leon%20Metepec%20Mexico,https://www.openstreetmap.org/node/12540353034,OpenStreetMap public phone/contact:phone tag,medium,Teléfono normalizado; requiere verificación manual en WhatsApp. El registro público de OpenStreetMap no incluye sitio web oficial.,
pending_manual_check,Consultorio Medico Dermatologico,Clínica estética,Mexico,Metepec,Metepec/Toluca premium,+52 55 4094 8930,525540948930,https://wa.me/525540948930,https://www.google.com/maps/search/?api=1&query=Consultorio%20Medico%20Dermatologico%20Metepec%20Mexico,https://www.openstreetmap.org/node/12540593927,OpenStreetMap public phone/contact:phone tag,medium,Teléfono normalizado; requiere verificación manual en WhatsApp. El registro público de OpenStreetMap no incluye sitio web oficial.,
pending_manual_check,Laboratorio Dental Mimi,Dental,Mexico,Metepec,Metepec/Toluca premium,+52 722 633 6386,527226336386,https://wa.me/527226336386,https://www.google.com/maps/search/?api=1&query=Laboratorio%20Dental%20Mimi%20Metepec%20Mexico,https://www.openstreetmap.org/node/12540640875,OpenStreetMap public phone/contact:phone tag,medium,Teléfono normalizado; requiere verificación manual en WhatsApp. El registro público de OpenStreetMap no incluye sitio web oficial.,
pending_manual_check,Clinica Dental Dentissimo,Dental,Mexico,Metepec,Metepec/Toluca premium,+52 722 388 4745,527223884745,https://wa.me/527223884745,https://www.google.com/maps/search/?api=1&query=Clinica%20Dental%20Dentissimo%20Metepec%20Mexico,https://www.openstreetmap.org/node/12540672439,OpenStreetMap public phone/contact:phone tag,medium,Teléfono normalizado; requiere verificación manual en WhatsApp. El registro público de OpenStreetMap no incluye sitio web oficial.,
pending_manual_check,Odontologia estética,Dental,Mexico,Metepec,Metepec/Toluca premium,+52 722 212 1311,527222121311,https://wa.me/527222121311,https://www.google.com/maps/search/?api=1&query=Odontologia%20est%C3%A9tica%20Metepec%20Mexico,https://www.openstreetmap.org/node/12540680292,OpenStreetMap public phone/contact:phone tag,medium,Teléfono normalizado; requiere verificación manual en WhatsApp. El registro público de OpenStreetMap no incluye sitio web oficial.,
pending_manual_check,Consultorio De Odontopediatria,Dental,Mexico,Metepec,Metepec/Toluca premium,+52 722 280 3072,527222803072,https://wa.me/527222803072,https://www.google.com/maps/search/?api=1&query=Consultorio%20De%20Odontopediatria%20Metepec%20Mexico,https://www.openstreetmap.org/node/12540987038,OpenStreetMap public phone/contact:phone tag,medium,Teléfono normalizado; requiere verificación manual en WhatsApp. El registro público de OpenStreetMap no incluye sitio web oficial.,
pending_manual_check,Sport Medica,Clínica estética,Mexico,Metepec,Metepec/Toluca premium,+52 722 274 0290,527222740290,https://wa.me/527222740290,https://www.google.com/maps/search/?api=1&query=Sport%20Medica%20Metepec%20Mexico,https://www.openstreetmap.org/node/12542170741,OpenStreetMap public phone/contact:phone tag,medium,Teléfono normalizado; requiere verificación manual en WhatsApp. El registro público de OpenStreetMap no incluye sitio web oficial.,
pending_manual_check,Optik Sol,Óptica/Oftalmología premium,Mexico,Metepec,Metepec/Toluca premium,+52 722 294 4377,527222944377,https://wa.me/527222944377,https://www.google.com/maps/search/?api=1&query=Optik%20Sol%20Metepec%20Mexico,https://www.openstreetmap.org/node/12542684546,OpenStreetMap public phone/contact:phone tag,medium,Teléfono normalizado; requiere verificación manual en WhatsApp. El registro público de OpenStreetMap no incluye sitio web oficial.,
pending_manual_check,Consultorio Psicologico Lic. Michelle Garcia Lopez,Clínica estética,Mexico,Metepec,Metepec/Toluca premium,+52 55 4145 6077,525541456077,https://wa.me/525541456077,https://www.google.com/maps/search/?api=1&query=Consultorio%20Psicologico%20Lic.%20Michelle%20Garcia%20Lopez%20Metepec%20Mexico,https://www.openstreetmap.org/node/12542716490,OpenStreetMap public phone/contact:phone tag,medium,Teléfono normalizado; requiere verificación manual en WhatsApp. El registro público de OpenStreetMap no incluye sitio web oficial.,
pending_manual_check,Consultorio Psicoanalisis & Vida,Clínica estética,Mexico,Metepec,Metepec/Toluca premium,+52 722 303 5236,527223035236,https://wa.me/527223035236,https://www.google.com/maps/search/?api=1&query=Consultorio%20Psicoanalisis%20%26%20Vida%20Metepec%20Mexico,https://www.openstreetmap.org/node/12542769979,OpenStreetMap public phone/contact:phone tag,medium,Teléfono normalizado; requiere verificación manual en WhatsApp. El registro público de OpenStreetMap no incluye sitio web oficial.,
pending_manual_check,Consultorio Fisioterapeutico,Clínica estética,Mexico,Metepec,Metepec/Toluca premium,+52 722 521 4930,527225214930,https://wa.me/527225214930,https://www.google.com/maps/search/?api=1&query=Consultorio%20Fisioterapeutico%20Metepec%20Mexico,https://www.openstreetmap.org/node/12542948859,OpenStreetMap public phone/contact:phone tag,medium,Teléfono normalizado; requiere verificación manual en WhatsApp. El registro público de OpenStreetMap no incluye sitio web oficial.,
pending_manual_check,Grupo Médico Cipress,Clínica estética,Mexico,Metepec,Metepec/Toluca premium,+52 722 212 4359,527222124359,https://wa.me/527222124359,https://www.google.com/maps/search/?api=1&query=Grupo%20M%C3%A9dico%20Cipress%20Metepec%20Mexico,https://www.openstreetmap.org/node/12542985369,OpenStreetMap public phone/contact:phone tag,medium,Teléfono normalizado; requiere verificación manual en WhatsApp. El registro público de OpenStreetMap no incluye sitio web oficial.,
pending_manual_check,Perfect Smile Dental,Dental,Mexico,Metepec,Metepec/Toluca premium,+52 722 461 3447,527224613447,https://wa.me/527224613447,https://www.google.com/maps/search/?api=1&query=Perfect%20Smile%20Dental%20Metepec%20Mexico,https://www.openstreetmap.org/node/12542997832,OpenStreetMap public phone/contact:phone tag,medium,Teléfono normalizado; requiere verificación manual en WhatsApp. El registro público de OpenStreetMap no incluye sitio web oficial.,
pending_manual_check,Consultorio De Traumatologia,Clínica estética,Mexico,Metepec,Metepec/Toluca premium,+52 722 208 4237,527222084237,https://wa.me/527222084237,https://www.google.com/maps/search/?api=1&query=Consultorio%20De%20Traumatologia%20Metepec%20Mexico,https://www.openstreetmap.org/node/12543001999,OpenStreetMap public phone/contact:phone tag,medium,Teléfono normalizado; requiere verificación manual en WhatsApp. El registro público de OpenStreetMap no incluye sitio web oficial.,
pending_manual_check,Dental Zone,Dental,Mexico,Metepec,Metepec/Toluca premium,+52 722 396 6599,527223966599,https://wa.me/527223966599,https://www.google.com/maps/search/?api=1&query=Dental%20Zone%20Metepec%20Mexico,https://www.openstreetmap.org/node/12543003582,OpenStreetMap public phone/contact:phone tag,medium,Teléfono normalizado; requiere verificación manual en WhatsApp. El registro público de OpenStreetMap no incluye sitio web oficial.,
pending_manual_check,Em Dental,Dental,Mexico,Metepec,Metepec/Toluca premium,+52 722 425 0797,527224250797,https://wa.me/527224250797,https://www.google.com/maps/search/?api=1&query=Em%20Dental%20Metepec%20Mexico,https://www.openstreetmap.org/node/12543011021,OpenStreetMap public phone/contact:phone tag,medium,Teléfono normalizado; requiere verificación manual en WhatsApp. El registro público de OpenStreetMap no incluye sitio web oficial.,
pending_manual_check,Centro Odontológico Medici,Dental,Colombia,Medellín,El Poblado/Provenza/Laureles/Envigado,+57 3026397083,573026397083,https://wa.me/573026397083,https://www.google.com/maps/search/?api=1&query=Centro%20Odontol%C3%B3gico%20Medici%20Medell%C3%ADn%20Colombia,https://www.openstreetmap.org/node/565485165,OpenStreetMap public phone/contact:phone tag,medium,Teléfono normalizado; requiere verificación manual en WhatsApp. El registro público de OpenStreetMap no incluye sitio web oficial.,
pending_manual_check,Mondongo's,Restaurante boutique,Colombia,Medellín,El Poblado/Provenza/Laureles/Envigado,+57 4 3122345,575743122345,https://wa.me/575743122345,https://www.google.com/maps/search/?api=1&query=Mondongo%27s%20Medell%C3%ADn%20Colombia,https://www.openstreetmap.org/node/1494630480,OpenStreetMap public phone/contact:phone tag,medium,Teléfono normalizado; requiere verificación manual en WhatsApp. El registro público de OpenStreetMap no incluye sitio web oficial.,
pending_manual_check,Pipe Sazón,Restaurante boutique,Colombia,Medellín,El Poblado/Provenza/Laureles/Envigado,+57 (604) 2529060,576042529060,https://wa.me/576042529060,https://www.google.com/maps/search/?api=1&query=Pipe%20Saz%C3%B3n%20Medell%C3%ADn%20Colombia,https://www.openstreetmap.org/node/3811557722,OpenStreetMap public phone/contact:phone tag,medium,Teléfono normalizado; requiere verificación manual en WhatsApp. El registro público de OpenStreetMap no incluye sitio web oficial.,
pending_manual_check,Cubanitos Sadwich´s,Restaurante boutique,Colombia,Medellín,El Poblado/Provenza/Laureles/Envigado,+57 4 2535852,575742535852,https://wa.me/575742535852,https://www.google.com/maps/search/?api=1&query=Cubanitos%20Sadwich%C2%B4s%20Medell%C3%ADn%20Colombia,https://www.openstreetmap.org/node/3811557723,OpenStreetMap public phone/contact:phone tag,medium,"Teléfono normalizado; requiere verificación manual en WhatsApp. El enlace público del registro apunta a red social/perfil, no a sitio web propio.",
pending_manual_check,Bigote's,Restaurante boutique,Colombia,Medellín,El Poblado/Provenza/Laureles/Envigado,+5742301916,575742301916,https://wa.me/575742301916,https://www.google.com/maps/search/?api=1&query=Bigote%27s%20Medell%C3%ADn%20Colombia,https://www.openstreetmap.org/node/4173742301,OpenStreetMap public phone/contact:phone tag,medium,Teléfono normalizado; requiere verificación manual en WhatsApp. El registro público de OpenStreetMap no incluye sitio web oficial.,
pending_manual_check,BonCamarón,Restaurante boutique,Colombia,Medellín,El Poblado/Provenza/Laureles/Envigado,+57 3005944617,573005944617,https://wa.me/573005944617,https://www.google.com/maps/search/?api=1&query=BonCamar%C3%B3n%20Medell%C3%ADn%20Colombia,https://www.openstreetmap.org/node/4177596089,OpenStreetMap public phone/contact:phone tag,medium,Teléfono normalizado; requiere verificación manual en WhatsApp. El registro público de OpenStreetMap no incluye sitio web oficial.,
pending_manual_check,Chicken Chops,Restaurante boutique,Colombia,Medellín,El Poblado/Provenza/Laureles/Envigado,+57 604 4442467,576044442467,https://wa.me/576044442467,https://www.google.com/maps/search/?api=1&query=Chicken%20Chops%20Medell%C3%ADn%20Colombia,https://www.openstreetmap.org/node/4285397589,OpenStreetMap public phone/contact:phone tag,medium,Teléfono normalizado; requiere verificación manual en WhatsApp. El registro público de OpenStreetMap no incluye sitio web oficial.,
pending_manual_check,Perú Fuzion Parrilla Bar,Restaurante boutique,Colombia,Medellín,El Poblado/Provenza/Laureles/Envigado,+57 4 5832265,575745832265,https://wa.me/575745832265,https://www.google.com/maps/search/?api=1&query=Per%C3%BA%20Fuzion%20Parrilla%20Bar%20Medell%C3%ADn%20Colombia,https://www.openstreetmap.org/node/4558975891,OpenStreetMap public phone/contact:phone tag,medium,Teléfono normalizado; requiere verificación manual en WhatsApp. El registro público de OpenStreetMap no incluye sitio web oficial.,
pending_manual_check,Restaurante country club,Restaurante boutique,Colombia,Medellín,El Poblado/Provenza/Laureles/Envigado,+57 4 3197300,575743197300,https://wa.me/575743197300,https://www.google.com/maps/search/?api=1&query=Restaurante%20country%20club%20Medell%C3%ADn%20Colombia,https://www.openstreetmap.org/node/4578400591,OpenStreetMap public phone/contact:phone tag,medium,Teléfono normalizado; requiere verificación manual en WhatsApp. El registro público de OpenStreetMap no incluye sitio web oficial.,
pending_manual_check,MATI,Restaurante boutique,Colombia,Medellín,El Poblado/Provenza/Laureles/Envigado,+57 4 3520683,575743520683,https://wa.me/575743520683,https://www.google.com/maps/search/?api=1&query=MATI%20Medell%C3%ADn%20Colombia,https://www.openstreetmap.org/node/4726365391,OpenStreetMap public phone/contact:phone tag,medium,Teléfono normalizado; requiere verificación manual en WhatsApp. El registro público de OpenStreetMap no incluye sitio web oficial.,
pending_manual_check,Centeno Vegetariano Restaurante,Restaurante boutique,Colombia,Medellín,El Poblado/Provenza/Laureles/Envigado,+57 314 7172981,573147172981,https://wa.me/573147172981,https://www.google.com/maps/search/?api=1&query=Centeno%20Vegetariano%20Restaurante%20Medell%C3%ADn%20Colombia,https://www.openstreetmap.org/node/4726432289,OpenStreetMap public phone/contact:phone tag,medium,Teléfono normalizado; requiere verificación manual en WhatsApp. El registro público de OpenStreetMap no incluye sitio web oficial.,
pending_manual_check,AMA Veterinaria,Veterinaria,Colombia,Medellín,El Poblado/Provenza/Laureles/Envigado,+57 4 2117740,575742117740,https://wa.me/575742117740,https://www.google.com/maps/search/?api=1&query=AMA%20Veterinaria%20Medell%C3%ADn%20Colombia,https://www.openstreetmap.org/node/4788809847,OpenStreetMap public phone/contact:phone tag,medium,Teléfono normalizado; requiere verificación manual en WhatsApp. El registro público de OpenStreetMap no incluye sitio web oficial.,
pending_manual_check,Otro Cuento,Restaurante boutique,Colombia,Medellín,El Poblado/Provenza/Laureles/Envigado,+57 320 5727617,573205727617,https://wa.me/573205727617,https://www.google.com/maps/search/?api=1&query=Otro%20Cuento%20Medell%C3%ADn%20Colombia,https://www.openstreetmap.org/node/4829207021,OpenStreetMap public phone/contact:phone tag,medium,Teléfono normalizado; requiere verificación manual en WhatsApp. El registro público de OpenStreetMap no incluye sitio web oficial.,
pending_manual_check,Pikare Restaurant,Restaurante boutique,Colombia,Medellín,El Poblado/Provenza/Laureles/Envigado,+57 3219865080,573219865080,https://wa.me/573219865080,https://www.google.com/maps/search/?api=1&query=Pikare%20Restaurant%20Medell%C3%ADn%20Colombia,https://www.openstreetmap.org/node/4951843741,OpenStreetMap public phone/contact:phone tag,medium,Teléfono normalizado; requiere verificación manual en WhatsApp. El registro público de OpenStreetMap no incluye sitio web oficial.,
pending_manual_check,Pollos Mario La América,Restaurante boutique,Colombia,Medellín,El Poblado/Provenza/Laureles/Envigado,+57 604 3228080,576043228080,https://wa.me/576043228080,https://www.google.com/maps/search/?api=1&query=Pollos%20Mario%20La%20Am%C3%A9rica%20Medell%C3%ADn%20Colombia,https://www.openstreetmap.org/node/4951845530,OpenStreetMap public phone/contact:phone tag,medium,Teléfono normalizado; requiere verificación manual en WhatsApp. El registro público de OpenStreetMap no incluye sitio web oficial.,
pending_manual_check,asados el rincón llanero,Restaurante boutique,Colombia,Medellín,El Poblado/Provenza/Laureles/Envigado,+57 4 2129316,575742129316,https://wa.me/575742129316,https://www.google.com/maps/search/?api=1&query=asados%20el%20rinc%C3%B3n%20llanero%20Medell%C3%ADn%20Colombia,https://www.openstreetmap.org/node/4998686521,OpenStreetMap public phone/contact:phone tag,medium,Teléfono normalizado; requiere verificación manual en WhatsApp. El registro público de OpenStreetMap no incluye sitio web oficial.,
pending_manual_check,Sushi Love,Restaurante boutique,Colombia,Medellín,El Poblado/Provenza/Laureles/Envigado,+57 4 5771130,575745771130,https://wa.me/575745771130,https://www.google.com/maps/search/?api=1&query=Sushi%20Love%20Medell%C3%ADn%20Colombia,https://www.openstreetmap.org/node/5205353439,OpenStreetMap public phone/contact:phone tag,medium,Teléfono normalizado; requiere verificación manual en WhatsApp. El registro público de OpenStreetMap no incluye sitio web oficial.,
pending_manual_check,Melón & Pimentón,Restaurante boutique,Colombia,Medellín,El Poblado/Provenza/Laureles/Envigado,+57 4 3422501,575743422501,https://wa.me/575743422501,https://www.google.com/maps/search/?api=1&query=Mel%C3%B3n%20%26%20Piment%C3%B3n%20Medell%C3%ADn%20Colombia,https://www.openstreetmap.org/node/5227054422,OpenStreetMap public phone/contact:phone tag,medium,Teléfono normalizado; requiere verificación manual en WhatsApp. El registro público de OpenStreetMap no incluye sitio web oficial.,
pending_manual_check,Kilele,Restaurante boutique,Colombia,Medellín,El Poblado/Provenza/Laureles/Envigado,+57 3122385686,573122385686,https://wa.me/573122385686,https://www.google.com/maps/search/?api=1&query=Kilele%20Medell%C3%ADn%20Colombia,https://www.openstreetmap.org/node/5325918621,OpenStreetMap public phone/contact:phone tag,medium,Teléfono normalizado; requiere verificación manual en WhatsApp. El registro público de OpenStreetMap no incluye sitio web oficial.,
pending_manual_check,El Café,Restaurante boutique,Colombia,Medellín,El Poblado/Provenza/Laureles/Envigado,+57 4 2305843,575742305843,https://wa.me/575742305843,https://www.google.com/maps/search/?api=1&query=El%20Caf%C3%A9%20Medell%C3%ADn%20Colombia,https://www.openstreetmap.org/node/5330312966,OpenStreetMap public phone/contact:phone tag,medium,Teléfono normalizado; requiere verificación manual en WhatsApp. El registro público de OpenStreetMap no incluye sitio web oficial.,
pending_manual_check,Praná - Cocina Natural,Restaurante boutique,Colombia,Medellín,El Poblado/Provenza/Laureles/Envigado,+57 4 3312759,575743312759,https://wa.me/575743312759,https://www.google.com/maps/search/?api=1&query=Pran%C3%A1%20-%20Cocina%20Natural%20Medell%C3%ADn%20Colombia,https://www.openstreetmap.org/node/5425677421,OpenStreetMap public phone/contact:phone tag,medium,Teléfono normalizado; requiere verificación manual en WhatsApp. El registro público de OpenStreetMap no incluye sitio web oficial.,
pending_manual_check,Illumident,Dental,Colombia,Medellín,El Poblado/Provenza/Laureles/Envigado,+57 3182900517,573182900517,https://wa.me/573182900517,https://www.google.com/maps/search/?api=1&query=Illumident%20Medell%C3%ADn%20Colombia,https://www.openstreetmap.org/node/5541512692,OpenStreetMap public phone/contact:phone tag,medium,Teléfono normalizado; requiere verificación manual en WhatsApp. El registro público de OpenStreetMap no incluye sitio web oficial.,
pending_manual_check,Restaurant Bolivar,Restaurante boutique,Colombia,Medellín,El Poblado/Provenza/Laureles/Envigado,+57 4 5116819,575745116819,https://wa.me/575745116819,https://www.google.com/maps/search/?api=1&query=Restaurant%20Bolivar%20Medell%C3%ADn%20Colombia,https://www.openstreetmap.org/node/5544063122,OpenStreetMap public phone/contact:phone tag,medium,Teléfono normalizado; requiere verificación manual en WhatsApp. El registro público de OpenStreetMap no incluye sitio web oficial.,
pending_manual_check,Peace and Food,Restaurante boutique,Colombia,Medellín,El Poblado/Provenza/Laureles/Envigado,+57 3168374298,573168374298,https://wa.me/573168374298,https://www.google.com/maps/search/?api=1&query=Peace%20and%20Food%20Medell%C3%ADn%20Colombia,https://www.openstreetmap.org/node/5637538021,OpenStreetMap public phone/contact:phone tag,medium,Teléfono normalizado; requiere verificación manual en WhatsApp. El registro público de OpenStreetMap no incluye sitio web oficial.,
pending_manual_check,Toreto'ss Burger,Restaurante boutique,Colombia,Medellín,El Poblado/Provenza/Laureles/Envigado,+57 4 4968280,575744968280,https://wa.me/575744968280,https://www.google.com/maps/search/?api=1&query=Toreto%27ss%20Burger%20Medell%C3%ADn%20Colombia,https://www.openstreetmap.org/node/6256362785,OpenStreetMap public phone/contact:phone tag,medium,Teléfono normalizado; requiere verificación manual en WhatsApp. El registro público de OpenStreetMap no incluye sitio web oficial.,
pending_manual_check,Don Carlos Restaurant,Restaurante boutique,Colombia,Medellín,El Poblado/Provenza/Laureles/Envigado,+573052559965,573052559965,https://wa.me/573052559965,https://www.google.com/maps/search/?api=1&query=Don%20Carlos%20Restaurant%20Medell%C3%ADn%20Colombia,https://www.openstreetmap.org/node/6348565085,OpenStreetMap public phone/contact:phone tag,medium,Teléfono normalizado; requiere verificación manual en WhatsApp. El registro público de OpenStreetMap no incluye sitio web oficial.,
pending_manual_check,Maru Rico!,Restaurante boutique,Colombia,Medellín,El Poblado/Provenza/Laureles/Envigado,+57 4 3545565,575743545565,https://wa.me/575743545565,https://www.google.com/maps/search/?api=1&query=Maru%20Rico%21%20Medell%C3%ADn%20Colombia,https://www.openstreetmap.org/node/6386451253,OpenStreetMap public phone/contact:phone tag,medium,Teléfono normalizado; requiere verificación manual en WhatsApp. El registro público de OpenStreetMap no incluye sitio web oficial.,
pending_manual_check,Copoazú,Restaurante boutique,Colombia,Medellín,El Poblado/Provenza/Laureles/Envigado,+57 3507549642,573507549642,https://wa.me/573507549642,https://www.google.com/maps/search/?api=1&query=Copoaz%C3%BA%20Medell%C3%ADn%20Colombia,https://www.openstreetmap.org/node/6589757187,OpenStreetMap public phone/contact:phone tag,medium,Teléfono normalizado; requiere verificación manual en WhatsApp. El registro público de OpenStreetMap no incluye sitio web oficial.,
pending_manual_check,Las Costillas De Pedro,Restaurante boutique,Colombia,Medellín,El Poblado/Provenza/Laureles/Envigado,+57 4 3115877,575743115877,https://wa.me/575743115877,https://www.google.com/maps/search/?api=1&query=Las%20Costillas%20De%20Pedro%20Medell%C3%ADn%20Colombia,https://www.openstreetmap.org/node/6744098486,OpenStreetMap public phone/contact:phone tag,medium,Teléfono normalizado; requiere verificación manual en WhatsApp. El registro público de OpenStreetMap no incluye sitio web oficial.,
pending_manual_check,Pizzería Gatti,Restaurante boutique,Colombia,Medellín,El Poblado/Provenza/Laureles/Envigado,+5745813050,575745813050,https://wa.me/575745813050,https://www.google.com/maps/search/?api=1&query=Pizzer%C3%ADa%20Gatti%20Medell%C3%ADn%20Colombia,https://www.openstreetmap.org/node/7018556286,OpenStreetMap public phone/contact:phone tag,medium,Teléfono normalizado; requiere verificación manual en WhatsApp. El registro público de OpenStreetMap no incluye sitio web oficial.,
pending_manual_check,Pizzería Antica,Restaurante boutique,Colombia,Medellín,El Poblado/Provenza/Laureles/Envigado,+5742762671,575742762671,https://wa.me/575742762671,https://www.google.com/maps/search/?api=1&query=Pizzer%C3%ADa%20Antica%20Medell%C3%ADn%20Colombia,https://www.openstreetmap.org/node/7018563985,OpenStreetMap public phone/contact:phone tag,medium,Teléfono normalizado; requiere verificación manual en WhatsApp. El registro público de OpenStreetMap no incluye sitio web oficial.,
pending_manual_check,Restaurante Malevo,Restaurante boutique,Colombia,Medellín,El Poblado/Provenza/Laureles/Envigado,+5745802150,575745802150,https://wa.me/575745802150,https://www.google.com/maps/search/?api=1&query=Restaurante%20Malevo%20Medell%C3%ADn%20Colombia,https://www.openstreetmap.org/node/7084026986,OpenStreetMap public phone/contact:phone tag,medium,Teléfono normalizado; requiere verificación manual en WhatsApp. El registro público de OpenStreetMap no incluye sitio web oficial.,
pending_manual_check,Carpión,Restaurante boutique,Colombia,Medellín,El Poblado/Provenza/Laureles/Envigado,+57 3014303924,573014303924,https://wa.me/573014303924,https://www.google.com/maps/search/?api=1&query=Carpi%C3%B3n%20Medell%C3%ADn%20Colombia,https://www.openstreetmap.org/node/7159669385,OpenStreetMap public phone/contact:phone tag,medium,Teléfono normalizado; requiere verificación manual en WhatsApp. El registro público de OpenStreetMap no incluye sitio web oficial.,
pending_manual_check,Ladrillo y Verde,Restaurante boutique,Colombia,Medellín,El Poblado/Provenza/Laureles/Envigado,+57 4 5671723,575745671723,https://wa.me/575745671723,https://www.google.com/maps/search/?api=1&query=Ladrillo%20y%20Verde%20Medell%C3%ADn%20Colombia,https://www.openstreetmap.org/node/7204279946,OpenStreetMap public phone/contact:phone tag,medium,Teléfono normalizado; requiere verificación manual en WhatsApp. El registro público de OpenStreetMap no incluye sitio web oficial.,
pending_manual_check,Pollos Mario,Restaurante boutique,Colombia,Medellín,El Poblado/Provenza/Laureles/Envigado,+57 4 4444404;+57 4 3065257,575744444404,https://wa.me/575744444404,https://www.google.com/maps/search/?api=1&query=Pollos%20Mario%20Medell%C3%ADn%20Colombia,https://www.openstreetmap.org/node/7234364277,OpenStreetMap public phone/contact:phone tag,medium,Teléfono normalizado; requiere verificación manual en WhatsApp. El registro público de OpenStreetMap no incluye sitio web oficial.,
pending_manual_check,Dagram Restaurante,Restaurante boutique,Colombia,Medellín,El Poblado/Provenza/Laureles/Envigado,+57 4 2889294,575742889294,https://wa.me/575742889294,https://www.google.com/maps/search/?api=1&query=Dagram%20Restaurante%20Medell%C3%ADn%20Colombia,https://www.openstreetmap.org/node/7234364278,OpenStreetMap public phone/contact:phone tag,medium,Teléfono normalizado; requiere verificación manual en WhatsApp. El registro público de OpenStreetMap no incluye sitio web oficial.,
pending_manual_check,U are Love,Clínica estética,Colombia,Medellín,El Poblado/Provenza/Laureles/Envigado,+57 3022485767,573022485767,https://wa.me/573022485767,https://www.google.com/maps/search/?api=1&query=U%20are%20Love%20Medell%C3%ADn%20Colombia,https://www.openstreetmap.org/node/7234364350,OpenStreetMap public phone/contact:phone tag,medium,Teléfono normalizado; requiere verificación manual en WhatsApp. El registro público de OpenStreetMap no incluye sitio web oficial.,
pending_manual_check,Piaceri,Restaurante boutique,Colombia,Medellín,El Poblado/Provenza/Laureles/Envigado,+57 3014988520,573014988520,https://wa.me/573014988520,https://www.google.com/maps/search/?api=1&query=Piaceri%20Medell%C3%ADn%20Colombia,https://www.openstreetmap.org/node/7253901435,OpenStreetMap public phone/contact:phone tag,medium,Teléfono normalizado; requiere verificación manual en WhatsApp. El registro público de OpenStreetMap no incluye sitio web oficial.,
pending_manual_check,Brosty,Restaurante boutique,Colombia,Medellín,El Poblado/Provenza/Laureles/Envigado,+57 4 3065053;+57 4 2880534,575743065053,https://wa.me/575743065053,https://www.google.com/maps/search/?api=1&query=Brosty%20Medell%C3%ADn%20Colombia,https://www.openstreetmap.org/node/7254330135,OpenStreetMap public phone/contact:phone tag,medium,Teléfono normalizado; requiere verificación manual en WhatsApp. El registro público de OpenStreetMap no incluye sitio web oficial.,
pending_manual_check,Mawy Pollos,Restaurante boutique,Colombia,Medellín,El Poblado/Provenza/Laureles/Envigado,+57 4 2883725,575742883725,https://wa.me/575742883725,https://www.google.com/maps/search/?api=1&query=Mawy%20Pollos%20Medell%C3%ADn%20Colombia,https://www.openstreetmap.org/node/7254330148,OpenStreetMap public phone/contact:phone tag,medium,Teléfono normalizado; requiere verificación manual en WhatsApp. El registro público de OpenStreetMap no incluye sitio web oficial.,
pending_manual_check,Aluna Centro de Belleza,Clínica estética,Colombia,Medellín,El Poblado/Provenza/Laureles/Envigado,+57 4 5968437;+57 3508062096,575745968437,https://wa.me/575745968437,https://www.google.com/maps/search/?api=1&query=Aluna%20Centro%20de%20Belleza%20Medell%C3%ADn%20Colombia,https://www.openstreetmap.org/node/7289113255,OpenStreetMap public phone/contact:phone tag,medium,Teléfono normalizado; requiere verificación manual en WhatsApp. El registro público de OpenStreetMap no incluye sitio web oficial.,
pending_manual_check,PizzaExpress,Restaurante boutique,Colombia,Medellín,El Poblado/Provenza/Laureles/Envigado,+57 4 4488463,575744488463,https://wa.me/575744488463,https://www.google.com/maps/search/?api=1&query=PizzaExpress%20Medell%C3%ADn%20Colombia,https://www.openstreetmap.org/node/7383475935,OpenStreetMap public phone/contact:phone tag,medium,Teléfono normalizado; requiere verificación manual en WhatsApp. El registro público de OpenStreetMap no incluye sitio web oficial.,
pending_manual_check,Metrosalud Enciso,Clínica estética,Colombia,Medellín,El Poblado/Provenza/Laureles/Envigado,+57 4 2842434,575742842434,https://wa.me/575742842434,https://www.google.com/maps/search/?api=1&query=Metrosalud%20Enciso%20Medell%C3%ADn%20Colombia,https://www.openstreetmap.org/node/7855091949,OpenStreetMap public phone/contact:phone tag,medium,Teléfono normalizado; requiere verificación manual en WhatsApp. El registro público de OpenStreetMap no incluye sitio web oficial.,
pending_manual_check,Centro de Salud Villatina,Clínica estética,Colombia,Medellín,El Poblado/Provenza/Laureles/Envigado,+57 4 2691461;+57 4 2272674,575742691461,https://wa.me/575742691461,https://www.google.com/maps/search/?api=1&query=Centro%20de%20Salud%20Villatina%20Medell%C3%ADn%20Colombia,https://www.openstreetmap.org/node/7855091954,OpenStreetMap public phone/contact:phone tag,medium,Teléfono normalizado; requiere verificación manual en WhatsApp. El registro público de OpenStreetMap no incluye sitio web oficial.,
pending_manual_check,Torre Medica de Prado,Clínica estética,Colombia,Medellín,El Poblado/Provenza/Laureles/Envigado,+57 4 2118484,575742118484,https://wa.me/575742118484,https://www.google.com/maps/search/?api=1&query=Torre%20Medica%20de%20Prado%20Medell%C3%ADn%20Colombia,https://www.openstreetmap.org/node/7855091955,OpenStreetMap public phone/contact:phone tag,medium,Teléfono normalizado; requiere verificación manual en WhatsApp. El registro público de OpenStreetMap no incluye sitio web oficial.,
pending_manual_check,Fracturas y Rayos X de Antioquia,Clínica estética,Colombia,Medellín,El Poblado/Provenza/Laureles/Envigado,+57 4 2306844;+57 4 2304586;+57 4 8618232,575742306844,https://wa.me/575742306844,https://www.google.com/maps/search/?api=1&query=Fracturas%20y%20Rayos%20X%20de%20Antioquia%20Medell%C3%ADn%20Colombia,https://www.openstreetmap.org/node/7855091956,OpenStreetMap public phone/contact:phone tag,medium,Teléfono normalizado; requiere verificación manual en WhatsApp. El registro público de OpenStreetMap no incluye sitio web oficial.,
pending_manual_check,Centro de Salud Moravia,Clínica estética,Colombia,Medellín,El Poblado/Provenza/Laureles/Envigado,+57 4 2126612,575742126612,https://wa.me/575742126612,https://www.google.com/maps/search/?api=1&query=Centro%20de%20Salud%20Moravia%20Medell%C3%ADn%20Colombia,https://www.openstreetmap.org/node/7855091960,OpenStreetMap public phone/contact:phone tag,medium,Teléfono normalizado; requiere verificación manual en WhatsApp. El registro público de OpenStreetMap no incluye sitio web oficial.,
pending_manual_check,Centro Medico y Odont. Oralser,Clínica estética,Colombia,Medellín,El Poblado/Provenza/Laureles/Envigado,+57 4 2845138,575742845138,https://wa.me/575742845138,https://www.google.com/maps/search/?api=1&query=Centro%20Medico%20y%20Odont.%20Oralser%20Medell%C3%ADn%20Colombia,https://www.openstreetmap.org/node/7855091962,OpenStreetMap public phone/contact:phone tag,medium,Teléfono normalizado; requiere verificación manual en WhatsApp. El registro público de OpenStreetMap no incluye sitio web oficial.,
pending_manual_check,El Alemán Pues,Restaurante boutique,Colombia,Medellín,El Poblado/Provenza/Laureles/Envigado,+57 3506608484,573506608484,https://wa.me/573506608484,https://www.google.com/maps/search/?api=1&query=El%20Alem%C3%A1n%20Pues%20Medell%C3%ADn%20Colombia,https://www.openstreetmap.org/node/8007992585,OpenStreetMap public phone/contact:phone tag,medium,Teléfono normalizado; requiere verificación manual en WhatsApp. El registro público de OpenStreetMap no incluye sitio web oficial.,
pending_manual_check,El Vegano Andante,Restaurante boutique,Colombia,Medellín,El Poblado/Provenza/Laureles/Envigado,+57 3108936203,573108936203,https://wa.me/573108936203,https://www.google.com/maps/search/?api=1&query=El%20Vegano%20Andante%20Medell%C3%ADn%20Colombia,https://www.openstreetmap.org/node/8364442163,OpenStreetMap public phone/contact:phone tag,medium,Teléfono normalizado; requiere verificación manual en WhatsApp. El registro público de OpenStreetMap no incluye sitio web oficial.,
pending_manual_check,Restaurante El LLanerito,Restaurante boutique,Colombia,Medellín,El Poblado/Provenza/Laureles/Envigado,+57 3108922625,573108922625,https://wa.me/573108922625,https://www.google.com/maps/search/?api=1&query=Restaurante%20El%20LLanerito%20Medell%C3%ADn%20Colombia,https://www.openstreetmap.org/node/9211419018,OpenStreetMap public phone/contact:phone tag,medium,Teléfono normalizado; requiere verificación manual en WhatsApp. El registro público de OpenStreetMap no incluye sitio web oficial.,
pending_manual_check,OCCA,Restaurante boutique,Colombia,Medellín,El Poblado/Provenza/Laureles/Envigado,+57 300 733 1353,573007331353,https://wa.me/573007331353,https://www.google.com/maps/search/?api=1&query=OCCA%20Medell%C3%ADn%20Colombia,https://www.openstreetmap.org/node/9222539110,OpenStreetMap public phone/contact:phone tag,medium,Teléfono normalizado; requiere verificación manual en WhatsApp. El registro público de OpenStreetMap no incluye sitio web oficial.,
pending_manual_check,La Champagnería,Restaurante boutique,Colombia,Medellín,El Poblado/Provenza/Laureles/Envigado,+57 311 3643420,573113643420,https://wa.me/573113643420,https://www.google.com/maps/search/?api=1&query=La%20Champagner%C3%ADa%20Medell%C3%ADn%20Colombia,https://www.openstreetmap.org/node/9222539112,OpenStreetMap public phone/contact:phone tag,medium,Teléfono normalizado; requiere verificación manual en WhatsApp. El registro público de OpenStreetMap no incluye sitio web oficial.,
pending_manual_check,Can & Cats Centro Veterinario,Veterinaria,Colombia,Medellín,El Poblado/Provenza/Laureles/Envigado,+57 604 4440754,576044440754,https://wa.me/576044440754,https://www.google.com/maps/search/?api=1&query=Can%20%26%20Cats%20Centro%20Veterinario%20Medell%C3%ADn%20Colombia,https://www.openstreetmap.org/node/9583400218,OpenStreetMap public phone/contact:phone tag,medium,Teléfono normalizado; requiere verificación manual en WhatsApp. El registro público de OpenStreetMap no incluye sitio web oficial.,
pending_manual_check,Salón de Belleza María Elena,Clínica estética,Colombia,Medellín,El Poblado/Provenza/Laureles/Envigado,+57 604 2506368,576042506368,https://wa.me/576042506368,https://www.google.com/maps/search/?api=1&query=Sal%C3%B3n%20de%20Belleza%20Mar%C3%ADa%20Elena%20Medell%C3%ADn%20Colombia,https://www.openstreetmap.org/node/9583400317,OpenStreetMap public phone/contact:phone tag,medium,Teléfono normalizado; requiere verificación manual en WhatsApp. El registro público de OpenStreetMap no incluye sitio web oficial.,
pending_manual_check,Pizzas Roquefort,Restaurante boutique,Colombia,Medellín,El Poblado/Provenza/Laureles/Envigado,+57 604 3229083,576043229083,https://wa.me/576043229083,https://www.google.com/maps/search/?api=1&query=Pizzas%20Roquefort%20Medell%C3%ADn%20Colombia,https://www.openstreetmap.org/node/9583401117,OpenStreetMap public phone/contact:phone tag,medium,Teléfono normalizado; requiere verificación manual en WhatsApp. El registro público de OpenStreetMap no incluye sitio web oficial.,
pending_manual_check,Rosteka Parrilla-Bar,Restaurante boutique,Colombia,Medellín,El Poblado/Provenza/Laureles/Envigado,+57 3043966488,573043966488,https://wa.me/573043966488,https://www.google.com/maps/search/?api=1&query=Rosteka%20Parrilla-Bar%20Medell%C3%ADn%20Colombia,https://www.openstreetmap.org/node/9590114217,OpenStreetMap public phone/contact:phone tag,medium,Teléfono normalizado; requiere verificación manual en WhatsApp. El registro público de OpenStreetMap no incluye sitio web oficial.,
pending_manual_check,PremiumVet,Veterinaria,Colombia,Medellín,El Poblado/Provenza/Laureles/Envigado,+57 3004050065,573004050065,https://wa.me/573004050065,https://www.google.com/maps/search/?api=1&query=PremiumVet%20Medell%C3%ADn%20Colombia,https://www.openstreetmap.org/node/9590151617,OpenStreetMap public phone/contact:phone tag,medium,Teléfono normalizado; requiere verificación manual en WhatsApp. El registro público de OpenStreetMap no incluye sitio web oficial.,
pending_manual_check,Mondongos La Antioqueñita,Restaurante boutique,Colombia,Medellín,El Poblado/Provenza/Laureles/Envigado,+57 604 5084123,576045084123,https://wa.me/576045084123,https://www.google.com/maps/search/?api=1&query=Mondongos%20La%20Antioque%C3%B1ita%20Medell%C3%ADn%20Colombia,https://www.openstreetmap.org/node/9752946217,OpenStreetMap public phone/contact:phone tag,medium,Teléfono normalizado; requiere verificación manual en WhatsApp. El registro público de OpenStreetMap no incluye sitio web oficial.,
pending_manual_check,Vegarden,Restaurante boutique,Colombia,Medellín,El Poblado/Provenza/Laureles/Envigado,+57 3225452322,573225452322,https://wa.me/573225452322,https://www.google.com/maps/search/?api=1&query=Vegarden%20Medell%C3%ADn%20Colombia,https://www.openstreetmap.org/node/9764842917,OpenStreetMap public phone/contact:phone tag,medium,Teléfono normalizado; requiere verificación manual en WhatsApp. El registro público de OpenStreetMap no incluye sitio web oficial.,
pending_manual_check,Puro Carbón Parrilla,Restaurante boutique,Colombia,Medellín,El Poblado/Provenza/Laureles/Envigado,+57 3016035346,573016035346,https://wa.me/573016035346,https://www.google.com/maps/search/?api=1&query=Puro%20Carb%C3%B3n%20Parrilla%20Medell%C3%ADn%20Colombia,https://www.openstreetmap.org/node/9786022718,OpenStreetMap public phone/contact:phone tag,medium,Teléfono normalizado; requiere verificación manual en WhatsApp. El registro público de OpenStreetMap no incluye sitio web oficial.,
pending_manual_check,Centro Veterinario E.V.A.,Veterinaria,Colombia,Medellín,El Poblado/Provenza/Laureles/Envigado,+57 3104319656,573104319656,https://wa.me/573104319656,https://www.google.com/maps/search/?api=1&query=Centro%20Veterinario%20E.V.A.%20Medell%C3%ADn%20Colombia,https://www.openstreetmap.org/node/9820634019,OpenStreetMap public phone/contact:phone tag,medium,Teléfono normalizado; requiere verificación manual en WhatsApp. El registro público de OpenStreetMap no incluye sitio web oficial.,
pending_manual_check,Restaurante Bau,Restaurante boutique,Colombia,Medellín,El Poblado/Provenza/Laureles/Envigado,+57 604 4118341,576044118341,https://wa.me/576044118341,https://www.google.com/maps/search/?api=1&query=Restaurante%20Bau%20Medell%C3%ADn%20Colombia,https://www.openstreetmap.org/node/9866401117,OpenStreetMap public phone/contact:phone tag,medium,Teléfono normalizado; requiere verificación manual en WhatsApp. El registro público de OpenStreetMap no incluye sitio web oficial.,
pending_manual_check,Pa' Todos,Restaurante boutique,Colombia,Medellín,El Poblado/Provenza/Laureles/Envigado,+57 305 3139697,573053139697,https://wa.me/573053139697,https://www.google.com/maps/search/?api=1&query=Pa%27%20Todos%20Medell%C3%ADn%20Colombia,https://www.openstreetmap.org/node/10167191276,OpenStreetMap public phone/contact:phone tag,medium,Teléfono normalizado; requiere verificación manual en WhatsApp. El registro público de OpenStreetMap no incluye sitio web oficial.,
pending_manual_check,Centro de Belleza Aleida Duque,Clínica estética,Colombia,Medellín,El Poblado/Provenza/Laureles/Envigado,+57 321 7608311,573217608311,https://wa.me/573217608311,https://www.google.com/maps/search/?api=1&query=Centro%20de%20Belleza%20Aleida%20Duque%20Medell%C3%ADn%20Colombia,https://www.openstreetmap.org/node/10236017862,OpenStreetMap public phone/contact:phone tag,medium,Teléfono normalizado; requiere verificación manual en WhatsApp. El registro público de OpenStreetMap no incluye sitio web oficial.,
pending_manual_check,Naan Laureles,Restaurante boutique,Colombia,Medellín,El Poblado/Provenza/Laureles/Envigado,+57 604 3228781,576043228781,https://wa.me/576043228781,https://www.google.com/maps/search/?api=1&query=Naan%20Laureles%20Medell%C3%ADn%20Colombia,https://www.openstreetmap.org/node/10244340209,OpenStreetMap public phone/contact:phone tag,medium,Teléfono normalizado; requiere verificación manual en WhatsApp. El registro público de OpenStreetMap no incluye sitio web oficial.,
pending_manual_check,Lenteja Express Centro,Restaurante boutique,Colombia,Medellín,El Poblado/Provenza/Laureles/Envigado,3043417070,573043417070,https://wa.me/573043417070,https://www.google.com/maps/search/?api=1&query=Lenteja%20Express%20Centro%20Medell%C3%ADn%20Colombia,https://www.openstreetmap.org/node/10268881009,OpenStreetMap public phone/contact:phone tag,medium,Teléfono normalizado; requiere verificación manual en WhatsApp. El registro público de OpenStreetMap no incluye sitio web oficial.,
pending_manual_check,Delicias del Mar,Restaurante boutique,Colombia,Medellín,El Poblado/Provenza/Laureles/Envigado,+57 310 8245434,573108245434,https://wa.me/573108245434,https://www.google.com/maps/search/?api=1&query=Delicias%20del%20Mar%20Medell%C3%ADn%20Colombia,https://www.openstreetmap.org/node/10695760483,OpenStreetMap public phone/contact:phone tag,medium,Teléfono normalizado; requiere verificación manual en WhatsApp. El registro público de OpenStreetMap no incluye sitio web oficial.,
pending_manual_check,Alma Natura,Restaurante boutique,Colombia,Medellín,El Poblado/Provenza/Laureles/Envigado,3004658119,573004658119,https://wa.me/573004658119,https://www.google.com/maps/search/?api=1&query=Alma%20Natura%20Medell%C3%ADn%20Colombia,https://www.openstreetmap.org/node/11398851173,OpenStreetMap public phone/contact:phone tag,medium,Teléfono normalizado; requiere verificación manual en WhatsApp. El registro público de OpenStreetMap no incluye sitio web oficial.,
pending_manual_check,"Pataché, Patacones y Ceviches",Restaurante boutique,Colombia,Medellín,El Poblado/Provenza/Laureles/Envigado,+57 304 2381816,573042381816,https://wa.me/573042381816,https://www.google.com/maps/search/?api=1&query=Patach%C3%A9%2C%20Patacones%20y%20Ceviches%20Medell%C3%ADn%20Colombia,https://www.openstreetmap.org/node/11561593690,OpenStreetMap public phone/contact:phone tag,medium,Teléfono normalizado; requiere verificación manual en WhatsApp. El registro público de OpenStreetMap no incluye sitio web oficial.,
pending_manual_check,Mavery,Restaurante boutique,Peru,Lima,Miraflores/San Isidro/Surco/La Molina/Barranco,+511 4413134,5114413134,https://wa.me/5114413134,https://www.google.com/maps/search/?api=1&query=Mavery%20Lima%20Peru,https://www.openstreetmap.org/node/1431212641,OpenStreetMap public phone/contact:phone tag,medium,Teléfono normalizado; requiere verificación manual en WhatsApp. El registro público de OpenStreetMap no incluye sitio web oficial.,
pending_manual_check,Chifa Jin,Restaurante boutique,Peru,Lima,Miraflores/San Isidro/Surco/La Molina/Barranco,+511 2417630,5112417630,https://wa.me/5112417630,https://www.google.com/maps/search/?api=1&query=Chifa%20Jin%20Lima%20Peru,https://www.openstreetmap.org/node/1545385601,OpenStreetMap public phone/contact:phone tag,medium,Teléfono normalizado; requiere verificación manual en WhatsApp. El registro público de OpenStreetMap no incluye sitio web oficial.,
pending_manual_check,El Patio de Mendiburu,Restaurante boutique,Peru,Lima,Miraflores/San Isidro/Surco/La Molina/Barranco,+511 2216990,5112216990,https://wa.me/5112216990,https://www.google.com/maps/search/?api=1&query=El%20Patio%20de%20Mendiburu%20Lima%20Peru,https://www.openstreetmap.org/node/1546270221,OpenStreetMap public phone/contact:phone tag,medium,Teléfono normalizado; requiere verificación manual en WhatsApp. El registro público de OpenStreetMap no incluye sitio web oficial.,
pending_manual_check,Policlinico Solidario San Juan de Miraflores,Clínica estética,Peru,Lima,Miraflores/San Isidro/Surco/La Molina/Barranco,+511 4665676,5114665676,https://wa.me/5114665676,https://www.google.com/maps/search/?api=1&query=Policlinico%20Solidario%20San%20Juan%20de%20Miraflores%20Lima%20Peru,https://www.openstreetmap.org/node/1904508029,OpenStreetMap public phone/contact:phone tag,medium,Teléfono normalizado; requiere verificación manual en WhatsApp. El registro público de OpenStreetMap no incluye sitio web oficial.,
pending_manual_check,Los Piuranos,Restaurante boutique,Peru,Lima,Miraflores/San Isidro/Surco/La Molina/Barranco,+51 1 4214705,5114214705,https://wa.me/5114214705,https://www.google.com/maps/search/?api=1&query=Los%20Piuranos%20Lima%20Peru,https://www.openstreetmap.org/node/1922787042,OpenStreetMap public phone/contact:phone tag,medium,Teléfono normalizado; requiere verificación manual en WhatsApp. El registro público de OpenStreetMap no incluye sitio web oficial.,
pending_manual_check,Centro de Estudios Idiomas del Mundo,Academia privada,Peru,Lima,Miraflores/San Isidro/Surco/La Molina/Barranco,+511 4220738,5114220738,https://wa.me/5114220738,https://www.google.com/maps/search/?api=1&query=Centro%20de%20Estudios%20Idiomas%20del%20Mundo%20Lima%20Peru,https://www.openstreetmap.org/node/2090582864,OpenStreetMap public phone/contact:phone tag,medium,Teléfono normalizado; requiere verificación manual en WhatsApp. El registro público de OpenStreetMap no incluye sitio web oficial.,
pending_manual_check,Arlotia,Restaurante boutique,Peru,Lima,Miraflores/San Isidro/Surco/La Molina/Barranco,+51 1 2562269,5112562269,https://wa.me/5112562269,https://www.google.com/maps/search/?api=1&query=Arlotia%20Lima%20Peru,https://www.openstreetmap.org/node/2261936442,OpenStreetMap public phone/contact:phone tag,medium,Teléfono normalizado; requiere verificación manual en WhatsApp. El registro público de OpenStreetMap no incluye sitio web oficial.,
pending_manual_check,Defino Mar,Restaurante boutique,Peru,Lima,Miraflores/San Isidro/Surco/La Molina/Barranco,+511 4453470,5114453470,https://wa.me/5114453470,https://www.google.com/maps/search/?api=1&query=Defino%20Mar%20Lima%20Peru,https://www.openstreetmap.org/node/2279898348,OpenStreetMap public phone/contact:phone tag,medium,Teléfono normalizado; requiere verificación manual en WhatsApp. El registro público de OpenStreetMap no incluye sitio web oficial.,
pending_manual_check,Punta Sal,Restaurante boutique,Peru,Lima,Miraflores/San Isidro/Surco/La Molina/Barranco,+511 4417431,5114417431,https://wa.me/5114417431,https://www.google.com/maps/search/?api=1&query=Punta%20Sal%20Lima%20Peru,https://www.openstreetmap.org/node/2279952714,OpenStreetMap public phone/contact:phone tag,medium,Teléfono normalizado; requiere verificación manual en WhatsApp. El registro público de OpenStreetMap no incluye sitio web oficial.,
pending_manual_check,Cevicheria La Bahia Secreta,Restaurante boutique,Peru,Lima,Miraflores/San Isidro/Surco/La Molina/Barranco,+5114359075,5114359075,https://wa.me/5114359075,https://www.google.com/maps/search/?api=1&query=Cevicheria%20La%20Bahia%20Secreta%20Lima%20Peru,https://www.openstreetmap.org/node/2283390552,OpenStreetMap public phone/contact:phone tag,medium,Teléfono normalizado; requiere verificación manual en WhatsApp. El registro público de OpenStreetMap no incluye sitio web oficial.,
pending_manual_check,Como Agua para Chocolate,Restaurante boutique,Peru,Lima,Miraflores/San Isidro/Surco/La Molina/Barranco,+511 2220297,5112220297,https://wa.me/5112220297,https://www.google.com/maps/search/?api=1&query=Como%20Agua%20para%20Chocolate%20Lima%20Peru,https://www.openstreetmap.org/node/2512307098,OpenStreetMap public phone/contact:phone tag,medium,Teléfono normalizado; requiere verificación manual en WhatsApp. El registro público de OpenStreetMap no incluye sitio web oficial.,
pending_manual_check,Long Horn Grill and Drinks,Restaurante boutique,Peru,Lima,Miraflores/San Isidro/Surco/La Molina/Barranco,+51 1 435 7794,5114357794,https://wa.me/5114357794,https://www.google.com/maps/search/?api=1&query=Long%20Horn%20Grill%20and%20Drinks%20Lima%20Peru,https://www.openstreetmap.org/node/2745568804,OpenStreetMap public phone/contact:phone tag,medium,Teléfono normalizado; requiere verificación manual en WhatsApp. El registro público de OpenStreetMap no incluye sitio web oficial.,
pending_manual_check,Il Postino,Restaurante boutique,Peru,Lima,Miraflores/San Isidro/Surco/La Molina/Barranco,+511 4458856,5114458856,https://wa.me/5114458856,https://www.google.com/maps/search/?api=1&query=Il%20Postino%20Lima%20Peru,https://www.openstreetmap.org/node/2760052954,OpenStreetMap public phone/contact:phone tag,medium,Teléfono normalizado; requiere verificación manual en WhatsApp. El registro público de OpenStreetMap no incluye sitio web oficial.,
pending_manual_check,Jerónimo,Restaurante boutique,Peru,Lima,Miraflores/San Isidro/Surco/La Molina/Barranco,+511 4947336,5114947336,https://wa.me/5114947336,https://www.google.com/maps/search/?api=1&query=Jer%C3%B3nimo%20Lima%20Peru,https://www.openstreetmap.org/node/2854537001,OpenStreetMap public phone/contact:phone tag,medium,Teléfono normalizado; requiere verificación manual en WhatsApp. El registro público de OpenStreetMap no incluye sitio web oficial.,
pending_manual_check,EsSalud Policlínico San Luis,Clínica estética,Peru,Lima,Miraflores/San Isidro/Surco/La Molina/Barranco,+511 3262599,5113262599,https://wa.me/5113262599,https://www.google.com/maps/search/?api=1&query=EsSalud%20Policl%C3%ADnico%20San%20Luis%20Lima%20Peru,https://www.openstreetmap.org/node/3063482681,OpenStreetMap public phone/contact:phone tag,medium,Teléfono normalizado; requiere verificación manual en WhatsApp. El registro público de OpenStreetMap no incluye sitio web oficial.,
pending_manual_check,Ache,Restaurante boutique,Peru,Lima,Miraflores/San Isidro/Surco/La Molina/Barranco,+51 1 2219315,5112219315,https://wa.me/5112219315,https://www.google.com/maps/search/?api=1&query=Ache%20Lima%20Peru,https://www.openstreetmap.org/node/3066368177,OpenStreetMap public phone/contact:phone tag,medium,Teléfono normalizado; requiere verificación manual en WhatsApp. El registro público de OpenStreetMap no incluye sitio web oficial.,
pending_manual_check,MundoCan,Veterinaria,Peru,Lima,Miraflores/San Isidro/Surco/La Molina/Barranco,+51 1 6610446,5116610446,https://wa.me/5116610446,https://www.google.com/maps/search/?api=1&query=MundoCan%20Lima%20Peru,https://www.openstreetmap.org/node/3293614190,OpenStreetMap public phone/contact:phone tag,medium,Teléfono normalizado; requiere verificación manual en WhatsApp. El registro público de OpenStreetMap no incluye sitio web oficial.,
pending_manual_check,Dental Zegarra,Dental,Peru,Lima,Miraflores/San Isidro/Surco/La Molina/Barranco,+51 1 4366986,5114366986,https://wa.me/5114366986,https://www.google.com/maps/search/?api=1&query=Dental%20Zegarra%20Lima%20Peru,https://www.openstreetmap.org/node/3293618076,OpenStreetMap public phone/contact:phone tag,medium,Teléfono normalizado; requiere verificación manual en WhatsApp. El registro público de OpenStreetMap no incluye sitio web oficial.,
pending_manual_check,Pizzería Massima,Restaurante boutique,Peru,Lima,Miraflores/San Isidro/Surco/La Molina/Barranco,+51 1 4376184,5114376184,https://wa.me/5114376184,https://www.google.com/maps/search/?api=1&query=Pizzer%C3%ADa%20Massima%20Lima%20Peru,https://www.openstreetmap.org/node/3293749567,OpenStreetMap public phone/contact:phone tag,medium,Teléfono normalizado; requiere verificación manual en WhatsApp. El registro público de OpenStreetMap no incluye sitio web oficial.,
pending_manual_check,Kabelo,Clínica estética,Peru,Lima,Miraflores/San Isidro/Surco/La Molina/Barranco,+51 1 4361807,5114361807,https://wa.me/5114361807,https://www.google.com/maps/search/?api=1&query=Kabelo%20Lima%20Peru,https://www.openstreetmap.org/node/3293750407,OpenStreetMap public phone/contact:phone tag,medium,Teléfono normalizado; requiere verificación manual en WhatsApp. El registro público de OpenStreetMap no incluye sitio web oficial.,
pending_manual_check,viPets,Veterinaria,Peru,Lima,Miraflores/San Isidro/Surco/La Molina/Barranco,+51 1 4346058,5114346058,https://wa.me/5114346058,https://www.google.com/maps/search/?api=1&query=viPets%20Lima%20Peru,https://www.openstreetmap.org/node/3293803526,OpenStreetMap public phone/contact:phone tag,medium,Teléfono normalizado; requiere verificación manual en WhatsApp. El registro público de OpenStreetMap no incluye sitio web oficial.,
pending_manual_check,Ellas Spa,Clínica estética,Peru,Lima,Miraflores/San Isidro/Surco/La Molina/Barranco,+51 1 3588119,5113588119,https://wa.me/5113588119,https://www.google.com/maps/search/?api=1&query=Ellas%20Spa%20Lima%20Peru,https://www.openstreetmap.org/node/3293814177,OpenStreetMap public phone/contact:phone tag,medium,Teléfono normalizado; requiere verificación manual en WhatsApp. El registro público de OpenStreetMap no incluye sitio web oficial.,
pending_manual_check,Clinica Dental ODONTOBELL'E,Dental,Peru,Lima,Miraflores/San Isidro/Surco/La Molina/Barranco,+51 1 4372982,5114372982,https://wa.me/5114372982,https://www.google.com/maps/search/?api=1&query=Clinica%20Dental%20ODONTOBELL%27E%20Lima%20Peru,https://www.openstreetmap.org/node/3293868638,OpenStreetMap public phone/contact:phone tag,medium,Teléfono normalizado; requiere verificación manual en WhatsApp. El registro público de OpenStreetMap no incluye sitio web oficial.,
pending_manual_check,Tolentino Café,Restaurante boutique,Peru,Lima,Miraflores/San Isidro/Surco/La Molina/Barranco,+5113494444,5113494444,https://wa.me/5113494444,https://www.google.com/maps/search/?api=1&query=Tolentino%20Caf%C3%A9%20Lima%20Peru,https://www.openstreetmap.org/node/3812131297,OpenStreetMap public phone/contact:phone tag,medium,Teléfono normalizado; requiere verificación manual en WhatsApp. El registro público de OpenStreetMap no incluye sitio web oficial.,
pending_manual_check,Salón de la Felicidad,Restaurante boutique,Peru,Lima,Miraflores/San Isidro/Surco/La Molina/Barranco,+51 1 4262190,5114262190,https://wa.me/5114262190,https://www.google.com/maps/search/?api=1&query=Sal%C3%B3n%20de%20la%20Felicidad%20Lima%20Peru,https://www.openstreetmap.org/node/4034986709,OpenStreetMap public phone/contact:phone tag,medium,Teléfono normalizado; requiere verificación manual en WhatsApp. El registro público de OpenStreetMap no incluye sitio web oficial.,
pending_manual_check,Centro de Salud San Isidro,Clínica estética,Peru,Lima,Miraflores/San Isidro/Surco/La Molina/Barranco,+511 2643125,5112643125,https://wa.me/5112643125,https://www.google.com/maps/search/?api=1&query=Centro%20de%20Salud%20San%20Isidro%20Lima%20Peru,https://www.openstreetmap.org/node/4077392666,OpenStreetMap public phone/contact:phone tag,medium,Teléfono normalizado; requiere verificación manual en WhatsApp. El registro público de OpenStreetMap no incluye sitio web oficial.,
pending_manual_check,Kuo Wha,Restaurante boutique,Peru,Lima,Miraflores/San Isidro/Surco/La Molina/Barranco,+511 4459482,5114459482,https://wa.me/5114459482,https://www.google.com/maps/search/?api=1&query=Kuo%20Wha%20Lima%20Peru,https://www.openstreetmap.org/node/4081647461,OpenStreetMap public phone/contact:phone tag,medium,Teléfono normalizado; requiere verificación manual en WhatsApp. El registro público de OpenStreetMap no incluye sitio web oficial.,
pending_manual_check,El Rey del Sabor,Restaurante boutique,Peru,Lima,Miraflores/San Isidro/Surco/La Molina/Barranco,+51 1 2574242,5112574242,https://wa.me/5112574242,https://www.google.com/maps/search/?api=1&query=El%20Rey%20del%20Sabor%20Lima%20Peru,https://www.openstreetmap.org/node/4102771592,OpenStreetMap public phone/contact:phone tag,medium,Teléfono normalizado; requiere verificación manual en WhatsApp. El registro público de OpenStreetMap no incluye sitio web oficial.,
pending_manual_check,Facé Salón & Spá,Clínica estética,Peru,Lima,Miraflores/San Isidro/Surco/La Molina/Barranco,+51 988010710,51988010710,https://wa.me/51988010710,https://www.google.com/maps/search/?api=1&query=Fac%C3%A9%20Sal%C3%B3n%20%26%20Sp%C3%A1%20Lima%20Peru,https://www.openstreetmap.org/node/4140965589,OpenStreetMap public phone/contact:phone tag,medium,Teléfono normalizado; requiere verificación manual en WhatsApp. El registro público de OpenStreetMap no incluye sitio web oficial.,
pending_manual_check,Punto Azul,Restaurante boutique,Peru,Lima,Miraflores/San Isidro/Surco/La Molina/Barranco,+51 1 224 8755,5112248755,https://wa.me/5112248755,https://www.google.com/maps/search/?api=1&query=Punto%20Azul%20Lima%20Peru,https://www.openstreetmap.org/node/4160245960,OpenStreetMap public phone/contact:phone tag,medium,Teléfono normalizado; requiere verificación manual en WhatsApp. El registro público de OpenStreetMap no incluye sitio web oficial.,
pending_manual_check,Chancho al Palo de Juanito,Restaurante boutique,Peru,Lima,Miraflores/San Isidro/Surco/La Molina/Barranco,+51 991206816,51991206816,https://wa.me/51991206816,https://www.google.com/maps/search/?api=1&query=Chancho%20al%20Palo%20de%20Juanito%20Lima%20Peru,https://www.openstreetmap.org/node/4172024690,OpenStreetMap public phone/contact:phone tag,medium,Teléfono normalizado; requiere verificación manual en WhatsApp. El registro público de OpenStreetMap no incluye sitio web oficial.,
pending_manual_check,Opticas SANTA LUCIA,Óptica/Oftalmología premium,Peru,Lima,Miraflores/San Isidro/Surco/La Molina/Barranco,+51 1 3464207,5113464207,https://wa.me/5113464207,https://www.google.com/maps/search/?api=1&query=Opticas%20SANTA%20LUCIA%20Lima%20Peru,https://www.openstreetmap.org/node/4174844478,OpenStreetMap public phone/contact:phone tag,medium,Teléfono normalizado; requiere verificación manual en WhatsApp. El registro público de OpenStreetMap no incluye sitio web oficial.,
pending_manual_check,Los Vitrales,Restaurante boutique,Peru,Lima,Miraflores/San Isidro/Surco/La Molina/Barranco,+51 1 4262954,5114262954,https://wa.me/5114262954,https://www.google.com/maps/search/?api=1&query=Los%20Vitrales%20Lima%20Peru,https://www.openstreetmap.org/node/4207922066,OpenStreetMap public phone/contact:phone tag,medium,Teléfono normalizado; requiere verificación manual en WhatsApp. El registro público de OpenStreetMap no incluye sitio web oficial.,
pending_manual_check,Lima Canela,Restaurante boutique,Peru,Lima,Miraflores/San Isidro/Surco/La Molina/Barranco,+51 444 0731,51514440731,https://wa.me/51514440731,https://www.google.com/maps/search/?api=1&query=Lima%20Canela%20Lima%20Peru,https://www.openstreetmap.org/node/4253770990,OpenStreetMap public phone/contact:phone tag,medium,Teléfono normalizado; requiere verificación manual en WhatsApp. El registro público de OpenStreetMap no incluye sitio web oficial.,
pending_manual_check,Macarena,Restaurante boutique,Peru,Lima,Miraflores/San Isidro/Surco/La Molina/Barranco,+511 4964079,5114964079,https://wa.me/5114964079,https://www.google.com/maps/search/?api=1&query=Macarena%20Lima%20Peru,https://www.openstreetmap.org/node/4261061890,OpenStreetMap public phone/contact:phone tag,medium,Teléfono normalizado; requiere verificación manual en WhatsApp. El registro público de OpenStreetMap no incluye sitio web oficial.,
pending_manual_check,Casagrande Daviá,Restaurante boutique,Peru,Lima,Miraflores/San Isidro/Surco/La Molina/Barranco,+511 4442612,5114442612,https://wa.me/5114442612,https://www.google.com/maps/search/?api=1&query=Casagrande%20Davi%C3%A1%20Lima%20Peru,https://www.openstreetmap.org/node/4265005529,OpenStreetMap public phone/contact:phone tag,medium,Teléfono normalizado; requiere verificación manual en WhatsApp. El registro público de OpenStreetMap no incluye sitio web oficial.,
pending_manual_check,Refilo Sanguchería,Restaurante boutique,Peru,Lima,Miraflores/San Isidro/Surco/La Molina/Barranco,+51 1 273 4499,5112734499,https://wa.me/5112734499,https://www.google.com/maps/search/?api=1&query=Refilo%20Sangucher%C3%ADa%20Lima%20Peru,https://www.openstreetmap.org/node/4286257889,OpenStreetMap public phone/contact:phone tag,medium,Teléfono normalizado; requiere verificación manual en WhatsApp. El registro público de OpenStreetMap no incluye sitio web oficial.,
pending_manual_check,Onaka Suita Sushi,Restaurante boutique,Peru,Lima,Miraflores/San Isidro/Surco/La Molina/Barranco,+51 986083992,51986083992,https://wa.me/51986083992,https://www.google.com/maps/search/?api=1&query=Onaka%20Suita%20Sushi%20Lima%20Peru,https://www.openstreetmap.org/node/4311851895,OpenStreetMap public phone/contact:phone tag,medium,Teléfono normalizado; requiere verificación manual en WhatsApp. El registro público de OpenStreetMap no incluye sitio web oficial.,
pending_manual_check,Trattoria dei Prati,Restaurante boutique,Peru,Lima,Miraflores/San Isidro/Surco/La Molina/Barranco,+511 2423382,5112423382,https://wa.me/5112423382,https://www.google.com/maps/search/?api=1&query=Trattoria%20dei%20Prati%20Lima%20Peru,https://www.openstreetmap.org/node/4311916891,OpenStreetMap public phone/contact:phone tag,medium,Teléfono normalizado; requiere verificación manual en WhatsApp. El registro público de OpenStreetMap no incluye sitio web oficial.,
pending_manual_check,Ohashi Maki,Restaurante boutique,Peru,Lima,Miraflores/San Isidro/Surco/La Molina/Barranco,+51 1 5923284,5115923284,https://wa.me/5115923284,https://www.google.com/maps/search/?api=1&query=Ohashi%20Maki%20Lima%20Peru,https://www.openstreetmap.org/node/4311926193,OpenStreetMap public phone/contact:phone tag,medium,Teléfono normalizado; requiere verificación manual en WhatsApp. El registro público de OpenStreetMap no incluye sitio web oficial.,
pending_manual_check,Salsa's,Restaurante boutique,Peru,Lima,Miraflores/San Isidro/Surco/La Molina/Barranco,+511 6104151,5116104151,https://wa.me/5116104151,https://www.google.com/maps/search/?api=1&query=Salsa%27s%20Lima%20Peru,https://www.openstreetmap.org/node/4336218119,OpenStreetMap public phone/contact:phone tag,medium,Teléfono normalizado; requiere verificación manual en WhatsApp. El registro público de OpenStreetMap no incluye sitio web oficial.,
pending_manual_check,Las Palmeras - La Cúpula,Restaurante boutique,Peru,Lima,Miraflores/San Isidro/Surco/La Molina/Barranco,+5113155055,5113155055,https://wa.me/5113155055,https://www.google.com/maps/search/?api=1&query=Las%20Palmeras%20-%20La%20C%C3%BApula%20Lima%20Peru,https://www.openstreetmap.org/node/4338842898,OpenStreetMap public phone/contact:phone tag,medium,Teléfono normalizado; requiere verificación manual en WhatsApp. El registro público de OpenStreetMap no incluye sitio web oficial.,
pending_manual_check,Centro Odontológico Dly Dent,Dental,Peru,Lima,Miraflores/San Isidro/Surco/La Molina/Barranco,+51 1 240 0553,5112400553,https://wa.me/5112400553,https://www.google.com/maps/search/?api=1&query=Centro%20Odontol%C3%B3gico%20Dly%20Dent%20Lima%20Peru,https://www.openstreetmap.org/node/4341765619,OpenStreetMap public phone/contact:phone tag,medium,Teléfono normalizado; requiere verificación manual en WhatsApp. El registro público de OpenStreetMap no incluye sitio web oficial.,
pending_manual_check,Pollería El Abuelo,Restaurante boutique,Peru,Lima,Miraflores/San Isidro/Surco/La Molina/Barranco,+51 1 3438143,5113438143,https://wa.me/5113438143,https://www.google.com/maps/search/?api=1&query=Poller%C3%ADa%20El%20Abuelo%20Lima%20Peru,https://www.openstreetmap.org/node/4343324889,OpenStreetMap public phone/contact:phone tag,medium,Teléfono normalizado; requiere verificación manual en WhatsApp. El registro público de OpenStreetMap no incluye sitio web oficial.,
pending_manual_check,San Marcelo,Restaurante boutique,Peru,Lima,Miraflores/San Isidro/Surco/La Molina/Barranco,+511 3966355,5113966355,https://wa.me/5113966355,https://www.google.com/maps/search/?api=1&query=San%20Marcelo%20Lima%20Peru,https://www.openstreetmap.org/node/4343704618,OpenStreetMap public phone/contact:phone tag,medium,Teléfono normalizado; requiere verificación manual en WhatsApp. El registro público de OpenStreetMap no incluye sitio web oficial.,
pending_manual_check,Sakura Express,Restaurante boutique,Chile,Santiago,Las Condes/Vitacura/Providencia/Ñuñoa,+5622170856,5622170856,https://wa.me/5622170856,https://www.google.com/maps/search/?api=1&query=Sakura%20Express%20Santiago%20Chile,https://www.openstreetmap.org/node/412332887,OpenStreetMap public phone/contact:phone tag,medium,Teléfono normalizado; requiere verificación manual en WhatsApp. El registro público de OpenStreetMap no incluye sitio web oficial.,
pending_manual_check,Liguria,Restaurante boutique,Chile,Santiago,Las Condes/Vitacura/Providencia/Ñuñoa,+56 2 22311393,56222311393,https://wa.me/56222311393,https://www.google.com/maps/search/?api=1&query=Liguria%20Santiago%20Chile,https://www.openstreetmap.org/node/474712677,OpenStreetMap public phone/contact:phone tag,medium,Teléfono normalizado; requiere verificación manual en WhatsApp. El registro público de OpenStreetMap no incluye sitio web oficial.,
pending_manual_check,Miguel Torres,Restaurante boutique,Chile,Santiago,Las Condes/Vitacura/Providencia/Ñuñoa,+56222429711,56222429711,https://wa.me/56222429711,https://www.google.com/maps/search/?api=1&query=Miguel%20Torres%20Santiago%20Chile,https://www.openstreetmap.org/node/491450562,OpenStreetMap public phone/contact:phone tag,medium,Teléfono normalizado; requiere verificación manual en WhatsApp. El registro público de OpenStreetMap no incluye sitio web oficial.,
pending_manual_check,Mizu,Restaurante boutique,Chile,Santiago,Las Condes/Vitacura/Providencia/Ñuñoa,+5699340908,5699340908,https://wa.me/5699340908,https://www.google.com/maps/search/?api=1&query=Mizu%20Santiago%20Chile,https://www.openstreetmap.org/node/573689514,OpenStreetMap public phone/contact:phone tag,medium,Teléfono normalizado; requiere verificación manual en WhatsApp. El registro público de OpenStreetMap no incluye sitio web oficial.,
pending_manual_check,Sakura,Restaurante boutique,Chile,Santiago,Las Condes/Vitacura/Providencia/Ñuñoa,+5622180130,5622180130,https://wa.me/5622180130,https://www.google.com/maps/search/?api=1&query=Sakura%20Santiago%20Chile,https://www.openstreetmap.org/node/600621180,OpenStreetMap public phone/contact:phone tag,medium,Teléfono normalizado; requiere verificación manual en WhatsApp. El registro público de OpenStreetMap no incluye sitio web oficial.,
